[Licensing::Module] Trying to connect to existing licensing client channel...
Built from '6000.5/staging' branch; Version is '6000.5.3f1 (c2eb47b3a2a9) revision 12774215'; Using compiler version '194234433'; Build Type 'Release'
[Licensing::IpcConnector] Successfully connected to: "LicenseClient-MTA-403" at "2026-08-10T05:56:34.9915921Z"
OS: 'Windows 11  (10.0.26200) Professional' Language: 'en' Physical Memory: 24422 MB
BatchMode: 0, IsHumanControllingUs: 1, StartBugReporterOnCrash: 1, Is64bit: 1
System  architecture: x64
Process architecture: x64
Date: 2026-08-10T05:56:34Z

COMMAND LINE ARGUMENTS:
C:\Program Files\Unity\Hub\Editor\6000.5.3f1\Editor\Unity.exe
-projectpath
C:\Users\MTA-403\Desktop\DMT321_Lab01_Unity6.5
-acceptSoftwareTermsForThisRunOnly
-useHub
-hubIPC
-cloudEnvironment
production
-licensingIpc
LicenseClient-MTA-403
-hubSessionId
8f3d928c-f578-4599-ab12-f049d9e24c2b
-accessToken
EIPntgmZY18PckMfjtR6NnUHmIrmNjUN3VLGeeCwtk4011f
Successfully changed project path to: C:\Users\MTA-403\Desktop\DMT321_Lab01_Unity6.5
C:/Users/MTA-403/Desktop/DMT321_Lab01_Unity6.5
[UnityMemory] Configuration Parameters - Can be set up in boot.config
    "memorysetup-temp-allocator-size-gi-baking-worker=262144"
    "memorysetup-temp-allocator-size-gi-baking-worker=262144"
    "memorysetup-temp-allocator-size-gi-baking-worker=262144"
    "memorysetup-temp-allocator-size-gi-baking-worker=262144"
    "memorysetup-temp-allocator-size-gi-baking-worker=262144"
    "memorysetup-temp-allocator-size-nav-mesh-worker=65536"
    "memorysetup-temp-allocator-size-audio-worker=65536"
    "memorysetup-temp-allocator-size-cloud-worker=32768"
    "memorysetup-temp-allocator-size-gfx=262144"
    "memorysetup-temp-allocator-size-preload-manager=33554432"
    "memorysetup-allocator-temp-initial-block-size-main=262144"
    "memorysetup-allocator-temp-initial-block-size-worker=262144"
    "memorysetup-temp-allocator-size-job-worker=262144"
    "memorysetup-temp-allocator-size-background-worker=32768"
    "memorysetup-bucket-allocator-granularity=16"
    "memorysetup-bucket-allocator-bucket-count=8"
    "memorysetup-bucket-allocator-block-size=33554432"
    "memorysetup-bucket-allocator-block-count=8"
    "memorysetup-main-allocator-block-size=16777216"
    "memorysetup-thread-allocator-block-size=16777216"
    "memorysetup-main-allocator-mimalloc-enabled=0"
    "memorysetup-gfx-main-allocator-block-size=16777216"
    "memorysetup-gfx-thread-allocator-block-size=16777216"
    "memorysetup-cache-allocator-block-size=4194304"
    "memorysetup-typetree-allocator-block-size=2097152"
    "memorysetup-profiler-bucket-allocator-granularity=16"
    "memorysetup-profiler-bucket-allocator-bucket-count=8"
    "memorysetup-profiler-bucket-allocator-block-size=33554432"
    "memorysetup-profiler-bucket-allocator-block-count=8"
    "memorysetup-profiler-allocator-block-size=16777216"
    "memorysetup-profiler-editor-allocator-block-size=1048576"
    "memorysetup-temp-allocator-size-main=16777216"
    "memorysetup-job-temp-allocator-block-size=2097152"
    "memorysetup-job-temp-allocator-block-size-background=1048576"
    "memorysetup-job-temp-allocator-reduction-small-platforms=262144"
Player connection [11796]  Target information:

Player connection [11796]  * "[IP] 10.66.132.116 [Port] 55504 [Flags] 2 [Guid] 2392563449 [EditorId] 2392563449 [Version] 1048832 [Id] WindowsEditor(7,MTA-PC) [Debug] 1 [PackageName] WindowsEditor [ProjectName] Editor" 

Player connection [11796] Host joined multi-casting on [225.0.0.222:54997]...
Player connection [11796] Host joined alternative multi-casting on [225.0.0.222:34997]...
Input System module state changed to: Initialized.
[Physics::Module] Initialized fallback backend.
[Physics::Module] Id: 0xdecafbad
[Package Manager] Connected to IPC stream "Upm-2596" after 0.3 seconds.
[Licensing::Module] Licensing is not yet initialized.
[Licensing::Client] Error: HandshakeResponse reported an error:
	ResponseCode: 505
	ResponseStatus: Unsupported protocol version '1.18.1'.
[Licensing::Module] Error: Failed to handshake to channel: "LicenseClient-MTA-403"
[Licensing::IpcConnector] LicenseClient-MTA-403 channel disconnected successfully.
[Licensing::IpcConnector] Channel LicenseClient-MTA-403-6000.5.3 doesn't exist
[Licensing::Module] Successfully launched the LicensingClient (PId: 18412)
Starting IPC server.
Waiting for clients to connect on \\.\pipe\Unity-LicenseClient-MTA-403-6000.5.3, press Ctrl-C to exit.
[Licensing::IpcConnector] Successfully connected to: "LicenseClient-MTA-403-6000.5.3" at "2026-08-10T05:56:38.6175236Z"
[Licensing::Client] Code 10 while verifying Licensing Client signature (process Id: 18412, path: "C:/Program Files/Unity/Hub/Editor/6000.5.3f1/Editor/Data/Resources/Licensing/Client/Unity.Licensing.Client.exe")
[Licensing::Module] LicensingClient has failed validation; ignoring
[Licensing::Client] Handshaking with LicensingClient:
  Version:                 1.18.1+9fbee8e
  Session Id:              54b06c4b5a624a649221e2f113997a72
  Correlation Id:          18a56a3c98cbd5002a0ae17456b29418
  External correlation Id: 430561283805667737
  Machine Id:              XKbkpGEkRw3yA0rNkUrDPpWybHM=
[Licensing::Module] Successfully connected to LicensingClient on channel: "LicenseClient-MTA-403-6000.5.3" (connect: 0.37s, validation: 0.10s, handshake: 0.01s)
[Licensing::IpcConnector] Successfully connected to: "LicenseClient-MTA-403-6000.5.3-notifications" at "2026-08-10T05:56:38.7359465Z"
[Licensing::Module] Connected to LicensingClient (PId: 18412, launch time: 0.01, total connection time: 0.49s)
[Licensing::Client] Successfully updated the access token
[Licensing::Module] Successfully updated the access token EIPntgmZY1...
[Licensing::Client] Successfully resolved entitlement details
[Licensing::Module] License group:
  Id: 18968317507188-UnityPersXXXX
  Product: Unity Personal
  Type: Assigned
  Expiration: Unlimited
[Licensing::Client] Successfully updated license, isAsync: True, time: 0.01
[Licensing::Client] Successfully resolved entitlement details
[Licensing::Module] Licensing Background thread has ended after 3.81s
[Licensing::Module] Licensing is initialized (took 3.28s).
[Licensing::Client] Successfully resolved entitlement details
Library Redirect Path: Library/
[Physics::Module] Selected backend.
[Physics::Module] Name: PhysX
[Physics::Module] Id: 0xf2b8ea05
[Physics::Module] SDK Version: 4.1.2
[Physics::Module] Integration Version: 1.0.0
[Physics::Module] Threading Mode: Multi-Threaded
Initialize engine version: 6000.5.3f1 (c2eb47b3a2a9)
[Subsystems] Discovering subsystems at path C:/Program Files/Unity/Hub/Editor/6000.5.3f1/Editor/Data/Resources/UnitySubsystems
[Subsystems] Discovering subsystems at path C:/Users/MTA-403/Desktop/DMT321_Lab01_Unity6.5/Assets
[D3D12 Device Filter] Vendor Name: ATI
[D3D12 Device Filter] Device Name: Radeon RX 560 Series
[D3D12 Device Filter] Driver Version: 30.0.14036.2
[D3D12 Device Filter] Feature Level: 12.0
[D3D12 Device Filter] Graphics Memory: 4075 MB
[D3D12 Device Filter] Processor Count: 6
[D3D12 Device Filter] Device Type: Discrete
[D3D12 Device Filter] D3D12 API denied by user filter: {"Feature Level Comparator": Less Than"Feature Level": "12.1", "Device Type:": Do Not Care}
GfxDevice: creating device client; kGfxThreadingModeThreaded
Direct3D:
    Version:  Direct3D 11.0 [level 11.1]
    Renderer: Radeon RX 560 Series (ID=0x67ff)
    Vendor:   ATI
    VRAM:     4075 MB
    Driver:   30.0.14036.2
Initialize mono
Mono path[0] = 'C:/Program Files/Unity/Hub/Editor/6000.5.3f1/Editor/Data/Managed'
Mono path[1] = 'C:/Program Files/Unity/Hub/Editor/6000.5.3f1/Editor/Data/BCLExtensions/runtime/netstandard2.1'
Mono path[2] = 'C:/Program Files/Unity/Hub/Editor/6000.5.3f1/Editor/Data/MonoBleedingEdge/lib/mono/unityjit-win32'
Mono config path = 'C:/Program Files/Unity/Hub/Editor/6000.5.3f1/Editor/Data/MonoBleedingEdge/etc'
Using monoOptions --debugger-agent=transport=dt_socket,embedding=1,server=y,suspend=n,address=127.0.0.1:56596
CodeReloadManager initialized
ImportWorker Server TCP listen port: 0
AcceleratorClientConnectionCallback - disconnected - :0
Begin MonoManager ReloadAssembly
Registering precompiled unity dll's ...
Register platform support module: C:/Program Files/Unity/Hub/Editor/6000.5.3f1/Editor/Data/PlaybackEngines/WebGLSupport/UnityEditor.WebGL.Extensions.dll
Register platform support module: C:/Program Files/Unity/Hub/Editor/6000.5.3f1/Editor/Data/PlaybackEngines/WindowsStandaloneSupport/UnityEditor.WindowsStandalone.Extensions.dll
Registered in 0.005089 seconds.
Native extension for WindowsStandalone target not found
Native extension for WebGL target not found
Package Manager log level set to [2]
ScheduleIndexationOnStartup MainProcess:False IndexOnStartup:True
Mono: successfully reloaded assembly
- Finished resetting the current domain, in  0.572 seconds
Domain Reload Profiling: 1324ms
	BeginReloadAssembly (184ms)
		CreateAndSetChildDomain (7ms)
	RebuildCommonClasses (8ms)
	RebuildNativeTypeToScriptingClass (29ms)
	initialDomainReloadingComplete (100ms)
	LoadAllAssembliesAndSetupDomain (427ms)
		LoadAssemblies (172ms)
		AnalyzeDomain (307ms)
			TypeCache.Refresh (306ms)
				TypeCache.ScanAssembly (284ms)
	FinalizeReload (576ms)
		SetupLoadedEditorAssemblies (0ms)
			InitializePlatformSupportModulesInManaged (4ms)
			BeforeProcessingInitializeOnLoad (130ms)
			ProcessInitializeOnLoadAttributes (132ms)
			ProcessInitializeOnLoadMethodAttributes (198ms)
[Licensing::Client] Successfully resolved entitlement details
Application.AssetDatabase Initial Refresh Start
[Package Manager] Restoring resolved packages state from cache
[Licensing::Client] Successfully resolved entitlement details
[Package Manager] Registered 8 packages:
  Built-in packages:
    com.unity.modules.imageconversion@1.0.0 (location: C:\Users\MTA-403\Desktop\DMT321_Lab01_Unity6.5\Library\PackageCache\com.unity.modules.imageconversion)
    com.unity.ugui@2.5.0 (location: C:\Users\MTA-403\Desktop\DMT321_Lab01_Unity6.5\Library\PackageCache\com.unity.ugui@377fd60ad87b)
    com.unity.modules.ui@1.0.0 (location: C:\Users\MTA-403\Desktop\DMT321_Lab01_Unity6.5\Library\PackageCache\com.unity.modules.ui)
    com.unity.modules.imgui@1.0.0 (location: C:\Users\MTA-403\Desktop\DMT321_Lab01_Unity6.5\Library\PackageCache\com.unity.modules.imgui)
    com.unity.modules.audio@1.0.0 (location: C:\Users\MTA-403\Desktop\DMT321_Lab01_Unity6.5\Library\PackageCache\com.unity.modules.audio)
    com.unity.modules.physics2d@1.0.0 (location: C:\Users\MTA-403\Desktop\DMT321_Lab01_Unity6.5\Library\PackageCache\com.unity.modules.physics2d)
    com.unity.modules.physics@1.0.0 (location: C:\Users\MTA-403\Desktop\DMT321_Lab01_Unity6.5\Library\PackageCache\com.unity.modules.physics)
    com.unity.modules.physicscore2d@1.0.0 (location: C:\Users\MTA-403\Desktop\DMT321_Lab01_Unity6.5\Library\PackageCache\com.unity.modules.physicscore2d)
[Subsystems] No new subsystems found in resolved package list.
[Package Manager] Done registering packages in 0.01 seconds
info: Microsoft.Hosting.Lifetime[14]
      Now listening on: http://localhost:80
info: Microsoft.Hosting.Lifetime[0]
      Application started. Press Ctrl+C to shut down.
info: Microsoft.Hosting.Lifetime[0]
      Hosting environment: Production
info: Microsoft.Hosting.Lifetime[0]
      Content root path: C:\Users\MTA-403\Desktop\DMT321_Lab01_Unity6.5
info: Microsoft.AspNetCore.Hosting.Diagnostics[1]
      Request starting HTTP/2 POST http://ilpp/UnityILPP.PostProcessing/Ping - application/grpc -
info: Microsoft.AspNetCore.Routing.EndpointMiddleware[0]
      Executing endpoint 'gRPC - /UnityILPP.PostProcessing/Ping'
info: Microsoft.AspNetCore.Routing.EndpointMiddleware[1]
      Executed endpoint 'gRPC - /UnityILPP.PostProcessing/Ping'
info: Microsoft.AspNetCore.Hosting.Diagnostics[2]
      Request finished HTTP/2 POST http://ilpp/UnityILPP.PostProcessing/Ping - 200 - application/grpc 65.3254ms
Starting: C:\Program Files\Unity\Hub\Editor\6000.5.3f1\Editor\Data\Tools\BuildPipeline\bee_backend.exe --ipc --defer-dag-verification --dagfile="Library/Bee/1900b0aE.dag" --continue-on-failure --profile="Library/Bee/backend1.traceevents" ScriptAssemblies
WorkingDir: C:/Users/MTA-403/Desktop/DMT321_Lab01_Unity6.5
ExitCode: 0 Duration: 0s125ms
*** Tundra build success (0.07 seconds), 0 items updated, 214 evaluated
Total cache size 1976460
AssetDatabase: script compilation time: 0.974554s
Total cache size after purge 1976460, took 00:00:00.0205809
Begin MonoManager ReloadAssembly
Native extension for WindowsStandalone target not found
Native extension for WebGL target not found
ScheduleIndexationOnStartup MainProcess:True IndexOnStartup:True
Mono: successfully reloaded assembly
- Finished resetting the current domain, in  0.601 seconds
Domain Reload Profiling: 1080ms
	BeginReloadAssembly (253ms)
		DisableScriptedObjects (30ms)
		CreateAndSetChildDomain (48ms)
	RebuildCommonClasses (11ms)
	RebuildNativeTypeToScriptingClass (23ms)
	initialDomainReloadingComplete (49ms)
	LoadAllAssembliesAndSetupDomain (139ms)
		LoadAssemblies (128ms)
		AnalyzeDomain (23ms)
			TypeCache.Refresh (12ms)
				TypeCache.ScanAssembly (6ms)
			BuildScriptInfoCaches (6ms)
	FinalizeReload (604ms)
		SetupLoadedEditorAssemblies (0ms)
			InitializePlatformSupportModulesInManaged (3ms)
			BeforeProcessingInitializeOnLoad (113ms)
			ProcessInitializeOnLoadAttributes (111ms)
			ProcessInitializeOnLoadMethodAttributes (93ms)
			AfterProcessingInitializeOnLoad (8ms)
		AwakeInstancesAfterBackupRestoration (35ms)
Starting new worker id: 0 with log in C:/Users/MTA-403/Desktop/DMT321_Lab01_Unity6.5/Logs/AssetImportWorkerHW0.log

Asset Pipeline Refresh (id=19b7dfa5c1ee5b649b427046e91d3b70): Total: 2.305 seconds - Initiated by InitialRefreshV2(ForceSynchronousImport)
	(Values over 0.05ms)
	Summary:
		Imports: total=0 (actual=0, local cache=0, cache server=0)
		Asset DB Process Time: managed=0 ms, native=756 ms
		Asset DB Callback time: managed=31 ms, native=9 ms
		Scripting: domain reloads=1, domain reload time=513 ms, compile time=978 ms, other=16 ms
		Project Asset Count: scripts=135, non-scripts=91
		Asset File Changes: new=0, changed=0, moved=0, deleted=0
		Scan Filter Count: 0
	InvokePackagesCallback: 12.447ms
	ApplyChangesToAssetFolders: 0.286ms
	Scan: 36.227ms
	Collect global state as custom dependencies: 1.389ms
	CategorizeScriptCompilationAssets: 1.311ms
	ProcessAssetsWithTransientArtifactChanges: 9.672ms
	CategorizeAssets: 1.649ms
	CompileScripts: 978.456ms
	ImportOutOfDateAssets: 626.321ms (612.969ms without children)
		UnloadImportedAssets: 0.122ms
		EnsureUptoDateAssetsAreRegisteredWithGuidPM: 0.060ms
		ImportSchedulerStart: 13.167ms
	PostProcessAllAssets: 31.211ms
		MonoPostProcessAllAssets: 31.143ms
			WindowAssetPostprocessingWatcher.OnPostprocessAllAssets 11.409ms
			SyncVS.PostprocessSyncProject 4.361ms
			SpeedTree9Postprocessor.OnPostprocessAllAssets 1.232ms
			EditModeScopePostprocessor.OnPostprocessAllAssets 1.175ms
			ReferencedClipsPostProcessor.OnPostprocessAllAssets 0.542ms
			AssetDatabaseCallbacks.OnPostprocessAllAssets 0.321ms
			TerrainToolbarOverlayPostProcessor.OnPostprocessAllAssets 0.262ms
			RenderPipelineGlobalSettingsPostprocessor.OnPostprocessAllAssets 0.215ms
	UnloadStreamsBegin: 2.311ms
	Untracked: 597.359ms

Application.AssetDatabase Initial Refresh End
Launched and connected shader compiler UnityShaderCompiler.exe after 0.02 seconds
Scanning for USB devices : 6.175ms
Initializing Unity extensions:
[MODES] ModeService[none].Initialize
[MODES] ModeService[none].LoadModes
[MODES] Loading mode Default (0) for mode-current-id-DMT321 Simple Digital Twin
Unloading 5 Unused Serialized files (Serialized files now loaded: 0)
Loaded scene 'Assets/DMT321/SimpleDigitalTwin/Scenes/L01_StartHere.unity'
	Deserialize:            48.261 ms
	Integration:            91.955 ms
	Integration of assets:  7.680 ms
	Thread Wait Time:       -0.048 ms
	Total Operation Time:   147.848 ms
Unloading 375 unused Assets / (0.6 MB). Loaded Objects now: 1131.
Memory consumption went from 206.8 MB to 206.2 MB.
Total: 6.500100 ms (FindLiveObjects: 0.280000 ms CreateObjectMapping: 0.078700 ms MarkObjects: 5.531800 ms  DeleteObjects: 0.408400 ms)

[LAYOUT] About to load UserSettings\Layouts\default-6000.dwlt, keepMainWindow=False
[LAYOUT] About to save layout C:\Users\MTA-403\Desktop\DMT321_Lab01_Unity6.5\UserSettings\Layouts\default-6000.dwlt
[LAYOUT] About to save layout C:/Users/MTA-403/AppData/Roaming/Unity/Editor-5.x/Preferences\Layouts\current\default-6000.dwlt
[MODES] ModeService[default].InitializeCurrentMode
[MODES] ModeService[default].RaiseModeChanged(default, default)
This project uses Input Manager, which is marked for deprecation. To manage input in your project, use the <a href="https://docs.unity3d.com/Packages/com.unity.inputsystem@latest">Input System package</a> instead.
<RI> Initializing input.
XInput1_3.dll not found. Trying XInput9_1_0.dll instead...
<RI> Input initialized.
D3D11 device created for Microsoft Media Foundation video decoding.
[Project] Loading completed in 11.309 seconds
	Project init time: 				8.594 seconds
		Template init time: 		0.000 seconds
		Package Manager init time: 		3.601 seconds
		Asset Database init time: 		0.288 seconds
		Global illumination init time: 	0.009 seconds
		Assemblies load time: 			1.436 seconds
		Unity extensions init time: 	0.002 seconds
		Asset Database refresh time: 	2.306 seconds
	Scene opening time: 			2.591 seconds
##utp:{"type":"ProjectInfo","version":2,"phase":"Immediate","time":1786341406292,"processId":2596,"projectLoad":11.3086417,"projectInit":8.5942333,"templateInit":0.0,"packageManagerInit":3.6010096,"assetDatabaseInit":0.2879814,"globalIlluminationInit":0.0093308,"assembliesLoad":1.4357526,"unityExtensionsInit":0.0022473,"assetDatabaseRefresh":2.3059199,"sceneOpening":2.5912325}
##utp:{"type":"EditorInfo","version":2,"phase":"Immediate","time":1786341406292,"processId":2596,"editorVersion":"6000.5.3f1 (c2eb47b3a2a9)","branch":"6000.5/staging","buildType":"Release","platform":"Windows"}
Worker ready: AssetImportWorkerHW0 0
Asset Pipeline Refresh (id=890631a9802eab248a8a1f880529deda): Total: 0.037 seconds - Initiated by RefreshV2(AllowForceSynchronousImport)
Dynamic Batching is deprecated and will be removed in a future release. Use GPU Instancing instead. Disable Dynamic Batching in Project Settings > Player > Other Settings to remove this warning.
UnityEngine.Debug:ExtractStackTraceNoAlloc (byte*,int,string)
UnityEngine.StackTraceUtility:ExtractStackTrace ()
UnityEngine.DebugLogHandler:Internal_Log (UnityEngine.LogType,UnityEngine.LogOption,string,UnityEngine.Object)
UnityEngine.DebugLogHandler:LogFormat (UnityEngine.LogType,UnityEngine.Object,string,object[])
UnityEngine.Logger:Log (UnityEngine.LogType,object)
UnityEngine.Debug:LogWarning (object)
UnityEditor.PlayerSettingsBatchingWarning:WarnIfDynamicBatchingEnabled ()
UnityEditor.EditorApplication:Internal_CallUpdateFunctions ()

Start Indexing on Editor startup
[Indexing] Starting Initial Indexing for Assets
Created GICache directory at C:/Users/MTA-403/AppData/LocalLow/Unity/Caches/GiCache. Took: 0.040s, timestamps: [13.012 - 13.052]
[Licensing::Client] Successfully resolved entitlement details
[Licensing::Client] Successfully resolved entitlement details
[Licensing::Client] Successfully updated the access token
[Licensing::Module] Successfully updated access token: "EIPntgmZ"... (expires: 2026-08-10T06:27:18Z)
TrimDiskCacheJob: Current cache size 0mb
Asset Pipeline Refresh (id=60d51dc9ba6502a4093b6ed1a26d0ba2): Total: 0.006 seconds - Initiated by RefreshV2(AllowForceSynchronousImport)
Reloading assemblies for play mode.
Reloading assemblies after forced synchronous recompile.
Begin MonoManager ReloadAssembly
Native extension for WindowsStandalone target not found
Native extension for WebGL target not found
ScheduleIndexationOnStartup MainProcess:True IndexOnStartup:True
[MODES] ModeService[none].Initialize
[MODES] ModeService[none].LoadModes
Mono: successfully reloaded assembly
- Finished resetting the current domain, in  1.564 seconds
Domain Reload Profiling: 2203ms
	BeginReloadAssembly (434ms)
		DisableScriptedObjects (108ms)
		CreateAndSetChildDomain (119ms)
	RebuildCommonClasses (11ms)
	RebuildNativeTypeToScriptingClass (22ms)
	initialDomainReloadingComplete (50ms)
	LoadAllAssembliesAndSetupDomain (120ms)
		LoadAssemblies (126ms)
		AnalyzeDomain (9ms)
			TypeCache.Refresh (4ms)
	FinalizeReload (1566ms)
		SetupLoadedEditorAssemblies (0ms)
			BeforeProcessingInitializeOnLoad (109ms)
			ProcessInitializeOnLoadAttributes (92ms)
			ProcessInitializeOnLoadMethodAttributes (88ms)
			AfterProcessingInitializeOnLoad (7ms)
		AwakeInstancesAfterBackupRestoration (798ms)

Asset Pipeline Refresh (id=8da0bf9360c7ddd4e8b3b081415b77b5): Total: 2.360 seconds - Initiated by StopAssetImportingV2(ForceSynchronousImport | ForceDomainReload)
	(Values over 0.05ms)
	Summary:
		Imports: total=0 (actual=0, local cache=0, cache server=0)
		Asset DB Process Time: managed=0 ms, native=1622 ms
		Asset DB Callback time: managed=51 ms, native=12 ms
		Scripting: domain reloads=1, domain reload time=671 ms, compile time=2 ms, other=0 ms
		Project Asset Count: scripts=135, non-scripts=91
		Asset File Changes: new=0, changed=0, moved=0, deleted=0
		Scan Filter Count: 0
	InvokePackagesCallback: 2.035ms
	ApplyChangesToAssetFolders: 0.060ms
	Collect global state as custom dependencies: 0.098ms
	ProcessAssetsWithTransientArtifactChanges: 12.686ms
	CategorizeAssets: 1.204ms
	CompileScripts: 1.899ms
	ImportOutOfDateAssets: 1570.119ms (1566.986ms without children)
		CollectScriptTypesHashes: 0.393ms
		ReloadNativeAssets: 0.387ms
		UnloadImportedAssets: 1.873ms
		ImportSchedulerStart: 0.826ms
	PostProcessAllAssets: 60.419ms
		PostProcessCallbackCreateDeferredMaterials 0.734ms
		PostprocessAssetsUpdateCachedIcon 0.598ms
		ShaderAssetModifiedCallback 0.369ms
		RaytracingShaderImportPostprocess 0.333ms
		ComputeShaderImportPostprocess 0.266ms
		SpeedTreeImporter.PostprocessAllAssets 0.230ms
		BlockShaderImporter.PostprocessAllAssets 0.146ms
		LocalizationDatabase.AssetDatabasePostprocessCallback 0.114ms
		AssemblyValidation.PostprocessAllAssets 0.111ms
		MonoPostProcessAllAssets: 49.012ms
			BuilderAssetPostprocessor.OnPostprocessAllAssets 10.343ms
			WindowAssetPostprocessingWatcher.OnPostprocessAllAssets 8.661ms
			AssetPostprocessor.OnPostprocessAllAssets 5.866ms
			AssetChangedListener.OnPostprocessAllAssets 3.591ms
			RetainedModeAssetPostprocessor.OnPostprocessAllAssets 1.723ms
			TextAssetPostProcessor.OnPostprocessAllAssets 1.666ms
			SyncVS.PostprocessSyncProject 1.574ms
			SpeedTree9Postprocessor.OnPostprocessAllAssets 1.412ms
			ArtifactBrowserPostProcessor.OnPostprocessAllAssets 0.602ms
			AudioMixerPostprocessor.OnPostprocessAllAssets 0.407ms
			EditModeScopePostprocessor.OnPostprocessAllAssets 0.352ms
			ReferencedClipsPostProcessor.OnPostprocessAllAssets 0.329ms
			TMPro_TexturePostProcessor.OnPostprocessAllAssets 0.326ms
			StyleCatalogPostProcessor.OnPostprocessAllAssets 0.276ms
			AssetEvents.OnPostprocessAllAssets 0.249ms
			SpeedTreePostProcessor.OnPostprocessAllAssets 0.233ms
			TerrainToolbarOverlayPostProcessor.OnPostprocessAllAssets 0.208ms
			AssetDatabaseCallbacks.OnPostprocessAllAssets 0.176ms
			ConfigAssetsTracker.OnPostprocessAllAssets 0.164ms
			ScenarioDriftAssetsTracker.OnPostprocessAllAssets 0.153ms
			AudioContainerPostProcessor.OnPostprocessAllAssets 0.112ms
			RenderPipelineGlobalSettingsPostprocessor.OnPostprocessAllAssets 0.099ms
	PostAssetChangesProfiler: 3.772ms
	UnloadStreamsBegin: 1.756ms
	GenerateScriptTypeHashes: 0.749ms
	GenerateScriptTypeSerializationHashes: 1.474ms
	Untracked: 700.840ms

Loaded scene 'Temp/__Backupscenes/0.backup'
	Deserialize:            2.751 ms
	Integration:            27.812 ms
	Integration of assets:  0.002 ms
	Thread Wait Time:       0.017 ms
	Total Operation Time:   30.583 ms
[Licensing::Client] Successfully resolved entitlement details
Unloading 0 Unused Serialized files (Serialized files now loaded: 0)
Loaded scene 'Temp/__Backupscenes/0.backup'
	Deserialize:            1.858 ms
	Integration:            13.195 ms
	Integration of assets:  0.002 ms
	Thread Wait Time:       0.017 ms
	Total Operation Time:   15.072 ms
Unloading 285 unused Assets / (17.9 MB). Loaded Objects now: 2238.
Memory consumption went from 363.5 MB to 345.6 MB.
Total: 19.144100 ms (FindLiveObjects: 0.200800 ms CreateObjectMapping: 0.078300 ms MarkObjects: 13.427300 ms  DeleteObjects: 5.436200 ms)

[Licensing::Client] Successfully resolved entitlement details
Reloading assemblies for play mode.
Reloading assemblies after forced synchronous recompile.
Begin MonoManager ReloadAssembly
Native extension for WindowsStandalone target not found
Native extension for WebGL target not found
ScheduleIndexationOnStartup MainProcess:True IndexOnStartup:True
[MODES] ModeService[none].Initialize
[MODES] ModeService[none].LoadModes
Mono: successfully reloaded assembly
- Finished resetting the current domain, in  1.780 seconds
Domain Reload Profiling: 2486ms
	BeginReloadAssembly (467ms)
		DisableScriptedObjects (95ms)
		CreateAndSetChildDomain (126ms)
	RebuildCommonClasses (14ms)
	RebuildNativeTypeToScriptingClass (24ms)
	initialDomainReloadingComplete (57ms)
	LoadAllAssembliesAndSetupDomain (142ms)
		LoadAssemblies (146ms)
		AnalyzeDomain (10ms)
			TypeCache.Refresh (5ms)
	FinalizeReload (1782ms)
		SetupLoadedEditorAssemblies (0ms)
			InitializePlatformSupportModulesInManaged (3ms)
			BeforeProcessingInitializeOnLoad (123ms)
			ProcessInitializeOnLoadAttributes (111ms)
			ProcessInitializeOnLoadMethodAttributes (97ms)
			AfterProcessingInitializeOnLoad (8ms)
		AwakeInstancesAfterBackupRestoration (882ms)

Asset Pipeline Refresh (id=57c708c808241e945930923161399046): Total: 2.601 seconds - Initiated by StopAssetImportingV2(ForceSynchronousImport | ForceDomainReload)
	(Values over 0.05ms)
	Summary:
		Imports: total=0 (actual=0, local cache=0, cache server=0)
		Asset DB Process Time: managed=0 ms, native=1832 ms
		Asset DB Callback time: managed=24 ms, native=0 ms
		Scripting: domain reloads=1, domain reload time=741 ms, compile time=2 ms, other=0 ms
		Project Asset Count: scripts=135, non-scripts=91
		Asset File Changes: new=0, changed=0, moved=0, deleted=0
		Scan Filter Count: 0
	InvokePackagesCallback: 2.323ms
	ApplyChangesToAssetFolders: 0.066ms
	Collect global state as custom dependencies: 0.111ms
	CategorizeAssets: 1.397ms
	CompileScripts: 2.174ms
	ImportOutOfDateAssets: 1784.911ms (1783.141ms without children)
		ReloadNativeAssets: 0.424ms
		UnloadImportedAssets: 0.271ms
		EnsureUptoDateAssetsAreRegisteredWithGuidPM: 0.050ms
		ImportSchedulerStart: 1.021ms
	PostProcessAllAssets: 24.214ms
		MonoPostProcessAllAssets: 24.209ms
			BuilderAssetPostprocessor.OnPostprocessAllAssets 10.343ms
			WindowAssetPostprocessingWatcher.OnPostprocessAllAssets 10.307ms
			AssetPostprocessor.OnPostprocessAllAssets 5.866ms
			AssetChangedListener.OnPostprocessAllAssets 3.591ms
			RetainedModeAssetPostprocessor.OnPostprocessAllAssets 1.723ms
			TextAssetPostProcessor.OnPostprocessAllAssets 1.666ms
			SyncVS.PostprocessSyncProject 1.388ms
			SpeedTree9Postprocessor.OnPostprocessAllAssets 1.262ms
			ArtifactBrowserPostProcessor.OnPostprocessAllAssets 0.602ms
			AudioMixerPostprocessor.OnPostprocessAllAssets 0.407ms
			ReferencedClipsPostProcessor.OnPostprocessAllAssets 0.348ms
			EditModeScopePostprocessor.OnPostprocessAllAssets 0.344ms
			TMPro_TexturePostProcessor.OnPostprocessAllAssets 0.326ms
			StyleCatalogPostProcessor.OnPostprocessAllAssets 0.276ms
			AssetEvents.OnPostprocessAllAssets 0.249ms
			SpeedTreePostProcessor.OnPostprocessAllAssets 0.233ms
			AssetDatabaseCallbacks.OnPostprocessAllAssets 0.195ms
			TerrainToolbarOverlayPostProcessor.OnPostprocessAllAssets 0.189ms
			ConfigAssetsTracker.OnPostprocessAllAssets 0.164ms
			ScenarioDriftAssetsTracker.OnPostprocessAllAssets 0.153ms
			AudioContainerPostProcessor.OnPostprocessAllAssets 0.112ms
			RenderPipelineGlobalSettingsPostprocessor.OnPostprocessAllAssets 0.103ms
	GenerateScriptTypeHashes: 0.407ms
	GenerateScriptTypeSerializationHashes: 0.785ms
	Untracked: 777.690ms

Loaded scene 'Temp/__Backupscenes/0.backup'
	Deserialize:            2.907 ms
	Integration:            29.563 ms
	Integration of assets:  0.004 ms
	Thread Wait Time:       0.013 ms
	Total Operation Time:   32.487 ms
[Licensing::Client] Successfully resolved entitlement details
Unloading 2 Unused Serialized files (Serialized files now loaded: 0)
Animation component deleted: Component belongs to a disabled built-in package.
Loaded scene 'Temp/__Backupscenes/0.backup'
	Deserialize:            1.896 ms
	Integration:            23.419 ms
	Integration of assets:  0.002 ms
	Thread Wait Time:       0.016 ms
	Total Operation Time:   25.333 ms
Unloading 9 unused Assets / (29.4 MB). Loaded Objects now: 2311.
Memory consumption went from 415.5 MB to 386.1 MB.
Total: 15.073100 ms (FindLiveObjects: 0.223700 ms CreateObjectMapping: 0.062600 ms MarkObjects: 13.741700 ms  DeleteObjects: 1.044000 ms)

Reloading assemblies for play mode.
Reloading assemblies after forced synchronous recompile.
Begin MonoManager ReloadAssembly
Native extension for WindowsStandalone target not found
Native extension for WebGL target not found
ScheduleIndexationOnStartup MainProcess:True IndexOnStartup:True
[MODES] ModeService[none].Initialize
[MODES] ModeService[none].LoadModes
Mono: successfully reloaded assembly
- Finished resetting the current domain, in  1.568 seconds
Domain Reload Profiling: 2252ms
	BeginReloadAssembly (459ms)
		DisableScriptedObjects (94ms)
		CreateAndSetChildDomain (135ms)
	RebuildCommonClasses (12ms)
	RebuildNativeTypeToScriptingClass (23ms)
	initialDomainReloadingComplete (53ms)
	LoadAllAssembliesAndSetupDomain (136ms)
		LoadAssemblies (126ms)
		AnalyzeDomain (9ms)
			TypeCache.Refresh (4ms)
	FinalizeReload (1569ms)
		SetupLoadedEditorAssemblies (0ms)
			BeforeProcessingInitializeOnLoad (114ms)
			ProcessInitializeOnLoadAttributes (91ms)
			ProcessInitializeOnLoadMethodAttributes (82ms)
			AfterProcessingInitializeOnLoad (7ms)
		AwakeInstancesAfterBackupRestoration (779ms)

Asset Pipeline Refresh (id=bc21b69d0e497be49add0077dd4046c4): Total: 2.354 seconds - Initiated by StopAssetImportingV2(ForceSynchronousImport | ForceDomainReload)
	(Values over 0.05ms)
	Summary:
		Imports: total=0 (actual=0, local cache=0, cache server=0)
		Asset DB Process Time: managed=0 ms, native=1613 ms
		Asset DB Callback time: managed=21 ms, native=0 ms
		Scripting: domain reloads=1, domain reload time=716 ms, compile time=2 ms, other=0 ms
		Project Asset Count: scripts=135, non-scripts=91
		Asset File Changes: new=0, changed=0, moved=0, deleted=0
		Scan Filter Count: 0
	InvokePackagesCallback: 2.301ms
	ApplyChangesToAssetFolders: 0.069ms
	Collect global state as custom dependencies: 0.101ms
	CategorizeAssets: 1.295ms
	CompileScripts: 1.770ms
	ImportOutOfDateAssets: 1571.489ms (1569.875ms without children)
		ReloadNativeAssets: 0.446ms
		UnloadImportedAssets: 0.263ms
		EnsureUptoDateAssetsAreRegisteredWithGuidPM: 0.052ms
		ImportSchedulerStart: 0.850ms
	PostProcessAllAssets: 21.805ms
		MonoPostProcessAllAssets: 21.801ms
			BuilderAssetPostprocessor.OnPostprocessAllAssets 10.343ms
			WindowAssetPostprocessingWatcher.OnPostprocessAllAssets 9.355ms
			AssetPostprocessor.OnPostprocessAllAssets 5.866ms
			AssetChangedListener.OnPostprocessAllAssets 3.591ms
			RetainedModeAssetPostprocessor.OnPostprocessAllAssets 1.723ms
			TextAssetPostProcessor.OnPostprocessAllAssets 1.666ms
			SyncVS.PostprocessSyncProject 1.262ms
			SpeedTree9Postprocessor.OnPostprocessAllAssets 0.888ms
			ArtifactBrowserPostProcessor.OnPostprocessAllAssets 0.602ms
			AudioMixerPostprocessor.OnPostprocessAllAssets 0.407ms
			TMPro_TexturePostProcessor.OnPostprocessAllAssets 0.326ms
			ReferencedClipsPostProcessor.OnPostprocessAllAssets 0.325ms
			EditModeScopePostprocessor.OnPostprocessAllAssets 0.316ms
			StyleCatalogPostProcessor.OnPostprocessAllAssets 0.276ms
			AssetEvents.OnPostprocessAllAssets 0.249ms
			SpeedTreePostProcessor.OnPostprocessAllAssets 0.233ms
			AssetDatabaseCallbacks.OnPostprocessAllAssets 0.178ms
			ConfigAssetsTracker.OnPostprocessAllAssets 0.164ms
			TerrainToolbarOverlayPostProcessor.OnPostprocessAllAssets 0.163ms
			ScenarioDriftAssetsTracker.OnPostprocessAllAssets 0.153ms
			AudioContainerPostProcessor.OnPostprocessAllAssets 0.112ms
			RenderPipelineGlobalSettingsPostprocessor.OnPostprocessAllAssets 0.092ms
	UnloadStreamsBegin: 1.913ms
	GenerateScriptTypeHashes: 0.429ms
	GenerateScriptTypeSerializationHashes: 0.851ms
	Untracked: 747.096ms

Loaded scene 'Temp/__Backupscenes/0.backup'
	Deserialize:            2.845 ms
	Integration:            37.491 ms
	Integration of assets:  0.003 ms
	Thread Wait Time:       0.015 ms
	Total Operation Time:   40.353 ms
[Licensing::Client] Successfully resolved entitlement details
Unloading 0 Unused Serialized files (Serialized files now loaded: 0)
Loaded scene 'Temp/__Backupscenes/0.backup'
	Deserialize:            1.837 ms
	Integration:            12.476 ms
	Integration of assets:  0.002 ms
	Thread Wait Time:       0.050 ms
	Total Operation Time:   14.365 ms
Unloading 3 unused Assets / (1.6 KB). Loaded Objects now: 2311.
Memory consumption went from 374.8 MB to 374.8 MB.
Total: 12.988300 ms (FindLiveObjects: 0.175200 ms CreateObjectMapping: 0.049300 ms MarkObjects: 12.719800 ms  DeleteObjects: 0.043000 ms)

Opening scene 'Assets/DMT321/SimpleDigitalTwin/Scenes/L01_StartHere.unity'
Unloading 7 Unused Serialized files (Serialized files now loaded: 1)
Loaded scene 'Assets/DMT321/SimpleDigitalTwin/Scenes/L01_StartHere.unity'
	Deserialize:            2.754 ms
	Integration:            13.275 ms
	Integration of assets:  0.001 ms
	Thread Wait Time:       0.053 ms
	Total Operation Time:   16.083 ms
Unloading 12 unused Assets / (29.5 MB). Loaded Objects now: 2324.
Memory consumption went from 413.9 MB to 384.4 MB.
Total: 14.333700 ms (FindLiveObjects: 0.173800 ms CreateObjectMapping: 0.053500 ms MarkObjects: 12.944300 ms  DeleteObjects: 1.161000 ms)

Opening scene 'Assets/DMT321/SimpleDigitalTwin/Scenes/L01_StartHere.unity'
Unloading 2 Unused Serialized files (Serialized files now loaded: 1)
Loaded scene 'Assets/DMT321/SimpleDigitalTwin/Scenes/L01_StartHere.unity'
	Deserialize:            2.316 ms
	Integration:            14.817 ms
	Integration of assets:  0.002 ms
	Thread Wait Time:       0.055 ms
	Total Operation Time:   17.190 ms
Unloading 2 unused Assets / (27.0 KB). Loaded Objects now: 2324.
Memory consumption went from 384.2 MB to 384.2 MB.
Total: 13.821800 ms (FindLiveObjects: 0.192300 ms CreateObjectMapping: 0.055900 ms MarkObjects: 13.522600 ms  DeleteObjects: 0.049900 ms)

Opening scene 'Assets/Digital Twin.unity'
Unloading 3 Unused Serialized files (Serialized files now loaded: 1)
Loaded scene 'Assets/Digital Twin.unity'
	Deserialize:            3.412 ms
	Integration:            18.139 ms
	Integration of assets:  0.004 ms
	Thread Wait Time:       0.079 ms
	Total Operation Time:   21.634 ms
Unloading 10 unused Assets / (42.1 KB). Loaded Objects now: 2266.
Memory consumption went from 384.2 MB to 384.1 MB.
Total: 12.971400 ms (FindLiveObjects: 0.177700 ms CreateObjectMapping: 0.069200 ms MarkObjects: 12.646900 ms  DeleteObjects: 0.076600 ms)

Opening scene 'Assets/DMT321/SimpleDigitalTwin/Scenes/L01_StartHere.unity'
Unloading 3 Unused Serialized files (Serialized files now loaded: 1)
Loaded scene 'Assets/DMT321/SimpleDigitalTwin/Scenes/L01_StartHere.unity'
	Deserialize:            4.052 ms
	Integration:            19.139 ms
	Integration of assets:  0.191 ms
	Thread Wait Time:       0.076 ms
	Total Operation Time:   23.458 ms
Unloading 3 unused Assets / (39.5 KB). Loaded Objects now: 2325.
Memory consumption went from 384.5 MB to 384.4 MB.
Total: 14.191000 ms (FindLiveObjects: 0.198300 ms CreateObjectMapping: 0.061500 ms MarkObjects: 13.889400 ms  DeleteObjects: 0.040500 ms)

Asset Pipeline Refresh (id=5b53f9f1830977e44898eb8efec422eb): Total: 0.012 seconds - Initiated by RefreshV2(AllowForceSynchronousImport)
Asset Pipeline Refresh (id=bef9847a1378979459db5245da9cd4e5): Total: 0.007 seconds - Initiated by RefreshV2(AllowForceSynchronousImport)
Asset Pipeline Refresh (id=b052cd392f132674a991e1a4ede2efaf): Total: 0.005 seconds - Initiated by RefreshV2(AllowForceSynchronousImport)
Asset Pipeline Refresh (id=6a7cae6013be67c4c8162a651e2a9303): Total: 0.004 seconds - Initiated by RefreshV2(AllowForceSynchronousImport)
Importing 'GUID: ac02f115d5943413b883cec70d47e7dc - Path: Assets/DMT321/SimpleDigitalTwin/Scenes/L01_StartHere.unity' with importer (DefaultImporter)
Imported 'GUID: ac02f115d5943413b883cec70d47e7dc' -> (Import Result ID: '79e1f5a159ee093eb6979aec91787c85') in 0.007 seconds [static dependencies only]. Details - ImportResultOutputID=c8c3e4e2c7530f61277b990a98ec0c01 DependenciesID=9ffa75f357c99d9a5cf5b155ee1fd2b2 StaticDependenciesID=7492c7f04b91dd063a535d041de80437 
Asset Pipeline Refresh (id=cc0062be5c2153a46829003f2587c61f): Total: 0.046 seconds - Initiated by StopAssetImportingV2(NoUpdateAssetOptions)
Reloading assemblies for play mode.
Reloading assemblies after forced synchronous recompile.
Begin MonoManager ReloadAssembly
[Licensing::Client] Successfully resolved entitlement details
Native extension for WindowsStandalone target not found
Native extension for WebGL target not found
ScheduleIndexationOnStartup MainProcess:True IndexOnStartup:True
[MODES] ModeService[none].Initialize
[MODES] ModeService[none].LoadModes
Mono: successfully reloaded assembly
- Finished resetting the current domain, in  1.582 seconds
Domain Reload Profiling: 2224ms
	BeginReloadAssembly (437ms)
		DisableScriptedObjects (103ms)
		CreateAndSetChildDomain (123ms)
	RebuildCommonClasses (11ms)
	RebuildNativeTypeToScriptingClass (22ms)
	initialDomainReloadingComplete (49ms)
	LoadAllAssembliesAndSetupDomain (121ms)
		LoadAssemblies (129ms)
		AnalyzeDomain (9ms)
			TypeCache.Refresh (5ms)
	FinalizeReload (1584ms)
		SetupLoadedEditorAssemblies (0ms)
			BeforeProcessingInitializeOnLoad (115ms)
			ProcessInitializeOnLoadAttributes (92ms)
			ProcessInitializeOnLoadMethodAttributes (84ms)
			AfterProcessingInitializeOnLoad (7ms)
		AwakeInstancesAfterBackupRestoration (796ms)

Asset Pipeline Refresh (id=64cf3e4cbe6eda241abe2737509d6936): Total: 2.327 seconds - Initiated by StopAssetImportingV2(ForceSynchronousImport | ForceDomainReload)
	(Values over 0.05ms)
	Summary:
		Imports: total=0 (actual=0, local cache=0, cache server=0)
		Asset DB Process Time: managed=0 ms, native=1624 ms
		Asset DB Callback time: managed=22 ms, native=0 ms
		Scripting: domain reloads=1, domain reload time=677 ms, compile time=2 ms, other=0 ms
		Project Asset Count: scripts=135, non-scripts=91
		Asset File Changes: new=0, changed=0, moved=0, deleted=0
		Scan Filter Count: 0
	InvokePackagesCallback: 2.200ms
	ApplyChangesToAssetFolders: 0.077ms
	Collect global state as custom dependencies: 0.096ms
	CategorizeAssets: 1.168ms
	CompileScripts: 1.740ms
	ImportOutOfDateAssets: 1586.430ms (1584.737ms without children)
		ReloadNativeAssets: 0.383ms
		UnloadImportedAssets: 0.252ms
		EnsureUptoDateAssetsAreRegisteredWithGuidPM: 0.060ms
		ImportSchedulerStart: 0.994ms
	PostProcessAllAssets: 22.796ms
		MonoPostProcessAllAssets: 22.791ms
			WindowAssetPostprocessingWatcher.OnPostprocessAllAssets 9.769ms
			AssetChangedListener.OnPostprocessAllAssets 6.635ms
			AssetPostprocessor.OnPostprocessAllAssets 4.277ms
			SyncVS.PostprocessSyncProject 1.343ms
			RetainedModeAssetPostprocessor.OnPostprocessAllAssets 1.323ms
			SpeedTree9Postprocessor.OnPostprocessAllAssets 1.097ms
			BuilderAssetPostprocessor.OnPostprocessAllAssets 1.010ms
			TMPro_TexturePostProcessor.OnPostprocessAllAssets 0.670ms
			ArtifactBrowserPostProcessor.OnPostprocessAllAssets 0.535ms
			TextAssetPostProcessor.OnPostprocessAllAssets 0.455ms
			AudioMixerPostprocessor.OnPostprocessAllAssets 0.413ms
			ReferencedClipsPostProcessor.OnPostprocessAllAssets 0.413ms
			AssetDatabaseCallbacks.OnPostprocessAllAssets 0.346ms
			EditModeScopePostprocessor.OnPostprocessAllAssets 0.324ms
			StyleCatalogPostProcessor.OnPostprocessAllAssets 0.290ms
			AssetEvents.OnPostprocessAllAssets 0.264ms
			SpeedTreePostProcessor.OnPostprocessAllAssets 0.215ms
			TerrainToolbarOverlayPostProcessor.OnPostprocessAllAssets 0.177ms
			ConfigAssetsTracker.OnPostprocessAllAssets 0.169ms
			ScenarioDriftAssetsTracker.OnPostprocessAllAssets 0.162ms
			RenderPipelineGlobalSettingsPostprocessor.OnPostprocessAllAssets 0.101ms
			AudioContainerPostProcessor.OnPostprocessAllAssets 0.079ms
	GenerateScriptTypeHashes: 0.369ms
	GenerateScriptTypeSerializationHashes: 0.718ms
	Untracked: 707.207ms

Loaded scene 'Temp/__Backupscenes/0.backup'
	Deserialize:            2.756 ms
	Integration:            28.917 ms
	Integration of assets:  0.002 ms
	Thread Wait Time:       0.050 ms
	Total Operation Time:   31.726 ms
[Licensing::Client] Successfully resolved entitlement details
Unloading 0 Unused Serialized files (Serialized files now loaded: 1)
Loaded scene 'Temp/__Backupscenes/0.backup'
	Deserialize:            1.910 ms
	Integration:            13.944 ms
	Integration of assets:  0.002 ms
	Thread Wait Time:       0.052 ms
	Total Operation Time:   15.907 ms
Unloading 12 unused Assets / (29.4 MB). Loaded Objects now: 2445.
Memory consumption went from 420.9 MB to 391.5 MB.
Total: 15.819500 ms (FindLiveObjects: 0.181900 ms CreateObjectMapping: 0.063800 ms MarkObjects: 14.459600 ms  DeleteObjects: 1.112500 ms)

[Licensing::Client] Successfully resolved entitlement details
Importing 'GUID: ac02f115d5943413b883cec70d47e7dc - Path: Assets/DMT321/SimpleDigitalTwin/Scenes/L01_StartHere.unity' with importer (DefaultImporter)
Imported 'GUID: ac02f115d5943413b883cec70d47e7dc' -> (Import Result ID: '241206856d18cced4e4d6896c3f3e431') in 0.004 seconds [static dependencies only]. Details - ImportResultOutputID=c8c3e4e2c7530f61277b990a98ec0c01 DependenciesID=cd1171e433a62ec32aa85ae23a311816 StaticDependenciesID=11fb96363371ff7a7a2fe0bc098593af 
Asset Pipeline Refresh (id=445060e1a7474194380cd4f033d0273b): Total: 0.049 seconds - Initiated by StopAssetImportingV2(NoUpdateAssetOptions)
EditorHelper: Unable to use the external script editor. Trying the internal script editor now.
Asset Pipeline Refresh (id=167288c9b298d1941bed6b7b6b02e87a): Total: 0.016 seconds - Initiated by RefreshV2(AllowForceSynchronousImport)
Asset Pipeline Refresh (id=4c51ad4a797fd3745b548cdf9455dd07): Total: 0.004 seconds - Initiated by RefreshV2(AllowForceSynchronousImport)
Asset Pipeline Refresh (id=4ca8370230143ec45b0753868c386db6): Total: 0.004 seconds - Initiated by RefreshV2(AllowForceSynchronousImport)
EditorHelper: Unable to use the external script editor. Trying the internal script editor now.
Asset Pipeline Refresh (id=c794d31e3fcd1a24aa409ff8a87fc894): Total: 0.007 seconds - Initiated by RefreshV2(AllowForceSynchronousImport)
Reloading assemblies for play mode.
Reloading assemblies after forced synchronous recompile.
Begin MonoManager ReloadAssembly
[Licensing::Client] Successfully resolved entitlement details
Native extension for WindowsStandalone target not found
Native extension for WebGL target not found
ScheduleIndexationOnStartup MainProcess:True IndexOnStartup:True
[MODES] ModeService[none].Initialize
[MODES] ModeService[none].LoadModes
Mono: successfully reloaded assembly
- Finished resetting the current domain, in  1.660 seconds
Domain Reload Profiling: 2322ms
	BeginReloadAssembly (459ms)
		DisableScriptedObjects (113ms)
		CreateAndSetChildDomain (133ms)
	RebuildCommonClasses (11ms)
	RebuildNativeTypeToScriptingClass (22ms)
	initialDomainReloadingComplete (49ms)
	LoadAllAssembliesAndSetupDomain (121ms)
		LoadAssemblies (127ms)
		AnalyzeDomain (9ms)
			TypeCache.Refresh (4ms)
	FinalizeReload (1661ms)
		SetupLoadedEditorAssemblies (0ms)
			BeforeProcessingInitializeOnLoad (116ms)
			ProcessInitializeOnLoadAttributes (101ms)
			ProcessInitializeOnLoadMethodAttributes (98ms)
			AfterProcessingInitializeOnLoad (7ms)
		AwakeInstancesAfterBackupRestoration (817ms)

Asset Pipeline Refresh (id=39867751b45082b4188549c400aa718f): Total: 2.435 seconds - Initiated by StopAssetImportingV2(ForceSynchronousImport | ForceDomainReload)
	(Values over 0.05ms)
	Summary:
		Imports: total=0 (actual=0, local cache=0, cache server=0)
		Asset DB Process Time: managed=0 ms, native=1712 ms
		Asset DB Callback time: managed=23 ms, native=0 ms
		Scripting: domain reloads=1, domain reload time=697 ms, compile time=2 ms, other=0 ms
		Project Asset Count: scripts=135, non-scripts=91
		Asset File Changes: new=0, changed=0, moved=0, deleted=0
		Scan Filter Count: 0
	InvokePackagesCallback: 2.049ms
	ApplyChangesToAssetFolders: 0.093ms
	Collect global state as custom dependencies: 0.097ms
	CategorizeAssets: 1.198ms
	CompileScripts: 1.704ms
	ImportOutOfDateAssets: 1663.681ms (1662.014ms without children)
		ReloadNativeAssets: 0.523ms
		UnloadImportedAssets: 0.216ms
		ImportSchedulerStart: 0.876ms
	PostProcessAllAssets: 23.074ms
		MonoPostProcessAllAssets: 23.070ms
			WindowAssetPostprocessingWatcher.OnPostprocessAllAssets 9.477ms
			BuilderAssetPostprocessor.OnPostprocessAllAssets 6.836ms
			AssetChangedListener.OnPostprocessAllAssets 6.249ms
			AssetPostprocessor.OnPostprocessAllAssets 4.719ms
			RetainedModeAssetPostprocessor.OnPostprocessAllAssets 1.329ms
			SyncVS.PostprocessSyncProject 1.320ms
			SpeedTree9Postprocessor.OnPostprocessAllAssets 1.274ms
			ArtifactBrowserPostProcessor.OnPostprocessAllAssets 0.858ms
			TextAssetPostProcessor.OnPostprocessAllAssets 0.715ms
			TMPro_TexturePostProcessor.OnPostprocessAllAssets 0.675ms
			AudioMixerPostprocessor.OnPostprocessAllAssets 0.406ms
			ReferencedClipsPostProcessor.OnPostprocessAllAssets 0.325ms
			StyleCatalogPostProcessor.OnPostprocessAllAssets 0.325ms
			EditModeScopePostprocessor.OnPostprocessAllAssets 0.318ms
			AssetEvents.OnPostprocessAllAssets 0.282ms
			SpeedTreePostProcessor.OnPostprocessAllAssets 0.198ms
			AssetDatabaseCallbacks.OnPostprocessAllAssets 0.176ms
			TerrainToolbarOverlayPostProcessor.OnPostprocessAllAssets 0.175ms
			ConfigAssetsTracker.OnPostprocessAllAssets 0.168ms
			ScenarioDriftAssetsTracker.OnPostprocessAllAssets 0.159ms
			RenderPipelineGlobalSettingsPostprocessor.OnPostprocessAllAssets 0.090ms
			AudioContainerPostProcessor.OnPostprocessAllAssets 0.082ms
	GenerateScriptTypeHashes: 0.508ms
	GenerateScriptTypeSerializationHashes: 0.894ms
	Untracked: 727.932ms

Loaded scene 'Temp/__Backupscenes/0.backup'
	Deserialize:            2.995 ms
	Integration:            28.629 ms
	Integration of assets:  0.004 ms
	Thread Wait Time:       0.045 ms
	Total Operation Time:   31.673 ms
[Licensing::Client] Successfully resolved entitlement details
Unloading 0 Unused Serialized files (Serialized files now loaded: 0)
Loaded scene 'Temp/__Backupscenes/0.backup'
	Deserialize:            1.895 ms
	Integration:            14.643 ms
	Integration of assets:  0.003 ms
	Thread Wait Time:       0.015 ms
	Total Operation Time:   16.555 ms
Unloading 4 unused Assets / (31.2 KB). Loaded Objects now: 2447.
Memory consumption went from 385.2 MB to 385.2 MB.
Total: 15.169100 ms (FindLiveObjects: 0.187200 ms CreateObjectMapping: 0.058500 ms MarkObjects: 14.873000 ms  DeleteObjects: 0.048500 ms)

[Licensing::Client] Successfully resolved entitlement details
Asset Pipeline Refresh (id=9f7e6727b2127d24d89a41116af175ca): Total: 0.010 seconds - Initiated by RefreshV2(AllowForceSynchronousImport)
Asset Pipeline Refresh (id=cfb18c3dbcd93504a80f271f0fd33fba): Total: 0.005 seconds - Initiated by RefreshV2(AllowForceSynchronousImport)
Asset Pipeline Refresh (id=305bc92d4c67ac246bc938a493e77e87): Total: 0.004 seconds - Initiated by RefreshV2(AllowForceSynchronousImport)
Asset Pipeline Refresh (id=bbe2083cb78a8c344948b217e0a36830): Total: 0.005 seconds - Initiated by RefreshV2(AllowForceSynchronousImport)
Asset Pipeline Refresh (id=2e224cce89d5b6f47b1b73eb6976c5f4): Total: 0.004 seconds - Initiated by RefreshV2(AllowForceSynchronousImport)
The character with Unicode value \u0E50 was not found in the [LiberationSans SDF] font asset or any potential fallbacks. It was replaced by Unicode character \u25A1 in text object [Text (TMP)].
UnityEngine.Debug:ExtractStackTraceNoAlloc (byte*,int,string)
UnityEngine.StackTraceUtility:ExtractStackTrace ()
UnityEngine.DebugLogHandler:Internal_Log (UnityEngine.LogType,UnityEngine.LogOption,string,UnityEngine.Object)
UnityEngine.DebugLogHandler:LogFormat (UnityEngine.LogType,UnityEngine.Object,string,object[])
UnityEngine.Logger:Log (UnityEngine.LogType,object,UnityEngine.Object)
UnityEngine.Debug:LogWarning (object,UnityEngine.Object)
TMPro.TextMeshProUGUI:SetArraySizes (TMPro.TMP_Text/TextProcessingElement[]) (at ./Library/PackageCache/com.unity.ugui@377fd60ad87b/Runtime/TMP/TextMeshProUGUI.cs:2012)
TMPro.TMP_Text:ParseInputText () (at ./Library/PackageCache/com.unity.ugui@377fd60ad87b/Runtime/TMP/TMP_Text.cs:2063)
TMPro.TextMeshProUGUI:OnPreRenderCanvas () (at ./Library/PackageCache/com.unity.ugui@377fd60ad87b/Runtime/TMP/TextMeshProUGUI.cs:2496)
TMPro.TextMeshProUGUI:Rebuild (UnityEngine.UI.CanvasUpdate) (at ./Library/PackageCache/com.unity.ugui@377fd60ad87b/Runtime/TMP/TextMeshProUGUI.cs:229)
UnityEngine.UI.CanvasUpdateRegistry:PerformUpdate () (at ./Library/PackageCache/com.unity.ugui@377fd60ad87b/Runtime/UGUI/UI/Core/CanvasUpdateRegistry.cs:215)
UnityEngine.Canvas:SendWillRenderCanvases ()

(Filename: ./Library/PackageCache/com.unity.ugui@377fd60ad87b/Runtime/TMP/TextMeshProUGUI.cs Line: 2012)

The character with Unicode value \u0E50 was not found in the [LiberationSans SDF] font asset or any potential fallbacks. It was replaced by Unicode character \u25A1 in text object [Text (TMP)].
UnityEngine.Debug:ExtractStackTraceNoAlloc (byte*,int,string)
UnityEngine.StackTraceUtility:ExtractStackTrace ()
UnityEngine.DebugLogHandler:Internal_Log (UnityEngine.LogType,UnityEngine.LogOption,string,UnityEngine.Object)
UnityEngine.DebugLogHandler:LogFormat (UnityEngine.LogType,UnityEngine.Object,string,object[])
UnityEngine.Logger:Log (UnityEngine.LogType,object,UnityEngine.Object)
UnityEngine.Debug:LogWarning (object,UnityEngine.Object)
TMPro.TextMeshProUGUI:SetArraySizes (TMPro.TMP_Text/TextProcessingElement[]) (at ./Library/PackageCache/com.unity.ugui@377fd60ad87b/Runtime/TMP/TextMeshProUGUI.cs:2012)
TMPro.TMP_Text:ParseInputText () (at ./Library/PackageCache/com.unity.ugui@377fd60ad87b/Runtime/TMP/TMP_Text.cs:2063)
TMPro.TMP_Text:GetPreferredWidth () (at ./Library/PackageCache/com.unity.ugui@377fd60ad87b/Runtime/TMP/TMP_Text.cs:3714)
TMPro.TMP_Text:get_preferredWidth () (at ./Library/PackageCache/com.unity.ugui@377fd60ad87b/Runtime/TMP/TMP_Text.cs:1526)
UnityEditor.Events.LayoutPropertiesPreview/<>c:<OnPreviewGUI>b__8_2 (UnityEngine.UI.ILayoutElement) (at ./Library/PackageCache/com.unity.ugui@377fd60ad87b/Editor/UGUI/UI/LayoutPropertiesPreview.cs:100)
UnityEngine.UI.LayoutUtility:GetLayoutProperty (UnityEngine.RectTransform,System.Func`2<UnityEngine.UI.ILayoutElement, single>,single,UnityEngine.UI.ILayoutElement&) (at ./Library/PackageCache/com.unity.ugui@377fd60ad87b/Runtime/UGUI/UI/Core/Layout/LayoutUtility.cs:161)
UnityEditor.Events.LayoutPropertiesPreview:OnPreviewGUI (UnityEngine.Rect,UnityEngine.GUIStyle) (at ./Library/PackageCache/com.unity.ugui@377fd60ad87b/Editor/UGUI/UI/LayoutPropertiesPreview.cs:100)
UnityEditor.ObjectPreview:OnInteractivePreviewGUI (UnityEngine.Rect,UnityEngine.GUIStyle)
UnityEditor.ObjectPreview:DrawPreview (UnityEditor.IPreviewable,UnityEngine.Rect,UnityEngine.Object[])
UnityEditor.ObjectPreview:DrawPreview (UnityEngine.Rect)
UnityEditor.PropertyEditor:DrawPreview (UnityEditor.IPreviewable)
UnityEditor.PropertyEditor:DrawPreviewAndLabels ()
UnityEngine.UIElements.IMGUIContainer:DoOnGUI (UnityEngine.Event,UnityEngine.Matrix4x4,UnityEngine.Rect,bool,UnityEngine.Rect,System.Action,bool)
UnityEngine.UIElements.IMGUIContainer:HandleIMGUIEvent (UnityEngine.Event,UnityEngine.Matrix4x4,UnityEngine.Rect,System.Action,bool)
UnityEngine.UIElements.IMGUIContainer:DoIMGUIRepaint ()
UnityEngine.UIElements.UIR.RenderChainCommand:ExecuteNonDrawMesh (UnityEngine.UIElements.UIR.DrawParams,single,System.Exception&)
UnityEngine.UIElements.UIR.UIRenderDevice:EvaluateChain (UnityEngine.UIElements.UIR.RenderChainCommand,UnityEngine.Material,UnityEngine.Texture,UnityEngine.Texture,System.Nullable`1<UnityEngine.Rect>,UnityEngine.Vector2,single,bool,UnityEngine.UIElements.TextureSlotCount,bool,System.Exception&)
UnityEngine.UIElements.UIR.RenderTreeManager:RenderSingleTree (UnityEngine.UIElements.UIR.RenderTree,UnityEngine.RenderTexture,UnityEngine.RectInt,UnityEngine.Rect)
UnityEngine.UIElements.UIR.RenderTreeManager:RenderRootTree ()
UnityEngine.UIElements.UIRRepaintUpdater:Render ()
UnityEngine.UIElements.BaseVisualElementPanel:Render ()
UnityEngine.UIElements.Panel:Render ()
UnityEditor.UIElements.EditorEventDispatchUtility:DoDispatch (UnityEngine.UIElements.BaseVisualElementPanel,UnityEngine.Event)
UnityEditor.UIElements.DefaultWindowBackend:ProcessEvent (UnityEngine.Event)
UnityEditor.GUIView:ProcessEvent (UnityEngine.EntityId,intptr,bool&)

(Filename: ./Library/PackageCache/com.unity.ugui@377fd60ad87b/Runtime/TMP/TextMeshProUGUI.cs Line: 2012)

The character with Unicode value \u0E50 was not found in the [LiberationSans SDF] font asset or any potential fallbacks. It was replaced by Unicode character \u25A1 in text object [Text (TMP)].
UnityEngine.Debug:ExtractStackTraceNoAlloc (byte*,int,string)
UnityEngine.StackTraceUtility:ExtractStackTrace ()
UnityEngine.DebugLogHandler:Internal_Log (UnityEngine.LogType,UnityEngine.LogOption,string,UnityEngine.Object)
UnityEngine.DebugLogHandler:LogFormat (UnityEngine.LogType,UnityEngine.Object,string,object[])
UnityEngine.Logger:Log (UnityEngine.LogType,object,UnityEngine.Object)
UnityEngine.Debug:LogWarning (object,UnityEngine.Object)
TMPro.TextMeshProUGUI:SetArraySizes (TMPro.TMP_Text/TextProcessingElement[]) (at ./Library/PackageCache/com.unity.ugui@377fd60ad87b/Runtime/TMP/TextMeshProUGUI.cs:2012)
TMPro.TMP_Text:ParseInputText () (at ./Library/PackageCache/com.unity.ugui@377fd60ad87b/Runtime/TMP/TMP_Text.cs:2063)
TMPro.TMP_Text:GetPreferredHeight () (at ./Library/PackageCache/com.unity.ugui@377fd60ad87b/Runtime/TMP/TMP_Text.cs:3787)
TMPro.TMP_Text:get_preferredHeight () (at ./Library/PackageCache/com.unity.ugui@377fd60ad87b/Runtime/TMP/TMP_Text.cs:1534)
UnityEditor.Events.LayoutPropertiesPreview/<>c:<OnPreviewGUI>b__8_3 (UnityEngine.UI.ILayoutElement) (at ./Library/PackageCache/com.unity.ugui@377fd60ad87b/Editor/UGUI/UI/LayoutPropertiesPreview.cs:101)
UnityEngine.UI.LayoutUtility:GetLayoutProperty (UnityEngine.RectTransform,System.Func`2<UnityEngine.UI.ILayoutElement, single>,single,UnityEngine.UI.ILayoutElement&) (at ./Library/PackageCache/com.unity.ugui@377fd60ad87b/Runtime/UGUI/UI/Core/Layout/LayoutUtility.cs:161)
UnityEditor.Events.LayoutPropertiesPreview:OnPreviewGUI (UnityEngine.Rect,UnityEngine.GUIStyle) (at ./Library/PackageCache/com.unity.ugui@377fd60ad87b/Editor/UGUI/UI/LayoutPropertiesPreview.cs:101)
UnityEditor.ObjectPreview:OnInteractivePreviewGUI (UnityEngine.Rect,UnityEngine.GUIStyle)
UnityEditor.ObjectPreview:DrawPreview (UnityEditor.IPreviewable,UnityEngine.Rect,UnityEngine.Object[])
UnityEditor.ObjectPreview:DrawPreview (UnityEngine.Rect)
UnityEditor.PropertyEditor:DrawPreview (UnityEditor.IPreviewable)
UnityEditor.PropertyEditor:DrawPreviewAndLabels ()
UnityEngine.UIElements.IMGUIContainer:DoOnGUI (UnityEngine.Event,UnityEngine.Matrix4x4,UnityEngine.Rect,bool,UnityEngine.Rect,System.Action,bool)
UnityEngine.UIElements.IMGUIContainer:HandleIMGUIEvent (UnityEngine.Event,UnityEngine.Matrix4x4,UnityEngine.Rect,System.Action,bool)
UnityEngine.UIElements.IMGUIContainer:DoIMGUIRepaint ()
UnityEngine.UIElements.UIR.RenderChainCommand:ExecuteNonDrawMesh (UnityEngine.UIElements.UIR.DrawParams,single,System.Exception&)
UnityEngine.UIElements.UIR.UIRenderDevice:EvaluateChain (UnityEngine.UIElements.UIR.RenderChainCommand,UnityEngine.Material,UnityEngine.Texture,UnityEngine.Texture,System.Nullable`1<UnityEngine.Rect>,UnityEngine.Vector2,single,bool,UnityEngine.UIElements.TextureSlotCount,bool,System.Exception&)
UnityEngine.UIElements.UIR.RenderTreeManager:RenderSingleTree (UnityEngine.UIElements.UIR.RenderTree,UnityEngine.RenderTexture,UnityEngine.RectInt,UnityEngine.Rect)
UnityEngine.UIElements.UIR.RenderTreeManager:RenderRootTree ()
UnityEngine.UIElements.UIRRepaintUpdater:Render ()
UnityEngine.UIElements.BaseVisualElementPanel:Render ()
UnityEngine.UIElements.Panel:Render ()
UnityEditor.UIElements.EditorEventDispatchUtility:DoDispatch (UnityEngine.UIElements.BaseVisualElementPanel,UnityEngine.Event)
UnityEditor.UIElements.DefaultWindowBackend:ProcessEvent (UnityEngine.Event)
UnityEditor.GUIView:ProcessEvent (UnityEngine.EntityId,intptr,bool&)

(Filename: ./Library/PackageCache/com.unity.ugui@377fd60ad87b/Runtime/TMP/TextMeshProUGUI.cs Line: 2012)

Asset Pipeline Refresh (id=650636866811f7e46a4809c27297dee0): Total: 0.004 seconds - Initiated by RefreshV2(AllowForceSynchronousImport)
GetVirtualKey: Could not map char: z (122) to any virtual key
GetVirtualKey: Could not map char: y (121) to any virtual key
GetVirtualKey: Could not map char: x (120) to any virtual key
GetVirtualKey: Could not map char: c (99) to any virtual key
GetVirtualKey: Could not map char: v (118) to any virtual key
GetVirtualKey: Could not map char: V (86) to any virtual key
GetVirtualKey: Could not map char: d (100) to any virtual key
GetVirtualKey: Could not map char: f (102) to any virtual key
GetVirtualKey: Could not map char: f (102) to any virtual key
GetVirtualKey: Could not map char: a (97) to any virtual key
GetVirtualKey: Could not map char: d (100) to any virtual key
GetVirtualKey: Could not map char: c (99) to any virtual key
GetVirtualKey: Could not map char: r (114) to any virtual key
GetVirtualKey: Could not map char: i (105) to any virtual key
GetVirtualKey: Could not map char: l (108) to any virtual key
GetVirtualKey: Could not map char: f (102) to any virtual key
GetVirtualKey: Could not map char: k (107) to any virtual key
GetVirtualKey: Could not map char: p (112) to any virtual key
GetVirtualKey: Could not map char: p (112) to any virtual key
GetVirtualKey: Could not map char: p (112) to any virtual key
GetVirtualKey: Could not map char: c (99) to any virtual key
GetVirtualKey: Could not map char: r (114) to any virtual key
GetVirtualKey: Could not map char: P (80) to any virtual key
GetVirtualKey: Could not map char: n (110) to any virtual key
GetVirtualKey: Could not map char: n (110) to any virtual key
GetVirtualKey: Could not map char: g (103) to any virtual key
GetVirtualKey: Could not map char: = (61) to any virtual key
GetVirtualKey: Could not map char: f (102) to any virtual key
GetVirtualKey: Could not map char: f (102) to any virtual key
GetVirtualKey: Could not map char: a (97) to any virtual key
GetVirtualKey: Could not map char: a (97) to any virtual key
GetVirtualKey: Could not map char: c (99) to any virtual key
GetVirtualKey: Could not map char: u (117) to any virtual key
GetVirtualKey: Could not map char: n (110) to any virtual key
GetVirtualKey: Could not map char: o (111) to any virtual key
GetVirtualKey: Could not map char: s (115) to any virtual key
GetVirtualKey: Could not map char: s (115) to any virtual key
GetVirtualKey: Could not map char: b (98) to any virtual key
GetVirtualKey: Could not map char: b (98) to any virtual key
GetVirtualKey: Could not map char: x (120) to any virtual key
GetVirtualKey: Could not map char: c (99) to any virtual key
GetVirtualKey: Could not map char: v (118) to any virtual key
GetVirtualKey: Could not map char: d (100) to any virtual key
GetVirtualKey: Could not map char: n (110) to any virtual key
GetVirtualKey: Could not map char: g (103) to any virtual key
GetVirtualKey: Could not map char: = (61) to any virtual key
GetVirtualKey: Could not map char: f (102) to any virtual key
GetVirtualKey: Could not map char: f (102) to any virtual key
GetVirtualKey: Could not map char: a (97) to any virtual key
GetVirtualKey: Could not map char: x (120) to any virtual key
GetVirtualKey: Could not map char: c (99) to any virtual key
GetVirtualKey: Could not map char: v (118) to any virtual key
GetVirtualKey: Could not map char: d (100) to any virtual key
GetVirtualKey: Could not map char: n (110) to any virtual key
GetVirtualKey: Could not map char: g (103) to any virtual key
GetVirtualKey: Could not map char: = (61) to any virtual key
GetVirtualKey: Could not map char: f (102) to any virtual key
GetVirtualKey: Could not map char: f (102) to any virtual key
GetVirtualKey: Could not map char: a (97) to any virtual key
GetVirtualKey: Could not map char: x (120) to any virtual key
GetVirtualKey: Could not map char: c (99) to any virtual key
GetVirtualKey: Could not map char: v (118) to any virtual key
GetVirtualKey: Could not map char: d (100) to any virtual key
GetVirtualKey: Could not map char: n (110) to any virtual key
GetVirtualKey: Could not map char: g (103) to any virtual key
GetVirtualKey: Could not map char: = (61) to any virtual key
GetVirtualKey: Could not map char: f (102) to any virtual key
GetVirtualKey: Could not map char: f (102) to any virtual key
GetVirtualKey: Could not map char: a (97) to any virtual key
GetVirtualKey: Could not map char: x (120) to any virtual key
GetVirtualKey: Could not map char: c (99) to any virtual key
GetVirtualKey: Could not map char: v (118) to any virtual key
GetVirtualKey: Could not map char: d (100) to any virtual key
GetVirtualKey: Could not map char: n (110) to any virtual key
GetVirtualKey: Could not map char: g (103) to any virtual key
GetVirtualKey: Could not map char: = (61) to any virtual key
GetVirtualKey: Could not map char: f (102) to any virtual key
GetVirtualKey: Could not map char: f (102) to any virtual key
GetVirtualKey: Could not map char: a (97) to any virtual key
The character with Unicode value \u0E49 was not found in the [LiberationSans SDF] font asset or any potential fallbacks. It was replaced by Unicode character \u25A1 in text object [Text (TMP)].
UnityEngine.Debug:ExtractStackTraceNoAlloc (byte*,int,string)
UnityEngine.StackTraceUtility:ExtractStackTrace ()
UnityEngine.DebugLogHandler:Internal_Log (UnityEngine.LogType,UnityEngine.LogOption,string,UnityEngine.Object)
UnityEngine.DebugLogHandler:LogFormat (UnityEngine.LogType,UnityEngine.Object,string,object[])
UnityEngine.Logger:Log (UnityEngine.LogType,object,UnityEngine.Object)
UnityEngine.Debug:LogWarning (object,UnityEngine.Object)
TMPro.TextMeshProUGUI:SetArraySizes (TMPro.TMP_Text/TextProcessingElement[]) (at ./Library/PackageCache/com.unity.ugui@377fd60ad87b/Runtime/TMP/TextMeshProUGUI.cs:2012)
TMPro.TMP_Text:ParseInputText () (at ./Library/PackageCache/com.unity.ugui@377fd60ad87b/Runtime/TMP/TMP_Text.cs:2063)
TMPro.TextMeshProUGUI:OnPreRenderCanvas () (at ./Library/PackageCache/com.unity.ugui@377fd60ad87b/Runtime/TMP/TextMeshProUGUI.cs:2496)
TMPro.TextMeshProUGUI:Rebuild (UnityEngine.UI.CanvasUpdate) (at ./Library/PackageCache/com.unity.ugui@377fd60ad87b/Runtime/TMP/TextMeshProUGUI.cs:229)
UnityEngine.UI.CanvasUpdateRegistry:PerformUpdate () (at ./Library/PackageCache/com.unity.ugui@377fd60ad87b/Runtime/UGUI/UI/Core/CanvasUpdateRegistry.cs:215)
UnityEngine.Canvas:SendWillRenderCanvases ()

(Filename: ./Library/PackageCache/com.unity.ugui@377fd60ad87b/Runtime/TMP/TextMeshProUGUI.cs Line: 2012)

The character with Unicode value \u0E49 was not found in the [LiberationSans SDF] font asset or any potential fallbacks. It was replaced by Unicode character \u25A1 in text object [Text (TMP)].
UnityEngine.Debug:ExtractStackTraceNoAlloc (byte*,int,string)
UnityEngine.StackTraceUtility:ExtractStackTrace ()
UnityEngine.DebugLogHandler:Internal_Log (UnityEngine.LogType,UnityEngine.LogOption,string,UnityEngine.Object)
UnityEngine.DebugLogHandler:LogFormat (UnityEngine.LogType,UnityEngine.Object,string,object[])
UnityEngine.Logger:Log (UnityEngine.LogType,object,UnityEngine.Object)
UnityEngine.Debug:LogWarning (object,UnityEngine.Object)
TMPro.TextMeshProUGUI:SetArraySizes (TMPro.TMP_Text/TextProcessingElement[]) (at ./Library/PackageCache/com.unity.ugui@377fd60ad87b/Runtime/TMP/TextMeshProUGUI.cs:2012)
TMPro.TMP_Text:ParseInputText () (at ./Library/PackageCache/com.unity.ugui@377fd60ad87b/Runtime/TMP/TMP_Text.cs:2063)
TMPro.TMP_Text:GetPreferredWidth () (at ./Library/PackageCache/com.unity.ugui@377fd60ad87b/Runtime/TMP/TMP_Text.cs:3714)
TMPro.TMP_Text:get_preferredWidth () (at ./Library/PackageCache/com.unity.ugui@377fd60ad87b/Runtime/TMP/TMP_Text.cs:1526)
UnityEditor.Events.LayoutPropertiesPreview/<>c:<OnPreviewGUI>b__8_2 (UnityEngine.UI.ILayoutElement) (at ./Library/PackageCache/com.unity.ugui@377fd60ad87b/Editor/UGUI/UI/LayoutPropertiesPreview.cs:100)
UnityEngine.UI.LayoutUtility:GetLayoutProperty (UnityEngine.RectTransform,System.Func`2<UnityEngine.UI.ILayoutElement, single>,single,UnityEngine.UI.ILayoutElement&) (at ./Library/PackageCache/com.unity.ugui@377fd60ad87b/Runtime/UGUI/UI/Core/Layout/LayoutUtility.cs:161)
UnityEditor.Events.LayoutPropertiesPreview:OnPreviewGUI (UnityEngine.Rect,UnityEngine.GUIStyle) (at ./Library/PackageCache/com.unity.ugui@377fd60ad87b/Editor/UGUI/UI/LayoutPropertiesPreview.cs:100)
UnityEditor.ObjectPreview:OnInteractivePreviewGUI (UnityEngine.Rect,UnityEngine.GUIStyle)
UnityEditor.ObjectPreview:DrawPreview (UnityEditor.IPreviewable,UnityEngine.Rect,UnityEngine.Object[])
UnityEditor.ObjectPreview:DrawPreview (UnityEngine.Rect)
UnityEditor.PropertyEditor:DrawPreview (UnityEditor.IPreviewable)
UnityEditor.PropertyEditor:DrawPreviewAndLabels ()
UnityEngine.UIElements.IMGUIContainer:DoOnGUI (UnityEngine.Event,UnityEngine.Matrix4x4,UnityEngine.Rect,bool,UnityEngine.Rect,System.Action,bool)
UnityEngine.UIElements.IMGUIContainer:HandleIMGUIEvent (UnityEngine.Event,UnityEngine.Matrix4x4,UnityEngine.Rect,System.Action,bool)
UnityEngine.UIElements.IMGUIContainer:DoIMGUIRepaint ()
UnityEngine.UIElements.UIR.RenderChainCommand:ExecuteNonDrawMesh (UnityEngine.UIElements.UIR.DrawParams,single,System.Exception&)
UnityEngine.UIElements.UIR.UIRenderDevice:EvaluateChain (UnityEngine.UIElements.UIR.RenderChainCommand,UnityEngine.Material,UnityEngine.Texture,UnityEngine.Texture,System.Nullable`1<UnityEngine.Rect>,UnityEngine.Vector2,single,bool,UnityEngine.UIElements.TextureSlotCount,bool,System.Exception&)
UnityEngine.UIElements.UIR.RenderTreeManager:RenderSingleTree (UnityEngine.UIElements.UIR.RenderTree,UnityEngine.RenderTexture,UnityEngine.RectInt,UnityEngine.Rect)
UnityEngine.UIElements.UIR.RenderTreeManager:RenderRootTree ()
UnityEngine.UIElements.UIRRepaintUpdater:Render ()
UnityEngine.UIElements.BaseVisualElementPanel:Render ()
UnityEngine.UIElements.Panel:Render ()
UnityEditor.UIElements.EditorEventDispatchUtility:DoDispatch (UnityEngine.UIElements.BaseVisualElementPanel,UnityEngine.Event)
UnityEditor.UIElements.DefaultWindowBackend:ProcessEvent (UnityEngine.Event)
UnityEditor.GUIView:ProcessEvent (UnityEngine.EntityId,intptr,bool&)

(Filename: ./Library/PackageCache/com.unity.ugui@377fd60ad87b/Runtime/TMP/TextMeshProUGUI.cs Line: 2012)

The character with Unicode value \u0E49 was not found in the [LiberationSans SDF] font asset or any potential fallbacks. It was replaced by Unicode character \u25A1 in text object [Text (TMP)].
UnityEngine.Debug:ExtractStackTraceNoAlloc (byte*,int,string)
UnityEngine.StackTraceUtility:ExtractStackTrace ()
UnityEngine.DebugLogHandler:Internal_Log (UnityEngine.LogType,UnityEngine.LogOption,string,UnityEngine.Object)
UnityEngine.DebugLogHandler:LogFormat (UnityEngine.LogType,UnityEngine.Object,string,object[])
UnityEngine.Logger:Log (UnityEngine.LogType,object,UnityEngine.Object)
UnityEngine.Debug:LogWarning (object,UnityEngine.Object)
TMPro.TextMeshProUGUI:SetArraySizes (TMPro.TMP_Text/TextProcessingElement[]) (at ./Library/PackageCache/com.unity.ugui@377fd60ad87b/Runtime/TMP/TextMeshProUGUI.cs:2012)
TMPro.TMP_Text:ParseInputText () (at ./Library/PackageCache/com.unity.ugui@377fd60ad87b/Runtime/TMP/TMP_Text.cs:2063)
TMPro.TMP_Text:GetPreferredHeight () (at ./Library/PackageCache/com.unity.ugui@377fd60ad87b/Runtime/TMP/TMP_Text.cs:3787)
TMPro.TMP_Text:get_preferredHeight () (at ./Library/PackageCache/com.unity.ugui@377fd60ad87b/Runtime/TMP/TMP_Text.cs:1534)
UnityEditor.Events.LayoutPropertiesPreview/<>c:<OnPreviewGUI>b__8_3 (UnityEngine.UI.ILayoutElement) (at ./Library/PackageCache/com.unity.ugui@377fd60ad87b/Editor/UGUI/UI/LayoutPropertiesPreview.cs:101)
UnityEngine.UI.LayoutUtility:GetLayoutProperty (UnityEngine.RectTransform,System.Func`2<UnityEngine.UI.ILayoutElement, single>,single,UnityEngine.UI.ILayoutElement&) (at ./Library/PackageCache/com.unity.ugui@377fd60ad87b/Runtime/UGUI/UI/Core/Layout/LayoutUtility.cs:161)
UnityEditor.Events.LayoutPropertiesPreview:OnPreviewGUI (UnityEngine.Rect,UnityEngine.GUIStyle) (at ./Library/PackageCache/com.unity.ugui@377fd60ad87b/Editor/UGUI/UI/LayoutPropertiesPreview.cs:101)
UnityEditor.ObjectPreview:OnInteractivePreviewGUI (UnityEngine.Rect,UnityEngine.GUIStyle)
UnityEditor.ObjectPreview:DrawPreview (UnityEditor.IPreviewable,UnityEngine.Rect,UnityEngine.Object[])
UnityEditor.ObjectPreview:DrawPreview (UnityEngine.Rect)
UnityEditor.PropertyEditor:DrawPreview (UnityEditor.IPreviewable)
UnityEditor.PropertyEditor:DrawPreviewAndLabels ()
UnityEngine.UIElements.IMGUIContainer:DoOnGUI (UnityEngine.Event,UnityEngine.Matrix4x4,UnityEngine.Rect,bool,UnityEngine.Rect,System.Action,bool)
UnityEngine.UIElements.IMGUIContainer:HandleIMGUIEvent (UnityEngine.Event,UnityEngine.Matrix4x4,UnityEngine.Rect,System.Action,bool)
UnityEngine.UIElements.IMGUIContainer:DoIMGUIRepaint ()
UnityEngine.UIElements.UIR.RenderChainCommand:ExecuteNonDrawMesh (UnityEngine.UIElements.UIR.DrawParams,single,System.Exception&)
UnityEngine.UIElements.UIR.UIRenderDevice:EvaluateChain (UnityEngine.UIElements.UIR.RenderChainCommand,UnityEngine.Material,UnityEngine.Texture,UnityEngine.Texture,System.Nullable`1<UnityEngine.Rect>,UnityEngine.Vector2,single,bool,UnityEngine.UIElements.TextureSlotCount,bool,System.Exception&)
UnityEngine.UIElements.UIR.RenderTreeManager:RenderSingleTree (UnityEngine.UIElements.UIR.RenderTree,UnityEngine.RenderTexture,UnityEngine.RectInt,UnityEngine.Rect)
UnityEngine.UIElements.UIR.RenderTreeManager:RenderRootTree ()
UnityEngine.UIElements.UIRRepaintUpdater:Render ()
UnityEngine.UIElements.BaseVisualElementPanel:Render ()
UnityEngine.UIElements.Panel:Render ()
UnityEditor.UIElements.EditorEventDispatchUtility:DoDispatch (UnityEngine.UIElements.BaseVisualElementPanel,UnityEngine.Event)
UnityEditor.UIElements.DefaultWindowBackend:ProcessEvent (UnityEngine.Event)
UnityEditor.GUIView:ProcessEvent (UnityEngine.EntityId,intptr,bool&)

(Filename: ./Library/PackageCache/com.unity.ugui@377fd60ad87b/Runtime/TMP/TextMeshProUGUI.cs Line: 2012)

The character with Unicode value \u0E47 was not found in the [LiberationSans SDF] font asset or any potential fallbacks. It was replaced by Unicode character \u25A1 in text object [Text (TMP)].
UnityEngine.Debug:ExtractStackTraceNoAlloc (byte*,int,string)
UnityEngine.StackTraceUtility:ExtractStackTrace ()
UnityEngine.DebugLogHandler:Internal_Log (UnityEngine.LogType,UnityEngine.LogOption,string,UnityEngine.Object)
UnityEngine.DebugLogHandler:LogFormat (UnityEngine.LogType,UnityEngine.Object,string,object[])
UnityEngine.Logger:Log (UnityEngine.LogType,object,UnityEngine.Object)
UnityEngine.Debug:LogWarning (object,UnityEngine.Object)
TMPro.TextMeshProUGUI:SetArraySizes (TMPro.TMP_Text/TextProcessingElement[]) (at ./Library/PackageCache/com.unity.ugui@377fd60ad87b/Runtime/TMP/TextMeshProUGUI.cs:2012)
TMPro.TMP_Text:ParseInputText () (at ./Library/PackageCache/com.unity.ugui@377fd60ad87b/Runtime/TMP/TMP_Text.cs:2063)
TMPro.TextMeshProUGUI:OnPreRenderCanvas () (at ./Library/PackageCache/com.unity.ugui@377fd60ad87b/Runtime/TMP/TextMeshProUGUI.cs:2496)
TMPro.TextMeshProUGUI:Rebuild (UnityEngine.UI.CanvasUpdate) (at ./Library/PackageCache/com.unity.ugui@377fd60ad87b/Runtime/TMP/TextMeshProUGUI.cs:229)
UnityEngine.UI.CanvasUpdateRegistry:PerformUpdate () (at ./Library/PackageCache/com.unity.ugui@377fd60ad87b/Runtime/UGUI/UI/Core/CanvasUpdateRegistry.cs:215)
UnityEngine.Canvas:SendWillRenderCanvases ()

(Filename: ./Library/PackageCache/com.unity.ugui@377fd60ad87b/Runtime/TMP/TextMeshProUGUI.cs Line: 2012)

The character with Unicode value \u0E47 was not found in the [LiberationSans SDF] font asset or any potential fallbacks. It was replaced by Unicode character \u25A1 in text object [Text (TMP)].
UnityEngine.Debug:ExtractStackTraceNoAlloc (byte*,int,string)
UnityEngine.StackTraceUtility:ExtractStackTrace ()
UnityEngine.DebugLogHandler:Internal_Log (UnityEngine.LogType,UnityEngine.LogOption,string,UnityEngine.Object)
UnityEngine.DebugLogHandler:LogFormat (UnityEngine.LogType,UnityEngine.Object,string,object[])
UnityEngine.Logger:Log (UnityEngine.LogType,object,UnityEngine.Object)
UnityEngine.Debug:LogWarning (object,UnityEngine.Object)
TMPro.TextMeshProUGUI:SetArraySizes (TMPro.TMP_Text/TextProcessingElement[]) (at ./Library/PackageCache/com.unity.ugui@377fd60ad87b/Runtime/TMP/TextMeshProUGUI.cs:2012)
TMPro.TMP_Text:ParseInputText () (at ./Library/PackageCache/com.unity.ugui@377fd60ad87b/Runtime/TMP/TMP_Text.cs:2063)
TMPro.TMP_Text:GetPreferredWidth () (at ./Library/PackageCache/com.unity.ugui@377fd60ad87b/Runtime/TMP/TMP_Text.cs:3714)
TMPro.TMP_Text:get_preferredWidth () (at ./Library/PackageCache/com.unity.ugui@377fd60ad87b/Runtime/TMP/TMP_Text.cs:1526)
UnityEditor.Events.LayoutPropertiesPreview/<>c:<OnPreviewGUI>b__8_2 (UnityEngine.UI.ILayoutElement) (at ./Library/PackageCache/com.unity.ugui@377fd60ad87b/Editor/UGUI/UI/LayoutPropertiesPreview.cs:100)
UnityEngine.UI.LayoutUtility:GetLayoutProperty (UnityEngine.RectTransform,System.Func`2<UnityEngine.UI.ILayoutElement, single>,single,UnityEngine.UI.ILayoutElement&) (at ./Library/PackageCache/com.unity.ugui@377fd60ad87b/Runtime/UGUI/UI/Core/Layout/LayoutUtility.cs:161)
UnityEditor.Events.LayoutPropertiesPreview:OnPreviewGUI (UnityEngine.Rect,UnityEngine.GUIStyle) (at ./Library/PackageCache/com.unity.ugui@377fd60ad87b/Editor/UGUI/UI/LayoutPropertiesPreview.cs:100)
UnityEditor.ObjectPreview:OnInteractivePreviewGUI (UnityEngine.Rect,UnityEngine.GUIStyle)
UnityEditor.ObjectPreview:DrawPreview (UnityEditor.IPreviewable,UnityEngine.Rect,UnityEngine.Object[])
UnityEditor.ObjectPreview:DrawPreview (UnityEngine.Rect)
UnityEditor.PropertyEditor:DrawPreview (UnityEditor.IPreviewable)
UnityEditor.PropertyEditor:DrawPreviewAndLabels ()
UnityEngine.UIElements.IMGUIContainer:DoOnGUI (UnityEngine.Event,UnityEngine.Matrix4x4,UnityEngine.Rect,bool,UnityEngine.Rect,System.Action,bool)
UnityEngine.UIElements.IMGUIContainer:HandleIMGUIEvent (UnityEngine.Event,UnityEngine.Matrix4x4,UnityEngine.Rect,System.Action,bool)
UnityEngine.UIElements.IMGUIContainer:DoIMGUIRepaint ()
UnityEngine.UIElements.UIR.RenderChainCommand:ExecuteNonDrawMesh (UnityEngine.UIElements.UIR.DrawParams,single,System.Exception&)
UnityEngine.UIElements.UIR.UIRenderDevice:EvaluateChain (UnityEngine.UIElements.UIR.RenderChainCommand,UnityEngine.Material,UnityEngine.Texture,UnityEngine.Texture,System.Nullable`1<UnityEngine.Rect>,UnityEngine.Vector2,single,bool,UnityEngine.UIElements.TextureSlotCount,bool,System.Exception&)
UnityEngine.UIElements.UIR.RenderTreeManager:RenderSingleTree (UnityEngine.UIElements.UIR.RenderTree,UnityEngine.RenderTexture,UnityEngine.RectInt,UnityEngine.Rect)
UnityEngine.UIElements.UIR.RenderTreeManager:RenderRootTree ()
UnityEngine.UIElements.UIRRepaintUpdater:Render ()
UnityEngine.UIElements.BaseVisualElementPanel:Render ()
UnityEngine.UIElements.Panel:Render ()
UnityEditor.UIElements.EditorEventDispatchUtility:DoDispatch (UnityEngine.UIElements.BaseVisualElementPanel,UnityEngine.Event)
UnityEditor.UIElements.DefaultWindowBackend:ProcessEvent (UnityEngine.Event)
UnityEditor.GUIView:ProcessEvent (UnityEngine.EntityId,intptr,bool&)

(Filename: ./Library/PackageCache/com.unity.ugui@377fd60ad87b/Runtime/TMP/TextMeshProUGUI.cs Line: 2012)

The character with Unicode value \u0E47 was not found in the [LiberationSans SDF] font asset or any potential fallbacks. It was replaced by Unicode character \u25A1 in text object [Text (TMP)].
UnityEngine.Debug:ExtractStackTraceNoAlloc (byte*,int,string)
UnityEngine.StackTraceUtility:ExtractStackTrace ()
UnityEngine.DebugLogHandler:Internal_Log (UnityEngine.LogType,UnityEngine.LogOption,string,UnityEngine.Object)
UnityEngine.DebugLogHandler:LogFormat (UnityEngine.LogType,UnityEngine.Object,string,object[])
UnityEngine.Logger:Log (UnityEngine.LogType,object,UnityEngine.Object)
UnityEngine.Debug:LogWarning (object,UnityEngine.Object)
TMPro.TextMeshProUGUI:SetArraySizes (TMPro.TMP_Text/TextProcessingElement[]) (at ./Library/PackageCache/com.unity.ugui@377fd60ad87b/Runtime/TMP/TextMeshProUGUI.cs:2012)
TMPro.TMP_Text:ParseInputText () (at ./Library/PackageCache/com.unity.ugui@377fd60ad87b/Runtime/TMP/TMP_Text.cs:2063)
TMPro.TMP_Text:GetPreferredHeight () (at ./Library/PackageCache/com.unity.ugui@377fd60ad87b/Runtime/TMP/TMP_Text.cs:3787)
TMPro.TMP_Text:get_preferredHeight () (at ./Library/PackageCache/com.unity.ugui@377fd60ad87b/Runtime/TMP/TMP_Text.cs:1534)
UnityEditor.Events.LayoutPropertiesPreview/<>c:<OnPreviewGUI>b__8_3 (UnityEngine.UI.ILayoutElement) (at ./Library/PackageCache/com.unity.ugui@377fd60ad87b/Editor/UGUI/UI/LayoutPropertiesPreview.cs:101)
UnityEngine.UI.LayoutUtility:GetLayoutProperty (UnityEngine.RectTransform,System.Func`2<UnityEngine.UI.ILayoutElement, single>,single,UnityEngine.UI.ILayoutElement&) (at ./Library/PackageCache/com.unity.ugui@377fd60ad87b/Runtime/UGUI/UI/Core/Layout/LayoutUtility.cs:161)
UnityEditor.Events.LayoutPropertiesPreview:OnPreviewGUI (UnityEngine.Rect,UnityEngine.GUIStyle) (at ./Library/PackageCache/com.unity.ugui@377fd60ad87b/Editor/UGUI/UI/LayoutPropertiesPreview.cs:101)
UnityEditor.ObjectPreview:OnInteractivePreviewGUI (UnityEngine.Rect,UnityEngine.GUIStyle)
UnityEditor.ObjectPreview:DrawPreview (UnityEditor.IPreviewable,UnityEngine.Rect,UnityEngine.Object[])
UnityEditor.ObjectPreview:DrawPreview (UnityEngine.Rect)
UnityEditor.PropertyEditor:DrawPreview (UnityEditor.IPreviewable)
UnityEditor.PropertyEditor:DrawPreviewAndLabels ()
UnityEngine.UIElements.IMGUIContainer:DoOnGUI (UnityEngine.Event,UnityEngine.Matrix4x4,UnityEngine.Rect,bool,UnityEngine.Rect,System.Action,bool)
UnityEngine.UIElements.IMGUIContainer:HandleIMGUIEvent (UnityEngine.Event,UnityEngine.Matrix4x4,UnityEngine.Rect,System.Action,bool)
UnityEngine.UIElements.IMGUIContainer:DoIMGUIRepaint ()
UnityEngine.UIElements.UIR.RenderChainCommand:ExecuteNonDrawMesh (UnityEngine.UIElements.UIR.DrawParams,single,System.Exception&)
UnityEngine.UIElements.UIR.UIRenderDevice:EvaluateChain (UnityEngine.UIElements.UIR.RenderChainCommand,UnityEngine.Material,UnityEngine.Texture,UnityEngine.Texture,System.Nullable`1<UnityEngine.Rect>,UnityEngine.Vector2,single,bool,UnityEngine.UIElements.TextureSlotCount,bool,System.Exception&)
UnityEngine.UIElements.UIR.RenderTreeManager:RenderSingleTree (UnityEngine.UIElements.UIR.RenderTree,UnityEngine.RenderTexture,UnityEngine.RectInt,UnityEngine.Rect)
UnityEngine.UIElements.UIR.RenderTreeManager:RenderRootTree ()
UnityEngine.UIElements.UIRRepaintUpdater:Render ()
UnityEngine.UIElements.BaseVisualElementPanel:Render ()
UnityEngine.UIElements.Panel:Render ()
UnityEditor.UIElements.EditorEventDispatchUtility:DoDispatch (UnityEngine.UIElements.BaseVisualElementPanel,UnityEngine.Event)
UnityEditor.UIElements.DefaultWindowBackend:ProcessEvent (UnityEngine.Event)
UnityEditor.GUIView:ProcessEvent (UnityEngine.EntityId,intptr,bool&)

(Filename: ./Library/PackageCache/com.unity.ugui@377fd60ad87b/Runtime/TMP/TextMeshProUGUI.cs Line: 2012)

The character with Unicode value \u0E47 was not found in the [LiberationSans SDF] font asset or any potential fallbacks. It was replaced by Unicode character \u25A1 in text object [Text (TMP)].
UnityEngine.Debug:ExtractStackTraceNoAlloc (byte*,int,string)
UnityEngine.StackTraceUtility:ExtractStackTrace ()
UnityEngine.DebugLogHandler:Internal_Log (UnityEngine.LogType,UnityEngine.LogOption,string,UnityEngine.Object)
UnityEngine.DebugLogHandler:LogFormat (UnityEngine.LogType,UnityEngine.Object,string,object[])
UnityEngine.Logger:Log (UnityEngine.LogType,object,UnityEngine.Object)
UnityEngine.Debug:LogWarning (object,UnityEngine.Object)
TMPro.TextMeshProUGUI:SetArraySizes (TMPro.TMP_Text/TextProcessingElement[]) (at ./Library/PackageCache/com.unity.ugui@377fd60ad87b/Runtime/TMP/TextMeshProUGUI.cs:2012)
TMPro.TMP_Text:ParseInputText () (at ./Library/PackageCache/com.unity.ugui@377fd60ad87b/Runtime/TMP/TMP_Text.cs:2063)
TMPro.TextMeshProUGUI:OnPreRenderCanvas () (at ./Library/PackageCache/com.unity.ugui@377fd60ad87b/Runtime/TMP/TextMeshProUGUI.cs:2496)
TMPro.TextMeshProUGUI:Rebuild (UnityEngine.UI.CanvasUpdate) (at ./Library/PackageCache/com.unity.ugui@377fd60ad87b/Runtime/TMP/TextMeshProUGUI.cs:229)
UnityEngine.UI.CanvasUpdateRegistry:PerformUpdate () (at ./Library/PackageCache/com.unity.ugui@377fd60ad87b/Runtime/UGUI/UI/Core/CanvasUpdateRegistry.cs:215)
UnityEngine.Canvas:SendWillRenderCanvases ()

(Filename: ./Library/PackageCache/com.unity.ugui@377fd60ad87b/Runtime/TMP/TextMeshProUGUI.cs Line: 2012)

The character with Unicode value \u0E2F was not found in the [LiberationSans SDF] font asset or any potential fallbacks. It was replaced by Unicode character \u25A1 in text object [Text (TMP)].
UnityEngine.Debug:ExtractStackTraceNoAlloc (byte*,int,string)
UnityEngine.StackTraceUtility:ExtractStackTrace ()
UnityEngine.DebugLogHandler:Internal_Log (UnityEngine.LogType,UnityEngine.LogOption,string,UnityEngine.Object)
UnityEngine.DebugLogHandler:LogFormat (UnityEngine.LogType,UnityEngine.Object,string,object[])
UnityEngine.Logger:Log (UnityEngine.LogType,object,UnityEngine.Object)
UnityEngine.Debug:LogWarning (object,UnityEngine.Object)
TMPro.TextMeshProUGUI:SetArraySizes (TMPro.TMP_Text/TextProcessingElement[]) (at ./Library/PackageCache/com.unity.ugui@377fd60ad87b/Runtime/TMP/TextMeshProUGUI.cs:2012)
TMPro.TMP_Text:ParseInputText () (at ./Library/PackageCache/com.unity.ugui@377fd60ad87b/Runtime/TMP/TMP_Text.cs:2063)
TMPro.TextMeshProUGUI:OnPreRenderCanvas () (at ./Library/PackageCache/com.unity.ugui@377fd60ad87b/Runtime/TMP/TextMeshProUGUI.cs:2496)
TMPro.TextMeshProUGUI:Rebuild (UnityEngine.UI.CanvasUpdate) (at ./Library/PackageCache/com.unity.ugui@377fd60ad87b/Runtime/TMP/TextMeshProUGUI.cs:229)
UnityEngine.UI.CanvasUpdateRegistry:PerformUpdate () (at ./Library/PackageCache/com.unity.ugui@377fd60ad87b/Runtime/UGUI/UI/Core/CanvasUpdateRegistry.cs:215)
UnityEngine.Canvas:SendWillRenderCanvases ()

(Filename: ./Library/PackageCache/com.unity.ugui@377fd60ad87b/Runtime/TMP/TextMeshProUGUI.cs Line: 2012)

The character with Unicode value \u0E47 was not found in the [LiberationSans SDF] font asset or any potential fallbacks. It was replaced by Unicode character \u25A1 in text object [Text (TMP)].
UnityEngine.Debug:ExtractStackTraceNoAlloc (byte*,int,string)
UnityEngine.StackTraceUtility:ExtractStackTrace ()
UnityEngine.DebugLogHandler:Internal_Log (UnityEngine.LogType,UnityEngine.LogOption,string,UnityEngine.Object)
UnityEngine.DebugLogHandler:LogFormat (UnityEngine.LogType,UnityEngine.Object,string,object[])
UnityEngine.Logger:Log (UnityEngine.LogType,object,UnityEngine.Object)
UnityEngine.Debug:LogWarning (object,UnityEngine.Object)
TMPro.TextMeshProUGUI:SetArraySizes (TMPro.TMP_Text/TextProcessingElement[]) (at ./Library/PackageCache/com.unity.ugui@377fd60ad87b/Runtime/TMP/TextMeshProUGUI.cs:2012)
TMPro.TMP_Text:ParseInputText () (at ./Library/PackageCache/com.unity.ugui@377fd60ad87b/Runtime/TMP/TMP_Text.cs:2063)
TMPro.TMP_Text:GetPreferredWidth () (at ./Library/PackageCache/com.unity.ugui@377fd60ad87b/Runtime/TMP/TMP_Text.cs:3714)
TMPro.TMP_Text:get_preferredWidth () (at ./Library/PackageCache/com.unity.ugui@377fd60ad87b/Runtime/TMP/TMP_Text.cs:1526)
UnityEditor.Events.LayoutPropertiesPreview/<>c:<OnPreviewGUI>b__8_2 (UnityEngine.UI.ILayoutElement) (at ./Library/PackageCache/com.unity.ugui@377fd60ad87b/Editor/UGUI/UI/LayoutPropertiesPreview.cs:100)
UnityEngine.UI.LayoutUtility:GetLayoutProperty (UnityEngine.RectTransform,System.Func`2<UnityEngine.UI.ILayoutElement, single>,single,UnityEngine.UI.ILayoutElement&) (at ./Library/PackageCache/com.unity.ugui@377fd60ad87b/Runtime/UGUI/UI/Core/Layout/LayoutUtility.cs:161)
UnityEditor.Events.LayoutPropertiesPreview:OnPreviewGUI (UnityEngine.Rect,UnityEngine.GUIStyle) (at ./Library/PackageCache/com.unity.ugui@377fd60ad87b/Editor/UGUI/UI/LayoutPropertiesPreview.cs:100)
UnityEditor.ObjectPreview:OnInteractivePreviewGUI (UnityEngine.Rect,UnityEngine.GUIStyle)
UnityEditor.ObjectPreview:DrawPreview (UnityEditor.IPreviewable,UnityEngine.Rect,UnityEngine.Object[])
UnityEditor.ObjectPreview:DrawPreview (UnityEngine.Rect)
UnityEditor.PropertyEditor:DrawPreview (UnityEditor.IPreviewable)
UnityEditor.PropertyEditor:DrawPreviewAndLabels ()
UnityEngine.UIElements.IMGUIContainer:DoOnGUI (UnityEngine.Event,UnityEngine.Matrix4x4,UnityEngine.Rect,bool,UnityEngine.Rect,System.Action,bool)
UnityEngine.UIElements.IMGUIContainer:HandleIMGUIEvent (UnityEngine.Event,UnityEngine.Matrix4x4,UnityEngine.Rect,System.Action,bool)
UnityEngine.UIElements.IMGUIContainer:DoIMGUIRepaint ()
UnityEngine.UIElements.UIR.RenderChainCommand:ExecuteNonDrawMesh (UnityEngine.UIElements.UIR.DrawParams,single,System.Exception&)
UnityEngine.UIElements.UIR.UIRenderDevice:EvaluateChain (UnityEngine.UIElements.UIR.RenderChainCommand,UnityEngine.Material,UnityEngine.Texture,UnityEngine.Texture,System.Nullable`1<UnityEngine.Rect>,UnityEngine.Vector2,single,bool,UnityEngine.UIElements.TextureSlotCount,bool,System.Exception&)
UnityEngine.UIElements.UIR.RenderTreeManager:RenderSingleTree (UnityEngine.UIElements.UIR.RenderTree,UnityEngine.RenderTexture,UnityEngine.RectInt,UnityEngine.Rect)
UnityEngine.UIElements.UIR.RenderTreeManager:RenderRootTree ()
UnityEngine.UIElements.UIRRepaintUpdater:Render ()
UnityEngine.UIElements.BaseVisualElementPanel:Render ()
UnityEngine.UIElements.Panel:Render ()
UnityEditor.UIElements.EditorEventDispatchUtility:DoDispatch (UnityEngine.UIElements.BaseVisualElementPanel,UnityEngine.Event)
UnityEditor.UIElements.DefaultWindowBackend:ProcessEvent (UnityEngine.Event)
UnityEditor.GUIView:ProcessEvent (UnityEngine.EntityId,intptr,bool&)

(Filename: ./Library/PackageCache/com.unity.ugui@377fd60ad87b/Runtime/TMP/TextMeshProUGUI.cs Line: 2012)

The character with Unicode value \u0E2F was not found in the [LiberationSans SDF] font asset or any potential fallbacks. It was replaced by Unicode character \u25A1 in text object [Text (TMP)].
UnityEngine.Debug:ExtractStackTraceNoAlloc (byte*,int,string)
UnityEngine.StackTraceUtility:ExtractStackTrace ()
UnityEngine.DebugLogHandler:Internal_Log (UnityEngine.LogType,UnityEngine.LogOption,string,UnityEngine.Object)
UnityEngine.DebugLogHandler:LogFormat (UnityEngine.LogType,UnityEngine.Object,string,object[])
UnityEngine.Logger:Log (UnityEngine.LogType,object,UnityEngine.Object)
UnityEngine.Debug:LogWarning (object,UnityEngine.Object)
TMPro.TextMeshProUGUI:SetArraySizes (TMPro.TMP_Text/TextProcessingElement[]) (at ./Library/PackageCache/com.unity.ugui@377fd60ad87b/Runtime/TMP/TextMeshProUGUI.cs:2012)
TMPro.TMP_Text:ParseInputText () (at ./Library/PackageCache/com.unity.ugui@377fd60ad87b/Runtime/TMP/TMP_Text.cs:2063)
TMPro.TMP_Text:GetPreferredWidth () (at ./Library/PackageCache/com.unity.ugui@377fd60ad87b/Runtime/TMP/TMP_Text.cs:3714)
TMPro.TMP_Text:get_preferredWidth () (at ./Library/PackageCache/com.unity.ugui@377fd60ad87b/Runtime/TMP/TMP_Text.cs:1526)
UnityEditor.Events.LayoutPropertiesPreview/<>c:<OnPreviewGUI>b__8_2 (UnityEngine.UI.ILayoutElement) (at ./Library/PackageCache/com.unity.ugui@377fd60ad87b/Editor/UGUI/UI/LayoutPropertiesPreview.cs:100)
UnityEngine.UI.LayoutUtility:GetLayoutProperty (UnityEngine.RectTransform,System.Func`2<UnityEngine.UI.ILayoutElement, single>,single,UnityEngine.UI.ILayoutElement&) (at ./Library/PackageCache/com.unity.ugui@377fd60ad87b/Runtime/UGUI/UI/Core/Layout/LayoutUtility.cs:161)
UnityEditor.Events.LayoutPropertiesPreview:OnPreviewGUI (UnityEngine.Rect,UnityEngine.GUIStyle) (at ./Library/PackageCache/com.unity.ugui@377fd60ad87b/Editor/UGUI/UI/LayoutPropertiesPreview.cs:100)
UnityEditor.ObjectPreview:OnInteractivePreviewGUI (UnityEngine.Rect,UnityEngine.GUIStyle)
UnityEditor.ObjectPreview:DrawPreview (UnityEditor.IPreviewable,UnityEngine.Rect,UnityEngine.Object[])
UnityEditor.ObjectPreview:DrawPreview (UnityEngine.Rect)
UnityEditor.PropertyEditor:DrawPreview (UnityEditor.IPreviewable)
UnityEditor.PropertyEditor:DrawPreviewAndLabels ()
UnityEngine.UIElements.IMGUIContainer:DoOnGUI (UnityEngine.Event,UnityEngine.Matrix4x4,UnityEngine.Rect,bool,UnityEngine.Rect,System.Action,bool)
UnityEngine.UIElements.IMGUIContainer:HandleIMGUIEvent (UnityEngine.Event,UnityEngine.Matrix4x4,UnityEngine.Rect,System.Action,bool)
UnityEngine.UIElements.IMGUIContainer:DoIMGUIRepaint ()
UnityEngine.UIElements.UIR.RenderChainCommand:ExecuteNonDrawMesh (UnityEngine.UIElements.UIR.DrawParams,single,System.Exception&)
UnityEngine.UIElements.UIR.UIRenderDevice:EvaluateChain (UnityEngine.UIElements.UIR.RenderChainCommand,UnityEngine.Material,UnityEngine.Texture,UnityEngine.Texture,System.Nullable`1<UnityEngine.Rect>,UnityEngine.Vector2,single,bool,UnityEngine.UIElements.TextureSlotCount,bool,System.Exception&)
UnityEngine.UIElements.UIR.RenderTreeManager:RenderSingleTree (UnityEngine.UIElements.UIR.RenderTree,UnityEngine.RenderTexture,UnityEngine.RectInt,UnityEngine.Rect)
UnityEngine.UIElements.UIR.RenderTreeManager:RenderRootTree ()
UnityEngine.UIElements.UIRRepaintUpdater:Render ()
UnityEngine.UIElements.BaseVisualElementPanel:Render ()
UnityEngine.UIElements.Panel:Render ()
UnityEditor.UIElements.EditorEventDispatchUtility:DoDispatch (UnityEngine.UIElements.BaseVisualElementPanel,UnityEngine.Event)
UnityEditor.UIElements.DefaultWindowBackend:ProcessEvent (UnityEngine.Event)
UnityEditor.GUIView:ProcessEvent (UnityEngine.EntityId,intptr,bool&)

(Filename: ./Library/PackageCache/com.unity.ugui@377fd60ad87b/Runtime/TMP/TextMeshProUGUI.cs Line: 2012)

The character with Unicode value \u0E47 was not found in the [LiberationSans SDF] font asset or any potential fallbacks. It was replaced by Unicode character \u25A1 in text object [Text (TMP)].
UnityEngine.Debug:ExtractStackTraceNoAlloc (byte*,int,string)
UnityEngine.StackTraceUtility:ExtractStackTrace ()
UnityEngine.DebugLogHandler:Internal_Log (UnityEngine.LogType,UnityEngine.LogOption,string,UnityEngine.Object)
UnityEngine.DebugLogHandler:LogFormat (UnityEngine.LogType,UnityEngine.Object,string,object[])
UnityEngine.Logger:Log (UnityEngine.LogType,object,UnityEngine.Object)
UnityEngine.Debug:LogWarning (object,UnityEngine.Object)
TMPro.TextMeshProUGUI:SetArraySizes (TMPro.TMP_Text/TextProcessingElement[]) (at ./Library/PackageCache/com.unity.ugui@377fd60ad87b/Runtime/TMP/TextMeshProUGUI.cs:2012)
TMPro.TMP_Text:ParseInputText () (at ./Library/PackageCache/com.unity.ugui@377fd60ad87b/Runtime/TMP/TMP_Text.cs:2063)
TMPro.TMP_Text:GetPreferredHeight () (at ./Library/PackageCache/com.unity.ugui@377fd60ad87b/Runtime/TMP/TMP_Text.cs:3787)
TMPro.TMP_Text:get_preferredHeight () (at ./Library/PackageCache/com.unity.ugui@377fd60ad87b/Runtime/TMP/TMP_Text.cs:1534)
UnityEditor.Events.LayoutPropertiesPreview/<>c:<OnPreviewGUI>b__8_3 (UnityEngine.UI.ILayoutElement) (at ./Library/PackageCache/com.unity.ugui@377fd60ad87b/Editor/UGUI/UI/LayoutPropertiesPreview.cs:101)
UnityEngine.UI.LayoutUtility:GetLayoutProperty (UnityEngine.RectTransform,System.Func`2<UnityEngine.UI.ILayoutElement, single>,single,UnityEngine.UI.ILayoutElement&) (at ./Library/PackageCache/com.unity.ugui@377fd60ad87b/Runtime/UGUI/UI/Core/Layout/LayoutUtility.cs:161)
UnityEditor.Events.LayoutPropertiesPreview:OnPreviewGUI (UnityEngine.Rect,UnityEngine.GUIStyle) (at ./Library/PackageCache/com.unity.ugui@377fd60ad87b/Editor/UGUI/UI/LayoutPropertiesPreview.cs:101)
UnityEditor.ObjectPreview:OnInteractivePreviewGUI (UnityEngine.Rect,UnityEngine.GUIStyle)
UnityEditor.ObjectPreview:DrawPreview (UnityEditor.IPreviewable,UnityEngine.Rect,UnityEngine.Object[])
UnityEditor.ObjectPreview:DrawPreview (UnityEngine.Rect)
UnityEditor.PropertyEditor:DrawPreview (UnityEditor.IPreviewable)
UnityEditor.PropertyEditor:DrawPreviewAndLabels ()
UnityEngine.UIElements.IMGUIContainer:DoOnGUI (UnityEngine.Event,UnityEngine.Matrix4x4,UnityEngine.Rect,bool,UnityEngine.Rect,System.Action,bool)
UnityEngine.UIElements.IMGUIContainer:HandleIMGUIEvent (UnityEngine.Event,UnityEngine.Matrix4x4,UnityEngine.Rect,System.Action,bool)
UnityEngine.UIElements.IMGUIContainer:DoIMGUIRepaint ()
UnityEngine.UIElements.UIR.RenderChainCommand:ExecuteNonDrawMesh (UnityEngine.UIElements.UIR.DrawParams,single,System.Exception&)
UnityEngine.UIElements.UIR.UIRenderDevice:EvaluateChain (UnityEngine.UIElements.UIR.RenderChainCommand,UnityEngine.Material,UnityEngine.Texture,UnityEngine.Texture,System.Nullable`1<UnityEngine.Rect>,UnityEngine.Vector2,single,bool,UnityEngine.UIElements.TextureSlotCount,bool,System.Exception&)
UnityEngine.UIElements.UIR.RenderTreeManager:RenderSingleTree (UnityEngine.UIElements.UIR.RenderTree,UnityEngine.RenderTexture,UnityEngine.RectInt,UnityEngine.Rect)
UnityEngine.UIElements.UIR.RenderTreeManager:RenderRootTree ()
UnityEngine.UIElements.UIRRepaintUpdater:Render ()
UnityEngine.UIElements.BaseVisualElementPanel:Render ()
UnityEngine.UIElements.Panel:Render ()
UnityEditor.UIElements.EditorEventDispatchUtility:DoDispatch (UnityEngine.UIElements.BaseVisualElementPanel,UnityEngine.Event)
UnityEditor.UIElements.DefaultWindowBackend:ProcessEvent (UnityEngine.Event)
UnityEditor.GUIView:ProcessEvent (UnityEngine.EntityId,intptr,bool&)

(Filename: ./Library/PackageCache/com.unity.ugui@377fd60ad87b/Runtime/TMP/TextMeshProUGUI.cs Line: 2012)

The character with Unicode value \u0E2F was not found in the [LiberationSans SDF] font asset or any potential fallbacks. It was replaced by Unicode character \u25A1 in text object [Text (TMP)].
UnityEngine.Debug:ExtractStackTraceNoAlloc (byte*,int,string)
UnityEngine.StackTraceUtility:ExtractStackTrace ()
UnityEngine.DebugLogHandler:Internal_Log (UnityEngine.LogType,UnityEngine.LogOption,string,UnityEngine.Object)
UnityEngine.DebugLogHandler:LogFormat (UnityEngine.LogType,UnityEngine.Object,string,object[])
UnityEngine.Logger:Log (UnityEngine.LogType,object,UnityEngine.Object)
UnityEngine.Debug:LogWarning (object,UnityEngine.Object)
TMPro.TextMeshProUGUI:SetArraySizes (TMPro.TMP_Text/TextProcessingElement[]) (at ./Library/PackageCache/com.unity.ugui@377fd60ad87b/Runtime/TMP/TextMeshProUGUI.cs:2012)
TMPro.TMP_Text:ParseInputText () (at ./Library/PackageCache/com.unity.ugui@377fd60ad87b/Runtime/TMP/TMP_Text.cs:2063)
TMPro.TMP_Text:GetPreferredHeight () (at ./Library/PackageCache/com.unity.ugui@377fd60ad87b/Runtime/TMP/TMP_Text.cs:3787)
TMPro.TMP_Text:get_preferredHeight () (at ./Library/PackageCache/com.unity.ugui@377fd60ad87b/Runtime/TMP/TMP_Text.cs:1534)
UnityEditor.Events.LayoutPropertiesPreview/<>c:<OnPreviewGUI>b__8_3 (UnityEngine.UI.ILayoutElement) (at ./Library/PackageCache/com.unity.ugui@377fd60ad87b/Editor/UGUI/UI/LayoutPropertiesPreview.cs:101)
UnityEngine.UI.LayoutUtility:GetLayoutProperty (UnityEngine.RectTransform,System.Func`2<UnityEngine.UI.ILayoutElement, single>,single,UnityEngine.UI.ILayoutElement&) (at ./Library/PackageCache/com.unity.ugui@377fd60ad87b/Runtime/UGUI/UI/Core/Layout/LayoutUtility.cs:161)
UnityEditor.Events.LayoutPropertiesPreview:OnPreviewGUI (UnityEngine.Rect,UnityEngine.GUIStyle) (at ./Library/PackageCache/com.unity.ugui@377fd60ad87b/Editor/UGUI/UI/LayoutPropertiesPreview.cs:101)
UnityEditor.ObjectPreview:OnInteractivePreviewGUI (UnityEngine.Rect,UnityEngine.GUIStyle)
UnityEditor.ObjectPreview:DrawPreview (UnityEditor.IPreviewable,UnityEngine.Rect,UnityEngine.Object[])
UnityEditor.ObjectPreview:DrawPreview (UnityEngine.Rect)
UnityEditor.PropertyEditor:DrawPreview (UnityEditor.IPreviewable)
UnityEditor.PropertyEditor:DrawPreviewAndLabels ()
UnityEngine.UIElements.IMGUIContainer:DoOnGUI (UnityEngine.Event,UnityEngine.Matrix4x4,UnityEngine.Rect,bool,UnityEngine.Rect,System.Action,bool)
UnityEngine.UIElements.IMGUIContainer:HandleIMGUIEvent (UnityEngine.Event,UnityEngine.Matrix4x4,UnityEngine.Rect,System.Action,bool)
UnityEngine.UIElements.IMGUIContainer:DoIMGUIRepaint ()
UnityEngine.UIElements.UIR.RenderChainCommand:ExecuteNonDrawMesh (UnityEngine.UIElements.UIR.DrawParams,single,System.Exception&)
UnityEngine.UIElements.UIR.UIRenderDevice:EvaluateChain (UnityEngine.UIElements.UIR.RenderChainCommand,UnityEngine.Material,UnityEngine.Texture,UnityEngine.Texture,System.Nullable`1<UnityEngine.Rect>,UnityEngine.Vector2,single,bool,UnityEngine.UIElements.TextureSlotCount,bool,System.Exception&)
UnityEngine.UIElements.UIR.RenderTreeManager:RenderSingleTree (UnityEngine.UIElements.UIR.RenderTree,UnityEngine.RenderTexture,UnityEngine.RectInt,UnityEngine.Rect)
UnityEngine.UIElements.UIR.RenderTreeManager:RenderRootTree ()
UnityEngine.UIElements.UIRRepaintUpdater:Render ()
UnityEngine.UIElements.BaseVisualElementPanel:Render ()
UnityEngine.UIElements.Panel:Render ()
UnityEditor.UIElements.EditorEventDispatchUtility:DoDispatch (UnityEngine.UIElements.BaseVisualElementPanel,UnityEngine.Event)
UnityEditor.UIElements.DefaultWindowBackend:ProcessEvent (UnityEngine.Event)
UnityEditor.GUIView:ProcessEvent (UnityEngine.EntityId,intptr,bool&)

(Filename: ./Library/PackageCache/com.unity.ugui@377fd60ad87b/Runtime/TMP/TextMeshProUGUI.cs Line: 2012)

The character with Unicode value \u0E47 was not found in the [LiberationSans SDF] font asset or any potential fallbacks. It was replaced by Unicode character \u25A1 in text object [Text (TMP)].
UnityEngine.Debug:ExtractStackTraceNoAlloc (byte*,int,string)
UnityEngine.StackTraceUtility:ExtractStackTrace ()
UnityEngine.DebugLogHandler:Internal_Log (UnityEngine.LogType,UnityEngine.LogOption,string,UnityEngine.Object)
UnityEngine.DebugLogHandler:LogFormat (UnityEngine.LogType,UnityEngine.Object,string,object[])
UnityEngine.Logger:Log (UnityEngine.LogType,object,UnityEngine.Object)
UnityEngine.Debug:LogWarning (object,UnityEngine.Object)
TMPro.TextMeshProUGUI:SetArraySizes (TMPro.TMP_Text/TextProcessingElement[]) (at ./Library/PackageCache/com.unity.ugui@377fd60ad87b/Runtime/TMP/TextMeshProUGUI.cs:2012)
TMPro.TMP_Text:ParseInputText () (at ./Library/PackageCache/com.unity.ugui@377fd60ad87b/Runtime/TMP/TMP_Text.cs:2063)
TMPro.TextMeshProUGUI:OnPreRenderCanvas () (at ./Library/PackageCache/com.unity.ugui@377fd60ad87b/Runtime/TMP/TextMeshProUGUI.cs:2496)
TMPro.TextMeshProUGUI:Rebuild (UnityEngine.UI.CanvasUpdate) (at ./Library/PackageCache/com.unity.ugui@377fd60ad87b/Runtime/TMP/TextMeshProUGUI.cs:229)
UnityEngine.UI.CanvasUpdateRegistry:PerformUpdate () (at ./Library/PackageCache/com.unity.ugui@377fd60ad87b/Runtime/UGUI/UI/Core/CanvasUpdateRegistry.cs:215)
UnityEngine.Canvas:SendWillRenderCanvases ()

(Filename: ./Library/PackageCache/com.unity.ugui@377fd60ad87b/Runtime/TMP/TextMeshProUGUI.cs Line: 2012)

The character with Unicode value \u0E2F was not found in the [LiberationSans SDF] font asset or any potential fallbacks. It was replaced by Unicode character \u25A1 in text object [Text (TMP)].
UnityEngine.Debug:ExtractStackTraceNoAlloc (byte*,int,string)
UnityEngine.StackTraceUtility:ExtractStackTrace ()
UnityEngine.DebugLogHandler:Internal_Log (UnityEngine.LogType,UnityEngine.LogOption,string,UnityEngine.Object)
UnityEngine.DebugLogHandler:LogFormat (UnityEngine.LogType,UnityEngine.Object,string,object[])
UnityEngine.Logger:Log (UnityEngine.LogType,object,UnityEngine.Object)
UnityEngine.Debug:LogWarning (object,UnityEngine.Object)
TMPro.TextMeshProUGUI:SetArraySizes (TMPro.TMP_Text/TextProcessingElement[]) (at ./Library/PackageCache/com.unity.ugui@377fd60ad87b/Runtime/TMP/TextMeshProUGUI.cs:2012)
TMPro.TMP_Text:ParseInputText () (at ./Library/PackageCache/com.unity.ugui@377fd60ad87b/Runtime/TMP/TMP_Text.cs:2063)
TMPro.TextMeshProUGUI:OnPreRenderCanvas () (at ./Library/PackageCache/com.unity.ugui@377fd60ad87b/Runtime/TMP/TextMeshProUGUI.cs:2496)
TMPro.TextMeshProUGUI:Rebuild (UnityEngine.UI.CanvasUpdate) (at ./Library/PackageCache/com.unity.ugui@377fd60ad87b/Runtime/TMP/TextMeshProUGUI.cs:229)
UnityEngine.UI.CanvasUpdateRegistry:PerformUpdate () (at ./Library/PackageCache/com.unity.ugui@377fd60ad87b/Runtime/UGUI/UI/Core/CanvasUpdateRegistry.cs:215)
UnityEngine.Canvas:SendWillRenderCanvases ()

(Filename: ./Library/PackageCache/com.unity.ugui@377fd60ad87b/Runtime/TMP/TextMeshProUGUI.cs Line: 2012)

The character with Unicode value \u0E18 was not found in the [LiberationSans SDF] font asset or any potential fallbacks. It was replaced by Unicode character \u25A1 in text object [Text (TMP)].
UnityEngine.Debug:ExtractStackTraceNoAlloc (byte*,int,string)
UnityEngine.StackTraceUtility:ExtractStackTrace ()
UnityEngine.DebugLogHandler:Internal_Log (UnityEngine.LogType,UnityEngine.LogOption,string,UnityEngine.Object)
UnityEngine.DebugLogHandler:LogFormat (UnityEngine.LogType,UnityEngine.Object,string,object[])
UnityEngine.Logger:Log (UnityEngine.LogType,object,UnityEngine.Object)
UnityEngine.Debug:LogWarning (object,UnityEngine.Object)
TMPro.TextMeshProUGUI:SetArraySizes (TMPro.TMP_Text/TextProcessingElement[]) (at ./Library/PackageCache/com.unity.ugui@377fd60ad87b/Runtime/TMP/TextMeshProUGUI.cs:2012)
TMPro.TMP_Text:ParseInputText () (at ./Library/PackageCache/com.unity.ugui@377fd60ad87b/Runtime/TMP/TMP_Text.cs:2063)
TMPro.TextMeshProUGUI:OnPreRenderCanvas () (at ./Library/PackageCache/com.unity.ugui@377fd60ad87b/Runtime/TMP/TextMeshProUGUI.cs:2496)
TMPro.TextMeshProUGUI:Rebuild (UnityEngine.UI.CanvasUpdate) (at ./Library/PackageCache/com.unity.ugui@377fd60ad87b/Runtime/TMP/TextMeshProUGUI.cs:229)
UnityEngine.UI.CanvasUpdateRegistry:PerformUpdate () (at ./Library/PackageCache/com.unity.ugui@377fd60ad87b/Runtime/UGUI/UI/Core/CanvasUpdateRegistry.cs:215)
UnityEngine.Canvas:SendWillRenderCanvases ()

(Filename: ./Library/PackageCache/com.unity.ugui@377fd60ad87b/Runtime/TMP/TextMeshProUGUI.cs Line: 2012)

The character with Unicode value \u0E47 was not found in the [LiberationSans SDF] font asset or any potential fallbacks. It was replaced by Unicode character \u25A1 in text object [Text (TMP)].
UnityEngine.Debug:ExtractStackTraceNoAlloc (byte*,int,string)
UnityEngine.StackTraceUtility:ExtractStackTrace ()
UnityEngine.DebugLogHandler:Internal_Log (UnityEngine.LogType,UnityEngine.LogOption,string,UnityEngine.Object)
UnityEngine.DebugLogHandler:LogFormat (UnityEngine.LogType,UnityEngine.Object,string,object[])
UnityEngine.Logger:Log (UnityEngine.LogType,object,UnityEngine.Object)
UnityEngine.Debug:LogWarning (object,UnityEngine.Object)
TMPro.TextMeshProUGUI:SetArraySizes (TMPro.TMP_Text/TextProcessingElement[]) (at ./Library/PackageCache/com.unity.ugui@377fd60ad87b/Runtime/TMP/TextMeshProUGUI.cs:2012)
TMPro.TMP_Text:ParseInputText () (at ./Library/PackageCache/com.unity.ugui@377fd60ad87b/Runtime/TMP/TMP_Text.cs:2063)
TMPro.TMP_Text:GetPreferredWidth () (at ./Library/PackageCache/com.unity.ugui@377fd60ad87b/Runtime/TMP/TMP_Text.cs:3714)
TMPro.TMP_Text:get_preferredWidth () (at ./Library/PackageCache/com.unity.ugui@377fd60ad87b/Runtime/TMP/TMP_Text.cs:1526)
UnityEditor.Events.LayoutPropertiesPreview/<>c:<OnPreviewGUI>b__8_2 (UnityEngine.UI.ILayoutElement) (at ./Library/PackageCache/com.unity.ugui@377fd60ad87b/Editor/UGUI/UI/LayoutPropertiesPreview.cs:100)
UnityEngine.UI.LayoutUtility:GetLayoutProperty (UnityEngine.RectTransform,System.Func`2<UnityEngine.UI.ILayoutElement, single>,single,UnityEngine.UI.ILayoutElement&) (at ./Library/PackageCache/com.unity.ugui@377fd60ad87b/Runtime/UGUI/UI/Core/Layout/LayoutUtility.cs:161)
UnityEditor.Events.LayoutPropertiesPreview:OnPreviewGUI (UnityEngine.Rect,UnityEngine.GUIStyle) (at ./Library/PackageCache/com.unity.ugui@377fd60ad87b/Editor/UGUI/UI/LayoutPropertiesPreview.cs:100)
UnityEditor.ObjectPreview:OnInteractivePreviewGUI (UnityEngine.Rect,UnityEngine.GUIStyle)
UnityEditor.ObjectPreview:DrawPreview (UnityEditor.IPreviewable,UnityEngine.Rect,UnityEngine.Object[])
UnityEditor.ObjectPreview:DrawPreview (UnityEngine.Rect)
UnityEditor.PropertyEditor:DrawPreview (UnityEditor.IPreviewable)
UnityEditor.PropertyEditor:DrawPreviewAndLabels ()
UnityEngine.UIElements.IMGUIContainer:DoOnGUI (UnityEngine.Event,UnityEngine.Matrix4x4,UnityEngine.Rect,bool,UnityEngine.Rect,System.Action,bool)
UnityEngine.UIElements.IMGUIContainer:HandleIMGUIEvent (UnityEngine.Event,UnityEngine.Matrix4x4,UnityEngine.Rect,System.Action,bool)
UnityEngine.UIElements.IMGUIContainer:DoIMGUIRepaint ()
UnityEngine.UIElements.UIR.RenderChainCommand:ExecuteNonDrawMesh (UnityEngine.UIElements.UIR.DrawParams,single,System.Exception&)
UnityEngine.UIElements.UIR.UIRenderDevice:EvaluateChain (UnityEngine.UIElements.UIR.RenderChainCommand,UnityEngine.Material,UnityEngine.Texture,UnityEngine.Texture,System.Nullable`1<UnityEngine.Rect>,UnityEngine.Vector2,single,bool,UnityEngine.UIElements.TextureSlotCount,bool,System.Exception&)
UnityEngine.UIElements.UIR.RenderTreeManager:RenderSingleTree (UnityEngine.UIElements.UIR.RenderTree,UnityEngine.RenderTexture,UnityEngine.RectInt,UnityEngine.Rect)
UnityEngine.UIElements.UIR.RenderTreeManager:RenderRootTree ()
UnityEngine.UIElements.UIRRepaintUpdater:Render ()
UnityEngine.UIElements.BaseVisualElementPanel:Render ()
UnityEngine.UIElements.Panel:Render ()
UnityEditor.UIElements.EditorEventDispatchUtility:DoDispatch (UnityEngine.UIElements.BaseVisualElementPanel,UnityEngine.Event)
UnityEditor.UIElements.DefaultWindowBackend:ProcessEvent (UnityEngine.Event)
UnityEditor.GUIView:ProcessEvent (UnityEngine.EntityId,intptr,bool&)

(Filename: ./Library/PackageCache/com.unity.ugui@377fd60ad87b/Runtime/TMP/TextMeshProUGUI.cs Line: 2012)

The character with Unicode value \u0E2F was not found in the [LiberationSans SDF] font asset or any potential fallbacks. It was replaced by Unicode character \u25A1 in text object [Text (TMP)].
UnityEngine.Debug:ExtractStackTraceNoAlloc (byte*,int,string)
UnityEngine.StackTraceUtility:ExtractStackTrace ()
UnityEngine.DebugLogHandler:Internal_Log (UnityEngine.LogType,UnityEngine.LogOption,string,UnityEngine.Object)
UnityEngine.DebugLogHandler:LogFormat (UnityEngine.LogType,UnityEngine.Object,string,object[])
UnityEngine.Logger:Log (UnityEngine.LogType,object,UnityEngine.Object)
UnityEngine.Debug:LogWarning (object,UnityEngine.Object)
TMPro.TextMeshProUGUI:SetArraySizes (TMPro.TMP_Text/TextProcessingElement[]) (at ./Library/PackageCache/com.unity.ugui@377fd60ad87b/Runtime/TMP/TextMeshProUGUI.cs:2012)
TMPro.TMP_Text:ParseInputText () (at ./Library/PackageCache/com.unity.ugui@377fd60ad87b/Runtime/TMP/TMP_Text.cs:2063)
TMPro.TMP_Text:GetPreferredWidth () (at ./Library/PackageCache/com.unity.ugui@377fd60ad87b/Runtime/TMP/TMP_Text.cs:3714)
TMPro.TMP_Text:get_preferredWidth () (at ./Library/PackageCache/com.unity.ugui@377fd60ad87b/Runtime/TMP/TMP_Text.cs:1526)
UnityEditor.Events.LayoutPropertiesPreview/<>c:<OnPreviewGUI>b__8_2 (UnityEngine.UI.ILayoutElement) (at ./Library/PackageCache/com.unity.ugui@377fd60ad87b/Editor/UGUI/UI/LayoutPropertiesPreview.cs:100)
UnityEngine.UI.LayoutUtility:GetLayoutProperty (UnityEngine.RectTransform,System.Func`2<UnityEngine.UI.ILayoutElement, single>,single,UnityEngine.UI.ILayoutElement&) (at ./Library/PackageCache/com.unity.ugui@377fd60ad87b/Runtime/UGUI/UI/Core/Layout/LayoutUtility.cs:161)
UnityEditor.Events.LayoutPropertiesPreview:OnPreviewGUI (UnityEngine.Rect,UnityEngine.GUIStyle) (at ./Library/PackageCache/com.unity.ugui@377fd60ad87b/Editor/UGUI/UI/LayoutPropertiesPreview.cs:100)
UnityEditor.ObjectPreview:OnInteractivePreviewGUI (UnityEngine.Rect,UnityEngine.GUIStyle)
UnityEditor.ObjectPreview:DrawPreview (UnityEditor.IPreviewable,UnityEngine.Rect,UnityEngine.Object[])
UnityEditor.ObjectPreview:DrawPreview (UnityEngine.Rect)
UnityEditor.PropertyEditor:DrawPreview (UnityEditor.IPreviewable)
UnityEditor.PropertyEditor:DrawPreviewAndLabels ()
UnityEngine.UIElements.IMGUIContainer:DoOnGUI (UnityEngine.Event,UnityEngine.Matrix4x4,UnityEngine.Rect,bool,UnityEngine.Rect,System.Action,bool)
UnityEngine.UIElements.IMGUIContainer:HandleIMGUIEvent (UnityEngine.Event,UnityEngine.Matrix4x4,UnityEngine.Rect,System.Action,bool)
UnityEngine.UIElements.IMGUIContainer:DoIMGUIRepaint ()
UnityEngine.UIElements.UIR.RenderChainCommand:ExecuteNonDrawMesh (UnityEngine.UIElements.UIR.DrawParams,single,System.Exception&)
UnityEngine.UIElements.UIR.UIRenderDevice:EvaluateChain (UnityEngine.UIElements.UIR.RenderChainCommand,UnityEngine.Material,UnityEngine.Texture,UnityEngine.Texture,System.Nullable`1<UnityEngine.Rect>,UnityEngine.Vector2,single,bool,UnityEngine.UIElements.TextureSlotCount,bool,System.Exception&)
UnityEngine.UIElements.UIR.RenderTreeManager:RenderSingleTree (UnityEngine.UIElements.UIR.RenderTree,UnityEngine.RenderTexture,UnityEngine.RectInt,UnityEngine.Rect)
UnityEngine.UIElements.UIR.RenderTreeManager:RenderRootTree ()
UnityEngine.UIElements.UIRRepaintUpdater:Render ()
UnityEngine.UIElements.BaseVisualElementPanel:Render ()
UnityEngine.UIElements.Panel:Render ()
UnityEditor.UIElements.EditorEventDispatchUtility:DoDispatch (UnityEngine.UIElements.BaseVisualElementPanel,UnityEngine.Event)
UnityEditor.UIElements.DefaultWindowBackend:ProcessEvent (UnityEngine.Event)
UnityEditor.GUIView:ProcessEvent (UnityEngine.EntityId,intptr,bool&)

(Filename: ./Library/PackageCache/com.unity.ugui@377fd60ad87b/Runtime/TMP/TextMeshProUGUI.cs Line: 2012)

The character with Unicode value \u0E18 was not found in the [LiberationSans SDF] font asset or any potential fallbacks. It was replaced by Unicode character \u25A1 in text object [Text (TMP)].
UnityEngine.Debug:ExtractStackTraceNoAlloc (byte*,int,string)
UnityEngine.StackTraceUtility:ExtractStackTrace ()
UnityEngine.DebugLogHandler:Internal_Log (UnityEngine.LogType,UnityEngine.LogOption,string,UnityEngine.Object)
UnityEngine.DebugLogHandler:LogFormat (UnityEngine.LogType,UnityEngine.Object,string,object[])
UnityEngine.Logger:Log (UnityEngine.LogType,object,UnityEngine.Object)
UnityEngine.Debug:LogWarning (object,UnityEngine.Object)
TMPro.TextMeshProUGUI:SetArraySizes (TMPro.TMP_Text/TextProcessingElement[]) (at ./Library/PackageCache/com.unity.ugui@377fd60ad87b/Runtime/TMP/TextMeshProUGUI.cs:2012)
TMPro.TMP_Text:ParseInputText () (at ./Library/PackageCache/com.unity.ugui@377fd60ad87b/Runtime/TMP/TMP_Text.cs:2063)
TMPro.TMP_Text:GetPreferredWidth () (at ./Library/PackageCache/com.unity.ugui@377fd60ad87b/Runtime/TMP/TMP_Text.cs:3714)
TMPro.TMP_Text:get_preferredWidth () (at ./Library/PackageCache/com.unity.ugui@377fd60ad87b/Runtime/TMP/TMP_Text.cs:1526)
UnityEditor.Events.LayoutPropertiesPreview/<>c:<OnPreviewGUI>b__8_2 (UnityEngine.UI.ILayoutElement) (at ./Library/PackageCache/com.unity.ugui@377fd60ad87b/Editor/UGUI/UI/LayoutPropertiesPreview.cs:100)
UnityEngine.UI.LayoutUtility:GetLayoutProperty (UnityEngine.RectTransform,System.Func`2<UnityEngine.UI.ILayoutElement, single>,single,UnityEngine.UI.ILayoutElement&) (at ./Library/PackageCache/com.unity.ugui@377fd60ad87b/Runtime/UGUI/UI/Core/Layout/LayoutUtility.cs:161)
UnityEditor.Events.LayoutPropertiesPreview:OnPreviewGUI (UnityEngine.Rect,UnityEngine.GUIStyle) (at ./Library/PackageCache/com.unity.ugui@377fd60ad87b/Editor/UGUI/UI/LayoutPropertiesPreview.cs:100)
UnityEditor.ObjectPreview:OnInteractivePreviewGUI (UnityEngine.Rect,UnityEngine.GUIStyle)
UnityEditor.ObjectPreview:DrawPreview (UnityEditor.IPreviewable,UnityEngine.Rect,UnityEngine.Object[])
UnityEditor.ObjectPreview:DrawPreview (UnityEngine.Rect)
UnityEditor.PropertyEditor:DrawPreview (UnityEditor.IPreviewable)
UnityEditor.PropertyEditor:DrawPreviewAndLabels ()
UnityEngine.UIElements.IMGUIContainer:DoOnGUI (UnityEngine.Event,UnityEngine.Matrix4x4,UnityEngine.Rect,bool,UnityEngine.Rect,System.Action,bool)
UnityEngine.UIElements.IMGUIContainer:HandleIMGUIEvent (UnityEngine.Event,UnityEngine.Matrix4x4,UnityEngine.Rect,System.Action,bool)
UnityEngine.UIElements.IMGUIContainer:DoIMGUIRepaint ()
UnityEngine.UIElements.UIR.RenderChainCommand:ExecuteNonDrawMesh (UnityEngine.UIElements.UIR.DrawParams,single,System.Exception&)
UnityEngine.UIElements.UIR.UIRenderDevice:EvaluateChain (UnityEngine.UIElements.UIR.RenderChainCommand,UnityEngine.Material,UnityEngine.Texture,UnityEngine.Texture,System.Nullable`1<UnityEngine.Rect>,UnityEngine.Vector2,single,bool,UnityEngine.UIElements.TextureSlotCount,bool,System.Exception&)
UnityEngine.UIElements.UIR.RenderTreeManager:RenderSingleTree (UnityEngine.UIElements.UIR.RenderTree,UnityEngine.RenderTexture,UnityEngine.RectInt,UnityEngine.Rect)
UnityEngine.UIElements.UIR.RenderTreeManager:RenderRootTree ()
UnityEngine.UIElements.UIRRepaintUpdater:Render ()
UnityEngine.UIElements.BaseVisualElementPanel:Render ()
UnityEngine.UIElements.Panel:Render ()
UnityEditor.UIElements.EditorEventDispatchUtility:DoDispatch (UnityEngine.UIElements.BaseVisualElementPanel,UnityEngine.Event)
UnityEditor.UIElements.DefaultWindowBackend:ProcessEvent (UnityEngine.Event)
UnityEditor.GUIView:ProcessEvent (UnityEngine.EntityId,intptr,bool&)

(Filename: ./Library/PackageCache/com.unity.ugui@377fd60ad87b/Runtime/TMP/TextMeshProUGUI.cs Line: 2012)

The character with Unicode value \u0E47 was not found in the [LiberationSans SDF] font asset or any potential fallbacks. It was replaced by Unicode character \u25A1 in text object [Text (TMP)].
UnityEngine.Debug:ExtractStackTraceNoAlloc (byte*,int,string)
UnityEngine.StackTraceUtility:ExtractStackTrace ()
UnityEngine.DebugLogHandler:Internal_Log (UnityEngine.LogType,UnityEngine.LogOption,string,UnityEngine.Object)
UnityEngine.DebugLogHandler:LogFormat (UnityEngine.LogType,UnityEngine.Object,string,object[])
UnityEngine.Logger:Log (UnityEngine.LogType,object,UnityEngine.Object)
UnityEngine.Debug:LogWarning (object,UnityEngine.Object)
TMPro.TextMeshProUGUI:SetArraySizes (TMPro.TMP_Text/TextProcessingElement[]) (at ./Library/PackageCache/com.unity.ugui@377fd60ad87b/Runtime/TMP/TextMeshProUGUI.cs:2012)
TMPro.TMP_Text:ParseInputText () (at ./Library/PackageCache/com.unity.ugui@377fd60ad87b/Runtime/TMP/TMP_Text.cs:2063)
TMPro.TMP_Text:GetPreferredHeight () (at ./Library/PackageCache/com.unity.ugui@377fd60ad87b/Runtime/TMP/TMP_Text.cs:3787)
TMPro.TMP_Text:get_preferredHeight () (at ./Library/PackageCache/com.unity.ugui@377fd60ad87b/Runtime/TMP/TMP_Text.cs:1534)
UnityEditor.Events.LayoutPropertiesPreview/<>c:<OnPreviewGUI>b__8_3 (UnityEngine.UI.ILayoutElement) (at ./Library/PackageCache/com.unity.ugui@377fd60ad87b/Editor/UGUI/UI/LayoutPropertiesPreview.cs:101)
UnityEngine.UI.LayoutUtility:GetLayoutProperty (UnityEngine.RectTransform,System.Func`2<UnityEngine.UI.ILayoutElement, single>,single,UnityEngine.UI.ILayoutElement&) (at ./Library/PackageCache/com.unity.ugui@377fd60ad87b/Runtime/UGUI/UI/Core/Layout/LayoutUtility.cs:161)
UnityEditor.Events.LayoutPropertiesPreview:OnPreviewGUI (UnityEngine.Rect,UnityEngine.GUIStyle) (at ./Library/PackageCache/com.unity.ugui@377fd60ad87b/Editor/UGUI/UI/LayoutPropertiesPreview.cs:101)
UnityEditor.ObjectPreview:OnInteractivePreviewGUI (UnityEngine.Rect,UnityEngine.GUIStyle)
UnityEditor.ObjectPreview:DrawPreview (UnityEditor.IPreviewable,UnityEngine.Rect,UnityEngine.Object[])
UnityEditor.ObjectPreview:DrawPreview (UnityEngine.Rect)
UnityEditor.PropertyEditor:DrawPreview (UnityEditor.IPreviewable)
UnityEditor.PropertyEditor:DrawPreviewAndLabels ()
UnityEngine.UIElements.IMGUIContainer:DoOnGUI (UnityEngine.Event,UnityEngine.Matrix4x4,UnityEngine.Rect,bool,UnityEngine.Rect,System.Action,bool)
UnityEngine.UIElements.IMGUIContainer:HandleIMGUIEvent (UnityEngine.Event,UnityEngine.Matrix4x4,UnityEngine.Rect,System.Action,bool)
UnityEngine.UIElements.IMGUIContainer:DoIMGUIRepaint ()
UnityEngine.UIElements.UIR.RenderChainCommand:ExecuteNonDrawMesh (UnityEngine.UIElements.UIR.DrawParams,single,System.Exception&)
UnityEngine.UIElements.UIR.UIRenderDevice:EvaluateChain (UnityEngine.UIElements.UIR.RenderChainCommand,UnityEngine.Material,UnityEngine.Texture,UnityEngine.Texture,System.Nullable`1<UnityEngine.Rect>,UnityEngine.Vector2,single,bool,UnityEngine.UIElements.TextureSlotCount,bool,System.Exception&)
UnityEngine.UIElements.UIR.RenderTreeManager:RenderSingleTree (UnityEngine.UIElements.UIR.RenderTree,UnityEngine.RenderTexture,UnityEngine.RectInt,UnityEngine.Rect)
UnityEngine.UIElements.UIR.RenderTreeManager:RenderRootTree ()
UnityEngine.UIElements.UIRRepaintUpdater:Render ()
UnityEngine.UIElements.BaseVisualElementPanel:Render ()
UnityEngine.UIElements.Panel:Render ()
UnityEditor.UIElements.EditorEventDispatchUtility:DoDispatch (UnityEngine.UIElements.BaseVisualElementPanel,UnityEngine.Event)
UnityEditor.UIElements.DefaultWindowBackend:ProcessEvent (UnityEngine.Event)
UnityEditor.GUIView:ProcessEvent (UnityEngine.EntityId,intptr,bool&)

(Filename: ./Library/PackageCache/com.unity.ugui@377fd60ad87b/Runtime/TMP/TextMeshProUGUI.cs Line: 2012)

The character with Unicode value \u0E2F was not found in the [LiberationSans SDF] font asset or any potential fallbacks. It was replaced by Unicode character \u25A1 in text object [Text (TMP)].
UnityEngine.Debug:ExtractStackTraceNoAlloc (byte*,int,string)
UnityEngine.StackTraceUtility:ExtractStackTrace ()
UnityEngine.DebugLogHandler:Internal_Log (UnityEngine.LogType,UnityEngine.LogOption,string,UnityEngine.Object)
UnityEngine.DebugLogHandler:LogFormat (UnityEngine.LogType,UnityEngine.Object,string,object[])
UnityEngine.Logger:Log (UnityEngine.LogType,object,UnityEngine.Object)
UnityEngine.Debug:LogWarning (object,UnityEngine.Object)
TMPro.TextMeshProUGUI:SetArraySizes (TMPro.TMP_Text/TextProcessingElement[]) (at ./Library/PackageCache/com.unity.ugui@377fd60ad87b/Runtime/TMP/TextMeshProUGUI.cs:2012)
TMPro.TMP_Text:ParseInputText () (at ./Library/PackageCache/com.unity.ugui@377fd60ad87b/Runtime/TMP/TMP_Text.cs:2063)
TMPro.TMP_Text:GetPreferredHeight () (at ./Library/PackageCache/com.unity.ugui@377fd60ad87b/Runtime/TMP/TMP_Text.cs:3787)
TMPro.TMP_Text:get_preferredHeight () (at ./Library/PackageCache/com.unity.ugui@377fd60ad87b/Runtime/TMP/TMP_Text.cs:1534)
UnityEditor.Events.LayoutPropertiesPreview/<>c:<OnPreviewGUI>b__8_3 (UnityEngine.UI.ILayoutElement) (at ./Library/PackageCache/com.unity.ugui@377fd60ad87b/Editor/UGUI/UI/LayoutPropertiesPreview.cs:101)
UnityEngine.UI.LayoutUtility:GetLayoutProperty (UnityEngine.RectTransform,System.Func`2<UnityEngine.UI.ILayoutElement, single>,single,UnityEngine.UI.ILayoutElement&) (at ./Library/PackageCache/com.unity.ugui@377fd60ad87b/Runtime/UGUI/UI/Core/Layout/LayoutUtility.cs:161)
UnityEditor.Events.LayoutPropertiesPreview:OnPreviewGUI (UnityEngine.Rect,UnityEngine.GUIStyle) (at ./Library/PackageCache/com.unity.ugui@377fd60ad87b/Editor/UGUI/UI/LayoutPropertiesPreview.cs:101)
UnityEditor.ObjectPreview:OnInteractivePreviewGUI (UnityEngine.Rect,UnityEngine.GUIStyle)
UnityEditor.ObjectPreview:DrawPreview (UnityEditor.IPreviewable,UnityEngine.Rect,UnityEngine.Object[])
UnityEditor.ObjectPreview:DrawPreview (UnityEngine.Rect)
UnityEditor.PropertyEditor:DrawPreview (UnityEditor.IPreviewable)
UnityEditor.PropertyEditor:DrawPreviewAndLabels ()
UnityEngine.UIElements.IMGUIContainer:DoOnGUI (UnityEngine.Event,UnityEngine.Matrix4x4,UnityEngine.Rect,bool,UnityEngine.Rect,System.Action,bool)
UnityEngine.UIElements.IMGUIContainer:HandleIMGUIEvent (UnityEngine.Event,UnityEngine.Matrix4x4,UnityEngine.Rect,System.Action,bool)
UnityEngine.UIElements.IMGUIContainer:DoIMGUIRepaint ()
UnityEngine.UIElements.UIR.RenderChainCommand:ExecuteNonDrawMesh (UnityEngine.UIElements.UIR.DrawParams,single,System.Exception&)
UnityEngine.UIElements.UIR.UIRenderDevice:EvaluateChain (UnityEngine.UIElements.UIR.RenderChainCommand,UnityEngine.Material,UnityEngine.Texture,UnityEngine.Texture,System.Nullable`1<UnityEngine.Rect>,UnityEngine.Vector2,single,bool,UnityEngine.UIElements.TextureSlotCount,bool,System.Exception&)
UnityEngine.UIElements.UIR.RenderTreeManager:RenderSingleTree (UnityEngine.UIElements.UIR.RenderTree,UnityEngine.RenderTexture,UnityEngine.RectInt,UnityEngine.Rect)
UnityEngine.UIElements.UIR.RenderTreeManager:RenderRootTree ()
UnityEngine.UIElements.UIRRepaintUpdater:Render ()
UnityEngine.UIElements.BaseVisualElementPanel:Render ()
UnityEngine.UIElements.Panel:Render ()
UnityEditor.UIElements.EditorEventDispatchUtility:DoDispatch (UnityEngine.UIElements.BaseVisualElementPanel,UnityEngine.Event)
UnityEditor.UIElements.DefaultWindowBackend:ProcessEvent (UnityEngine.Event)
UnityEditor.GUIView:ProcessEvent (UnityEngine.EntityId,intptr,bool&)

(Filename: ./Library/PackageCache/com.unity.ugui@377fd60ad87b/Runtime/TMP/TextMeshProUGUI.cs Line: 2012)

The character with Unicode value \u0E18 was not found in the [LiberationSans SDF] font asset or any potential fallbacks. It was replaced by Unicode character \u25A1 in text object [Text (TMP)].
UnityEngine.Debug:ExtractStackTraceNoAlloc (byte*,int,string)
UnityEngine.StackTraceUtility:ExtractStackTrace ()
UnityEngine.DebugLogHandler:Internal_Log (UnityEngine.LogType,UnityEngine.LogOption,string,UnityEngine.Object)
UnityEngine.DebugLogHandler:LogFormat (UnityEngine.LogType,UnityEngine.Object,string,object[])
UnityEngine.Logger:Log (UnityEngine.LogType,object,UnityEngine.Object)
UnityEngine.Debug:LogWarning (object,UnityEngine.Object)
TMPro.TextMeshProUGUI:SetArraySizes (TMPro.TMP_Text/TextProcessingElement[]) (at ./Library/PackageCache/com.unity.ugui@377fd60ad87b/Runtime/TMP/TextMeshProUGUI.cs:2012)
TMPro.TMP_Text:ParseInputText () (at ./Library/PackageCache/com.unity.ugui@377fd60ad87b/Runtime/TMP/TMP_Text.cs:2063)
TMPro.TMP_Text:GetPreferredHeight () (at ./Library/PackageCache/com.unity.ugui@377fd60ad87b/Runtime/TMP/TMP_Text.cs:3787)
TMPro.TMP_Text:get_preferredHeight () (at ./Library/PackageCache/com.unity.ugui@377fd60ad87b/Runtime/TMP/TMP_Text.cs:1534)
UnityEditor.Events.LayoutPropertiesPreview/<>c:<OnPreviewGUI>b__8_3 (UnityEngine.UI.ILayoutElement) (at ./Library/PackageCache/com.unity.ugui@377fd60ad87b/Editor/UGUI/UI/LayoutPropertiesPreview.cs:101)
UnityEngine.UI.LayoutUtility:GetLayoutProperty (UnityEngine.RectTransform,System.Func`2<UnityEngine.UI.ILayoutElement, single>,single,UnityEngine.UI.ILayoutElement&) (at ./Library/PackageCache/com.unity.ugui@377fd60ad87b/Runtime/UGUI/UI/Core/Layout/LayoutUtility.cs:161)
UnityEditor.Events.LayoutPropertiesPreview:OnPreviewGUI (UnityEngine.Rect,UnityEngine.GUIStyle) (at ./Library/PackageCache/com.unity.ugui@377fd60ad87b/Editor/UGUI/UI/LayoutPropertiesPreview.cs:101)
UnityEditor.ObjectPreview:OnInteractivePreviewGUI (UnityEngine.Rect,UnityEngine.GUIStyle)
UnityEditor.ObjectPreview:DrawPreview (UnityEditor.IPreviewable,UnityEngine.Rect,UnityEngine.Object[])
UnityEditor.ObjectPreview:DrawPreview (UnityEngine.Rect)
UnityEditor.PropertyEditor:DrawPreview (UnityEditor.IPreviewable)
UnityEditor.PropertyEditor:DrawPreviewAndLabels ()
UnityEngine.UIElements.IMGUIContainer:DoOnGUI (UnityEngine.Event,UnityEngine.Matrix4x4,UnityEngine.Rect,bool,UnityEngine.Rect,System.Action,bool)
UnityEngine.UIElements.IMGUIContainer:HandleIMGUIEvent (UnityEngine.Event,UnityEngine.Matrix4x4,UnityEngine.Rect,System.Action,bool)
UnityEngine.UIElements.IMGUIContainer:DoIMGUIRepaint ()
UnityEngine.UIElements.UIR.RenderChainCommand:ExecuteNonDrawMesh (UnityEngine.UIElements.UIR.DrawParams,single,System.Exception&)
UnityEngine.UIElements.UIR.UIRenderDevice:EvaluateChain (UnityEngine.UIElements.UIR.RenderChainCommand,UnityEngine.Material,UnityEngine.Texture,UnityEngine.Texture,System.Nullable`1<UnityEngine.Rect>,UnityEngine.Vector2,single,bool,UnityEngine.UIElements.TextureSlotCount,bool,System.Exception&)
UnityEngine.UIElements.UIR.RenderTreeManager:RenderSingleTree (UnityEngine.UIElements.UIR.RenderTree,UnityEngine.RenderTexture,UnityEngine.RectInt,UnityEngine.Rect)
UnityEngine.UIElements.UIR.RenderTreeManager:RenderRootTree ()
UnityEngine.UIElements.UIRRepaintUpdater:Render ()
UnityEngine.UIElements.BaseVisualElementPanel:Render ()
UnityEngine.UIElements.Panel:Render ()
UnityEditor.UIElements.EditorEventDispatchUtility:DoDispatch (UnityEngine.UIElements.BaseVisualElementPanel,UnityEngine.Event)
UnityEditor.UIElements.DefaultWindowBackend:ProcessEvent (UnityEngine.Event)
UnityEditor.GUIView:ProcessEvent (UnityEngine.EntityId,intptr,bool&)

(Filename: ./Library/PackageCache/com.unity.ugui@377fd60ad87b/Runtime/TMP/TextMeshProUGUI.cs Line: 2012)

The character with Unicode value \u0E47 was not found in the [LiberationSans SDF] font asset or any potential fallbacks. It was replaced by Unicode character \u25A1 in text object [Text (TMP)].
UnityEngine.Debug:ExtractStackTraceNoAlloc (byte*,int,string)
UnityEngine.StackTraceUtility:ExtractStackTrace ()
UnityEngine.DebugLogHandler:Internal_Log (UnityEngine.LogType,UnityEngine.LogOption,string,UnityEngine.Object)
UnityEngine.DebugLogHandler:LogFormat (UnityEngine.LogType,UnityEngine.Object,string,object[])
UnityEngine.Logger:Log (UnityEngine.LogType,object,UnityEngine.Object)
UnityEngine.Debug:LogWarning (object,UnityEngine.Object)
TMPro.TextMeshProUGUI:SetArraySizes (TMPro.TMP_Text/TextProcessingElement[]) (at ./Library/PackageCache/com.unity.ugui@377fd60ad87b/Runtime/TMP/TextMeshProUGUI.cs:2012)
TMPro.TMP_Text:ParseInputText () (at ./Library/PackageCache/com.unity.ugui@377fd60ad87b/Runtime/TMP/TMP_Text.cs:2063)
TMPro.TextMeshProUGUI:OnPreRenderCanvas () (at ./Library/PackageCache/com.unity.ugui@377fd60ad87b/Runtime/TMP/TextMeshProUGUI.cs:2496)
TMPro.TextMeshProUGUI:Rebuild (UnityEngine.UI.CanvasUpdate) (at ./Library/PackageCache/com.unity.ugui@377fd60ad87b/Runtime/TMP/TextMeshProUGUI.cs:229)
UnityEngine.UI.CanvasUpdateRegistry:PerformUpdate () (at ./Library/PackageCache/com.unity.ugui@377fd60ad87b/Runtime/UGUI/UI/Core/CanvasUpdateRegistry.cs:215)
UnityEngine.Canvas:SendWillRenderCanvases ()

(Filename: ./Library/PackageCache/com.unity.ugui@377fd60ad87b/Runtime/TMP/TextMeshProUGUI.cs Line: 2012)

The character with Unicode value \u0E2F was not found in the [LiberationSans SDF] font asset or any potential fallbacks. It was replaced by Unicode character \u25A1 in text object [Text (TMP)].
UnityEngine.Debug:ExtractStackTraceNoAlloc (byte*,int,string)
UnityEngine.StackTraceUtility:ExtractStackTrace ()
UnityEngine.DebugLogHandler:Internal_Log (UnityEngine.LogType,UnityEngine.LogOption,string,UnityEngine.Object)
UnityEngine.DebugLogHandler:LogFormat (UnityEngine.LogType,UnityEngine.Object,string,object[])
UnityEngine.Logger:Log (UnityEngine.LogType,object,UnityEngine.Object)
UnityEngine.Debug:LogWarning (object,UnityEngine.Object)
TMPro.TextMeshProUGUI:SetArraySizes (TMPro.TMP_Text/TextProcessingElement[]) (at ./Library/PackageCache/com.unity.ugui@377fd60ad87b/Runtime/TMP/TextMeshProUGUI.cs:2012)
TMPro.TMP_Text:ParseInputText () (at ./Library/PackageCache/com.unity.ugui@377fd60ad87b/Runtime/TMP/TMP_Text.cs:2063)
TMPro.TextMeshProUGUI:OnPreRenderCanvas () (at ./Library/PackageCache/com.unity.ugui@377fd60ad87b/Runtime/TMP/TextMeshProUGUI.cs:2496)
TMPro.TextMeshProUGUI:Rebuild (UnityEngine.UI.CanvasUpdate) (at ./Library/PackageCache/com.unity.ugui@377fd60ad87b/Runtime/TMP/TextMeshProUGUI.cs:229)
UnityEngine.UI.CanvasUpdateRegistry:PerformUpdate () (at ./Library/PackageCache/com.unity.ugui@377fd60ad87b/Runtime/UGUI/UI/Core/CanvasUpdateRegistry.cs:215)
UnityEngine.Canvas:SendWillRenderCanvases ()

(Filename: ./Library/PackageCache/com.unity.ugui@377fd60ad87b/Runtime/TMP/TextMeshProUGUI.cs Line: 2012)

The character with Unicode value \u0E47 was not found in the [LiberationSans SDF] font asset or any potential fallbacks. It was replaced by Unicode character \u25A1 in text object [Text (TMP)].
UnityEngine.Debug:ExtractStackTraceNoAlloc (byte*,int,string)
UnityEngine.StackTraceUtility:ExtractStackTrace ()
UnityEngine.DebugLogHandler:Internal_Log (UnityEngine.LogType,UnityEngine.LogOption,string,UnityEngine.Object)
UnityEngine.DebugLogHandler:LogFormat (UnityEngine.LogType,UnityEngine.Object,string,object[])
UnityEngine.Logger:Log (UnityEngine.LogType,object,UnityEngine.Object)
UnityEngine.Debug:LogWarning (object,UnityEngine.Object)
TMPro.TextMeshProUGUI:SetArraySizes (TMPro.TMP_Text/TextProcessingElement[]) (at ./Library/PackageCache/com.unity.ugui@377fd60ad87b/Runtime/TMP/TextMeshProUGUI.cs:2012)
TMPro.TMP_Text:ParseInputText () (at ./Library/PackageCache/com.unity.ugui@377fd60ad87b/Runtime/TMP/TMP_Text.cs:2063)
TMPro.TMP_Text:GetPreferredWidth () (at ./Library/PackageCache/com.unity.ugui@377fd60ad87b/Runtime/TMP/TMP_Text.cs:3714)
TMPro.TMP_Text:get_preferredWidth () (at ./Library/PackageCache/com.unity.ugui@377fd60ad87b/Runtime/TMP/TMP_Text.cs:1526)
UnityEditor.Events.LayoutPropertiesPreview/<>c:<OnPreviewGUI>b__8_2 (UnityEngine.UI.ILayoutElement) (at ./Library/PackageCache/com.unity.ugui@377fd60ad87b/Editor/UGUI/UI/LayoutPropertiesPreview.cs:100)
UnityEngine.UI.LayoutUtility:GetLayoutProperty (UnityEngine.RectTransform,System.Func`2<UnityEngine.UI.ILayoutElement, single>,single,UnityEngine.UI.ILayoutElement&) (at ./Library/PackageCache/com.unity.ugui@377fd60ad87b/Runtime/UGUI/UI/Core/Layout/LayoutUtility.cs:161)
UnityEditor.Events.LayoutPropertiesPreview:OnPreviewGUI (UnityEngine.Rect,UnityEngine.GUIStyle) (at ./Library/PackageCache/com.unity.ugui@377fd60ad87b/Editor/UGUI/UI/LayoutPropertiesPreview.cs:100)
UnityEditor.ObjectPreview:OnInteractivePreviewGUI (UnityEngine.Rect,UnityEngine.GUIStyle)
UnityEditor.ObjectPreview:DrawPreview (UnityEditor.IPreviewable,UnityEngine.Rect,UnityEngine.Object[])
UnityEditor.ObjectPreview:DrawPreview (UnityEngine.Rect)
UnityEditor.PropertyEditor:DrawPreview (UnityEditor.IPreviewable)
UnityEditor.PropertyEditor:DrawPreviewAndLabels ()
UnityEngine.UIElements.IMGUIContainer:DoOnGUI (UnityEngine.Event,UnityEngine.Matrix4x4,UnityEngine.Rect,bool,UnityEngine.Rect,System.Action,bool)
UnityEngine.UIElements.IMGUIContainer:HandleIMGUIEvent (UnityEngine.Event,UnityEngine.Matrix4x4,UnityEngine.Rect,System.Action,bool)
UnityEngine.UIElements.IMGUIContainer:DoIMGUIRepaint ()
UnityEngine.UIElements.UIR.RenderChainCommand:ExecuteNonDrawMesh (UnityEngine.UIElements.UIR.DrawParams,single,System.Exception&)
UnityEngine.UIElements.UIR.UIRenderDevice:EvaluateChain (UnityEngine.UIElements.UIR.RenderChainCommand,UnityEngine.Material,UnityEngine.Texture,UnityEngine.Texture,System.Nullable`1<UnityEngine.Rect>,UnityEngine.Vector2,single,bool,UnityEngine.UIElements.TextureSlotCount,bool,System.Exception&)
UnityEngine.UIElements.UIR.RenderTreeManager:RenderSingleTree (UnityEngine.UIElements.UIR.RenderTree,UnityEngine.RenderTexture,UnityEngine.RectInt,UnityEngine.Rect)
UnityEngine.UIElements.UIR.RenderTreeManager:RenderRootTree ()
UnityEngine.UIElements.UIRRepaintUpdater:Render ()
UnityEngine.UIElements.BaseVisualElementPanel:Render ()
UnityEngine.UIElements.Panel:Render ()
UnityEditor.UIElements.EditorEventDispatchUtility:DoDispatch (UnityEngine.UIElements.BaseVisualElementPanel,UnityEngine.Event)
UnityEditor.UIElements.DefaultWindowBackend:ProcessEvent (UnityEngine.Event)
UnityEditor.GUIView:ProcessEvent (UnityEngine.EntityId,intptr,bool&)

(Filename: ./Library/PackageCache/com.unity.ugui@377fd60ad87b/Runtime/TMP/TextMeshProUGUI.cs Line: 2012)

The character with Unicode value \u0E2F was not found in the [LiberationSans SDF] font asset or any potential fallbacks. It was replaced by Unicode character \u25A1 in text object [Text (TMP)].
UnityEngine.Debug:ExtractStackTraceNoAlloc (byte*,int,string)
UnityEngine.StackTraceUtility:ExtractStackTrace ()
UnityEngine.DebugLogHandler:Internal_Log (UnityEngine.LogType,UnityEngine.LogOption,string,UnityEngine.Object)
UnityEngine.DebugLogHandler:LogFormat (UnityEngine.LogType,UnityEngine.Object,string,object[])
UnityEngine.Logger:Log (UnityEngine.LogType,object,UnityEngine.Object)
UnityEngine.Debug:LogWarning (object,UnityEngine.Object)
TMPro.TextMeshProUGUI:SetArraySizes (TMPro.TMP_Text/TextProcessingElement[]) (at ./Library/PackageCache/com.unity.ugui@377fd60ad87b/Runtime/TMP/TextMeshProUGUI.cs:2012)
TMPro.TMP_Text:ParseInputText () (at ./Library/PackageCache/com.unity.ugui@377fd60ad87b/Runtime/TMP/TMP_Text.cs:2063)
TMPro.TMP_Text:GetPreferredWidth () (at ./Library/PackageCache/com.unity.ugui@377fd60ad87b/Runtime/TMP/TMP_Text.cs:3714)
TMPro.TMP_Text:get_preferredWidth () (at ./Library/PackageCache/com.unity.ugui@377fd60ad87b/Runtime/TMP/TMP_Text.cs:1526)
UnityEditor.Events.LayoutPropertiesPreview/<>c:<OnPreviewGUI>b__8_2 (UnityEngine.UI.ILayoutElement) (at ./Library/PackageCache/com.unity.ugui@377fd60ad87b/Editor/UGUI/UI/LayoutPropertiesPreview.cs:100)
UnityEngine.UI.LayoutUtility:GetLayoutProperty (UnityEngine.RectTransform,System.Func`2<UnityEngine.UI.ILayoutElement, single>,single,UnityEngine.UI.ILayoutElement&) (at ./Library/PackageCache/com.unity.ugui@377fd60ad87b/Runtime/UGUI/UI/Core/Layout/LayoutUtility.cs:161)
UnityEditor.Events.LayoutPropertiesPreview:OnPreviewGUI (UnityEngine.Rect,UnityEngine.GUIStyle) (at ./Library/PackageCache/com.unity.ugui@377fd60ad87b/Editor/UGUI/UI/LayoutPropertiesPreview.cs:100)
UnityEditor.ObjectPreview:OnInteractivePreviewGUI (UnityEngine.Rect,UnityEngine.GUIStyle)
UnityEditor.ObjectPreview:DrawPreview (UnityEditor.IPreviewable,UnityEngine.Rect,UnityEngine.Object[])
UnityEditor.ObjectPreview:DrawPreview (UnityEngine.Rect)
UnityEditor.PropertyEditor:DrawPreview (UnityEditor.IPreviewable)
UnityEditor.PropertyEditor:DrawPreviewAndLabels ()
UnityEngine.UIElements.IMGUIContainer:DoOnGUI (UnityEngine.Event,UnityEngine.Matrix4x4,UnityEngine.Rect,bool,UnityEngine.Rect,System.Action,bool)
UnityEngine.UIElements.IMGUIContainer:HandleIMGUIEvent (UnityEngine.Event,UnityEngine.Matrix4x4,UnityEngine.Rect,System.Action,bool)
UnityEngine.UIElements.IMGUIContainer:DoIMGUIRepaint ()
UnityEngine.UIElements.UIR.RenderChainCommand:ExecuteNonDrawMesh (UnityEngine.UIElements.UIR.DrawParams,single,System.Exception&)
UnityEngine.UIElements.UIR.UIRenderDevice:EvaluateChain (UnityEngine.UIElements.UIR.RenderChainCommand,UnityEngine.Material,UnityEngine.Texture,UnityEngine.Texture,System.Nullable`1<UnityEngine.Rect>,UnityEngine.Vector2,single,bool,UnityEngine.UIElements.TextureSlotCount,bool,System.Exception&)
UnityEngine.UIElements.UIR.RenderTreeManager:RenderSingleTree (UnityEngine.UIElements.UIR.RenderTree,UnityEngine.RenderTexture,UnityEngine.RectInt,UnityEngine.Rect)
UnityEngine.UIElements.UIR.RenderTreeManager:RenderRootTree ()
UnityEngine.UIElements.UIRRepaintUpdater:Render ()
UnityEngine.UIElements.BaseVisualElementPanel:Render ()
UnityEngine.UIElements.Panel:Render ()
UnityEditor.UIElements.EditorEventDispatchUtility:DoDispatch (UnityEngine.UIElements.BaseVisualElementPanel,UnityEngine.Event)
UnityEditor.UIElements.DefaultWindowBackend:ProcessEvent (UnityEngine.Event)
UnityEditor.GUIView:ProcessEvent (UnityEngine.EntityId,intptr,bool&)

(Filename: ./Library/PackageCache/com.unity.ugui@377fd60ad87b/Runtime/TMP/TextMeshProUGUI.cs Line: 2012)

The character with Unicode value \u0E47 was not found in the [LiberationSans SDF] font asset or any potential fallbacks. It was replaced by Unicode character \u25A1 in text object [Text (TMP)].
UnityEngine.Debug:ExtractStackTraceNoAlloc (byte*,int,string)
UnityEngine.StackTraceUtility:ExtractStackTrace ()
UnityEngine.DebugLogHandler:Internal_Log (UnityEngine.LogType,UnityEngine.LogOption,string,UnityEngine.Object)
UnityEngine.DebugLogHandler:LogFormat (UnityEngine.LogType,UnityEngine.Object,string,object[])
UnityEngine.Logger:Log (UnityEngine.LogType,object,UnityEngine.Object)
UnityEngine.Debug:LogWarning (object,UnityEngine.Object)
TMPro.TextMeshProUGUI:SetArraySizes (TMPro.TMP_Text/TextProcessingElement[]) (at ./Library/PackageCache/com.unity.ugui@377fd60ad87b/Runtime/TMP/TextMeshProUGUI.cs:2012)
TMPro.TMP_Text:ParseInputText () (at ./Library/PackageCache/com.unity.ugui@377fd60ad87b/Runtime/TMP/TMP_Text.cs:2063)
TMPro.TMP_Text:GetPreferredHeight () (at ./Library/PackageCache/com.unity.ugui@377fd60ad87b/Runtime/TMP/TMP_Text.cs:3787)
TMPro.TMP_Text:get_preferredHeight () (at ./Library/PackageCache/com.unity.ugui@377fd60ad87b/Runtime/TMP/TMP_Text.cs:1534)
UnityEditor.Events.LayoutPropertiesPreview/<>c:<OnPreviewGUI>b__8_3 (UnityEngine.UI.ILayoutElement) (at ./Library/PackageCache/com.unity.ugui@377fd60ad87b/Editor/UGUI/UI/LayoutPropertiesPreview.cs:101)
UnityEngine.UI.LayoutUtility:GetLayoutProperty (UnityEngine.RectTransform,System.Func`2<UnityEngine.UI.ILayoutElement, single>,single,UnityEngine.UI.ILayoutElement&) (at ./Library/PackageCache/com.unity.ugui@377fd60ad87b/Runtime/UGUI/UI/Core/Layout/LayoutUtility.cs:161)
UnityEditor.Events.LayoutPropertiesPreview:OnPreviewGUI (UnityEngine.Rect,UnityEngine.GUIStyle) (at ./Library/PackageCache/com.unity.ugui@377fd60ad87b/Editor/UGUI/UI/LayoutPropertiesPreview.cs:101)
UnityEditor.ObjectPreview:OnInteractivePreviewGUI (UnityEngine.Rect,UnityEngine.GUIStyle)
UnityEditor.ObjectPreview:DrawPreview (UnityEditor.IPreviewable,UnityEngine.Rect,UnityEngine.Object[])
UnityEditor.ObjectPreview:DrawPreview (UnityEngine.Rect)
UnityEditor.PropertyEditor:DrawPreview (UnityEditor.IPreviewable)
UnityEditor.PropertyEditor:DrawPreviewAndLabels ()
UnityEngine.UIElements.IMGUIContainer:DoOnGUI (UnityEngine.Event,UnityEngine.Matrix4x4,UnityEngine.Rect,bool,UnityEngine.Rect,System.Action,bool)
UnityEngine.UIElements.IMGUIContainer:HandleIMGUIEvent (UnityEngine.Event,UnityEngine.Matrix4x4,UnityEngine.Rect,System.Action,bool)
UnityEngine.UIElements.IMGUIContainer:DoIMGUIRepaint ()
UnityEngine.UIElements.UIR.RenderChainCommand:ExecuteNonDrawMesh (UnityEngine.UIElements.UIR.DrawParams,single,System.Exception&)
UnityEngine.UIElements.UIR.UIRenderDevice:EvaluateChain (UnityEngine.UIElements.UIR.RenderChainCommand,UnityEngine.Material,UnityEngine.Texture,UnityEngine.Texture,System.Nullable`1<UnityEngine.Rect>,UnityEngine.Vector2,single,bool,UnityEngine.UIElements.TextureSlotCount,bool,System.Exception&)
UnityEngine.UIElements.UIR.RenderTreeManager:RenderSingleTree (UnityEngine.UIElements.UIR.RenderTree,UnityEngine.RenderTexture,UnityEngine.RectInt,UnityEngine.Rect)
UnityEngine.UIElements.UIR.RenderTreeManager:RenderRootTree ()
UnityEngine.UIElements.UIRRepaintUpdater:Render ()
UnityEngine.UIElements.BaseVisualElementPanel:Render ()
UnityEngine.UIElements.Panel:Render ()
UnityEditor.UIElements.EditorEventDispatchUtility:DoDispatch (UnityEngine.UIElements.BaseVisualElementPanel,UnityEngine.Event)
UnityEditor.UIElements.DefaultWindowBackend:ProcessEvent (UnityEngine.Event)
UnityEditor.GUIView:ProcessEvent (UnityEngine.EntityId,intptr,bool&)

(Filename: ./Library/PackageCache/com.unity.ugui@377fd60ad87b/Runtime/TMP/TextMeshProUGUI.cs Line: 2012)

The character with Unicode value \u0E2F was not found in the [LiberationSans SDF] font asset or any potential fallbacks. It was replaced by Unicode character \u25A1 in text object [Text (TMP)].
UnityEngine.Debug:ExtractStackTraceNoAlloc (byte*,int,string)
UnityEngine.StackTraceUtility:ExtractStackTrace ()
UnityEngine.DebugLogHandler:Internal_Log (UnityEngine.LogType,UnityEngine.LogOption,string,UnityEngine.Object)
UnityEngine.DebugLogHandler:LogFormat (UnityEngine.LogType,UnityEngine.Object,string,object[])
UnityEngine.Logger:Log (UnityEngine.LogType,object,UnityEngine.Object)
UnityEngine.Debug:LogWarning (object,UnityEngine.Object)
TMPro.TextMeshProUGUI:SetArraySizes (TMPro.TMP_Text/TextProcessingElement[]) (at ./Library/PackageCache/com.unity.ugui@377fd60ad87b/Runtime/TMP/TextMeshProUGUI.cs:2012)
TMPro.TMP_Text:ParseInputText () (at ./Library/PackageCache/com.unity.ugui@377fd60ad87b/Runtime/TMP/TMP_Text.cs:2063)
TMPro.TMP_Text:GetPreferredHeight () (at ./Library/PackageCache/com.unity.ugui@377fd60ad87b/Runtime/TMP/TMP_Text.cs:3787)
TMPro.TMP_Text:get_preferredHeight () (at ./Library/PackageCache/com.unity.ugui@377fd60ad87b/Runtime/TMP/TMP_Text.cs:1534)
UnityEditor.Events.LayoutPropertiesPreview/<>c:<OnPreviewGUI>b__8_3 (UnityEngine.UI.ILayoutElement) (at ./Library/PackageCache/com.unity.ugui@377fd60ad87b/Editor/UGUI/UI/LayoutPropertiesPreview.cs:101)
UnityEngine.UI.LayoutUtility:GetLayoutProperty (UnityEngine.RectTransform,System.Func`2<UnityEngine.UI.ILayoutElement, single>,single,UnityEngine.UI.ILayoutElement&) (at ./Library/PackageCache/com.unity.ugui@377fd60ad87b/Runtime/UGUI/UI/Core/Layout/LayoutUtility.cs:161)
UnityEditor.Events.LayoutPropertiesPreview:OnPreviewGUI (UnityEngine.Rect,UnityEngine.GUIStyle) (at ./Library/PackageCache/com.unity.ugui@377fd60ad87b/Editor/UGUI/UI/LayoutPropertiesPreview.cs:101)
UnityEditor.ObjectPreview:OnInteractivePreviewGUI (UnityEngine.Rect,UnityEngine.GUIStyle)
UnityEditor.ObjectPreview:DrawPreview (UnityEditor.IPreviewable,UnityEngine.Rect,UnityEngine.Object[])
UnityEditor.ObjectPreview:DrawPreview (UnityEngine.Rect)
UnityEditor.PropertyEditor:DrawPreview (UnityEditor.IPreviewable)
UnityEditor.PropertyEditor:DrawPreviewAndLabels ()
UnityEngine.UIElements.IMGUIContainer:DoOnGUI (UnityEngine.Event,UnityEngine.Matrix4x4,UnityEngine.Rect,bool,UnityEngine.Rect,System.Action,bool)
UnityEngine.UIElements.IMGUIContainer:HandleIMGUIEvent (UnityEngine.Event,UnityEngine.Matrix4x4,UnityEngine.Rect,System.Action,bool)
UnityEngine.UIElements.IMGUIContainer:DoIMGUIRepaint ()
UnityEngine.UIElements.UIR.RenderChainCommand:ExecuteNonDrawMesh (UnityEngine.UIElements.UIR.DrawParams,single,System.Exception&)
UnityEngine.UIElements.UIR.UIRenderDevice:EvaluateChain (UnityEngine.UIElements.UIR.RenderChainCommand,UnityEngine.Material,UnityEngine.Texture,UnityEngine.Texture,System.Nullable`1<UnityEngine.Rect>,UnityEngine.Vector2,single,bool,UnityEngine.UIElements.TextureSlotCount,bool,System.Exception&)
UnityEngine.UIElements.UIR.RenderTreeManager:RenderSingleTree (UnityEngine.UIElements.UIR.RenderTree,UnityEngine.RenderTexture,UnityEngine.RectInt,UnityEngine.Rect)
UnityEngine.UIElements.UIR.RenderTreeManager:RenderRootTree ()
UnityEngine.UIElements.UIRRepaintUpdater:Render ()
UnityEngine.UIElements.BaseVisualElementPanel:Render ()
UnityEngine.UIElements.Panel:Render ()
UnityEditor.UIElements.EditorEventDispatchUtility:DoDispatch (UnityEngine.UIElements.BaseVisualElementPanel,UnityEngine.Event)
UnityEditor.UIElements.DefaultWindowBackend:ProcessEvent (UnityEngine.Event)
UnityEditor.GUIView:ProcessEvent (UnityEngine.EntityId,intptr,bool&)

(Filename: ./Library/PackageCache/com.unity.ugui@377fd60ad87b/Runtime/TMP/TextMeshProUGUI.cs Line: 2012)

The character with Unicode value \u0E47 was not found in the [LiberationSans SDF] font asset or any potential fallbacks. It was replaced by Unicode character \u25A1 in text object [Text (TMP)].
UnityEngine.Debug:ExtractStackTraceNoAlloc (byte*,int,string)
UnityEngine.StackTraceUtility:ExtractStackTrace ()
UnityEngine.DebugLogHandler:Internal_Log (UnityEngine.LogType,UnityEngine.LogOption,string,UnityEngine.Object)
UnityEngine.DebugLogHandler:LogFormat (UnityEngine.LogType,UnityEngine.Object,string,object[])
UnityEngine.Logger:Log (UnityEngine.LogType,object,UnityEngine.Object)
UnityEngine.Debug:LogWarning (object,UnityEngine.Object)
TMPro.TextMeshProUGUI:SetArraySizes (TMPro.TMP_Text/TextProcessingElement[]) (at ./Library/PackageCache/com.unity.ugui@377fd60ad87b/Runtime/TMP/TextMeshProUGUI.cs:2012)
TMPro.TMP_Text:ParseInputText () (at ./Library/PackageCache/com.unity.ugui@377fd60ad87b/Runtime/TMP/TMP_Text.cs:2063)
TMPro.TextMeshProUGUI:OnPreRenderCanvas () (at ./Library/PackageCache/com.unity.ugui@377fd60ad87b/Runtime/TMP/TextMeshProUGUI.cs:2496)
TMPro.TextMeshProUGUI:Rebuild (UnityEngine.UI.CanvasUpdate) (at ./Library/PackageCache/com.unity.ugui@377fd60ad87b/Runtime/TMP/TextMeshProUGUI.cs:229)
UnityEngine.UI.CanvasUpdateRegistry:PerformUpdate () (at ./Library/PackageCache/com.unity.ugui@377fd60ad87b/Runtime/UGUI/UI/Core/CanvasUpdateRegistry.cs:215)
UnityEngine.Canvas:SendWillRenderCanvases ()

(Filename: ./Library/PackageCache/com.unity.ugui@377fd60ad87b/Runtime/TMP/TextMeshProUGUI.cs Line: 2012)

The character with Unicode value \u0E47 was not found in the [LiberationSans SDF] font asset or any potential fallbacks. It was replaced by Unicode character \u25A1 in text object [Text (TMP)].
UnityEngine.Debug:ExtractStackTraceNoAlloc (byte*,int,string)
UnityEngine.StackTraceUtility:ExtractStackTrace ()
UnityEngine.DebugLogHandler:Internal_Log (UnityEngine.LogType,UnityEngine.LogOption,string,UnityEngine.Object)
UnityEngine.DebugLogHandler:LogFormat (UnityEngine.LogType,UnityEngine.Object,string,object[])
UnityEngine.Logger:Log (UnityEngine.LogType,object,UnityEngine.Object)
UnityEngine.Debug:LogWarning (object,UnityEngine.Object)
TMPro.TextMeshProUGUI:SetArraySizes (TMPro.TMP_Text/TextProcessingElement[]) (at ./Library/PackageCache/com.unity.ugui@377fd60ad87b/Runtime/TMP/TextMeshProUGUI.cs:2012)
TMPro.TMP_Text:ParseInputText () (at ./Library/PackageCache/com.unity.ugui@377fd60ad87b/Runtime/TMP/TMP_Text.cs:2063)
TMPro.TMP_Text:GetPreferredWidth () (at ./Library/PackageCache/com.unity.ugui@377fd60ad87b/Runtime/TMP/TMP_Text.cs:3714)
TMPro.TMP_Text:get_preferredWidth () (at ./Library/PackageCache/com.unity.ugui@377fd60ad87b/Runtime/TMP/TMP_Text.cs:1526)
UnityEditor.Events.LayoutPropertiesPreview/<>c:<OnPreviewGUI>b__8_2 (UnityEngine.UI.ILayoutElement) (at ./Library/PackageCache/com.unity.ugui@377fd60ad87b/Editor/UGUI/UI/LayoutPropertiesPreview.cs:100)
UnityEngine.UI.LayoutUtility:GetLayoutProperty (UnityEngine.RectTransform,System.Func`2<UnityEngine.UI.ILayoutElement, single>,single,UnityEngine.UI.ILayoutElement&) (at ./Library/PackageCache/com.unity.ugui@377fd60ad87b/Runtime/UGUI/UI/Core/Layout/LayoutUtility.cs:161)
UnityEditor.Events.LayoutPropertiesPreview:OnPreviewGUI (UnityEngine.Rect,UnityEngine.GUIStyle) (at ./Library/PackageCache/com.unity.ugui@377fd60ad87b/Editor/UGUI/UI/LayoutPropertiesPreview.cs:100)
UnityEditor.ObjectPreview:OnInteractivePreviewGUI (UnityEngine.Rect,UnityEngine.GUIStyle)
UnityEditor.ObjectPreview:DrawPreview (UnityEditor.IPreviewable,UnityEngine.Rect,UnityEngine.Object[])
UnityEditor.ObjectPreview:DrawPreview (UnityEngine.Rect)
UnityEditor.PropertyEditor:DrawPreview (UnityEditor.IPreviewable)
UnityEditor.PropertyEditor:DrawPreviewAndLabels ()
UnityEngine.UIElements.IMGUIContainer:DoOnGUI (UnityEngine.Event,UnityEngine.Matrix4x4,UnityEngine.Rect,bool,UnityEngine.Rect,System.Action,bool)
UnityEngine.UIElements.IMGUIContainer:HandleIMGUIEvent (UnityEngine.Event,UnityEngine.Matrix4x4,UnityEngine.Rect,System.Action,bool)
UnityEngine.UIElements.IMGUIContainer:DoIMGUIRepaint ()
UnityEngine.UIElements.UIR.RenderChainCommand:ExecuteNonDrawMesh (UnityEngine.UIElements.UIR.DrawParams,single,System.Exception&)
UnityEngine.UIElements.UIR.UIRenderDevice:EvaluateChain (UnityEngine.UIElements.UIR.RenderChainCommand,UnityEngine.Material,UnityEngine.Texture,UnityEngine.Texture,System.Nullable`1<UnityEngine.Rect>,UnityEngine.Vector2,single,bool,UnityEngine.UIElements.TextureSlotCount,bool,System.Exception&)
UnityEngine.UIElements.UIR.RenderTreeManager:RenderSingleTree (UnityEngine.UIElements.UIR.RenderTree,UnityEngine.RenderTexture,UnityEngine.RectInt,UnityEngine.Rect)
UnityEngine.UIElements.UIR.RenderTreeManager:RenderRootTree ()
UnityEngine.UIElements.UIRRepaintUpdater:Render ()
UnityEngine.UIElements.BaseVisualElementPanel:Render ()
UnityEngine.UIElements.Panel:Render ()
UnityEditor.UIElements.EditorEventDispatchUtility:DoDispatch (UnityEngine.UIElements.BaseVisualElementPanel,UnityEngine.Event)
UnityEditor.UIElements.DefaultWindowBackend:ProcessEvent (UnityEngine.Event)
UnityEditor.GUIView:ProcessEvent (UnityEngine.EntityId,intptr,bool&)

(Filename: ./Library/PackageCache/com.unity.ugui@377fd60ad87b/Runtime/TMP/TextMeshProUGUI.cs Line: 2012)

The character with Unicode value \u0E47 was not found in the [LiberationSans SDF] font asset or any potential fallbacks. It was replaced by Unicode character \u25A1 in text object [Text (TMP)].
UnityEngine.Debug:ExtractStackTraceNoAlloc (byte*,int,string)
UnityEngine.StackTraceUtility:ExtractStackTrace ()
UnityEngine.DebugLogHandler:Internal_Log (UnityEngine.LogType,UnityEngine.LogOption,string,UnityEngine.Object)
UnityEngine.DebugLogHandler:LogFormat (UnityEngine.LogType,UnityEngine.Object,string,object[])
UnityEngine.Logger:Log (UnityEngine.LogType,object,UnityEngine.Object)
UnityEngine.Debug:LogWarning (object,UnityEngine.Object)
TMPro.TextMeshProUGUI:SetArraySizes (TMPro.TMP_Text/TextProcessingElement[]) (at ./Library/PackageCache/com.unity.ugui@377fd60ad87b/Runtime/TMP/TextMeshProUGUI.cs:2012)
TMPro.TMP_Text:ParseInputText () (at ./Library/PackageCache/com.unity.ugui@377fd60ad87b/Runtime/TMP/TMP_Text.cs:2063)
TMPro.TMP_Text:GetPreferredHeight () (at ./Library/PackageCache/com.unity.ugui@377fd60ad87b/Runtime/TMP/TMP_Text.cs:3787)
TMPro.TMP_Text:get_preferredHeight () (at ./Library/PackageCache/com.unity.ugui@377fd60ad87b/Runtime/TMP/TMP_Text.cs:1534)
UnityEditor.Events.LayoutPropertiesPreview/<>c:<OnPreviewGUI>b__8_3 (UnityEngine.UI.ILayoutElement) (at ./Library/PackageCache/com.unity.ugui@377fd60ad87b/Editor/UGUI/UI/LayoutPropertiesPreview.cs:101)
UnityEngine.UI.LayoutUtility:GetLayoutProperty (UnityEngine.RectTransform,System.Func`2<UnityEngine.UI.ILayoutElement, single>,single,UnityEngine.UI.ILayoutElement&) (at ./Library/PackageCache/com.unity.ugui@377fd60ad87b/Runtime/UGUI/UI/Core/Layout/LayoutUtility.cs:161)
UnityEditor.Events.LayoutPropertiesPreview:OnPreviewGUI (UnityEngine.Rect,UnityEngine.GUIStyle) (at ./Library/PackageCache/com.unity.ugui@377fd60ad87b/Editor/UGUI/UI/LayoutPropertiesPreview.cs:101)
UnityEditor.ObjectPreview:OnInteractivePreviewGUI (UnityEngine.Rect,UnityEngine.GUIStyle)
UnityEditor.ObjectPreview:DrawPreview (UnityEditor.IPreviewable,UnityEngine.Rect,UnityEngine.Object[])
UnityEditor.ObjectPreview:DrawPreview (UnityEngine.Rect)
UnityEditor.PropertyEditor:DrawPreview (UnityEditor.IPreviewable)
UnityEditor.PropertyEditor:DrawPreviewAndLabels ()
UnityEngine.UIElements.IMGUIContainer:DoOnGUI (UnityEngine.Event,UnityEngine.Matrix4x4,UnityEngine.Rect,bool,UnityEngine.Rect,System.Action,bool)
UnityEngine.UIElements.IMGUIContainer:HandleIMGUIEvent (UnityEngine.Event,UnityEngine.Matrix4x4,UnityEngine.Rect,System.Action,bool)
UnityEngine.UIElements.IMGUIContainer:DoIMGUIRepaint ()
UnityEngine.UIElements.UIR.RenderChainCommand:ExecuteNonDrawMesh (UnityEngine.UIElements.UIR.DrawParams,single,System.Exception&)
UnityEngine.UIElements.UIR.UIRenderDevice:EvaluateChain (UnityEngine.UIElements.UIR.RenderChainCommand,UnityEngine.Material,UnityEngine.Texture,UnityEngine.Texture,System.Nullable`1<UnityEngine.Rect>,UnityEngine.Vector2,single,bool,UnityEngine.UIElements.TextureSlotCount,bool,System.Exception&)
UnityEngine.UIElements.UIR.RenderTreeManager:RenderSingleTree (UnityEngine.UIElements.UIR.RenderTree,UnityEngine.RenderTexture,UnityEngine.RectInt,UnityEngine.Rect)
UnityEngine.UIElements.UIR.RenderTreeManager:RenderRootTree ()
UnityEngine.UIElements.UIRRepaintUpdater:Render ()
UnityEngine.UIElements.BaseVisualElementPanel:Render ()
UnityEngine.UIElements.Panel:Render ()
UnityEditor.UIElements.EditorEventDispatchUtility:DoDispatch (UnityEngine.UIElements.BaseVisualElementPanel,UnityEngine.Event)
UnityEditor.UIElements.DefaultWindowBackend:ProcessEvent (UnityEngine.Event)
UnityEditor.GUIView:ProcessEvent (UnityEngine.EntityId,intptr,bool&)

(Filename: ./Library/PackageCache/com.unity.ugui@377fd60ad87b/Runtime/TMP/TextMeshProUGUI.cs Line: 2012)

Asset Pipeline Refresh (id=3f8fe882e9db15c4085b1b9c0823abbf): Total: 0.004 seconds - Initiated by RefreshV2(AllowForceSynchronousImport)
Asset Pipeline Refresh (id=2f77a68d91ff2b9409c7a155d76dd258): Total: 0.004 seconds - Initiated by RefreshV2(AllowForceSynchronousImport)
Asset Pipeline Refresh (id=4108c2ebf74771e47bcece8e19a40c0e): Total: 0.005 seconds - Initiated by RefreshV2(AllowForceSynchronousImport)
Asset Pipeline Refresh (id=06fbc04068c926142bda77193c74fe21): Total: 0.005 seconds - Initiated by RefreshV2(AllowForceSynchronousImport)
Asset Pipeline Refresh (id=c4f13cff506a0e747a0e0111d9122aa5): Total: 0.005 seconds - Initiated by RefreshV2(AllowForceSynchronousImport)
Asset Pipeline Refresh (id=06ff74bdc9c2671489bc3bd20f467906): Total: 0.004 seconds - Initiated by RefreshV2(AllowForceSynchronousImport)
Starting new worker id: 1 with log in C:/Users/MTA-403/Desktop/DMT321_Lab01_Unity6.5/Logs/AssetImportWorkerHW1.log
[Worker0] Imported GUID: f952c082cb03451daed3ee968ac6c63e - Path: Assets/TextMesh Pro/Resources/Style Sheets/Default Style Sheet.asset - Importer: PreviewImporter -> (ImportResultId: 'bd4a47296eb2a618720f97ea49dfc4f2') in 0.0529891 seconds
[Worker0] Imported GUID: dffef66376be4fa480fb02b19edbe903 - Path: Assets/TextMesh Pro/Sprites/EmojiOne.png - Importer: PreviewImporter -> (ImportResultId: '2a5b2183a1858675fdf143b36e5fa6ad') in 0.1138934 seconds
[Worker0] Imported GUID: c41005c129ba4d66911b75229fd70b45 - Path: Assets/TextMesh Pro/Resources/Sprite Assets/EmojiOne.asset - Importer: PreviewImporter -> (ImportResultId: '38e0579d8dceec20735db4e52f1ec075') in 0.0055629 seconds
Worker ready: AssetImportWorkerHW1 1
Asset Pipeline Refresh (id=ac68302882a4a2149bfdafce3a77174a): Total: 0.007 seconds - Initiated by RefreshV2(AllowForceSynchronousImport)
Asset Pipeline Refresh (id=7133148b8f6282e458fb6fbd263fc749): Total: 0.005 seconds - Initiated by RefreshV2(AllowForceSynchronousImport)
Asset Pipeline Refresh (id=a20fa51fcd138fd41b0391fad510a733): Total: 0.004 seconds - Initiated by RefreshV2(AllowForceSynchronousImport)
Asset Pipeline Refresh (id=63f5516c681280a4fb2223e4231b05db): Total: 0.005 seconds - Initiated by RefreshV2(AllowForceSynchronousImport)
Asset Pipeline Refresh (id=d66d36e28805e834b8487cc34da39524): Total: 0.011 seconds - Initiated by RefreshV2(AllowForceSynchronousImport)
Reloading assemblies for play mode.
Reloading assemblies after forced synchronous recompile.
Begin MonoManager ReloadAssembly
[Licensing::Client] Successfully resolved entitlement details
Native extension for WindowsStandalone target not found
Native extension for WebGL target not found
ScheduleIndexationOnStartup MainProcess:True IndexOnStartup:True
[MODES] ModeService[none].Initialize
[MODES] ModeService[none].LoadModes
Mono: successfully reloaded assembly
- Finished resetting the current domain, in  1.624 seconds
Domain Reload Profiling: 2290ms
	BeginReloadAssembly (456ms)
		DisableScriptedObjects (104ms)
		CreateAndSetChildDomain (129ms)
	RebuildCommonClasses (12ms)
	RebuildNativeTypeToScriptingClass (22ms)
	initialDomainReloadingComplete (50ms)
	LoadAllAssembliesAndSetupDomain (124ms)
		LoadAssemblies (136ms)
		AnalyzeDomain (9ms)
			TypeCache.Refresh (5ms)
	FinalizeReload (1625ms)
		SetupLoadedEditorAssemblies (0ms)
			BeforeProcessingInitializeOnLoad (114ms)
			ProcessInitializeOnLoadAttributes (93ms)
			ProcessInitializeOnLoadMethodAttributes (84ms)
			AfterProcessingInitializeOnLoad (7ms)
		AwakeInstancesAfterBackupRestoration (800ms)

Asset Pipeline Refresh (id=a11bb03559df610468f9d8d5e8f3ce9a): Total: 2.392 seconds - Initiated by StopAssetImportingV2(ForceSynchronousImport | ForceDomainReload)
	(Values over 0.05ms)
	Summary:
		Imports: total=0 (actual=0, local cache=0, cache server=0)
		Asset DB Process Time: managed=0 ms, native=1665 ms
		Asset DB Callback time: managed=22 ms, native=0 ms
		Scripting: domain reloads=1, domain reload time=701 ms, compile time=2 ms, other=0 ms
		Project Asset Count: scripts=135, non-scripts=91
		Asset File Changes: new=0, changed=0, moved=0, deleted=0
		Scan Filter Count: 0
	InvokePackagesCallback: 2.053ms
	ApplyChangesToAssetFolders: 0.067ms
	Collect global state as custom dependencies: 0.094ms
	CategorizeAssets: 1.235ms
	CompileScripts: 1.771ms
	ImportOutOfDateAssets: 1627.709ms (1625.993ms without children)
		ReloadNativeAssets: 0.394ms
		UnloadImportedAssets: 0.228ms
		ImportSchedulerStart: 1.045ms
	PostProcessAllAssets: 22.954ms
		MonoPostProcessAllAssets: 22.950ms
			WindowAssetPostprocessingWatcher.OnPostprocessAllAssets 10.090ms
			BuilderAssetPostprocessor.OnPostprocessAllAssets 6.836ms
			AssetChangedListener.OnPostprocessAllAssets 6.249ms
			AssetPostprocessor.OnPostprocessAllAssets 4.719ms
			SyncVS.PostprocessSyncProject 1.384ms
			RetainedModeAssetPostprocessor.OnPostprocessAllAssets 1.329ms
			SpeedTree9Postprocessor.OnPostprocessAllAssets 0.885ms
			ArtifactBrowserPostProcessor.OnPostprocessAllAssets 0.858ms
			TextAssetPostProcessor.OnPostprocessAllAssets 0.715ms
			TMPro_TexturePostProcessor.OnPostprocessAllAssets 0.675ms
			AudioMixerPostprocessor.OnPostprocessAllAssets 0.406ms
			ReferencedClipsPostProcessor.OnPostprocessAllAssets 0.364ms
			EditModeScopePostprocessor.OnPostprocessAllAssets 0.329ms
			StyleCatalogPostProcessor.OnPostprocessAllAssets 0.325ms
			AssetEvents.OnPostprocessAllAssets 0.282ms
			SpeedTreePostProcessor.OnPostprocessAllAssets 0.198ms
			AssetDatabaseCallbacks.OnPostprocessAllAssets 0.186ms
			TerrainToolbarOverlayPostProcessor.OnPostprocessAllAssets 0.172ms
			ConfigAssetsTracker.OnPostprocessAllAssets 0.168ms
			ScenarioDriftAssetsTracker.OnPostprocessAllAssets 0.159ms
			RenderPipelineGlobalSettingsPostprocessor.OnPostprocessAllAssets 0.091ms
			AudioContainerPostProcessor.OnPostprocessAllAssets 0.082ms
	GenerateScriptTypeHashes: 0.379ms
	GenerateScriptTypeSerializationHashes: 0.724ms
	Untracked: 731.001ms

Loaded scene 'Temp/__Backupscenes/0.backup'
	Deserialize:            3.611 ms
	Integration:            43.171 ms
	Integration of assets:  0.003 ms
	Thread Wait Time:       0.051 ms
	Total Operation Time:   46.835 ms
[Licensing::Client] Successfully resolved entitlement details
[Licensing::Client] Successfully updated the access token
[Licensing::Module] Successfully updated access token: "TjSI2olC"... (expires: 2026-08-10T08:26:44Z)
Asset Pipeline Refresh (id=555e26fd6e8094c48be241994c6788af): Total: 0.006 seconds - Initiated by RefreshV2(NoUpdateAssetOptions)
Unloading 1 Unused Serialized files (Serialized files now loaded: 0)
Loaded scene 'Temp/__Backupscenes/0.backup'
	Deserialize:            2.365 ms
	Integration:            14.337 ms
	Integration of assets:  0.002 ms
	Thread Wait Time:       0.048 ms
	Total Operation Time:   16.753 ms
Unloading 33 unused Assets / (29.4 MB). Loaded Objects now: 2508.
Memory consumption went from 434.7 MB to 405.3 MB.
Total: 15.662000 ms (FindLiveObjects: 0.214300 ms CreateObjectMapping: 0.084300 ms MarkObjects: 14.198900 ms  DeleteObjects: 1.163000 ms)

[Licensing::Client] Successfully resolved entitlement details
Reloading assemblies for play mode.
Reloading assemblies after forced synchronous recompile.
Begin MonoManager ReloadAssembly
Native extension for WindowsStandalone target not found
Native extension for WebGL target not found
ScheduleIndexationOnStartup MainProcess:True IndexOnStartup:True
[MODES] ModeService[none].Initialize
[MODES] ModeService[none].LoadModes
Mono: successfully reloaded assembly
- Finished resetting the current domain, in  1.624 seconds
Domain Reload Profiling: 2313ms
	BeginReloadAssembly (477ms)
		DisableScriptedObjects (95ms)
		CreateAndSetChildDomain (142ms)
	RebuildCommonClasses (12ms)
	RebuildNativeTypeToScriptingClass (23ms)
	initialDomainReloadingComplete (51ms)
	LoadAllAssembliesAndSetupDomain (124ms)
		LoadAssemblies (128ms)
		AnalyzeDomain (10ms)
			TypeCache.Refresh (4ms)
	FinalizeReload (1625ms)
		SetupLoadedEditorAssemblies (0ms)
			InitializePlatformSupportModulesInManaged (3ms)
			BeforeProcessingInitializeOnLoad (109ms)
			ProcessInitializeOnLoadAttributes (92ms)
			ProcessInitializeOnLoadMethodAttributes (86ms)
			AfterProcessingInitializeOnLoad (7ms)
		AwakeInstancesAfterBackupRestoration (815ms)

Asset Pipeline Refresh (id=7e5f314b416c5ba49bbdeea242fa9066): Total: 2.419 seconds - Initiated by StopAssetImportingV2(ForceSynchronousImport | ForceDomainReload)
	(Values over 0.05ms)
	Summary:
		Imports: total=0 (actual=0, local cache=0, cache server=0)
		Asset DB Process Time: managed=0 ms, native=1668 ms
		Asset DB Callback time: managed=23 ms, native=0 ms
		Scripting: domain reloads=1, domain reload time=725 ms, compile time=2 ms, other=0 ms
		Project Asset Count: scripts=135, non-scripts=91
		Asset File Changes: new=0, changed=0, moved=0, deleted=0
		Scan Filter Count: 0
	InvokePackagesCallback: 2.087ms
	ApplyChangesToAssetFolders: 0.067ms
	Collect global state as custom dependencies: 0.093ms
	CategorizeAssets: 1.249ms
	CompileScripts: 1.829ms
	ImportOutOfDateAssets: 1628.227ms (1626.514ms without children)
		ReloadNativeAssets: 0.424ms
		UnloadImportedAssets: 0.231ms
		ImportSchedulerStart: 1.012ms
	PostProcessAllAssets: 23.061ms
		MonoPostProcessAllAssets: 23.057ms
			WindowAssetPostprocessingWatcher.OnPostprocessAllAssets 10.263ms
			BuilderAssetPostprocessor.OnPostprocessAllAssets 6.836ms
			AssetChangedListener.OnPostprocessAllAssets 6.249ms
			AssetPostprocessor.OnPostprocessAllAssets 4.719ms
			SyncVS.PostprocessSyncProject 1.440ms
			RetainedModeAssetPostprocessor.OnPostprocessAllAssets 1.329ms
			SpeedTree9Postprocessor.OnPostprocessAllAssets 0.954ms
			ArtifactBrowserPostProcessor.OnPostprocessAllAssets 0.858ms
			TextAssetPostProcessor.OnPostprocessAllAssets 0.715ms
			TMPro_TexturePostProcessor.OnPostprocessAllAssets 0.675ms
			AudioMixerPostprocessor.OnPostprocessAllAssets 0.406ms
			ReferencedClipsPostProcessor.OnPostprocessAllAssets 0.337ms
			StyleCatalogPostProcessor.OnPostprocessAllAssets 0.325ms
			EditModeScopePostprocessor.OnPostprocessAllAssets 0.319ms
			AssetEvents.OnPostprocessAllAssets 0.282ms
			SpeedTreePostProcessor.OnPostprocessAllAssets 0.198ms
			AssetDatabaseCallbacks.OnPostprocessAllAssets 0.176ms
			TerrainToolbarOverlayPostProcessor.OnPostprocessAllAssets 0.168ms
			ConfigAssetsTracker.OnPostprocessAllAssets 0.168ms
			ScenarioDriftAssetsTracker.OnPostprocessAllAssets 0.159ms
			RenderPipelineGlobalSettingsPostprocessor.OnPostprocessAllAssets 0.089ms
			AudioContainerPostProcessor.OnPostprocessAllAssets 0.082ms
	UnloadStreamsBegin: 0.081ms
	GenerateScriptTypeHashes: 0.411ms
	GenerateScriptTypeSerializationHashes: 0.814ms
	Untracked: 756.224ms

Loaded scene 'Temp/__Backupscenes/0.backup'
	Deserialize:            3.887 ms
	Integration:            40.622 ms
	Integration of assets:  0.003 ms
	Thread Wait Time:       0.022 ms
	Total Operation Time:   44.534 ms
[Licensing::Client] Successfully resolved entitlement details
Unloading 0 Unused Serialized files (Serialized files now loaded: 0)
Loaded scene 'Temp/__Backupscenes/0.backup'
	Deserialize:            2.393 ms
	Integration:            13.920 ms
	Integration of assets:  0.002 ms
	Thread Wait Time:       0.014 ms
	Total Operation Time:   16.329 ms
Unloading 7 unused Assets / (29.4 MB). Loaded Objects now: 2509.
Memory consumption went from 433.9 MB to 404.5 MB.
Total: 16.606800 ms (FindLiveObjects: 0.206900 ms CreateObjectMapping: 0.068300 ms MarkObjects: 15.137400 ms  DeleteObjects: 1.193000 ms)

Asset Pipeline Refresh (id=a9dccc8e63e5c3f4c8ff202f75febe39): Total: 0.008 seconds - Initiated by RefreshV2(AllowForceSynchronousImport)
Asset Pipeline Refresh (id=f09038743a9bfa74b9e59ea338b8d032): Total: 0.004 seconds - Initiated by RefreshV2(AllowForceSynchronousImport)
Asset Pipeline Refresh (id=c270d0e5e51b3fd43bdd6fb432fcf064): Total: 0.004 seconds - Initiated by RefreshV2(AllowForceSynchronousImport)
Asset Pipeline Refresh (id=99703f39bb9750245b170495734e5e13): Total: 0.005 seconds - Initiated by RefreshV2(AllowForceSynchronousImport)
Asset Pipeline Refresh (id=cfc6cc1fdc8576a46868b9c5b9850ee8): Total: 0.004 seconds - Initiated by RefreshV2(AllowForceSynchronousImport)
Asset Pipeline Refresh (id=cd2f058179a093e4ab78ffb6259d1ef2): Total: 0.010 seconds - Initiated by RefreshV2(AllowForceSynchronousImport)
Asset Pipeline Refresh (id=7efc1413aa3514b40b90b0714ca8c4c9): Total: 0.009 seconds - Initiated by RefreshV2(AllowForceSynchronousImport)
Asset Pipeline Refresh (id=53de8dde2459f644a94467c347fa1b5d): Total: 0.007 seconds - Initiated by RefreshV2(AllowForceSynchronousImport)
Asset Pipeline Refresh (id=931cbc5ae64fdf24fa337f548d8e7191): Total: 0.005 seconds - Initiated by RefreshV2(AllowForceSynchronousImport)
Asset Pipeline Refresh (id=e350b0e134f88ff4881d7ef44105c3e3): Total: 0.004 seconds - Initiated by RefreshV2(AllowForceSynchronousImport)
[ScriptCompilation] Requested script compilation because: AssetDatabase observed changes in script compilation related files
[Licensing::Client] Successfully resolved entitlement details
info: Microsoft.AspNetCore.Hosting.Diagnostics[1]
      Request starting HTTP/2 POST http://ilpp/UnityILPP.PostProcessing/Ping - application/grpc -
info: Microsoft.AspNetCore.Routing.EndpointMiddleware[0]
      Executing endpoint 'gRPC - /UnityILPP.PostProcessing/Ping'
info: Microsoft.AspNetCore.Routing.EndpointMiddleware[1]
      Executed endpoint 'gRPC - /UnityILPP.PostProcessing/Ping'
info: Microsoft.AspNetCore.Hosting.Diagnostics[2]
      Request finished HTTP/2 POST http://ilpp/UnityILPP.PostProcessing/Ping - 200 - application/grpc 1.9810ms
Starting: C:\Program Files\Unity\Hub\Editor\6000.5.3f1\Editor\Data\Tools\BuildPipeline\bee_backend.exe --ipc --defer-dag-verification --dagfile="Library/Bee/1900b0aE.dag" --continue-on-failure --profile="Library/Bee/backend1.traceevents" ScriptAssemblies
WorkingDir: C:/Users/MTA-403/Desktop/DMT321_Lab01_Unity6.5
ExitCode: 3 Duration: 1s156ms
[211/214    1s] Csc Library/Bee/artifacts/1900b0aE.dag/Assembly-CSharp.dll (+2 others)
##### CommandLine
"C:\Program Files\Unity\Hub\Editor\6000.5.3f1\Editor\Data\DotNetSdk\dotnet.exe" exec "C:/Program Files/Unity/Hub/Editor/6000.5.3f1/Editor/Data/DotNetSdk/sdk/8.0.318/Roslyn/bincore/csc.dll" /nostdlib /noconfig /shared "@Library/Bee/artifacts/1900b0aE.dag/Assembly-CSharp.rsp" "@Library/Bee/artifacts/1900b0aE.dag/Assembly-CSharp.rsp2"
##### Contents of Library\Bee\artifacts\1900b0aE.dag\Assembly-CSharp.rsp
-target:library
-out:"Library/Bee/artifacts/1900b0aE.dag/Assembly-CSharp.dll"
-refout:"Library/Bee/artifacts/1900b0aE.dag/Assembly-CSharp.ref.dll"
-define:UNITY_6000_5_3
-define:UNITY_6000_5
-define:UNITY_6000
-define:UNITY_5_3_OR_NEWER
-define:UNITY_5_4_OR_NEWER
-define:UNITY_5_5_OR_NEWER
-define:UNITY_5_6_OR_NEWER
-define:UNITY_2017_1_OR_NEWER
-define:UNITY_2017_2_OR_NEWER
-define:UNITY_2017_3_OR_NEWER
-define:UNITY_2017_4_OR_NEWER
-define:UNITY_2018_1_OR_NEWER
-define:UNITY_2018_2_OR_NEWER
-define:UNITY_2018_3_OR_NEWER
-define:UNITY_2018_4_OR_NEWER
-define:UNITY_2019_1_OR_NEWER
-define:UNITY_2019_2_OR_NEWER
-define:UNITY_2019_3_OR_NEWER
-define:UNITY_2019_4_OR_NEWER
-define:UNITY_2020_1_OR_NEWER
-define:UNITY_2020_2_OR_NEWER
-define:UNITY_2020_3_OR_NEWER
-define:UNITY_2021_1_OR_NEWER
-define:UNITY_2021_2_OR_NEWER
-define:UNITY_2021_3_OR_NEWER
-define:UNITY_2022_1_OR_NEWER
-define:UNITY_2022_2_OR_NEWER
-define:UNITY_2022_3_OR_NEWER
-define:UNITY_2023_1_OR_NEWER
-define:UNITY_2023_2_OR_NEWER
-define:UNITY_2023_3_OR_NEWER
-define:UNITY_6000_0_OR_NEWER
-define:UNITY_6000_1_OR_NEWER
-define:UNITY_6000_2_OR_NEWER
-define:UNITY_6000_3_OR_NEWER
-define:UNITY_6000_4_OR_NEWER
-define:UNITY_6000_5_OR_NEWER
-define:PLATFORM_ARCH_64
-define:UNITY_64
-define:UNITY_INCLUDE_TESTS
-define:ENABLE_AR
-define:ENABLE_AUDIO
-define:ENABLE_AUDIO_SCRIPTABLE_PIPELINE
-define:ENABLE_CACHING
-define:ENABLE_CLOTH
-define:ENABLE_EVENT_QUEUE
-define:ENABLE_MICROPHONE
-define:ENABLE_MULTIPLE_DISPLAYS
-define:ENABLE_PHYSICS
-define:ENABLE_TEXTURE_STREAMING
-define:ENABLE_VIRTUALTEXTURING
-define:ENABLE_LZMA
-define:ENABLE_UNITYEVENTS
-define:ENABLE_VR
-define:ENABLE_WEBCAM
-define:ENABLE_UNITYWEBREQUEST
-define:ENABLE_WWW
-define:ENABLE_CLOUD_SERVICES
-define:ENABLE_CLOUD_SERVICES_ADS
-define:ENABLE_CLOUD_SERVICES_USE_WEBREQUEST
-define:ENABLE_UNITY_CONSENT
-define:ENABLE_UNITY_CLOUD_IDENTIFIERS
-define:ENABLE_CLOUD_SERVICES_CRASH_REPORTING
-define:ENABLE_CLOUD_SERVICES_NATIVE_CRASH_REPORTING
-define:ENABLE_CLOUD_SERVICES_PURCHASING
-define:ENABLE_CLOUD_SERVICES_ANALYTICS
-define:ENABLE_CLOUD_SERVICES_BUILD
-define:ENABLE_EDITOR_GAME_SERVICES
-define:ENABLE_UNITY_GAME_SERVICES_ANALYTICS_SUPPORT
-define:ENABLE_CLOUD_LICENSE
-define:ENABLE_EDITOR_HUB_LICENSE
-define:ENABLE_WEBSOCKET_CLIENT
-define:ENABLE_GENERATE_NATIVE_PLUGINS_FOR_ASSEMBLIES_API
-define:ENABLE_DIRECTOR_AUDIO
-define:ENABLE_DIRECTOR_TEXTURE
-define:ENABLE_MANAGED_JOBS
-define:ENABLE_MANAGED_TRANSFORM_JOBS
-define:ENABLE_MANAGED_ANIMATION_JOBS
-define:ENABLE_MANAGED_AUDIO_JOBS
-define:ENABLE_MANAGED_UNITYTLS
-define:INCLUDE_DYNAMIC_GI
-define:ENABLE_SCRIPTING_GC_WBARRIERS
-define:PLATFORM_SUPPORTS_MONO
-define:RENDER_SOFTWARE_CURSOR
-define:ENABLE_MARSHALLING_TESTS
-define:ENABLE_VIDEO
-define:ENABLE_NAVIGATION_OFFMESHLINK_TO_NAVMESHLINK
-define:ENABLE_ACCELERATOR_CLIENT_DEBUGGING
-define:ENABLE_ACCESSIBILITY_SCREEN_READER
-define:TEXTCORE_1_0_OR_NEWER
-define:EDITOR_ONLY_NAVMESH_BUILDER_DEPRECATED
-define:PLATFORM_STANDALONE_WIN
-define:PLATFORM_STANDALONE
-define:UNITY_STANDALONE_WIN
-define:UNITY_STANDALONE
-define:ENABLE_RUNTIME_GI
-define:ENABLE_MOVIES
-define:ENABLE_NETWORK
-define:ENABLE_NVIDIA
-define:ENABLE_AMD
-define:ENABLE_CRUNCH_TEXTURE_COMPRESSION
-define:ENABLE_CLOUD_SERVICES_ENGINE_DIAGNOSTICS
-define:ENABLE_OUT_OF_PROCESS_CRASH_HANDLER
-define:ENABLE_CLUSTER_SYNC
-define:ENABLE_CLUSTERINPUT
-define:PLATFORM_UPDATES_TIME_OUTSIDE_OF_PLAYER_LOOP
-define:GFXDEVICE_WAITFOREVENT_MESSAGEPUMP
-define:PLATFORM_USES_EXPLICIT_MEMORY_MANAGER_INITIALIZER
-define:PLATFORM_SUPPORTS_WAIT_FOR_PRESENTATION
-define:PLATFORM_SUPPORTS_SPLIT_GRAPHICS_JOBS
-define:PLATFORM_USES_VULKAN_OLD_SWAPCHAIN
-define:USE_READ_ASYNC_MANAGED_API
-define:ENABLE_MONO
-define:NET_STANDARD_2_0
-define:NET_STANDARD
-define:NET_STANDARD_2_1
-define:NETSTANDARD
-define:NETSTANDARD2_1
-define:ENABLE_PROFILER
-define:DEBUG
-define:TRACE
-define:UNITY_ASSERTIONS
-define:UNITY_EDITOR
-define:UNITY_EDITOR_64
-define:UNITY_EDITOR_WIN
-define:ENABLE_UNITY_COLLECTIONS_CHECKS
-define:ENABLE_BURST_AOT
-define:UNITY_TEAM_LICENSE
-define:ENABLE_CUSTOM_RENDER_TEXTURE
-define:ENABLE_DIRECTOR
-define:ENABLE_LOCALIZATION
-define:ENABLE_SPRITES
-define:ENABLE_TERRAIN
-define:ENABLE_TILEMAP
-define:ENABLE_TIMELINE
-define:ENABLE_LEGACY_INPUT_MANAGER
-define:TEXTCORE_FONT_ENGINE_1_5_OR_NEWER
-define:TEXTCORE_TEXT_ENGINE_1_5_OR_NEWER
-define:TEXTCORE_FONT_ENGINE_1_6_OR_NEWER
-define:CSHARP_7_OR_LATER
-define:CSHARP_7_3_OR_NEWER
-r:"C:/Program Files/Unity/Hub/Editor/6000.5.3f1/Editor/Data/BCLExtensions/TargetingPacks/netstandard2.1/ref/Microsoft.Bcl.AsyncInterfaces.dll"
-r:"C:/Program Files/Unity/Hub/Editor/6000.5.3f1/Editor/Data/BCLExtensions/TargetingPacks/netstandard2.1/ref/Microsoft.Extensions.DependencyInjection.Abstractions.dll"
-r:"C:/Program Files/Unity/Hub/Editor/6000.5.3f1/Editor/Data/BCLExtensions/TargetingPacks/netstandard2.1/ref/Microsoft.Extensions.Logging.Abstractions.dll"
-r:"C:/Program Files/Unity/Hub/Editor/6000.5.3f1/Editor/Data/BCLExtensions/TargetingPacks/netstandard2.1/ref/System.Collections.Immutable.dll"
-r:"C:/Program Files/Unity/Hub/Editor/6000.5.3f1/Editor/Data/BCLExtensions/TargetingPacks/netstandard2.1/ref/System.Diagnostics.DiagnosticSource.dll"
-r:"C:/Program Files/Unity/Hub/Editor/6000.5.3f1/Editor/Data/BCLExtensions/TargetingPacks/netstandard2.1/ref/System.IO.Hashing.dll"
-r:"C:/Program Files/Unity/Hub/Editor/6000.5.3f1/Editor/Data/BCLExtensions/TargetingPacks/netstandard2.1/ref/System.Reflection.Metadata.dll"
-r:"C:/Program Files/Unity/Hub/Editor/6000.5.3f1/Editor/Data/BCLExtensions/TargetingPacks/netstandard2.1/ref/System.Runtime.CompilerServices.Unsafe.dll"
-r:"C:/Program Files/Unity/Hub/Editor/6000.5.3f1/Editor/Data/BCLExtensions/TargetingPacks/netstandard2.1/ref/System.Text.Encodings.Web.dll"
-r:"C:/Program Files/Unity/Hub/Editor/6000.5.3f1/Editor/Data/BCLExtensions/TargetingPacks/netstandard2.1/ref/System.Text.Json.dll"
-r:"C:/Program Files/Unity/Hub/Editor/6000.5.3f1/Editor/Data/Managed/UnityEngine/Unity.Scripting.dll"
-r:"C:/Program Files/Unity/Hub/Editor/6000.5.3f1/Editor/Data/Managed/UnityEngine/UnityEditor.AIModule.dll"
-r:"C:/Program Files/Unity/Hub/Editor/6000.5.3f1/Editor/Data/Managed/UnityEngine/UnityEditor.AccessibilityModule.dll"
-r:"C:/Program Files/Unity/Hub/Editor/6000.5.3f1/Editor/Data/Managed/UnityEngine/UnityEditor.AdaptivePerformanceModule.dll"
-r:"C:/Program Files/Unity/Hub/Editor/6000.5.3f1/Editor/Data/Managed/UnityEngine/UnityEditor.AssetComplianceModule.dll"
-r:"C:/Program Files/Unity/Hub/Editor/6000.5.3f1/Editor/Data/Managed/UnityEngine/UnityEditor.BuildProfileModule.dll"
-r:"C:/Program Files/Unity/Hub/Editor/6000.5.3f1/Editor/Data/Managed/UnityEngine/UnityEditor.ClothModule.dll"
-r:"C:/Program Files/Unity/Hub/Editor/6000.5.3f1/Editor/Data/Managed/UnityEngine/UnityEditor.ContentLoadModule.dll"
-r:"C:/Program Files/Unity/Hub/Editor/6000.5.3f1/Editor/Data/Managed/UnityEngine/UnityEditor.CoreBusinessMetricsModule.dll"
-r:"C:/Program Files/Unity/Hub/Editor/6000.5.3f1/Editor/Data/Managed/UnityEngine/UnityEditor.CoreModule.dll"
-r:"C:/Program Files/Unity/Hub/Editor/6000.5.3f1/Editor/Data/Managed/UnityEngine/UnityEditor.DeviceSimulatorModule.dll"
-r:"C:/Program Files/Unity/Hub/Editor/6000.5.3f1/Editor/Data/Managed/UnityEngine/UnityEditor.DiagnosticsModule.dll"
-r:"C:/Program Files/Unity/Hub/Editor/6000.5.3f1/Editor/Data/Managed/UnityEngine/UnityEditor.EditorToolbarModule.dll"
-r:"C:/Program Files/Unity/Hub/Editor/6000.5.3f1/Editor/Data/Managed/UnityEngine/UnityEditor.EmbreeModule.dll"
-r:"C:/Program Files/Unity/Hub/Editor/6000.5.3f1/Editor/Data/Managed/UnityEngine/UnityEditor.GIModule.dll"
-r:"C:/Program Files/Unity/Hub/Editor/6000.5.3f1/Editor/Data/Managed/UnityEngine/UnityEditor.GenericRemoteModule.dll"
-r:"C:/Program Files/Unity/Hub/Editor/6000.5.3f1/Editor/Data/Managed/UnityEngine/UnityEditor.GraphToolkitModule.dll"
-r:"C:/Program Files/Unity/Hub/Editor/6000.5.3f1/Editor/Data/Managed/UnityEngine/UnityEditor.GraphViewModule.dll"
-r:"C:/Program Files/Unity/Hub/Editor/6000.5.3f1/Editor/Data/Managed/UnityEngine/UnityEditor.GraphicsStateCollectionSerializerModule.dll"
-r:"C:/Program Files/Unity/Hub/Editor/6000.5.3f1/Editor/Data/Managed/UnityEngine/UnityEditor.GridAndSnapModule.dll"
-r:"C:/Program Files/Unity/Hub/Editor/6000.5.3f1/Editor/Data/Managed/UnityEngine/UnityEditor.GridModule.dll"
-r:"C:/Program Files/Unity/Hub/Editor/6000.5.3f1/Editor/Data/Managed/UnityEngine/UnityEditor.HierarchyModule.dll"
-r:"C:/Program Files/Unity/Hub/Editor/6000.5.3f1/Editor/Data/Managed/UnityEngine/UnityEditor.LightingModule.dll"
-r:"C:/Program Files/Unity/Hub/Editor/6000.5.3f1/Editor/Data/Managed/UnityEngine/UnityEditor.MathematicsModule.dll"
-r:"C:/Program Files/Unity/Hub/Editor/6000.5.3f1/Editor/Data/Managed/UnityEngine/UnityEditor.MediaModule.dll"
-r:"C:/Program Files/Unity/Hub/Editor/6000.5.3f1/Editor/Data/Managed/UnityEngine/UnityEditor.MultiplayerModule.dll"
-r:"C:/Program Files/Unity/Hub/Editor/6000.5.3f1/Editor/Data/Managed/UnityEngine/UnityEditor.Physics2DModule.dll"
-r:"C:/Program Files/Unity/Hub/Editor/6000.5.3f1/Editor/Data/Managed/UnityEngine/UnityEditor.PhysicsCore2DModule.dll"
-r:"C:/Program Files/Unity/Hub/Editor/6000.5.3f1/Editor/Data/Managed/UnityEngine/UnityEditor.PhysicsModule.dll"
-r:"C:/Program Files/Unity/Hub/Editor/6000.5.3f1/Editor/Data/Managed/UnityEngine/UnityEditor.PlayModeModule.dll"
-r:"C:/Program Files/Unity/Hub/Editor/6000.5.3f1/Editor/Data/Managed/UnityEngine/UnityEditor.PresetsUIModule.dll"
-r:"C:/Program Files/Unity/Hub/Editor/6000.5.3f1/Editor/Data/Managed/UnityEngine/UnityEditor.ProjectAuditorModule.dll"
-r:"C:/Program Files/Unity/Hub/Editor/6000.5.3f1/Editor/Data/Managed/UnityEngine/UnityEditor.PropertiesModule.dll"
-r:"C:/Program Files/Unity/Hub/Editor/6000.5.3f1/Editor/Data/Managed/UnityEngine/UnityEditor.QuickInstallModule.dll"
-r:"C:/Program Files/Unity/Hub/Editor/6000.5.3f1/Editor/Data/Managed/UnityEngine/UnityEditor.QuickSearchModule.dll"
-r:"C:/Program Files/Unity/Hub/Editor/6000.5.3f1/Editor/Data/Managed/UnityEngine/UnityEditor.SafeModeModule.dll"
-r:"C:/Program Files/Unity/Hub/Editor/6000.5.3f1/Editor/Data/Managed/UnityEngine/UnityEditor.SceneTemplateModule.dll"
-r:"C:/Program Files/Unity/Hub/Editor/6000.5.3f1/Editor/Data/Managed/UnityEngine/UnityEditor.SceneViewModule.dll"
-r:"C:/Program Files/Unity/Hub/Editor/6000.5.3f1/Editor/Data/Managed/UnityEngine/UnityEditor.ShaderBuildSettingsModule.dll"
-r:"C:/Program Files/Unity/Hub/Editor/6000.5.3f1/Editor/Data/Managed/UnityEngine/UnityEditor.ShaderCompilationModule.dll"
-r:"C:/Program Files/Unity/Hub/Editor/6000.5.3f1/Editor/Data/Managed/UnityEngine/UnityEditor.ShaderFoundryModule.dll"
-r:"C:/Program Files/Unity/Hub/Editor/6000.5.3f1/Editor/Data/Managed/UnityEngine/UnityEditor.SketchUpModule.dll"
-r:"C:/Program Files/Unity/Hub/Editor/6000.5.3f1/Editor/Data/Managed/UnityEngine/UnityEditor.SpriteMaskModule.dll"
-r:"C:/Program Files/Unity/Hub/Editor/6000.5.3f1/Editor/Data/Managed/UnityEngine/UnityEditor.SpriteShapeModule.dll"
-r:"C:/Program Files/Unity/Hub/Editor/6000.5.3f1/Editor/Data/Managed/UnityEngine/UnityEditor.SubstanceModule.dll"
-r:"C:/Program Files/Unity/Hub/Editor/6000.5.3f1/Editor/Data/Managed/UnityEngine/UnityEditor.TerrainModule.dll"
-r:"C:/Program Files/Unity/Hub/Editor/6000.5.3f1/Editor/Data/Managed/UnityEngine/UnityEditor.TextCoreFontEngineModule.dll"
-r:"C:/Program Files/Unity/Hub/Editor/6000.5.3f1/Editor/Data/Managed/UnityEngine/UnityEditor.TextCoreTextEngineModule.dll"
-r:"C:/Program Files/Unity/Hub/Editor/6000.5.3f1/Editor/Data/Managed/UnityEngine/UnityEditor.TextRenderingModule.dll"
-r:"C:/Program Files/Unity/Hub/Editor/6000.5.3f1/Editor/Data/Managed/UnityEngine/UnityEditor.TilemapModule.dll"
-r:"C:/Program Files/Unity/Hub/Editor/6000.5.3f1/Editor/Data/Managed/UnityEngine/UnityEditor.TreeModule.dll"
-r:"C:/Program Files/Unity/Hub/Editor/6000.5.3f1/Editor/Data/Managed/UnityEngine/UnityEditor.U2DModule.dll"
-r:"C:/Program Files/Unity/Hub/Editor/6000.5.3f1/Editor/Data/Managed/UnityEngine/UnityEditor.UIAutomationModule.dll"
-r:"C:/Program Files/Unity/Hub/Editor/6000.5.3f1/Editor/Data/Managed/UnityEngine/UnityEditor.UIBuilderModule.dll"
-r:"C:/Program Files/Unity/Hub/Editor/6000.5.3f1/Editor/Data/Managed/UnityEngine/UnityEditor.UIElementsModule.dll"
-r:"C:/Program Files/Unity/Hub/Editor/6000.5.3f1/Editor/Data/Managed/UnityEngine/UnityEditor.UIElementsSamplesModule.dll"
-r:"C:/Program Files/Unity/Hub/Editor/6000.5.3f1/Editor/Data/Managed/UnityEngine/UnityEditor.UIToolkitAuthoringModule.dll"
-r:"C:/Program Files/Unity/Hub/Editor/6000.5.3f1/Editor/Data/Managed/UnityEngine/UnityEditor.UmbraModule.dll"
-r:"C:/Program Files/Unity/Hub/Editor/6000.5.3f1/Editor/Data/Managed/UnityEngine/UnityEditor.UnityConnectModule.dll"
-r:"C:/Program Files/Unity/Hub/Editor/6000.5.3f1/Editor/Data/Managed/UnityEngine/UnityEditor.VFXModule.dll"
-r:"C:/Program Files/Unity/Hub/Editor/6000.5.3f1/Editor/Data/Managed/UnityEngine/UnityEditor.VectorGraphicsModule.dll"
-r:"C:/Program Files/Unity/Hub/Editor/6000.5.3f1/Editor/Data/Managed/UnityEngine/UnityEditor.VideoModule.dll"
-r:"C:/Program Files/Unity/Hub/Editor/6000.5.3f1/Editor/Data/Managed/UnityEngine/UnityEditor.XRModule.dll"
-r:"C:/Program Files/Unity/Hub/Editor/6000.5.3f1/Editor/Data/Managed/UnityEngine/UnityEditor.dll"
-r:"C:/Program Files/Unity/Hub/Editor/6000.5.3f1/Editor/Data/Managed/UnityEngine/UnityEngine.ARModule.dll"
-r:"C:/Program Files/Unity/Hub/Editor/6000.5.3f1/Editor/Data/Managed/UnityEngine/UnityEngine.AudioModule.dll"
-r:"C:/Program Files/Unity/Hub/Editor/6000.5.3f1/Editor/Data/Managed/UnityEngine/UnityEngine.ClusterInputModule.dll"
-r:"C:/Program Files/Unity/Hub/Editor/6000.5.3f1/Editor/Data/Managed/UnityEngine/UnityEngine.ClusterRendererModule.dll"
-r:"C:/Program Files/Unity/Hub/Editor/6000.5.3f1/Editor/Data/Managed/UnityEngine/UnityEngine.ContentLoadModule.dll"
-r:"C:/Program Files/Unity/Hub/Editor/6000.5.3f1/Editor/Data/Managed/UnityEngine/UnityEngine.CoreModule.dll"
-r:"C:/Program Files/Unity/Hub/Editor/6000.5.3f1/Editor/Data/Managed/UnityEngine/UnityEngine.CrashReportingModule.dll"
-r:"C:/Program Files/Unity/Hub/Editor/6000.5.3f1/Editor/Data/Managed/UnityEngine/UnityEngine.DSPGraphModule.dll"
-r:"C:/Program Files/Unity/Hub/Editor/6000.5.3f1/Editor/Data/Managed/UnityEngine/UnityEngine.GIModule.dll"
-r:"C:/Program Files/Unity/Hub/Editor/6000.5.3f1/Editor/Data/Managed/UnityEngine/UnityEngine.GameCenterModule.dll"
-r:"C:/Program Files/Unity/Hub/Editor/6000.5.3f1/Editor/Data/Managed/UnityEngine/UnityEngine.GraphicsStateCollectionSerializerModule.dll"
-r:"C:/Program Files/Unity/Hub/Editor/6000.5.3f1/Editor/Data/Managed/UnityEngine/UnityEngine.GridModule.dll"
-r:"C:/Program Files/Unity/Hub/Editor/6000.5.3f1/Editor/Data/Managed/UnityEngine/UnityEngine.HotReloadModule.dll"
-r:"C:/Program Files/Unity/Hub/Editor/6000.5.3f1/Editor/Data/Managed/UnityEngine/UnityEngine.IMGUIModule.dll"
-r:"C:/Program Files/Unity/Hub/Editor/6000.5.3f1/Editor/Data/Managed/UnityEngine/UnityEngine.IdentifiersModule.dll"
-r:"C:/Program Files/Unity/Hub/Editor/6000.5.3f1/Editor/Data/Managed/UnityEngine/UnityEngine.ImageConversionModule.dll"
-r:"C:/Program Files/Unity/Hub/Editor/6000.5.3f1/Editor/Data/Managed/UnityEngine/UnityEngine.InputForUIModule.dll"
-r:"C:/Program Files/Unity/Hub/Editor/6000.5.3f1/Editor/Data/Managed/UnityEngine/UnityEngine.InputLegacyModule.dll"
-r:"C:/Program Files/Unity/Hub/Editor/6000.5.3f1/Editor/Data/Managed/UnityEngine/UnityEngine.InputModule.dll"
-r:"C:/Program Files/Unity/Hub/Editor/6000.5.3f1/Editor/Data/Managed/UnityEngine/UnityEngine.InsightsModule.dll"
-r:"C:/Program Files/Unity/Hub/Editor/6000.5.3f1/Editor/Data/Managed/UnityEngine/UnityEngine.LocalizationModule.dll"
-r:"C:/Program Files/Unity/Hub/Editor/6000.5.3f1/Editor/Data/Managed/UnityEngine/UnityEngine.MarshallingModule.dll"
-r:"C:/Program Files/Unity/Hub/Editor/6000.5.3f1/Editor/Data/Managed/UnityEngine/UnityEngine.MathematicsModule.dll"
-r:"C:/Program Files/Unity/Hub/Editor/6000.5.3f1/Editor/Data/Managed/UnityEngine/UnityEngine.MultiplayerModule.dll"
-r:"C:/Program Files/Unity/Hub/Editor/6000.5.3f1/Editor/Data/Managed/UnityEngine/UnityEngine.PerformanceReportingModule.dll"
-r:"C:/Program Files/Unity/Hub/Editor/6000.5.3f1/Editor/Data/Managed/UnityEngine/UnityEngine.Physics2DModule.dll"
-r:"C:/Program Files/Unity/Hub/Editor/6000.5.3f1/Editor/Data/Managed/UnityEngine/UnityEngine.PhysicsBackendPhysXModule.dll"
-r:"C:/Program Files/Unity/Hub/Editor/6000.5.3f1/Editor/Data/Managed/UnityEngine/UnityEngine.PhysicsCore2DModule.dll"
-r:"C:/Program Files/Unity/Hub/Editor/6000.5.3f1/Editor/Data/Managed/UnityEngine/UnityEngine.PhysicsModule.dll"
-r:"C:/Program Files/Unity/Hub/Editor/6000.5.3f1/Editor/Data/Managed/UnityEngine/UnityEngine.PropertiesModule.dll"
-r:"C:/Program Files/Unity/Hub/Editor/6000.5.3f1/Editor/Data/Managed/UnityEngine/UnityEngine.RenderAs2DModule.dll"
-r:"C:/Program Files/Unity/Hub/Editor/6000.5.3f1/Editor/Data/Managed/UnityEngine/UnityEngine.RuntimeInitializeOnLoadManagerInitializerModule.dll"
-r:"C:/Program Files/Unity/Hub/Editor/6000.5.3f1/Editor/Data/Managed/UnityEngine/UnityEngine.ScriptingModule.dll"
-r:"C:/Program Files/Unity/Hub/Editor/6000.5.3f1/Editor/Data/Managed/UnityEngine/UnityEngine.ShaderVariantAnalyticsModule.dll"
-r:"C:/Program Files/Unity/Hub/Editor/6000.5.3f1/Editor/Data/Managed/UnityEngine/UnityEngine.SharedInternalsModule.dll"
-r:"C:/Program Files/Unity/Hub/Editor/6000.5.3f1/Editor/Data/Managed/UnityEngine/UnityEngine.SpriteMaskModule.dll"
-r:"C:/Program Files/Unity/Hub/Editor/6000.5.3f1/Editor/Data/Managed/UnityEngine/UnityEngine.SpriteShapeModule.dll"
-r:"C:/Program Files/Unity/Hub/Editor/6000.5.3f1/Editor/Data/Managed/UnityEngine/UnityEngine.StreamingModule.dll"
-r:"C:/Program Files/Unity/Hub/Editor/6000.5.3f1/Editor/Data/Managed/UnityEngine/UnityEngine.SubstanceModule.dll"
-r:"C:/Program Files/Unity/Hub/Editor/6000.5.3f1/Editor/Data/Managed/UnityEngine/UnityEngine.TLSModule.dll"
-r:"C:/Program Files/Unity/Hub/Editor/6000.5.3f1/Editor/Data/Managed/UnityEngine/UnityEngine.TextCoreFontEngineModule.dll"
-r:"C:/Program Files/Unity/Hub/Editor/6000.5.3f1/Editor/Data/Managed/UnityEngine/UnityEngine.TextCoreTextEngineModule.dll"
-r:"C:/Program Files/Unity/Hub/Editor/6000.5.3f1/Editor/Data/Managed/UnityEngine/UnityEngine.TextRenderingModule.dll"
-r:"C:/Program Files/Unity/Hub/Editor/6000.5.3f1/Editor/Data/Managed/UnityEngine/UnityEngine.U2DRuntimeModule.dll"
-r:"C:/Program Files/Unity/Hub/Editor/6000.5.3f1/Editor/Data/Managed/UnityEngine/UnityEngine.UIModule.dll"
-r:"C:/Program Files/Unity/Hub/Editor/6000.5.3f1/Editor/Data/Managed/UnityEngine/UnityEngine.UnityAnalyticsCommonModule.dll"
-r:"C:/Program Files/Unity/Hub/Editor/6000.5.3f1/Editor/Data/Managed/UnityEngine/UnityEngine.UnityConnectModule.dll"
-r:"C:/Program Files/Unity/Hub/Editor/6000.5.3f1/Editor/Data/Managed/UnityEngine/UnityEngine.UnityConsentModule.dll"
-r:"C:/Program Files/Unity/Hub/Editor/6000.5.3f1/Editor/Data/Managed/UnityEngine/UnityEngine.UnityCurlModule.dll"
-r:"C:/Program Files/Unity/Hub/Editor/6000.5.3f1/Editor/Data/Managed/UnityEngine/UnityEngine.VFXModule.dll"
-r:"C:/Program Files/Unity/Hub/Editor/6000.5.3f1/Editor/Data/Managed/UnityEngine/UnityEngine.VirtualTexturingModule.dll"
-r:"C:/Program Files/Unity/Hub/Editor/6000.5.3f1/Editor/Data/Managed/UnityEngine/UnityEngine.dll"
-r:"C:/Program Files/Unity/Hub/Editor/6000.5.3f1/Editor/Data/NetStandard/Extensions/2.0.0/System.Runtime.InteropServices.WindowsRuntime.dll"
-r:"C:/Program Files/Unity/Hub/Editor/6000.5.3f1/Editor/Data/NetStandard/compat/2.1.0/shims/netfx/System.ComponentModel.Composition.dll"
-r:"C:/Program Files/Unity/Hub/Editor/6000.5.3f1/Editor/Data/NetStandard/compat/2.1.0/shims/netfx/System.Core.dll"
-r:"C:/Program Files/Unity/Hub/Editor/6000.5.3f1/Editor/Data/NetStandard/compat/2.1.0/shims/netfx/System.Data.dll"
-r:"C:/Program Files/Unity/Hub/Editor/6000.5.3f1/Editor/Data/NetStandard/compat/2.1.0/shims/netfx/System.Drawing.dll"
-r:"C:/Program Files/Unity/Hub/Editor/6000.5.3f1/Editor/Data/NetStandard/compat/2.1.0/shims/netfx/System.IO.Compression.FileSystem.dll"
-r:"C:/Program Files/Unity/Hub/Editor/6000.5.3f1/Editor/Data/NetStandard/compat/2.1.0/shims/netfx/System.Net.dll"
-r:"C:/Program Files/Unity/Hub/Editor/6000.5.3f1/Editor/Data/NetStandard/compat/2.1.0/shims/netfx/System.Numerics.dll"
-r:"C:/Program Files/Unity/Hub/Editor/6000.5.3f1/Editor/Data/NetStandard/compat/2.1.0/shims/netfx/System.Runtime.Serialization.dll"
-r:"C:/Program Files/Unity/Hub/Editor/6000.5.3f1/Editor/Data/NetStandard/compat/2.1.0/shims/netfx/System.ServiceModel.Web.dll"
-r:"C:/Program Files/Unity/Hub/Editor/6000.5.3f1/Editor/Data/NetStandard/compat/2.1.0/shims/netfx/System.Transactions.dll"
-r:"C:/Program Files/Unity/Hub/Editor/6000.5.3f1/Editor/Data/NetStandard/compat/2.1.0/shims/netfx/System.Web.dll"
-r:"C:/Program Files/Unity/Hub/Editor/6000.5.3f1/Editor/Data/NetStandard/compat/2.1.0/shims/netfx/System.Windows.dll"
-r:"C:/Program Files/Unity/Hub/Editor/6000.5.3f1/Editor/Data/NetStandard/compat/2.1.0/shims/netfx/System.Xml.Linq.dll"
-r:"C:/Program Files/Unity/Hub/Editor/6000.5.3f1/Editor/Data/NetStandard/compat/2.1.0/shims/netfx/System.Xml.Serialization.dll"
-r:"C:/Program Files/Unity/Hub/Editor/6000.5.3f1/Editor/Data/NetStandard/compat/2.1.0/shims/netfx/System.Xml.dll"
-r:"C:/Program Files/Unity/Hub/Editor/6000.5.3f1/Editor/Data/NetStandard/compat/2.1.0/shims/netfx/System.dll"
-r:"C:/Program Files/Unity/Hub/Editor/6000.5.3f1/Editor/Data/NetStandard/compat/2.1.0/shims/netfx/mscorlib.dll"
-r:"C:/Program Files/Unity/Hub/Editor/6000.5.3f1/Editor/Data/NetStandard/compat/2.1.0/shims/netstandard/Microsoft.Win32.Primitives.dll"
-r:"C:/Program Files/Unity/Hub/Editor/6000.5.3f1/Editor/Data/NetStandard/compat/2.1.0/shims/netstandard/System.AppContext.dll"
-r:"C:/Program Files/Unity/Hub/Editor/6000.5.3f1/Editor/Data/NetStandard/compat/2.1.0/shims/netstandard/System.Buffers.dll"
-r:"C:/Program Files/Unity/Hub/Editor/6000.5.3f1/Editor/Data/NetStandard/compat/2.1.0/shims/netstandard/System.Collections.Concurrent.dll"
-r:"C:/Program Files/Unity/Hub/Editor/6000.5.3f1/Editor/Data/NetStandard/compat/2.1.0/shims/netstandard/System.Collections.NonGeneric.dll"
-r:"C:/Program Files/Unity/Hub/Editor/6000.5.3f1/Editor/Data/NetStandard/compat/2.1.0/shims/netstandard/System.Collections.Specialized.dll"
-r:"C:/Program Files/Unity/Hub/Editor/6000.5.3f1/Editor/Data/NetStandard/compat/2.1.0/shims/netstandard/System.Collections.dll"
-r:"C:/Program Files/Unity/Hub/Editor/6000.5.3f1/Editor/Data/NetStandard/compat/2.1.0/shims/netstandard/System.ComponentModel.EventBasedAsync.dll"
-r:"C:/Program Files/Unity/Hub/Editor/6000.5.3f1/Editor/Data/NetStandard/compat/2.1.0/shims/netstandard/System.ComponentModel.Primitives.dll"
-r:"C:/Program Files/Unity/Hub/Editor/6000.5.3f1/Editor/Data/NetStandard/compat/2.1.0/shims/netstandard/System.ComponentModel.TypeConverter.dll"
-r:"C:/Program Files/Unity/Hub/Editor/6000.5.3f1/Editor/Data/NetStandard/compat/2.1.0/shims/netstandard/System.ComponentModel.dll"
-r:"C:/Program Files/Unity/Hub/Editor/6000.5.3f1/Editor/Data/NetStandard/compat/2.1.0/shims/netstandard/System.Console.dll"
-r:"C:/Program Files/Unity/Hub/Editor/6000.5.3f1/Editor/Data/NetStandard/compat/2.1.0/shims/netstandard/System.Data.Common.dll"
-r:"C:/Program Files/Unity/Hub/Editor/6000.5.3f1/Editor/Data/NetStandard/compat/2.1.0/shims/netstandard/System.Diagnostics.Contracts.dll"
-r:"C:/Program Files/Unity/Hub/Editor/6000.5.3f1/Editor/Data/NetStandard/compat/2.1.0/shims/netstandard/System.Diagnostics.Debug.dll"
-r:"C:/Program Files/Unity/Hub/Editor/6000.5.3f1/Editor/Data/NetStandard/compat/2.1.0/shims/netstandard/System.Diagnostics.FileVersionInfo.dll"
-r:"C:/Program Files/Unity/Hub/Editor/6000.5.3f1/Editor/Data/NetStandard/compat/2.1.0/shims/netstandard/System.Diagnostics.Process.dll"
-r:"C:/Program Files/Unity/Hub/Editor/6000.5.3f1/Editor/Data/NetStandard/compat/2.1.0/shims/netstandard/System.Diagnostics.StackTrace.dll"
-r:"C:/Program Files/Unity/Hub/Editor/6000.5.3f1/Editor/Data/NetStandard/compat/2.1.0/shims/netstandard/System.Diagnostics.TextWriterTraceListener.dll"
-r:"C:/Program Files/Unity/Hub/Editor/6000.5.3f1/Editor/Data/NetStandard/compat/2.1.0/shims/netstandard/System.Diagnostics.Tools.dll"
-r:"C:/Program Files/Unity/Hub/Editor/6000.5.3f1/Editor/Data/NetStandard/compat/2.1.0/shims/netstandard/System.Diagnostics.TraceSource.dll"
-r:"C:/Program Files/Unity/Hub/Editor/6000.5.3f1/Editor/Data/NetStandard/compat/2.1.0/shims/netstandard/System.Diagnostics.Tracing.dll"
-r:"C:/Program Files/Unity/Hub/Editor/6000.5.3f1/Editor/Data/NetStandard/compat/2.1.0/shims/netstandard/System.Drawing.Primitives.dll"
-r:"C:/Program Files/Unity/Hub/Editor/6000.5.3f1/Editor/Data/NetStandard/compat/2.1.0/shims/netstandard/System.Dynamic.Runtime.dll"
-r:"C:/Program Files/Unity/Hub/Editor/6000.5.3f1/Editor/Data/NetStandard/compat/2.1.0/shims/netstandard/System.Globalization.Calendars.dll"
-r:"C:/Program Files/Unity/Hub/Editor/6000.5.3f1/Editor/Data/NetStandard/compat/2.1.0/shims/netstandard/System.Globalization.Extensions.dll"
-r:"C:/Program Files/Unity/Hub/Editor/6000.5.3f1/Editor/Data/NetStandard/compat/2.1.0/shims/netstandard/System.Globalization.dll"
-r:"C:/Program Files/Unity/Hub/Editor/6000.5.3f1/Editor/Data/NetStandard/compat/2.1.0/shims/netstandard/System.IO.Compression.ZipFile.dll"
-r:"C:/Program Files/Unity/Hub/Editor/6000.5.3f1/Editor/Data/NetStandard/compat/2.1.0/shims/netstandard/System.IO.Compression.dll"
-r:"C:/Program Files/Unity/Hub/Editor/6000.5.3f1/Editor/Data/NetStandard/compat/2.1.0/shims/netstandard/System.IO.FileSystem.DriveInfo.dll"
-r:"C:/Program Files/Unity/Hub/Editor/6000.5.3f1/Editor/Data/NetStandard/compat/2.1.0/shims/netstandard/System.IO.FileSystem.Primitives.dll"
-r:"C:/Program Files/Unity/Hub/Editor/6000.5.3f1/Editor/Data/NetStandard/compat/2.1.0/shims/netstandard/System.IO.FileSystem.Watcher.dll"
-r:"C:/Program Files/Unity/Hub/Editor/6000.5.3f1/Editor/Data/NetStandard/compat/2.1.0/shims/netstandard/System.IO.FileSystem.dll"
-r:"C:/Program Files/Unity/Hub/Editor/6000.5.3f1/Editor/Data/NetStandard/compat/2.1.0/shims/netstandard/System.IO.IsolatedStorage.dll"
-r:"C:/Program Files/Unity/Hub/Editor/6000.5.3f1/Editor/Data/NetStandard/compat/2.1.0/shims/netstandard/System.IO.MemoryMappedFiles.dll"
-r:"C:/Program Files/Unity/Hub/Editor/6000.5.3f1/Editor/Data/NetStandard/compat/2.1.0/shims/netstandard/System.IO.Pipes.dll"
-r:"C:/Program Files/Unity/Hub/Editor/6000.5.3f1/Editor/Data/NetStandard/compat/2.1.0/shims/netstandard/System.IO.UnmanagedMemoryStream.dll"
-r:"C:/Program Files/Unity/Hub/Editor/6000.5.3f1/Editor/Data/NetStandard/compat/2.1.0/shims/netstandard/System.IO.dll"
-r:"C:/Program Files/Unity/Hub/Editor/6000.5.3f1/Editor/Data/NetStandard/compat/2.1.0/shims/netstandard/System.Linq.Expressions.dll"
-r:"C:/Program Files/Unity/Hub/Editor/6000.5.3f1/Editor/Data/NetStandard/compat/2.1.0/shims/netstandard/System.Linq.Parallel.dll"
-r:"C:/Program Files/Unity/Hub/Editor/6000.5.3f1/Editor/Data/NetStandard/compat/2.1.0/shims/netstandard/System.Linq.Queryable.dll"
-r:"C:/Program Files/Unity/Hub/Editor/6000.5.3f1/Editor/Data/NetStandard/compat/2.1.0/shims/netstandard/System.Linq.dll"
-r:"C:/Program Files/Unity/Hub/Editor/6000.5.3f1/Editor/Data/NetStandard/compat/2.1.0/shims/netstandard/System.Memory.dll"
-r:"C:/Program Files/Unity/Hub/Editor/6000.5.3f1/Editor/Data/NetStandard/compat/2.1.0/shims/netstandard/System.Net.Http.dll"
-r:"C:/Program Files/Unity/Hub/Editor/6000.5.3f1/Editor/Data/NetStandard/compat/2.1.0/shims/netstandard/System.Net.NameResolution.dll"
-r:"C:/Program Files/Unity/Hub/Editor/6000.5.3f1/Editor/Data/NetStandard/compat/2.1.0/shims/netstandard/System.Net.NetworkInformation.dll"
-r:"C:/Program Files/Unity/Hub/Editor/6000.5.3f1/Editor/Data/NetStandard/compat/2.1.0/shims/netstandard/System.Net.Ping.dll"
-r:"C:/Program Files/Unity/Hub/Editor/6000.5.3f1/Editor/Data/NetStandard/compat/2.1.0/shims/netstandard/System.Net.Primitives.dll"
-r:"C:/Program Files/Unity/Hub/Editor/6000.5.3f1/Editor/Data/NetStandard/compat/2.1.0/shims/netstandard/System.Net.Requests.dll"
-r:"C:/Program Files/Unity/Hub/Editor/6000.5.3f1/Editor/Data/NetStandard/compat/2.1.0/shims/netstandard/System.Net.Security.dll"
-r:"C:/Program Files/Unity/Hub/Editor/6000.5.3f1/Editor/Data/NetStandard/compat/2.1.0/shims/netstandard/System.Net.Sockets.dll"
-r:"C:/Program Files/Unity/Hub/Editor/6000.5.3f1/Editor/Data/NetStandard/compat/2.1.0/shims/netstandard/System.Net.WebHeaderCollection.dll"
-r:"C:/Program Files/Unity/Hub/Editor/6000.5.3f1/Editor/Data/NetStandard/compat/2.1.0/shims/netstandard/System.Net.WebSockets.Client.dll"
-r:"C:/Program Files/Unity/Hub/Editor/6000.5.3f1/Editor/Data/NetStandard/compat/2.1.0/shims/netstandard/System.Net.WebSockets.dll"
-r:"C:/Program Files/Unity/Hub/Editor/6000.5.3f1/Editor/Data/NetStandard/compat/2.1.0/shims/netstandard/System.Numerics.Vectors.dll"
-r:"C:/Program Files/Unity/Hub/Editor/6000.5.3f1/Editor/Data/NetStandard/compat/2.1.0/shims/netstandard/System.ObjectModel.dll"
-r:"C:/Program Files/Unity/Hub/Editor/6000.5.3f1/Editor/Data/NetStandard/compat/2.1.0/shims/netstandard/System.Reflection.DispatchProxy.dll"
-r:"C:/Program Files/Unity/Hub/Editor/6000.5.3f1/Editor/Data/NetStandard/compat/2.1.0/shims/netstandard/System.Reflection.Emit.ILGeneration.dll"
-r:"C:/Program Files/Unity/Hub/Editor/6000.5.3f1/Editor/Data/NetStandard/compat/2.1.0/shims/netstandard/System.Reflection.Emit.Lightweight.dll"
-r:"C:/Program Files/Unity/Hub/Editor/6000.5.3f1/Editor/Data/NetStandard/compat/2.1.0/shims/netstandard/System.Reflection.Emit.dll"
-r:"C:/Program Files/Unity/Hub/Editor/6000.5.3f1/Editor/Data/NetStandard/compat/2.1.0/shims/netstandard/System.Reflection.Extensions.dll"
-r:"C:/Program Files/Unity/Hub/Editor/6000.5.3f1/Editor/Data/NetStandard/compat/2.1.0/shims/netstandard/System.Reflection.Primitives.dll"
-r:"C:/Program Files/Unity/Hub/Editor/6000.5.3f1/Editor/Data/NetStandard/compat/2.1.0/shims/netstandard/System.Reflection.dll"
-r:"C:/Program Files/Unity/Hub/Editor/6000.5.3f1/Editor/Data/NetStandard/compat/2.1.0/shims/netstandard/System.Resources.Reader.dll"
-r:"C:/Program Files/Unity/Hub/Editor/6000.5.3f1/Editor/Data/NetStandard/compat/2.1.0/shims/netstandard/System.Resources.ResourceManager.dll"
-r:"C:/Program Files/Unity/Hub/Editor/6000.5.3f1/Editor/Data/NetStandard/compat/2.1.0/shims/netstandard/System.Resources.Writer.dll"
-r:"C:/Program Files/Unity/Hub/Editor/6000.5.3f1/Editor/Data/NetStandard/compat/2.1.0/shims/netstandard/System.Runtime.CompilerServices.VisualC.dll"
-r:"C:/Program Files/Unity/Hub/Editor/6000.5.3f1/Editor/Data/NetStandard/compat/2.1.0/shims/netstandard/System.Runtime.Extensions.dll"
-r:"C:/Program Files/Unity/Hub/Editor/6000.5.3f1/Editor/Data/NetStandard/compat/2.1.0/shims/netstandard/System.Runtime.Handles.dll"
-r:"C:/Program Files/Unity/Hub/Editor/6000.5.3f1/Editor/Data/NetStandard/compat/2.1.0/shims/netstandard/System.Runtime.InteropServices.RuntimeInformation.dll"
-r:"C:/Program Files/Unity/Hub/Editor/6000.5.3f1/Editor/Data/NetStandard/compat/2.1.0/shims/netstandard/System.Runtime.InteropServices.dll"
-r:"C:/Program Files/Unity/Hub/Editor/6000.5.3f1/Editor/Data/NetStandard/compat/2.1.0/shims/netstandard/System.Runtime.Numerics.dll"
-r:"C:/Program Files/Unity/Hub/Editor/6000.5.3f1/Editor/Data/NetStandard/compat/2.1.0/shims/netstandard/System.Runtime.Serialization.Formatters.dll"
-r:"C:/Program Files/Unity/Hub/Editor/6000.5.3f1/Editor/Data/NetStandard/compat/2.1.0/shims/netstandard/System.Runtime.Serialization.Json.dll"
-r:"C:/Program Files/Unity/Hub/Editor/6000.5.3f1/Editor/Data/NetStandard/compat/2.1.0/shims/netstandard/System.Runtime.Serialization.Primitives.dll"
-r:"C:/Program Files/Unity/Hub/Editor/6000.5.3f1/Editor/Data/NetStandard/compat/2.1.0/shims/netstandard/System.Runtime.Serialization.Xml.dll"
-r:"C:/Program Files/Unity/Hub/Editor/6000.5.3f1/Editor/Data/NetStandard/compat/2.1.0/shims/netstandard/System.Runtime.dll"
-r:"C:/Program Files/Unity/Hub/Editor/6000.5.3f1/Editor/Data/NetStandard/compat/2.1.0/shims/netstandard/System.Security.Claims.dll"
-r:"C:/Program Files/Unity/Hub/Editor/6000.5.3f1/Editor/Data/NetStandard/compat/2.1.0/shims/netstandard/System.Security.Cryptography.Algorithms.dll"
-r:"C:/Program Files/Unity/Hub/Editor/6000.5.3f1/Editor/Data/NetStandard/compat/2.1.0/shims/netstandard/System.Security.Cryptography.Csp.dll"
-r:"C:/Program Files/Unity/Hub/Editor/6000.5.3f1/Editor/Data/NetStandard/compat/2.1.0/shims/netstandard/System.Security.Cryptography.Encoding.dll"
-r:"C:/Program Files/Unity/Hub/Editor/6000.5.3f1/Editor/Data/NetStandard/compat/2.1.0/shims/netstandard/System.Security.Cryptography.Primitives.dll"
-r:"C:/Program Files/Unity/Hub/Editor/6000.5.3f1/Editor/Data/NetStandard/compat/2.1.0/shims/netstandard/System.Security.Cryptography.X509Certificates.dll"
-r:"C:/Program Files/Unity/Hub/Editor/6000.5.3f1/Editor/Data/NetStandard/compat/2.1.0/shims/netstandard/System.Security.Principal.dll"
-r:"C:/Program Files/Unity/Hub/Editor/6000.5.3f1/Editor/Data/NetStandard/compat/2.1.0/shims/netstandard/System.Security.SecureString.dll"
-r:"C:/Program Files/Unity/Hub/Editor/6000.5.3f1/Editor/Data/NetStandard/compat/2.1.0/shims/netstandard/System.Text.Encoding.Extensions.dll"
-r:"C:/Program Files/Unity/Hub/Editor/6000.5.3f1/Editor/Data/NetStandard/compat/2.1.0/shims/netstandard/System.Text.Encoding.dll"
-r:"C:/Program Files/Unity/Hub/Editor/6000.5.3f1/Editor/Data/NetStandard/compat/2.1.0/shims/netstandard/System.Text.RegularExpressions.dll"
-r:"C:/Program Files/Unity/Hub/Editor/6000.5.3f1/Editor/Data/NetStandard/compat/2.1.0/shims/netstandard/System.Threading.Overlapped.dll"
-r:"C:/Program Files/Unity/Hub/Editor/6000.5.3f1/Editor/Data/NetStandard/compat/2.1.0/shims/netstandard/System.Threading.Tasks.Extensions.dll"
-r:"C:/Program Files/Unity/Hub/Editor/6000.5.3f1/Editor/Data/NetStandard/compat/2.1.0/shims/netstandard/System.Threading.Tasks.Parallel.dll"
-r:"C:/Program Files/Unity/Hub/Editor/6000.5.3f1/Editor/Data/NetStandard/compat/2.1.0/shims/netstandard/System.Threading.Tasks.dll"
-r:"C:/Program Files/Unity/Hub/Editor/6000.5.3f1/Editor/Data/NetStandard/compat/2.1.0/shims/netstandard/System.Threading.Thread.dll"
-r:"C:/Program Files/Unity/Hub/Editor/6000.5.3f1/Editor/Data/NetStandard/compat/2.1.0/shims/netstandard/System.Threading.ThreadPool.dll"
-r:"C:/Program Files/Unity/Hub/Editor/6000.5.3f1/Editor/Data/NetStandard/compat/2.1.0/shims/netstandard/System.Threading.Timer.dll"
-r:"C:/Program Files/Unity/Hub/Editor/6000.5.3f1/Editor/Data/NetStandard/compat/2.1.0/shims/netstandard/System.Threading.dll"
-r:"C:/Program Files/Unity/Hub/Editor/6000.5.3f1/Editor/Data/NetStandard/compat/2.1.0/shims/netstandard/System.ValueTuple.dll"
-r:"C:/Program Files/Unity/Hub/Editor/6000.5.3f1/Editor/Data/NetStandard/compat/2.1.0/shims/netstandard/System.Xml.ReaderWriter.dll"
-r:"C:/Program Files/Unity/Hub/Editor/6000.5.3f1/Editor/Data/NetStandard/compat/2.1.0/shims/netstandard/System.Xml.XDocument.dll"
-r:"C:/Program Files/Unity/Hub/Editor/6000.5.3f1/Editor/Data/NetStandard/compat/2.1.0/shims/netstandard/System.Xml.XPath.XDocument.dll"
-r:"C:/Program Files/Unity/Hub/Editor/6000.5.3f1/Editor/Data/NetStandard/compat/2.1.0/shims/netstandard/System.Xml.XPath.dll"
-r:"C:/Program Files/Unity/Hub/Editor/6000.5.3f1/Editor/Data/NetStandard/compat/2.1.0/shims/netstandard/System.Xml.XmlDocument.dll"
-r:"C:/Program Files/Unity/Hub/Editor/6000.5.3f1/Editor/Data/NetStandard/compat/2.1.0/shims/netstandard/System.Xml.XmlSerializer.dll"
-r:"C:/Program Files/Unity/Hub/Editor/6000.5.3f1/Editor/Data/NetStandard/ref/2.1.0/netstandard.dll"
-r:"Library/Bee/artifacts/1900b0aE.dag/Unity.InternalAPIEngineBridge.004.ref.dll"
-r:"Library/Bee/artifacts/1900b0aE.dag/Unity.TextMeshPro.Editor.ref.dll"
-r:"Library/Bee/artifacts/1900b0aE.dag/Unity.TextMeshPro.ref.dll"
-r:"Library/Bee/artifacts/1900b0aE.dag/UnityEditor.UI.Analytics.ref.dll"
-r:"Library/Bee/artifacts/1900b0aE.dag/UnityEditor.UI.ref.dll"
-r:"Library/Bee/artifacts/1900b0aE.dag/UnityEngine.UI.ref.dll"
-analyzer:"C:/Program Files/Unity/Hub/Editor/6000.5.3f1/Editor/Data/BCLExtensions/TargetingPacks/netstandard2.1/analyzers/dotnet/roslyn4.0/cs/Microsoft.Extensions.Logging.Generators.dll"
-analyzer:"C:/Program Files/Unity/Hub/Editor/6000.5.3f1/Editor/Data/BCLExtensions/TargetingPacks/netstandard2.1/analyzers/dotnet/roslyn4.0/cs/System.Text.Json.SourceGeneration.dll"
-analyzer:"C:/Program Files/Unity/Hub/Editor/6000.5.3f1/Editor/Data/Tools/BuildPipeline/Unity.Analyzers.Common/Unity.Analyzers.Common.dll"
-analyzer:"C:/Program Files/Unity/Hub/Editor/6000.5.3f1/Editor/Data/Tools/BuildPipeline/Unity.Analyzers.LongLiving/Unity.Analyzers.LongLiving.dll"
-analyzer:"C:/Program Files/Unity/Hub/Editor/6000.5.3f1/Editor/Data/Tools/BuildPipeline/Unity.SourceGenerators/Unity.Properties.SourceGenerator.dll"
-analyzer:"C:/Program Files/Unity/Hub/Editor/6000.5.3f1/Editor/Data/Tools/BuildPipeline/Unity.SourceGenerators/Unity.SourceGenerators.dll"
-analyzer:"C:/Program Files/Unity/Hub/Editor/6000.5.3f1/Editor/Data/Tools/BuildPipeline/Unity.SourceGenerators/Unity.UIToolkit.SourceGenerator.dll"
"Assets/DMT321/SimpleDigitalTwin/Scripts/MockTemperatureSensor.cs"
"Assets/DMT321/SimpleDigitalTwin/Scripts/TemperatureTwinView.cs"
-langversion:9.0
/deterministic
/optimize+
/debug:portable
/nologo
/RuntimeMetadataVersion:v4.0.30319
/nowarn:0169
/nowarn:0649
/nowarn:0282
/nowarn:1701
/nowarn:1702
/utf8output
/preferreduilang:en-US
/additionalfile:"Library/Bee/artifacts/1900b0aE.dag/Assembly-CSharp.UnityAdditionalFile.txt"
##### Custom Environment Variables
DOTNET_HOST_PATH=C:\Program Files\Unity\Hub\Editor\6000.5.3f1\Editor\Data\DotNetSdk\dotnet.exe
DOTNET_MULTILEVEL_LOOKUP=0
##### ExitCode
1
##### Output
Assets\DMT321\SimpleDigitalTwin\Scripts\TemperatureTwinView.cs(94,23): error CS1525: Invalid expression term '}'

Assets\DMT321\SimpleDigitalTwin\Scripts\TemperatureTwinView.cs(94,23): error CS1002: ; expected
*** Tundra build failed (1.11 seconds), 1 items updated, 214 evaluated
## Script Compilation Error for: Csc Library/Bee/artifacts/1900b0aE.dag/Assembly-CSharp.dll (+2 others)
## CmdLine: "C:\Program Files\Unity\Hub\Editor\6000.5.3f1\Editor\Data\DotNetSdk\dotnet.exe" exec "C:/Program Files/Unity/Hub/Editor/6000.5.3f1/Editor/Data/DotNetSdk/sdk/8.0.318/Roslyn/bincore/csc.dll" /nostdlib /noconfig /shared "@Library/Bee/artifacts/1900b0aE.dag/Assembly-CSharp.rsp" "@Library/Bee/artifacts/1900b0aE.dag/Assembly-CSharp.rsp2"
## Output:
Assets\DMT321\SimpleDigitalTwin\Scripts\TemperatureTwinView.cs(94,23): error CS1525: Invalid expression term '}'
Assets\DMT321\SimpleDigitalTwin\Scripts\TemperatureTwinView.cs(94,23): error CS1002: ; expected

Total cache size 1976460
Assets\DMT321\SimpleDigitalTwin\Scripts\TemperatureTwinView.cs(94,23): error CS1525: Invalid expression term '}'
Assets\DMT321\SimpleDigitalTwin\Scripts\TemperatureTwinView.cs(94,23): error CS1002: ; expected
Total cache size after purge 1976460, took 00:00:00.0173815

Asset Pipeline Refresh (id=03b14d85930811c4592141d43ce1235d): Total: 1.426 seconds - Initiated by RefreshV2(AllowForceSynchronousImport)
	(Values over 0.05ms)
	Summary:
		Imports: total=0 (actual=0, local cache=0, cache server=0)
		Asset DB Process Time: managed=0 ms, native=19 ms
		Asset DB Callback time: managed=23 ms, native=2 ms
		Scripting: domain reloads=0, domain reload time=0 ms, compile time=1380 ms, other=0 ms
		Project Asset Count: scripts=135, non-scripts=91
		Asset File Changes: new=0, changed=1, moved=0, deleted=0
		Scan Filter Count: 0
	InvokePackagesCallback: 1.490ms
	ApplyChangesToAssetFolders: 0.064ms
	Scan: 8.711ms
	Collect global state as custom dependencies: 0.076ms
	OnSourceAssetsModified: 1.198ms
	ProcessAssetsWithTransientArtifactChanges: 0.105ms
	CategorizeAssets: 0.251ms
	CompileScripts: 1380.288ms
	ImportOutOfDateAssets: 1.900ms (0.657ms without children)
		UnloadImportedAssets: 0.194ms
		ImportSchedulerStart: 1.009ms
	PostProcessAllAssets: 23.237ms
		MonoPostProcessAllAssets: 22.731ms
			BuilderAssetPostprocessor.OnPostprocessAllAssets 7.273ms
			AssetChangedListener.OnPostprocessAllAssets 5.222ms
			AssetPostprocessor.OnPostprocessAllAssets 4.524ms
			RetainedModeAssetPostprocessor.OnPostprocessAllAssets 1.582ms
			TMPro_TexturePostProcessor.OnPostprocessAllAssets 0.755ms
			ArtifactBrowserPostProcessor.OnPostprocessAllAssets 0.625ms
			TextAssetPostProcessor.OnPostprocessAllAssets 0.536ms
			AudioMixerPostprocessor.OnPostprocessAllAssets 0.459ms
			StyleCatalogPostProcessor.OnPostprocessAllAssets 0.344ms
			AssetEvents.OnPostprocessAllAssets 0.288ms
			SpeedTreePostProcessor.OnPostprocessAllAssets 0.282ms
			ScenarioDriftAssetsTracker.OnPostprocessAllAssets 0.183ms
			ConfigAssetsTracker.OnPostprocessAllAssets 0.179ms
			AudioContainerPostProcessor.OnPostprocessAllAssets 0.095ms
			SyncVS.PostprocessSyncProject 0.051ms
	PostAssetChangesProfiler: 1.226ms
	Untracked: 7.364ms

Asset Pipeline Refresh (id=602f9c3987b61a94a9c2841efd2e4ce7): Total: 0.007 seconds - Initiated by RefreshV2(AllowForceSynchronousImport)
Asset Pipeline Refresh (id=c1af3b2ed1887d64cbb8559390140cb2): Total: 0.004 seconds - Initiated by RefreshV2(AllowForceSynchronousImport)
[ScriptCompilation] Requested script compilation because: AssetDatabase observed changes in script compilation related files
[Licensing::Client] Successfully resolved entitlement details
info: Microsoft.AspNetCore.Hosting.Diagnostics[1]
      Request starting HTTP/2 POST http://ilpp/UnityILPP.PostProcessing/Ping - application/grpc -
info: Microsoft.AspNetCore.Routing.EndpointMiddleware[0]
      Executing endpoint 'gRPC - /UnityILPP.PostProcessing/Ping'
info: Microsoft.AspNetCore.Routing.EndpointMiddleware[1]
      Executed endpoint 'gRPC - /UnityILPP.PostProcessing/Ping'
info: Microsoft.AspNetCore.Hosting.Diagnostics[2]
      Request finished HTTP/2 POST http://ilpp/UnityILPP.PostProcessing/Ping - 200 - application/grpc 2.7512ms
Starting: C:\Program Files\Unity\Hub\Editor\6000.5.3f1\Editor\Data\Tools\BuildPipeline\bee_backend.exe --ipc --defer-dag-verification --dagfile="Library/Bee/1900b0aE.dag" --continue-on-failure --profile="Library/Bee/backend1.traceevents" ScriptAssemblies
WorkingDir: C:/Users/MTA-403/Desktop/DMT321_Lab01_Unity6.5
## Script Compilation Error for: Csc Library/Bee/artifacts/1900b0aE.dag/Assembly-CSharp.dll (+2 others)
## CmdLine: "C:\Program Files\Unity\Hub\Editor\6000.5.3f1\Editor\Data\DotNetSdk\dotnet.exe" exec "C:/Program Files/Unity/Hub/Editor/6000.5.3f1/Editor/Data/DotNetSdk/sdk/8.0.318/Roslyn/bincore/csc.dll" /nostdlib /noconfig /shared "@Library/Bee/artifacts/1900b0aE.dag/Assembly-CSharp.rsp" "@Library/Bee/artifacts/1900b0aE.dag/Assembly-CSharp.rsp2"
## Output:
Assets\DMT321\SimpleDigitalTwin\Scripts\TemperatureTwinView.cs(30,34): error CS0246: The type or namespace name 'Tranform' could not be found (are you missing a using directive or an assembly reference?)

Assets\DMT321\SimpleDigitalTwin\Scripts\TemperatureTwinView.cs(30,34): error CS0246: The type or namespace name 'Tranform' could not be found (are you missing a using directive or an assembly reference?)
Total cache size 1976460
Total cache size after purge 1976460, took 00:00:00.0037057
ExitCode: 3 Duration: 1s66ms
[211/214    0s] Csc Library/Bee/artifacts/1900b0aE.dag/Assembly-CSharp.dll (+2 others)
##### CommandLine
"C:\Program Files\Unity\Hub\Editor\6000.5.3f1\Editor\Data\DotNetSdk\dotnet.exe" exec "C:/Program Files/Unity/Hub/Editor/6000.5.3f1/Editor/Data/DotNetSdk/sdk/8.0.318/Roslyn/bincore/csc.dll" /nostdlib /noconfig /shared "@Library/Bee/artifacts/1900b0aE.dag/Assembly-CSharp.rsp" "@Library/Bee/artifacts/1900b0aE.dag/Assembly-CSharp.rsp2"
##### Contents of Library\Bee\artifacts\1900b0aE.dag\Assembly-CSharp.rsp
-target:library
-out:"Library/Bee/artifacts/1900b0aE.dag/Assembly-CSharp.dll"
-refout:"Library/Bee/artifacts/1900b0aE.dag/Assembly-CSharp.ref.dll"
-define:UNITY_6000_5_3
-define:UNITY_6000_5
-define:UNITY_6000
-define:UNITY_5_3_OR_NEWER
-define:UNITY_5_4_OR_NEWER
-define:UNITY_5_5_OR_NEWER
-define:UNITY_5_6_OR_NEWER
-define:UNITY_2017_1_OR_NEWER
-define:UNITY_2017_2_OR_NEWER
-define:UNITY_2017_3_OR_NEWER
-define:UNITY_2017_4_OR_NEWER
-define:UNITY_2018_1_OR_NEWER
-define:UNITY_2018_2_OR_NEWER
-define:UNITY_2018_3_OR_NEWER
-define:UNITY_2018_4_OR_NEWER
-define:UNITY_2019_1_OR_NEWER
-define:UNITY_2019_2_OR_NEWER
-define:UNITY_2019_3_OR_NEWER
-define:UNITY_2019_4_OR_NEWER
-define:UNITY_2020_1_OR_NEWER
-define:UNITY_2020_2_OR_NEWER
-define:UNITY_2020_3_OR_NEWER
-define:UNITY_2021_1_OR_NEWER
-define:UNITY_2021_2_OR_NEWER
-define:UNITY_2021_3_OR_NEWER
-define:UNITY_2022_1_OR_NEWER
-define:UNITY_2022_2_OR_NEWER
-define:UNITY_2022_3_OR_NEWER
-define:UNITY_2023_1_OR_NEWER
-define:UNITY_2023_2_OR_NEWER
-define:UNITY_2023_3_OR_NEWER
-define:UNITY_6000_0_OR_NEWER
-define:UNITY_6000_1_OR_NEWER
-define:UNITY_6000_2_OR_NEWER
-define:UNITY_6000_3_OR_NEWER
-define:UNITY_6000_4_OR_NEWER
-define:UNITY_6000_5_OR_NEWER
-define:PLATFORM_ARCH_64
-define:UNITY_64
-define:UNITY_INCLUDE_TESTS
-define:ENABLE_AR
-define:ENABLE_AUDIO
-define:ENABLE_AUDIO_SCRIPTABLE_PIPELINE
-define:ENABLE_CACHING
-define:ENABLE_CLOTH
-define:ENABLE_EVENT_QUEUE
-define:ENABLE_MICROPHONE
-define:ENABLE_MULTIPLE_DISPLAYS
-define:ENABLE_PHYSICS
-define:ENABLE_TEXTURE_STREAMING
-define:ENABLE_VIRTUALTEXTURING
-define:ENABLE_LZMA
-define:ENABLE_UNITYEVENTS
-define:ENABLE_VR
-define:ENABLE_WEBCAM
-define:ENABLE_UNITYWEBREQUEST
-define:ENABLE_WWW
-define:ENABLE_CLOUD_SERVICES
-define:ENABLE_CLOUD_SERVICES_ADS
-define:ENABLE_CLOUD_SERVICES_USE_WEBREQUEST
-define:ENABLE_UNITY_CONSENT
-define:ENABLE_UNITY_CLOUD_IDENTIFIERS
-define:ENABLE_CLOUD_SERVICES_CRASH_REPORTING
-define:ENABLE_CLOUD_SERVICES_NATIVE_CRASH_REPORTING
-define:ENABLE_CLOUD_SERVICES_PURCHASING
-define:ENABLE_CLOUD_SERVICES_ANALYTICS
-define:ENABLE_CLOUD_SERVICES_BUILD
-define:ENABLE_EDITOR_GAME_SERVICES
-define:ENABLE_UNITY_GAME_SERVICES_ANALYTICS_SUPPORT
-define:ENABLE_CLOUD_LICENSE
-define:ENABLE_EDITOR_HUB_LICENSE
-define:ENABLE_WEBSOCKET_CLIENT
-define:ENABLE_GENERATE_NATIVE_PLUGINS_FOR_ASSEMBLIES_API
-define:ENABLE_DIRECTOR_AUDIO
-define:ENABLE_DIRECTOR_TEXTURE
-define:ENABLE_MANAGED_JOBS
-define:ENABLE_MANAGED_TRANSFORM_JOBS
-define:ENABLE_MANAGED_ANIMATION_JOBS
-define:ENABLE_MANAGED_AUDIO_JOBS
-define:ENABLE_MANAGED_UNITYTLS
-define:INCLUDE_DYNAMIC_GI
-define:ENABLE_SCRIPTING_GC_WBARRIERS
-define:PLATFORM_SUPPORTS_MONO
-define:RENDER_SOFTWARE_CURSOR
-define:ENABLE_MARSHALLING_TESTS
-define:ENABLE_VIDEO
-define:ENABLE_NAVIGATION_OFFMESHLINK_TO_NAVMESHLINK
-define:ENABLE_ACCELERATOR_CLIENT_DEBUGGING
-define:ENABLE_ACCESSIBILITY_SCREEN_READER
-define:TEXTCORE_1_0_OR_NEWER
-define:EDITOR_ONLY_NAVMESH_BUILDER_DEPRECATED
-define:PLATFORM_STANDALONE_WIN
-define:PLATFORM_STANDALONE
-define:UNITY_STANDALONE_WIN
-define:UNITY_STANDALONE
-define:ENABLE_RUNTIME_GI
-define:ENABLE_MOVIES
-define:ENABLE_NETWORK
-define:ENABLE_NVIDIA
-define:ENABLE_AMD
-define:ENABLE_CRUNCH_TEXTURE_COMPRESSION
-define:ENABLE_CLOUD_SERVICES_ENGINE_DIAGNOSTICS
-define:ENABLE_OUT_OF_PROCESS_CRASH_HANDLER
-define:ENABLE_CLUSTER_SYNC
-define:ENABLE_CLUSTERINPUT
-define:PLATFORM_UPDATES_TIME_OUTSIDE_OF_PLAYER_LOOP
-define:GFXDEVICE_WAITFOREVENT_MESSAGEPUMP
-define:PLATFORM_USES_EXPLICIT_MEMORY_MANAGER_INITIALIZER
-define:PLATFORM_SUPPORTS_WAIT_FOR_PRESENTATION
-define:PLATFORM_SUPPORTS_SPLIT_GRAPHICS_JOBS
-define:PLATFORM_USES_VULKAN_OLD_SWAPCHAIN
-define:USE_READ_ASYNC_MANAGED_API
-define:ENABLE_MONO
-define:NET_STANDARD_2_0
-define:NET_STANDARD
-define:NET_STANDARD_2_1
-define:NETSTANDARD
-define:NETSTANDARD2_1
-define:ENABLE_PROFILER
-define:DEBUG
-define:TRACE
-define:UNITY_ASSERTIONS
-define:UNITY_EDITOR
-define:UNITY_EDITOR_64
-define:UNITY_EDITOR_WIN
-define:ENABLE_UNITY_COLLECTIONS_CHECKS
-define:ENABLE_BURST_AOT
-define:UNITY_TEAM_LICENSE
-define:ENABLE_CUSTOM_RENDER_TEXTURE
-define:ENABLE_DIRECTOR
-define:ENABLE_LOCALIZATION
-define:ENABLE_SPRITES
-define:ENABLE_TERRAIN
-define:ENABLE_TILEMAP
-define:ENABLE_TIMELINE
-define:ENABLE_LEGACY_INPUT_MANAGER
-define:TEXTCORE_FONT_ENGINE_1_5_OR_NEWER
-define:TEXTCORE_TEXT_ENGINE_1_5_OR_NEWER
-define:TEXTCORE_FONT_ENGINE_1_6_OR_NEWER
-define:CSHARP_7_OR_LATER
-define:CSHARP_7_3_OR_NEWER
-r:"C:/Program Files/Unity/Hub/Editor/6000.5.3f1/Editor/Data/BCLExtensions/TargetingPacks/netstandard2.1/ref/Microsoft.Bcl.AsyncInterfaces.dll"
-r:"C:/Program Files/Unity/Hub/Editor/6000.5.3f1/Editor/Data/BCLExtensions/TargetingPacks/netstandard2.1/ref/Microsoft.Extensions.DependencyInjection.Abstractions.dll"
-r:"C:/Program Files/Unity/Hub/Editor/6000.5.3f1/Editor/Data/BCLExtensions/TargetingPacks/netstandard2.1/ref/Microsoft.Extensions.Logging.Abstractions.dll"
-r:"C:/Program Files/Unity/Hub/Editor/6000.5.3f1/Editor/Data/BCLExtensions/TargetingPacks/netstandard2.1/ref/System.Collections.Immutable.dll"
-r:"C:/Program Files/Unity/Hub/Editor/6000.5.3f1/Editor/Data/BCLExtensions/TargetingPacks/netstandard2.1/ref/System.Diagnostics.DiagnosticSource.dll"
-r:"C:/Program Files/Unity/Hub/Editor/6000.5.3f1/Editor/Data/BCLExtensions/TargetingPacks/netstandard2.1/ref/System.IO.Hashing.dll"
-r:"C:/Program Files/Unity/Hub/Editor/6000.5.3f1/Editor/Data/BCLExtensions/TargetingPacks/netstandard2.1/ref/System.Reflection.Metadata.dll"
-r:"C:/Program Files/Unity/Hub/Editor/6000.5.3f1/Editor/Data/BCLExtensions/TargetingPacks/netstandard2.1/ref/System.Runtime.CompilerServices.Unsafe.dll"
-r:"C:/Program Files/Unity/Hub/Editor/6000.5.3f1/Editor/Data/BCLExtensions/TargetingPacks/netstandard2.1/ref/System.Text.Encodings.Web.dll"
-r:"C:/Program Files/Unity/Hub/Editor/6000.5.3f1/Editor/Data/BCLExtensions/TargetingPacks/netstandard2.1/ref/System.Text.Json.dll"
-r:"C:/Program Files/Unity/Hub/Editor/6000.5.3f1/Editor/Data/Managed/UnityEngine/Unity.Scripting.dll"
-r:"C:/Program Files/Unity/Hub/Editor/6000.5.3f1/Editor/Data/Managed/UnityEngine/UnityEditor.AIModule.dll"
-r:"C:/Program Files/Unity/Hub/Editor/6000.5.3f1/Editor/Data/Managed/UnityEngine/UnityEditor.AccessibilityModule.dll"
-r:"C:/Program Files/Unity/Hub/Editor/6000.5.3f1/Editor/Data/Managed/UnityEngine/UnityEditor.AdaptivePerformanceModule.dll"
-r:"C:/Program Files/Unity/Hub/Editor/6000.5.3f1/Editor/Data/Managed/UnityEngine/UnityEditor.AssetComplianceModule.dll"
-r:"C:/Program Files/Unity/Hub/Editor/6000.5.3f1/Editor/Data/Managed/UnityEngine/UnityEditor.BuildProfileModule.dll"
-r:"C:/Program Files/Unity/Hub/Editor/6000.5.3f1/Editor/Data/Managed/UnityEngine/UnityEditor.ClothModule.dll"
-r:"C:/Program Files/Unity/Hub/Editor/6000.5.3f1/Editor/Data/Managed/UnityEngine/UnityEditor.ContentLoadModule.dll"
-r:"C:/Program Files/Unity/Hub/Editor/6000.5.3f1/Editor/Data/Managed/UnityEngine/UnityEditor.CoreBusinessMetricsModule.dll"
-r:"C:/Program Files/Unity/Hub/Editor/6000.5.3f1/Editor/Data/Managed/UnityEngine/UnityEditor.CoreModule.dll"
-r:"C:/Program Files/Unity/Hub/Editor/6000.5.3f1/Editor/Data/Managed/UnityEngine/UnityEditor.DeviceSimulatorModule.dll"
-r:"C:/Program Files/Unity/Hub/Editor/6000.5.3f1/Editor/Data/Managed/UnityEngine/UnityEditor.DiagnosticsModule.dll"
-r:"C:/Program Files/Unity/Hub/Editor/6000.5.3f1/Editor/Data/Managed/UnityEngine/UnityEditor.EditorToolbarModule.dll"
-r:"C:/Program Files/Unity/Hub/Editor/6000.5.3f1/Editor/Data/Managed/UnityEngine/UnityEditor.EmbreeModule.dll"
-r:"C:/Program Files/Unity/Hub/Editor/6000.5.3f1/Editor/Data/Managed/UnityEngine/UnityEditor.GIModule.dll"
-r:"C:/Program Files/Unity/Hub/Editor/6000.5.3f1/Editor/Data/Managed/UnityEngine/UnityEditor.GenericRemoteModule.dll"
-r:"C:/Program Files/Unity/Hub/Editor/6000.5.3f1/Editor/Data/Managed/UnityEngine/UnityEditor.GraphToolkitModule.dll"
-r:"C:/Program Files/Unity/Hub/Editor/6000.5.3f1/Editor/Data/Managed/UnityEngine/UnityEditor.GraphViewModule.dll"
-r:"C:/Program Files/Unity/Hub/Editor/6000.5.3f1/Editor/Data/Managed/UnityEngine/UnityEditor.GraphicsStateCollectionSerializerModule.dll"
-r:"C:/Program Files/Unity/Hub/Editor/6000.5.3f1/Editor/Data/Managed/UnityEngine/UnityEditor.GridAndSnapModule.dll"
-r:"C:/Program Files/Unity/Hub/Editor/6000.5.3f1/Editor/Data/Managed/UnityEngine/UnityEditor.GridModule.dll"
-r:"C:/Program Files/Unity/Hub/Editor/6000.5.3f1/Editor/Data/Managed/UnityEngine/UnityEditor.HierarchyModule.dll"
-r:"C:/Program Files/Unity/Hub/Editor/6000.5.3f1/Editor/Data/Managed/UnityEngine/UnityEditor.LightingModule.dll"
-r:"C:/Program Files/Unity/Hub/Editor/6000.5.3f1/Editor/Data/Managed/UnityEngine/UnityEditor.MathematicsModule.dll"
-r:"C:/Program Files/Unity/Hub/Editor/6000.5.3f1/Editor/Data/Managed/UnityEngine/UnityEditor.MediaModule.dll"
-r:"C:/Program Files/Unity/Hub/Editor/6000.5.3f1/Editor/Data/Managed/UnityEngine/UnityEditor.MultiplayerModule.dll"
-r:"C:/Program Files/Unity/Hub/Editor/6000.5.3f1/Editor/Data/Managed/UnityEngine/UnityEditor.Physics2DModule.dll"
-r:"C:/Program Files/Unity/Hub/Editor/6000.5.3f1/Editor/Data/Managed/UnityEngine/UnityEditor.PhysicsCore2DModule.dll"
-r:"C:/Program Files/Unity/Hub/Editor/6000.5.3f1/Editor/Data/Managed/UnityEngine/UnityEditor.PhysicsModule.dll"
-r:"C:/Program Files/Unity/Hub/Editor/6000.5.3f1/Editor/Data/Managed/UnityEngine/UnityEditor.PlayModeModule.dll"
-r:"C:/Program Files/Unity/Hub/Editor/6000.5.3f1/Editor/Data/Managed/UnityEngine/UnityEditor.PresetsUIModule.dll"
-r:"C:/Program Files/Unity/Hub/Editor/6000.5.3f1/Editor/Data/Managed/UnityEngine/UnityEditor.ProjectAuditorModule.dll"
-r:"C:/Program Files/Unity/Hub/Editor/6000.5.3f1/Editor/Data/Managed/UnityEngine/UnityEditor.PropertiesModule.dll"
-r:"C:/Program Files/Unity/Hub/Editor/6000.5.3f1/Editor/Data/Managed/UnityEngine/UnityEditor.QuickInstallModule.dll"
-r:"C:/Program Files/Unity/Hub/Editor/6000.5.3f1/Editor/Data/Managed/UnityEngine/UnityEditor.QuickSearchModule.dll"
-r:"C:/Program Files/Unity/Hub/Editor/6000.5.3f1/Editor/Data/Managed/UnityEngine/UnityEditor.SafeModeModule.dll"
-r:"C:/Program Files/Unity/Hub/Editor/6000.5.3f1/Editor/Data/Managed/UnityEngine/UnityEditor.SceneTemplateModule.dll"
-r:"C:/Program Files/Unity/Hub/Editor/6000.5.3f1/Editor/Data/Managed/UnityEngine/UnityEditor.SceneViewModule.dll"
-r:"C:/Program Files/Unity/Hub/Editor/6000.5.3f1/Editor/Data/Managed/UnityEngine/UnityEditor.ShaderBuildSettingsModule.dll"
-r:"C:/Program Files/Unity/Hub/Editor/6000.5.3f1/Editor/Data/Managed/UnityEngine/UnityEditor.ShaderCompilationModule.dll"
-r:"C:/Program Files/Unity/Hub/Editor/6000.5.3f1/Editor/Data/Managed/UnityEngine/UnityEditor.ShaderFoundryModule.dll"
-r:"C:/Program Files/Unity/Hub/Editor/6000.5.3f1/Editor/Data/Managed/UnityEngine/UnityEditor.SketchUpModule.dll"
-r:"C:/Program Files/Unity/Hub/Editor/6000.5.3f1/Editor/Data/Managed/UnityEngine/UnityEditor.SpriteMaskModule.dll"
-r:"C:/Program Files/Unity/Hub/Editor/6000.5.3f1/Editor/Data/Managed/UnityEngine/UnityEditor.SpriteShapeModule.dll"
-r:"C:/Program Files/Unity/Hub/Editor/6000.5.3f1/Editor/Data/Managed/UnityEngine/UnityEditor.SubstanceModule.dll"
-r:"C:/Program Files/Unity/Hub/Editor/6000.5.3f1/Editor/Data/Managed/UnityEngine/UnityEditor.TerrainModule.dll"
-r:"C:/Program Files/Unity/Hub/Editor/6000.5.3f1/Editor/Data/Managed/UnityEngine/UnityEditor.TextCoreFontEngineModule.dll"
-r:"C:/Program Files/Unity/Hub/Editor/6000.5.3f1/Editor/Data/Managed/UnityEngine/UnityEditor.TextCoreTextEngineModule.dll"
-r:"C:/Program Files/Unity/Hub/Editor/6000.5.3f1/Editor/Data/Managed/UnityEngine/UnityEditor.TextRenderingModule.dll"
-r:"C:/Program Files/Unity/Hub/Editor/6000.5.3f1/Editor/Data/Managed/UnityEngine/UnityEditor.TilemapModule.dll"
-r:"C:/Program Files/Unity/Hub/Editor/6000.5.3f1/Editor/Data/Managed/UnityEngine/UnityEditor.TreeModule.dll"
-r:"C:/Program Files/Unity/Hub/Editor/6000.5.3f1/Editor/Data/Managed/UnityEngine/UnityEditor.U2DModule.dll"
-r:"C:/Program Files/Unity/Hub/Editor/6000.5.3f1/Editor/Data/Managed/UnityEngine/UnityEditor.UIAutomationModule.dll"
-r:"C:/Program Files/Unity/Hub/Editor/6000.5.3f1/Editor/Data/Managed/UnityEngine/UnityEditor.UIBuilderModule.dll"
-r:"C:/Program Files/Unity/Hub/Editor/6000.5.3f1/Editor/Data/Managed/UnityEngine/UnityEditor.UIElementsModule.dll"
-r:"C:/Program Files/Unity/Hub/Editor/6000.5.3f1/Editor/Data/Managed/UnityEngine/UnityEditor.UIElementsSamplesModule.dll"
-r:"C:/Program Files/Unity/Hub/Editor/6000.5.3f1/Editor/Data/Managed/UnityEngine/UnityEditor.UIToolkitAuthoringModule.dll"
-r:"C:/Program Files/Unity/Hub/Editor/6000.5.3f1/Editor/Data/Managed/UnityEngine/UnityEditor.UmbraModule.dll"
-r:"C:/Program Files/Unity/Hub/Editor/6000.5.3f1/Editor/Data/Managed/UnityEngine/UnityEditor.UnityConnectModule.dll"
-r:"C:/Program Files/Unity/Hub/Editor/6000.5.3f1/Editor/Data/Managed/UnityEngine/UnityEditor.VFXModule.dll"
-r:"C:/Program Files/Unity/Hub/Editor/6000.5.3f1/Editor/Data/Managed/UnityEngine/UnityEditor.VectorGraphicsModule.dll"
-r:"C:/Program Files/Unity/Hub/Editor/6000.5.3f1/Editor/Data/Managed/UnityEngine/UnityEditor.VideoModule.dll"
-r:"C:/Program Files/Unity/Hub/Editor/6000.5.3f1/Editor/Data/Managed/UnityEngine/UnityEditor.XRModule.dll"
-r:"C:/Program Files/Unity/Hub/Editor/6000.5.3f1/Editor/Data/Managed/UnityEngine/UnityEditor.dll"
-r:"C:/Program Files/Unity/Hub/Editor/6000.5.3f1/Editor/Data/Managed/UnityEngine/UnityEngine.ARModule.dll"
-r:"C:/Program Files/Unity/Hub/Editor/6000.5.3f1/Editor/Data/Managed/UnityEngine/UnityEngine.AudioModule.dll"
-r:"C:/Program Files/Unity/Hub/Editor/6000.5.3f1/Editor/Data/Managed/UnityEngine/UnityEngine.ClusterInputModule.dll"
-r:"C:/Program Files/Unity/Hub/Editor/6000.5.3f1/Editor/Data/Managed/UnityEngine/UnityEngine.ClusterRendererModule.dll"
-r:"C:/Program Files/Unity/Hub/Editor/6000.5.3f1/Editor/Data/Managed/UnityEngine/UnityEngine.ContentLoadModule.dll"
-r:"C:/Program Files/Unity/Hub/Editor/6000.5.3f1/Editor/Data/Managed/UnityEngine/UnityEngine.CoreModule.dll"
-r:"C:/Program Files/Unity/Hub/Editor/6000.5.3f1/Editor/Data/Managed/UnityEngine/UnityEngine.CrashReportingModule.dll"
-r:"C:/Program Files/Unity/Hub/Editor/6000.5.3f1/Editor/Data/Managed/UnityEngine/UnityEngine.DSPGraphModule.dll"
-r:"C:/Program Files/Unity/Hub/Editor/6000.5.3f1/Editor/Data/Managed/UnityEngine/UnityEngine.GIModule.dll"
-r:"C:/Program Files/Unity/Hub/Editor/6000.5.3f1/Editor/Data/Managed/UnityEngine/UnityEngine.GameCenterModule.dll"
-r:"C:/Program Files/Unity/Hub/Editor/6000.5.3f1/Editor/Data/Managed/UnityEngine/UnityEngine.GraphicsStateCollectionSerializerModule.dll"
-r:"C:/Program Files/Unity/Hub/Editor/6000.5.3f1/Editor/Data/Managed/UnityEngine/UnityEngine.GridModule.dll"
-r:"C:/Program Files/Unity/Hub/Editor/6000.5.3f1/Editor/Data/Managed/UnityEngine/UnityEngine.HotReloadModule.dll"
-r:"C:/Program Files/Unity/Hub/Editor/6000.5.3f1/Editor/Data/Managed/UnityEngine/UnityEngine.IMGUIModule.dll"
-r:"C:/Program Files/Unity/Hub/Editor/6000.5.3f1/Editor/Data/Managed/UnityEngine/UnityEngine.IdentifiersModule.dll"
-r:"C:/Program Files/Unity/Hub/Editor/6000.5.3f1/Editor/Data/Managed/UnityEngine/UnityEngine.ImageConversionModule.dll"
-r:"C:/Program Files/Unity/Hub/Editor/6000.5.3f1/Editor/Data/Managed/UnityEngine/UnityEngine.InputForUIModule.dll"
-r:"C:/Program Files/Unity/Hub/Editor/6000.5.3f1/Editor/Data/Managed/UnityEngine/UnityEngine.InputLegacyModule.dll"
-r:"C:/Program Files/Unity/Hub/Editor/6000.5.3f1/Editor/Data/Managed/UnityEngine/UnityEngine.InputModule.dll"
-r:"C:/Program Files/Unity/Hub/Editor/6000.5.3f1/Editor/Data/Managed/UnityEngine/UnityEngine.InsightsModule.dll"
-r:"C:/Program Files/Unity/Hub/Editor/6000.5.3f1/Editor/Data/Managed/UnityEngine/UnityEngine.LocalizationModule.dll"
-r:"C:/Program Files/Unity/Hub/Editor/6000.5.3f1/Editor/Data/Managed/UnityEngine/UnityEngine.MarshallingModule.dll"
-r:"C:/Program Files/Unity/Hub/Editor/6000.5.3f1/Editor/Data/Managed/UnityEngine/UnityEngine.MathematicsModule.dll"
-r:"C:/Program Files/Unity/Hub/Editor/6000.5.3f1/Editor/Data/Managed/UnityEngine/UnityEngine.MultiplayerModule.dll"
-r:"C:/Program Files/Unity/Hub/Editor/6000.5.3f1/Editor/Data/Managed/UnityEngine/UnityEngine.PerformanceReportingModule.dll"
-r:"C:/Program Files/Unity/Hub/Editor/6000.5.3f1/Editor/Data/Managed/UnityEngine/UnityEngine.Physics2DModule.dll"
-r:"C:/Program Files/Unity/Hub/Editor/6000.5.3f1/Editor/Data/Managed/UnityEngine/UnityEngine.PhysicsBackendPhysXModule.dll"
-r:"C:/Program Files/Unity/Hub/Editor/6000.5.3f1/Editor/Data/Managed/UnityEngine/UnityEngine.PhysicsCore2DModule.dll"
-r:"C:/Program Files/Unity/Hub/Editor/6000.5.3f1/Editor/Data/Managed/UnityEngine/UnityEngine.PhysicsModule.dll"
-r:"C:/Program Files/Unity/Hub/Editor/6000.5.3f1/Editor/Data/Managed/UnityEngine/UnityEngine.PropertiesModule.dll"
-r:"C:/Program Files/Unity/Hub/Editor/6000.5.3f1/Editor/Data/Managed/UnityEngine/UnityEngine.RenderAs2DModule.dll"
-r:"C:/Program Files/Unity/Hub/Editor/6000.5.3f1/Editor/Data/Managed/UnityEngine/UnityEngine.RuntimeInitializeOnLoadManagerInitializerModule.dll"
-r:"C:/Program Files/Unity/Hub/Editor/6000.5.3f1/Editor/Data/Managed/UnityEngine/UnityEngine.ScriptingModule.dll"
-r:"C:/Program Files/Unity/Hub/Editor/6000.5.3f1/Editor/Data/Managed/UnityEngine/UnityEngine.ShaderVariantAnalyticsModule.dll"
-r:"C:/Program Files/Unity/Hub/Editor/6000.5.3f1/Editor/Data/Managed/UnityEngine/UnityEngine.SharedInternalsModule.dll"
-r:"C:/Program Files/Unity/Hub/Editor/6000.5.3f1/Editor/Data/Managed/UnityEngine/UnityEngine.SpriteMaskModule.dll"
-r:"C:/Program Files/Unity/Hub/Editor/6000.5.3f1/Editor/Data/Managed/UnityEngine/UnityEngine.SpriteShapeModule.dll"
-r:"C:/Program Files/Unity/Hub/Editor/6000.5.3f1/Editor/Data/Managed/UnityEngine/UnityEngine.StreamingModule.dll"
-r:"C:/Program Files/Unity/Hub/Editor/6000.5.3f1/Editor/Data/Managed/UnityEngine/UnityEngine.SubstanceModule.dll"
-r:"C:/Program Files/Unity/Hub/Editor/6000.5.3f1/Editor/Data/Managed/UnityEngine/UnityEngine.TLSModule.dll"
-r:"C:/Program Files/Unity/Hub/Editor/6000.5.3f1/Editor/Data/Managed/UnityEngine/UnityEngine.TextCoreFontEngineModule.dll"
-r:"C:/Program Files/Unity/Hub/Editor/6000.5.3f1/Editor/Data/Managed/UnityEngine/UnityEngine.TextCoreTextEngineModule.dll"
-r:"C:/Program Files/Unity/Hub/Editor/6000.5.3f1/Editor/Data/Managed/UnityEngine/UnityEngine.TextRenderingModule.dll"
-r:"C:/Program Files/Unity/Hub/Editor/6000.5.3f1/Editor/Data/Managed/UnityEngine/UnityEngine.U2DRuntimeModule.dll"
-r:"C:/Program Files/Unity/Hub/Editor/6000.5.3f1/Editor/Data/Managed/UnityEngine/UnityEngine.UIModule.dll"
-r:"C:/Program Files/Unity/Hub/Editor/6000.5.3f1/Editor/Data/Managed/UnityEngine/UnityEngine.UnityAnalyticsCommonModule.dll"
-r:"C:/Program Files/Unity/Hub/Editor/6000.5.3f1/Editor/Data/Managed/UnityEngine/UnityEngine.UnityConnectModule.dll"
-r:"C:/Program Files/Unity/Hub/Editor/6000.5.3f1/Editor/Data/Managed/UnityEngine/UnityEngine.UnityConsentModule.dll"
-r:"C:/Program Files/Unity/Hub/Editor/6000.5.3f1/Editor/Data/Managed/UnityEngine/UnityEngine.UnityCurlModule.dll"
-r:"C:/Program Files/Unity/Hub/Editor/6000.5.3f1/Editor/Data/Managed/UnityEngine/UnityEngine.VFXModule.dll"
-r:"C:/Program Files/Unity/Hub/Editor/6000.5.3f1/Editor/Data/Managed/UnityEngine/UnityEngine.VirtualTexturingModule.dll"
-r:"C:/Program Files/Unity/Hub/Editor/6000.5.3f1/Editor/Data/Managed/UnityEngine/UnityEngine.dll"
-r:"C:/Program Files/Unity/Hub/Editor/6000.5.3f1/Editor/Data/NetStandard/Extensions/2.0.0/System.Runtime.InteropServices.WindowsRuntime.dll"
-r:"C:/Program Files/Unity/Hub/Editor/6000.5.3f1/Editor/Data/NetStandard/compat/2.1.0/shims/netfx/System.ComponentModel.Composition.dll"
-r:"C:/Program Files/Unity/Hub/Editor/6000.5.3f1/Editor/Data/NetStandard/compat/2.1.0/shims/netfx/System.Core.dll"
-r:"C:/Program Files/Unity/Hub/Editor/6000.5.3f1/Editor/Data/NetStandard/compat/2.1.0/shims/netfx/System.Data.dll"
-r:"C:/Program Files/Unity/Hub/Editor/6000.5.3f1/Editor/Data/NetStandard/compat/2.1.0/shims/netfx/System.Drawing.dll"
-r:"C:/Program Files/Unity/Hub/Editor/6000.5.3f1/Editor/Data/NetStandard/compat/2.1.0/shims/netfx/System.IO.Compression.FileSystem.dll"
-r:"C:/Program Files/Unity/Hub/Editor/6000.5.3f1/Editor/Data/NetStandard/compat/2.1.0/shims/netfx/System.Net.dll"
-r:"C:/Program Files/Unity/Hub/Editor/6000.5.3f1/Editor/Data/NetStandard/compat/2.1.0/shims/netfx/System.Numerics.dll"
-r:"C:/Program Files/Unity/Hub/Editor/6000.5.3f1/Editor/Data/NetStandard/compat/2.1.0/shims/netfx/System.Runtime.Serialization.dll"
-r:"C:/Program Files/Unity/Hub/Editor/6000.5.3f1/Editor/Data/NetStandard/compat/2.1.0/shims/netfx/System.ServiceModel.Web.dll"
-r:"C:/Program Files/Unity/Hub/Editor/6000.5.3f1/Editor/Data/NetStandard/compat/2.1.0/shims/netfx/System.Transactions.dll"
-r:"C:/Program Files/Unity/Hub/Editor/6000.5.3f1/Editor/Data/NetStandard/compat/2.1.0/shims/netfx/System.Web.dll"
-r:"C:/Program Files/Unity/Hub/Editor/6000.5.3f1/Editor/Data/NetStandard/compat/2.1.0/shims/netfx/System.Windows.dll"
-r:"C:/Program Files/Unity/Hub/Editor/6000.5.3f1/Editor/Data/NetStandard/compat/2.1.0/shims/netfx/System.Xml.Linq.dll"
-r:"C:/Program Files/Unity/Hub/Editor/6000.5.3f1/Editor/Data/NetStandard/compat/2.1.0/shims/netfx/System.Xml.Serialization.dll"
-r:"C:/Program Files/Unity/Hub/Editor/6000.5.3f1/Editor/Data/NetStandard/compat/2.1.0/shims/netfx/System.Xml.dll"
-r:"C:/Program Files/Unity/Hub/Editor/6000.5.3f1/Editor/Data/NetStandard/compat/2.1.0/shims/netfx/System.dll"
-r:"C:/Program Files/Unity/Hub/Editor/6000.5.3f1/Editor/Data/NetStandard/compat/2.1.0/shims/netfx/mscorlib.dll"
-r:"C:/Program Files/Unity/Hub/Editor/6000.5.3f1/Editor/Data/NetStandard/compat/2.1.0/shims/netstandard/Microsoft.Win32.Primitives.dll"
-r:"C:/Program Files/Unity/Hub/Editor/6000.5.3f1/Editor/Data/NetStandard/compat/2.1.0/shims/netstandard/System.AppContext.dll"
-r:"C:/Program Files/Unity/Hub/Editor/6000.5.3f1/Editor/Data/NetStandard/compat/2.1.0/shims/netstandard/System.Buffers.dll"
-r:"C:/Program Files/Unity/Hub/Editor/6000.5.3f1/Editor/Data/NetStandard/compat/2.1.0/shims/netstandard/System.Collections.Concurrent.dll"
-r:"C:/Program Files/Unity/Hub/Editor/6000.5.3f1/Editor/Data/NetStandard/compat/2.1.0/shims/netstandard/System.Collections.NonGeneric.dll"
-r:"C:/Program Files/Unity/Hub/Editor/6000.5.3f1/Editor/Data/NetStandard/compat/2.1.0/shims/netstandard/System.Collections.Specialized.dll"
-r:"C:/Program Files/Unity/Hub/Editor/6000.5.3f1/Editor/Data/NetStandard/compat/2.1.0/shims/netstandard/System.Collections.dll"
-r:"C:/Program Files/Unity/Hub/Editor/6000.5.3f1/Editor/Data/NetStandard/compat/2.1.0/shims/netstandard/System.ComponentModel.EventBasedAsync.dll"
-r:"C:/Program Files/Unity/Hub/Editor/6000.5.3f1/Editor/Data/NetStandard/compat/2.1.0/shims/netstandard/System.ComponentModel.Primitives.dll"
-r:"C:/Program Files/Unity/Hub/Editor/6000.5.3f1/Editor/Data/NetStandard/compat/2.1.0/shims/netstandard/System.ComponentModel.TypeConverter.dll"
-r:"C:/Program Files/Unity/Hub/Editor/6000.5.3f1/Editor/Data/NetStandard/compat/2.1.0/shims/netstandard/System.ComponentModel.dll"
-r:"C:/Program Files/Unity/Hub/Editor/6000.5.3f1/Editor/Data/NetStandard/compat/2.1.0/shims/netstandard/System.Console.dll"
-r:"C:/Program Files/Unity/Hub/Editor/6000.5.3f1/Editor/Data/NetStandard/compat/2.1.0/shims/netstandard/System.Data.Common.dll"
-r:"C:/Program Files/Unity/Hub/Editor/6000.5.3f1/Editor/Data/NetStandard/compat/2.1.0/shims/netstandard/System.Diagnostics.Contracts.dll"
-r:"C:/Program Files/Unity/Hub/Editor/6000.5.3f1/Editor/Data/NetStandard/compat/2.1.0/shims/netstandard/System.Diagnostics.Debug.dll"
-r:"C:/Program Files/Unity/Hub/Editor/6000.5.3f1/Editor/Data/NetStandard/compat/2.1.0/shims/netstandard/System.Diagnostics.FileVersionInfo.dll"
-r:"C:/Program Files/Unity/Hub/Editor/6000.5.3f1/Editor/Data/NetStandard/compat/2.1.0/shims/netstandard/System.Diagnostics.Process.dll"
-r:"C:/Program Files/Unity/Hub/Editor/6000.5.3f1/Editor/Data/NetStandard/compat/2.1.0/shims/netstandard/System.Diagnostics.StackTrace.dll"
-r:"C:/Program Files/Unity/Hub/Editor/6000.5.3f1/Editor/Data/NetStandard/compat/2.1.0/shims/netstandard/System.Diagnostics.TextWriterTraceListener.dll"
-r:"C:/Program Files/Unity/Hub/Editor/6000.5.3f1/Editor/Data/NetStandard/compat/2.1.0/shims/netstandard/System.Diagnostics.Tools.dll"
-r:"C:/Program Files/Unity/Hub/Editor/6000.5.3f1/Editor/Data/NetStandard/compat/2.1.0/shims/netstandard/System.Diagnostics.TraceSource.dll"
-r:"C:/Program Files/Unity/Hub/Editor/6000.5.3f1/Editor/Data/NetStandard/compat/2.1.0/shims/netstandard/System.Diagnostics.Tracing.dll"
-r:"C:/Program Files/Unity/Hub/Editor/6000.5.3f1/Editor/Data/NetStandard/compat/2.1.0/shims/netstandard/System.Drawing.Primitives.dll"
-r:"C:/Program Files/Unity/Hub/Editor/6000.5.3f1/Editor/Data/NetStandard/compat/2.1.0/shims/netstandard/System.Dynamic.Runtime.dll"
-r:"C:/Program Files/Unity/Hub/Editor/6000.5.3f1/Editor/Data/NetStandard/compat/2.1.0/shims/netstandard/System.Globalization.Calendars.dll"
-r:"C:/Program Files/Unity/Hub/Editor/6000.5.3f1/Editor/Data/NetStandard/compat/2.1.0/shims/netstandard/System.Globalization.Extensions.dll"
-r:"C:/Program Files/Unity/Hub/Editor/6000.5.3f1/Editor/Data/NetStandard/compat/2.1.0/shims/netstandard/System.Globalization.dll"
-r:"C:/Program Files/Unity/Hub/Editor/6000.5.3f1/Editor/Data/NetStandard/compat/2.1.0/shims/netstandard/System.IO.Compression.ZipFile.dll"
-r:"C:/Program Files/Unity/Hub/Editor/6000.5.3f1/Editor/Data/NetStandard/compat/2.1.0/shims/netstandard/System.IO.Compression.dll"
-r:"C:/Program Files/Unity/Hub/Editor/6000.5.3f1/Editor/Data/NetStandard/compat/2.1.0/shims/netstandard/System.IO.FileSystem.DriveInfo.dll"
-r:"C:/Program Files/Unity/Hub/Editor/6000.5.3f1/Editor/Data/NetStandard/compat/2.1.0/shims/netstandard/System.IO.FileSystem.Primitives.dll"
-r:"C:/Program Files/Unity/Hub/Editor/6000.5.3f1/Editor/Data/NetStandard/compat/2.1.0/shims/netstandard/System.IO.FileSystem.Watcher.dll"
-r:"C:/Program Files/Unity/Hub/Editor/6000.5.3f1/Editor/Data/NetStandard/compat/2.1.0/shims/netstandard/System.IO.FileSystem.dll"
-r:"C:/Program Files/Unity/Hub/Editor/6000.5.3f1/Editor/Data/NetStandard/compat/2.1.0/shims/netstandard/System.IO.IsolatedStorage.dll"
-r:"C:/Program Files/Unity/Hub/Editor/6000.5.3f1/Editor/Data/NetStandard/compat/2.1.0/shims/netstandard/System.IO.MemoryMappedFiles.dll"
-r:"C:/Program Files/Unity/Hub/Editor/6000.5.3f1/Editor/Data/NetStandard/compat/2.1.0/shims/netstandard/System.IO.Pipes.dll"
-r:"C:/Program Files/Unity/Hub/Editor/6000.5.3f1/Editor/Data/NetStandard/compat/2.1.0/shims/netstandard/System.IO.UnmanagedMemoryStream.dll"
-r:"C:/Program Files/Unity/Hub/Editor/6000.5.3f1/Editor/Data/NetStandard/compat/2.1.0/shims/netstandard/System.IO.dll"
-r:"C:/Program Files/Unity/Hub/Editor/6000.5.3f1/Editor/Data/NetStandard/compat/2.1.0/shims/netstandard/System.Linq.Expressions.dll"
-r:"C:/Program Files/Unity/Hub/Editor/6000.5.3f1/Editor/Data/NetStandard/compat/2.1.0/shims/netstandard/System.Linq.Parallel.dll"
-r:"C:/Program Files/Unity/Hub/Editor/6000.5.3f1/Editor/Data/NetStandard/compat/2.1.0/shims/netstandard/System.Linq.Queryable.dll"
-r:"C:/Program Files/Unity/Hub/Editor/6000.5.3f1/Editor/Data/NetStandard/compat/2.1.0/shims/netstandard/System.Linq.dll"
-r:"C:/Program Files/Unity/Hub/Editor/6000.5.3f1/Editor/Data/NetStandard/compat/2.1.0/shims/netstandard/System.Memory.dll"
-r:"C:/Program Files/Unity/Hub/Editor/6000.5.3f1/Editor/Data/NetStandard/compat/2.1.0/shims/netstandard/System.Net.Http.dll"
-r:"C:/Program Files/Unity/Hub/Editor/6000.5.3f1/Editor/Data/NetStandard/compat/2.1.0/shims/netstandard/System.Net.NameResolution.dll"
-r:"C:/Program Files/Unity/Hub/Editor/6000.5.3f1/Editor/Data/NetStandard/compat/2.1.0/shims/netstandard/System.Net.NetworkInformation.dll"
-r:"C:/Program Files/Unity/Hub/Editor/6000.5.3f1/Editor/Data/NetStandard/compat/2.1.0/shims/netstandard/System.Net.Ping.dll"
-r:"C:/Program Files/Unity/Hub/Editor/6000.5.3f1/Editor/Data/NetStandard/compat/2.1.0/shims/netstandard/System.Net.Primitives.dll"
-r:"C:/Program Files/Unity/Hub/Editor/6000.5.3f1/Editor/Data/NetStandard/compat/2.1.0/shims/netstandard/System.Net.Requests.dll"
-r:"C:/Program Files/Unity/Hub/Editor/6000.5.3f1/Editor/Data/NetStandard/compat/2.1.0/shims/netstandard/System.Net.Security.dll"
-r:"C:/Program Files/Unity/Hub/Editor/6000.5.3f1/Editor/Data/NetStandard/compat/2.1.0/shims/netstandard/System.Net.Sockets.dll"
-r:"C:/Program Files/Unity/Hub/Editor/6000.5.3f1/Editor/Data/NetStandard/compat/2.1.0/shims/netstandard/System.Net.WebHeaderCollection.dll"
-r:"C:/Program Files/Unity/Hub/Editor/6000.5.3f1/Editor/Data/NetStandard/compat/2.1.0/shims/netstandard/System.Net.WebSockets.Client.dll"
-r:"C:/Program Files/Unity/Hub/Editor/6000.5.3f1/Editor/Data/NetStandard/compat/2.1.0/shims/netstandard/System.Net.WebSockets.dll"
-r:"C:/Program Files/Unity/Hub/Editor/6000.5.3f1/Editor/Data/NetStandard/compat/2.1.0/shims/netstandard/System.Numerics.Vectors.dll"
-r:"C:/Program Files/Unity/Hub/Editor/6000.5.3f1/Editor/Data/NetStandard/compat/2.1.0/shims/netstandard/System.ObjectModel.dll"
-r:"C:/Program Files/Unity/Hub/Editor/6000.5.3f1/Editor/Data/NetStandard/compat/2.1.0/shims/netstandard/System.Reflection.DispatchProxy.dll"
-r:"C:/Program Files/Unity/Hub/Editor/6000.5.3f1/Editor/Data/NetStandard/compat/2.1.0/shims/netstandard/System.Reflection.Emit.ILGeneration.dll"
-r:"C:/Program Files/Unity/Hub/Editor/6000.5.3f1/Editor/Data/NetStandard/compat/2.1.0/shims/netstandard/System.Reflection.Emit.Lightweight.dll"
-r:"C:/Program Files/Unity/Hub/Editor/6000.5.3f1/Editor/Data/NetStandard/compat/2.1.0/shims/netstandard/System.Reflection.Emit.dll"
-r:"C:/Program Files/Unity/Hub/Editor/6000.5.3f1/Editor/Data/NetStandard/compat/2.1.0/shims/netstandard/System.Reflection.Extensions.dll"
-r:"C:/Program Files/Unity/Hub/Editor/6000.5.3f1/Editor/Data/NetStandard/compat/2.1.0/shims/netstandard/System.Reflection.Primitives.dll"
-r:"C:/Program Files/Unity/Hub/Editor/6000.5.3f1/Editor/Data/NetStandard/compat/2.1.0/shims/netstandard/System.Reflection.dll"
-r:"C:/Program Files/Unity/Hub/Editor/6000.5.3f1/Editor/Data/NetStandard/compat/2.1.0/shims/netstandard/System.Resources.Reader.dll"
-r:"C:/Program Files/Unity/Hub/Editor/6000.5.3f1/Editor/Data/NetStandard/compat/2.1.0/shims/netstandard/System.Resources.ResourceManager.dll"
-r:"C:/Program Files/Unity/Hub/Editor/6000.5.3f1/Editor/Data/NetStandard/compat/2.1.0/shims/netstandard/System.Resources.Writer.dll"
-r:"C:/Program Files/Unity/Hub/Editor/6000.5.3f1/Editor/Data/NetStandard/compat/2.1.0/shims/netstandard/System.Runtime.CompilerServices.VisualC.dll"
-r:"C:/Program Files/Unity/Hub/Editor/6000.5.3f1/Editor/Data/NetStandard/compat/2.1.0/shims/netstandard/System.Runtime.Extensions.dll"
-r:"C:/Program Files/Unity/Hub/Editor/6000.5.3f1/Editor/Data/NetStandard/compat/2.1.0/shims/netstandard/System.Runtime.Handles.dll"
-r:"C:/Program Files/Unity/Hub/Editor/6000.5.3f1/Editor/Data/NetStandard/compat/2.1.0/shims/netstandard/System.Runtime.InteropServices.RuntimeInformation.dll"
-r:"C:/Program Files/Unity/Hub/Editor/6000.5.3f1/Editor/Data/NetStandard/compat/2.1.0/shims/netstandard/System.Runtime.InteropServices.dll"
-r:"C:/Program Files/Unity/Hub/Editor/6000.5.3f1/Editor/Data/NetStandard/compat/2.1.0/shims/netstandard/System.Runtime.Numerics.dll"
-r:"C:/Program Files/Unity/Hub/Editor/6000.5.3f1/Editor/Data/NetStandard/compat/2.1.0/shims/netstandard/System.Runtime.Serialization.Formatters.dll"
-r:"C:/Program Files/Unity/Hub/Editor/6000.5.3f1/Editor/Data/NetStandard/compat/2.1.0/shims/netstandard/System.Runtime.Serialization.Json.dll"
-r:"C:/Program Files/Unity/Hub/Editor/6000.5.3f1/Editor/Data/NetStandard/compat/2.1.0/shims/netstandard/System.Runtime.Serialization.Primitives.dll"
-r:"C:/Program Files/Unity/Hub/Editor/6000.5.3f1/Editor/Data/NetStandard/compat/2.1.0/shims/netstandard/System.Runtime.Serialization.Xml.dll"
-r:"C:/Program Files/Unity/Hub/Editor/6000.5.3f1/Editor/Data/NetStandard/compat/2.1.0/shims/netstandard/System.Runtime.dll"
-r:"C:/Program Files/Unity/Hub/Editor/6000.5.3f1/Editor/Data/NetStandard/compat/2.1.0/shims/netstandard/System.Security.Claims.dll"
-r:"C:/Program Files/Unity/Hub/Editor/6000.5.3f1/Editor/Data/NetStandard/compat/2.1.0/shims/netstandard/System.Security.Cryptography.Algorithms.dll"
-r:"C:/Program Files/Unity/Hub/Editor/6000.5.3f1/Editor/Data/NetStandard/compat/2.1.0/shims/netstandard/System.Security.Cryptography.Csp.dll"
-r:"C:/Program Files/Unity/Hub/Editor/6000.5.3f1/Editor/Data/NetStandard/compat/2.1.0/shims/netstandard/System.Security.Cryptography.Encoding.dll"
-r:"C:/Program Files/Unity/Hub/Editor/6000.5.3f1/Editor/Data/NetStandard/compat/2.1.0/shims/netstandard/System.Security.Cryptography.Primitives.dll"
-r:"C:/Program Files/Unity/Hub/Editor/6000.5.3f1/Editor/Data/NetStandard/compat/2.1.0/shims/netstandard/System.Security.Cryptography.X509Certificates.dll"
-r:"C:/Program Files/Unity/Hub/Editor/6000.5.3f1/Editor/Data/NetStandard/compat/2.1.0/shims/netstandard/System.Security.Principal.dll"
-r:"C:/Program Files/Unity/Hub/Editor/6000.5.3f1/Editor/Data/NetStandard/compat/2.1.0/shims/netstandard/System.Security.SecureString.dll"
-r:"C:/Program Files/Unity/Hub/Editor/6000.5.3f1/Editor/Data/NetStandard/compat/2.1.0/shims/netstandard/System.Text.Encoding.Extensions.dll"
-r:"C:/Program Files/Unity/Hub/Editor/6000.5.3f1/Editor/Data/NetStandard/compat/2.1.0/shims/netstandard/System.Text.Encoding.dll"
-r:"C:/Program Files/Unity/Hub/Editor/6000.5.3f1/Editor/Data/NetStandard/compat/2.1.0/shims/netstandard/System.Text.RegularExpressions.dll"
-r:"C:/Program Files/Unity/Hub/Editor/6000.5.3f1/Editor/Data/NetStandard/compat/2.1.0/shims/netstandard/System.Threading.Overlapped.dll"
-r:"C:/Program Files/Unity/Hub/Editor/6000.5.3f1/Editor/Data/NetStandard/compat/2.1.0/shims/netstandard/System.Threading.Tasks.Extensions.dll"
-r:"C:/Program Files/Unity/Hub/Editor/6000.5.3f1/Editor/Data/NetStandard/compat/2.1.0/shims/netstandard/System.Threading.Tasks.Parallel.dll"
-r:"C:/Program Files/Unity/Hub/Editor/6000.5.3f1/Editor/Data/NetStandard/compat/2.1.0/shims/netstandard/System.Threading.Tasks.dll"
-r:"C:/Program Files/Unity/Hub/Editor/6000.5.3f1/Editor/Data/NetStandard/compat/2.1.0/shims/netstandard/System.Threading.Thread.dll"
-r:"C:/Program Files/Unity/Hub/Editor/6000.5.3f1/Editor/Data/NetStandard/compat/2.1.0/shims/netstandard/System.Threading.ThreadPool.dll"
-r:"C:/Program Files/Unity/Hub/Editor/6000.5.3f1/Editor/Data/NetStandard/compat/2.1.0/shims/netstandard/System.Threading.Timer.dll"
-r:"C:/Program Files/Unity/Hub/Editor/6000.5.3f1/Editor/Data/NetStandard/compat/2.1.0/shims/netstandard/System.Threading.dll"
-r:"C:/Program Files/Unity/Hub/Editor/6000.5.3f1/Editor/Data/NetStandard/compat/2.1.0/shims/netstandard/System.ValueTuple.dll"
-r:"C:/Program Files/Unity/Hub/Editor/6000.5.3f1/Editor/Data/NetStandard/compat/2.1.0/shims/netstandard/System.Xml.ReaderWriter.dll"
-r:"C:/Program Files/Unity/Hub/Editor/6000.5.3f1/Editor/Data/NetStandard/compat/2.1.0/shims/netstandard/System.Xml.XDocument.dll"
-r:"C:/Program Files/Unity/Hub/Editor/6000.5.3f1/Editor/Data/NetStandard/compat/2.1.0/shims/netstandard/System.Xml.XPath.XDocument.dll"
-r:"C:/Program Files/Unity/Hub/Editor/6000.5.3f1/Editor/Data/NetStandard/compat/2.1.0/shims/netstandard/System.Xml.XPath.dll"
-r:"C:/Program Files/Unity/Hub/Editor/6000.5.3f1/Editor/Data/NetStandard/compat/2.1.0/shims/netstandard/System.Xml.XmlDocument.dll"
-r:"C:/Program Files/Unity/Hub/Editor/6000.5.3f1/Editor/Data/NetStandard/compat/2.1.0/shims/netstandard/System.Xml.XmlSerializer.dll"
-r:"C:/Program Files/Unity/Hub/Editor/6000.5.3f1/Editor/Data/NetStandard/ref/2.1.0/netstandard.dll"
-r:"Library/Bee/artifacts/1900b0aE.dag/Unity.InternalAPIEngineBridge.004.ref.dll"
-r:"Library/Bee/artifacts/1900b0aE.dag/Unity.TextMeshPro.Editor.ref.dll"
-r:"Library/Bee/artifacts/1900b0aE.dag/Unity.TextMeshPro.ref.dll"
-r:"Library/Bee/artifacts/1900b0aE.dag/UnityEditor.UI.Analytics.ref.dll"
-r:"Library/Bee/artifacts/1900b0aE.dag/UnityEditor.UI.ref.dll"
-r:"Library/Bee/artifacts/1900b0aE.dag/UnityEngine.UI.ref.dll"
-analyzer:"C:/Program Files/Unity/Hub/Editor/6000.5.3f1/Editor/Data/BCLExtensions/TargetingPacks/netstandard2.1/analyzers/dotnet/roslyn4.0/cs/Microsoft.Extensions.Logging.Generators.dll"
-analyzer:"C:/Program Files/Unity/Hub/Editor/6000.5.3f1/Editor/Data/BCLExtensions/TargetingPacks/netstandard2.1/analyzers/dotnet/roslyn4.0/cs/System.Text.Json.SourceGeneration.dll"
-analyzer:"C:/Program Files/Unity/Hub/Editor/6000.5.3f1/Editor/Data/Tools/BuildPipeline/Unity.Analyzers.Common/Unity.Analyzers.Common.dll"
-analyzer:"C:/Program Files/Unity/Hub/Editor/6000.5.3f1/Editor/Data/Tools/BuildPipeline/Unity.Analyzers.LongLiving/Unity.Analyzers.LongLiving.dll"
-analyzer:"C:/Program Files/Unity/Hub/Editor/6000.5.3f1/Editor/Data/Tools/BuildPipeline/Unity.SourceGenerators/Unity.Properties.SourceGenerator.dll"
-analyzer:"C:/Program Files/Unity/Hub/Editor/6000.5.3f1/Editor/Data/Tools/BuildPipeline/Unity.SourceGenerators/Unity.SourceGenerators.dll"
-analyzer:"C:/Program Files/Unity/Hub/Editor/6000.5.3f1/Editor/Data/Tools/BuildPipeline/Unity.SourceGenerators/Unity.UIToolkit.SourceGenerator.dll"
"Assets/DMT321/SimpleDigitalTwin/Scripts/MockTemperatureSensor.cs"
"Assets/DMT321/SimpleDigitalTwin/Scripts/TemperatureTwinView.cs"
-langversion:9.0
/deterministic
/optimize+
/debug:portable
/nologo
/RuntimeMetadataVersion:v4.0.30319
/nowarn:0169
/nowarn:0649
/nowarn:0282
/nowarn:1701
/nowarn:1702
/utf8output
/preferreduilang:en-US
/additionalfile:"Library/Bee/artifacts/1900b0aE.dag/Assembly-CSharp.UnityAdditionalFile.txt"
##### Custom Environment Variables
DOTNET_HOST_PATH=C:\Program Files\Unity\Hub\Editor\6000.5.3f1\Editor\Data\DotNetSdk\dotnet.exe
DOTNET_MULTILEVEL_LOOKUP=0
##### ExitCode
1
##### Output
Assets\DMT321\SimpleDigitalTwin\Scripts\TemperatureTwinView.cs(30,34): error CS0246: The type or namespace name 'Tranform' could not be found (are you missing a using directive or an assembly reference?)
*** Tundra build failed (1.03 seconds), 1 items updated, 214 evaluated

Asset Pipeline Refresh (id=0a1d29a7059c71344b4c29c5ba3b9f36): Total: 1.156 seconds - Initiated by RefreshV2(AllowForceSynchronousImport)
	(Values over 0.05ms)
	Summary:
		Imports: total=0 (actual=0, local cache=0, cache server=0)
		Asset DB Process Time: managed=0 ms, native=18 ms
		Asset DB Callback time: managed=0 ms, native=1 ms
		Scripting: domain reloads=0, domain reload time=0 ms, compile time=1135 ms, other=0 ms
		Project Asset Count: scripts=135, non-scripts=91
		Asset File Changes: new=0, changed=1, moved=0, deleted=0
		Scan Filter Count: 0
	InvokePackagesCallback: 1.141ms
	Scan: 7.608ms
	Collect global state as custom dependencies: 0.058ms
	OnSourceAssetsModified: 0.054ms
	ProcessAssetsWithTransientArtifactChanges: 0.093ms
	CategorizeAssets: 0.217ms
	CompileScripts: 1135.303ms
	ImportOutOfDateAssets: 3.670ms (1.460ms without children)
		UnloadImportedAssets: 0.212ms
		ImportSchedulerStart: 1.955ms
	PostProcessAllAssets: 1.079ms
		MonoPostProcessAllAssets: 0.884ms
			AssetChangedListener.OnPostprocessAllAssets 0.537ms
			AssetPostprocessor.OnPostprocessAllAssets 0.070ms
	PostAssetChangesProfiler: 0.407ms
	Untracked: 5.830ms

Asset Pipeline Refresh (id=55f4d2fe5e31caf41b0b90f08509b23e): Total: 0.004 seconds - Initiated by RefreshV2(AllowForceSynchronousImport)
EditorHelper: Unable to use the external script editor. Trying the internal script editor now.
GUILayout: Mismatched LayoutGroup.mouseUp
EditorHelper: Unable to use the external script editor. Trying the internal script editor now.
EditorHelper: Unable to use the external script editor. Trying the internal script editor now.
[ScriptCompilation] Requested script compilation because: AssetDatabase observed changes in script compilation related files
info: Microsoft.AspNetCore.Hosting.Diagnostics[1]
      Request starting HTTP/2 POST http://ilpp/UnityILPP.PostProcessing/Ping - application/grpc -
info: Microsoft.AspNetCore.Routing.EndpointMiddleware[0]
      Executing endpoint 'gRPC - /UnityILPP.PostProcessing/Ping'
info: Microsoft.AspNetCore.Routing.EndpointMiddleware[1]
      Executed endpoint 'gRPC - /UnityILPP.PostProcessing/Ping'
info: Microsoft.AspNetCore.Hosting.Diagnostics[2]
      Request finished HTTP/2 POST http://ilpp/UnityILPP.PostProcessing/Ping - 200 - application/grpc 0.1969ms
Starting: C:\Program Files\Unity\Hub\Editor\6000.5.3f1\Editor\Data\Tools\BuildPipeline\bee_backend.exe --ipc --defer-dag-verification --dagfile="Library/Bee/1900b0aE.dag" --continue-on-failure --profile="Library/Bee/backend1.traceevents" ScriptAssemblies
WorkingDir: C:/Users/MTA-403/Desktop/DMT321_Lab01_Unity6.5
## Script Compilation Error for: Csc Library/Bee/artifacts/1900b0aE.dag/Assembly-CSharp.dll (+2 others)
## CmdLine: "C:\Program Files\Unity\Hub\Editor\6000.5.3f1\Editor\Data\DotNetSdk\dotnet.exe" exec "C:/Program Files/Unity/Hub/Editor/6000.5.3f1/Editor/Data/DotNetSdk/sdk/8.0.318/Roslyn/bincore/csc.dll" /nostdlib /noconfig /shared "@Library/Bee/artifacts/1900b0aE.dag/Assembly-CSharp.rsp" "@Library/Bee/artifacts/1900b0aE.dag/Assembly-CSharp.rsp2"
## Output:
Assets\DMT321\SimpleDigitalTwin\Scripts\TemperatureTwinView.cs(92,17): error CS0103: The name 'IndicatorPivotTransform' does not exist in the current context
Assets\DMT321\SimpleDigitalTwin\Scripts\TemperatureTwinView.cs(101,62): error CS1503: Argument 1: cannot convert from 'UnityEngine.Vector3' to 'float'

Assets\DMT321\SimpleDigitalTwin\Scripts\TemperatureTwinView.cs(92,17): error CS0103: The name 'IndicatorPivotTransform' does not exist in the current context
Assets\DMT321\SimpleDigitalTwin\Scripts\TemperatureTwinView.cs(101,62): error CS1503: Argument 1: cannot convert from 'UnityEngine.Vector3' to 'float'
Total cache size 1976460
Total cache size after purge 1976460, took 00:00:00.0035860
ExitCode: 3 Duration: 0s357ms
[211/214    0s] Csc Library/Bee/artifacts/1900b0aE.dag/Assembly-CSharp.dll (+2 others)
##### CommandLine
"C:\Program Files\Unity\Hub\Editor\6000.5.3f1\Editor\Data\DotNetSdk\dotnet.exe" exec "C:/Program Files/Unity/Hub/Editor/6000.5.3f1/Editor/Data/DotNetSdk/sdk/8.0.318/Roslyn/bincore/csc.dll" /nostdlib /noconfig /shared "@Library/Bee/artifacts/1900b0aE.dag/Assembly-CSharp.rsp" "@Library/Bee/artifacts/1900b0aE.dag/Assembly-CSharp.rsp2"
##### Contents of Library\Bee\artifacts\1900b0aE.dag\Assembly-CSharp.rsp
-target:library
-out:"Library/Bee/artifacts/1900b0aE.dag/Assembly-CSharp.dll"
-refout:"Library/Bee/artifacts/1900b0aE.dag/Assembly-CSharp.ref.dll"
-define:UNITY_6000_5_3
-define:UNITY_6000_5
-define:UNITY_6000
-define:UNITY_5_3_OR_NEWER
-define:UNITY_5_4_OR_NEWER
-define:UNITY_5_5_OR_NEWER
-define:UNITY_5_6_OR_NEWER
-define:UNITY_2017_1_OR_NEWER
-define:UNITY_2017_2_OR_NEWER
-define:UNITY_2017_3_OR_NEWER
-define:UNITY_2017_4_OR_NEWER
-define:UNITY_2018_1_OR_NEWER
-define:UNITY_2018_2_OR_NEWER
-define:UNITY_2018_3_OR_NEWER
-define:UNITY_2018_4_OR_NEWER
-define:UNITY_2019_1_OR_NEWER
-define:UNITY_2019_2_OR_NEWER
-define:UNITY_2019_3_OR_NEWER
-define:UNITY_2019_4_OR_NEWER
-define:UNITY_2020_1_OR_NEWER
-define:UNITY_2020_2_OR_NEWER
-define:UNITY_2020_3_OR_NEWER
-define:UNITY_2021_1_OR_NEWER
-define:UNITY_2021_2_OR_NEWER
-define:UNITY_2021_3_OR_NEWER
-define:UNITY_2022_1_OR_NEWER
-define:UNITY_2022_2_OR_NEWER
-define:UNITY_2022_3_OR_NEWER
-define:UNITY_2023_1_OR_NEWER
-define:UNITY_2023_2_OR_NEWER
-define:UNITY_2023_3_OR_NEWER
-define:UNITY_6000_0_OR_NEWER
-define:UNITY_6000_1_OR_NEWER
-define:UNITY_6000_2_OR_NEWER
-define:UNITY_6000_3_OR_NEWER
-define:UNITY_6000_4_OR_NEWER
-define:UNITY_6000_5_OR_NEWER
-define:PLATFORM_ARCH_64
-define:UNITY_64
-define:UNITY_INCLUDE_TESTS
-define:ENABLE_AR
-define:ENABLE_AUDIO
-define:ENABLE_AUDIO_SCRIPTABLE_PIPELINE
-define:ENABLE_CACHING
-define:ENABLE_CLOTH
-define:ENABLE_EVENT_QUEUE
-define:ENABLE_MICROPHONE
-define:ENABLE_MULTIPLE_DISPLAYS
-define:ENABLE_PHYSICS
-define:ENABLE_TEXTURE_STREAMING
-define:ENABLE_VIRTUALTEXTURING
-define:ENABLE_LZMA
-define:ENABLE_UNITYEVENTS
-define:ENABLE_VR
-define:ENABLE_WEBCAM
-define:ENABLE_UNITYWEBREQUEST
-define:ENABLE_WWW
-define:ENABLE_CLOUD_SERVICES
-define:ENABLE_CLOUD_SERVICES_ADS
-define:ENABLE_CLOUD_SERVICES_USE_WEBREQUEST
-define:ENABLE_UNITY_CONSENT
-define:ENABLE_UNITY_CLOUD_IDENTIFIERS
-define:ENABLE_CLOUD_SERVICES_CRASH_REPORTING
-define:ENABLE_CLOUD_SERVICES_NATIVE_CRASH_REPORTING
-define:ENABLE_CLOUD_SERVICES_PURCHASING
-define:ENABLE_CLOUD_SERVICES_ANALYTICS
-define:ENABLE_CLOUD_SERVICES_BUILD
-define:ENABLE_EDITOR_GAME_SERVICES
-define:ENABLE_UNITY_GAME_SERVICES_ANALYTICS_SUPPORT
-define:ENABLE_CLOUD_LICENSE
-define:ENABLE_EDITOR_HUB_LICENSE
-define:ENABLE_WEBSOCKET_CLIENT
-define:ENABLE_GENERATE_NATIVE_PLUGINS_FOR_ASSEMBLIES_API
-define:ENABLE_DIRECTOR_AUDIO
-define:ENABLE_DIRECTOR_TEXTURE
-define:ENABLE_MANAGED_JOBS
-define:ENABLE_MANAGED_TRANSFORM_JOBS
-define:ENABLE_MANAGED_ANIMATION_JOBS
-define:ENABLE_MANAGED_AUDIO_JOBS
-define:ENABLE_MANAGED_UNITYTLS
-define:INCLUDE_DYNAMIC_GI
-define:ENABLE_SCRIPTING_GC_WBARRIERS
-define:PLATFORM_SUPPORTS_MONO
-define:RENDER_SOFTWARE_CURSOR
-define:ENABLE_MARSHALLING_TESTS
-define:ENABLE_VIDEO
-define:ENABLE_NAVIGATION_OFFMESHLINK_TO_NAVMESHLINK
-define:ENABLE_ACCELERATOR_CLIENT_DEBUGGING
-define:ENABLE_ACCESSIBILITY_SCREEN_READER
-define:TEXTCORE_1_0_OR_NEWER
-define:EDITOR_ONLY_NAVMESH_BUILDER_DEPRECATED
-define:PLATFORM_STANDALONE_WIN
-define:PLATFORM_STANDALONE
-define:UNITY_STANDALONE_WIN
-define:UNITY_STANDALONE
-define:ENABLE_RUNTIME_GI
-define:ENABLE_MOVIES
-define:ENABLE_NETWORK
-define:ENABLE_NVIDIA
-define:ENABLE_AMD
-define:ENABLE_CRUNCH_TEXTURE_COMPRESSION
-define:ENABLE_CLOUD_SERVICES_ENGINE_DIAGNOSTICS
-define:ENABLE_OUT_OF_PROCESS_CRASH_HANDLER
-define:ENABLE_CLUSTER_SYNC
-define:ENABLE_CLUSTERINPUT
-define:PLATFORM_UPDATES_TIME_OUTSIDE_OF_PLAYER_LOOP
-define:GFXDEVICE_WAITFOREVENT_MESSAGEPUMP
-define:PLATFORM_USES_EXPLICIT_MEMORY_MANAGER_INITIALIZER
-define:PLATFORM_SUPPORTS_WAIT_FOR_PRESENTATION
-define:PLATFORM_SUPPORTS_SPLIT_GRAPHICS_JOBS
-define:PLATFORM_USES_VULKAN_OLD_SWAPCHAIN
-define:USE_READ_ASYNC_MANAGED_API
-define:ENABLE_MONO
-define:NET_STANDARD_2_0
-define:NET_STANDARD
-define:NET_STANDARD_2_1
-define:NETSTANDARD
-define:NETSTANDARD2_1
-define:ENABLE_PROFILER
-define:DEBUG
-define:TRACE
-define:UNITY_ASSERTIONS
-define:UNITY_EDITOR
-define:UNITY_EDITOR_64
-define:UNITY_EDITOR_WIN
-define:ENABLE_UNITY_COLLECTIONS_CHECKS
-define:ENABLE_BURST_AOT
-define:UNITY_TEAM_LICENSE
-define:ENABLE_CUSTOM_RENDER_TEXTURE
-define:ENABLE_DIRECTOR
-define:ENABLE_LOCALIZATION
-define:ENABLE_SPRITES
-define:ENABLE_TERRAIN
-define:ENABLE_TILEMAP
-define:ENABLE_TIMELINE
-define:ENABLE_LEGACY_INPUT_MANAGER
-define:TEXTCORE_FONT_ENGINE_1_5_OR_NEWER
-define:TEXTCORE_TEXT_ENGINE_1_5_OR_NEWER
-define:TEXTCORE_FONT_ENGINE_1_6_OR_NEWER
-define:CSHARP_7_OR_LATER
-define:CSHARP_7_3_OR_NEWER
-r:"C:/Program Files/Unity/Hub/Editor/6000.5.3f1/Editor/Data/BCLExtensions/TargetingPacks/netstandard2.1/ref/Microsoft.Bcl.AsyncInterfaces.dll"
-r:"C:/Program Files/Unity/Hub/Editor/6000.5.3f1/Editor/Data/BCLExtensions/TargetingPacks/netstandard2.1/ref/Microsoft.Extensions.DependencyInjection.Abstractions.dll"
-r:"C:/Program Files/Unity/Hub/Editor/6000.5.3f1/Editor/Data/BCLExtensions/TargetingPacks/netstandard2.1/ref/Microsoft.Extensions.Logging.Abstractions.dll"
-r:"C:/Program Files/Unity/Hub/Editor/6000.5.3f1/Editor/Data/BCLExtensions/TargetingPacks/netstandard2.1/ref/System.Collections.Immutable.dll"
-r:"C:/Program Files/Unity/Hub/Editor/6000.5.3f1/Editor/Data/BCLExtensions/TargetingPacks/netstandard2.1/ref/System.Diagnostics.DiagnosticSource.dll"
-r:"C:/Program Files/Unity/Hub/Editor/6000.5.3f1/Editor/Data/BCLExtensions/TargetingPacks/netstandard2.1/ref/System.IO.Hashing.dll"
-r:"C:/Program Files/Unity/Hub/Editor/6000.5.3f1/Editor/Data/BCLExtensions/TargetingPacks/netstandard2.1/ref/System.Reflection.Metadata.dll"
-r:"C:/Program Files/Unity/Hub/Editor/6000.5.3f1/Editor/Data/BCLExtensions/TargetingPacks/netstandard2.1/ref/System.Runtime.CompilerServices.Unsafe.dll"
-r:"C:/Program Files/Unity/Hub/Editor/6000.5.3f1/Editor/Data/BCLExtensions/TargetingPacks/netstandard2.1/ref/System.Text.Encodings.Web.dll"
-r:"C:/Program Files/Unity/Hub/Editor/6000.5.3f1/Editor/Data/BCLExtensions/TargetingPacks/netstandard2.1/ref/System.Text.Json.dll"
-r:"C:/Program Files/Unity/Hub/Editor/6000.5.3f1/Editor/Data/Managed/UnityEngine/Unity.Scripting.dll"
-r:"C:/Program Files/Unity/Hub/Editor/6000.5.3f1/Editor/Data/Managed/UnityEngine/UnityEditor.AIModule.dll"
-r:"C:/Program Files/Unity/Hub/Editor/6000.5.3f1/Editor/Data/Managed/UnityEngine/UnityEditor.AccessibilityModule.dll"
-r:"C:/Program Files/Unity/Hub/Editor/6000.5.3f1/Editor/Data/Managed/UnityEngine/UnityEditor.AdaptivePerformanceModule.dll"
-r:"C:/Program Files/Unity/Hub/Editor/6000.5.3f1/Editor/Data/Managed/UnityEngine/UnityEditor.AssetComplianceModule.dll"
-r:"C:/Program Files/Unity/Hub/Editor/6000.5.3f1/Editor/Data/Managed/UnityEngine/UnityEditor.BuildProfileModule.dll"
-r:"C:/Program Files/Unity/Hub/Editor/6000.5.3f1/Editor/Data/Managed/UnityEngine/UnityEditor.ClothModule.dll"
-r:"C:/Program Files/Unity/Hub/Editor/6000.5.3f1/Editor/Data/Managed/UnityEngine/UnityEditor.ContentLoadModule.dll"
-r:"C:/Program Files/Unity/Hub/Editor/6000.5.3f1/Editor/Data/Managed/UnityEngine/UnityEditor.CoreBusinessMetricsModule.dll"
-r:"C:/Program Files/Unity/Hub/Editor/6000.5.3f1/Editor/Data/Managed/UnityEngine/UnityEditor.CoreModule.dll"
-r:"C:/Program Files/Unity/Hub/Editor/6000.5.3f1/Editor/Data/Managed/UnityEngine/UnityEditor.DeviceSimulatorModule.dll"
-r:"C:/Program Files/Unity/Hub/Editor/6000.5.3f1/Editor/Data/Managed/UnityEngine/UnityEditor.DiagnosticsModule.dll"
-r:"C:/Program Files/Unity/Hub/Editor/6000.5.3f1/Editor/Data/Managed/UnityEngine/UnityEditor.EditorToolbarModule.dll"
-r:"C:/Program Files/Unity/Hub/Editor/6000.5.3f1/Editor/Data/Managed/UnityEngine/UnityEditor.EmbreeModule.dll"
-r:"C:/Program Files/Unity/Hub/Editor/6000.5.3f1/Editor/Data/Managed/UnityEngine/UnityEditor.GIModule.dll"
-r:"C:/Program Files/Unity/Hub/Editor/6000.5.3f1/Editor/Data/Managed/UnityEngine/UnityEditor.GenericRemoteModule.dll"
-r:"C:/Program Files/Unity/Hub/Editor/6000.5.3f1/Editor/Data/Managed/UnityEngine/UnityEditor.GraphToolkitModule.dll"
-r:"C:/Program Files/Unity/Hub/Editor/6000.5.3f1/Editor/Data/Managed/UnityEngine/UnityEditor.GraphViewModule.dll"
-r:"C:/Program Files/Unity/Hub/Editor/6000.5.3f1/Editor/Data/Managed/UnityEngine/UnityEditor.GraphicsStateCollectionSerializerModule.dll"
-r:"C:/Program Files/Unity/Hub/Editor/6000.5.3f1/Editor/Data/Managed/UnityEngine/UnityEditor.GridAndSnapModule.dll"
-r:"C:/Program Files/Unity/Hub/Editor/6000.5.3f1/Editor/Data/Managed/UnityEngine/UnityEditor.GridModule.dll"
-r:"C:/Program Files/Unity/Hub/Editor/6000.5.3f1/Editor/Data/Managed/UnityEngine/UnityEditor.HierarchyModule.dll"
-r:"C:/Program Files/Unity/Hub/Editor/6000.5.3f1/Editor/Data/Managed/UnityEngine/UnityEditor.LightingModule.dll"
-r:"C:/Program Files/Unity/Hub/Editor/6000.5.3f1/Editor/Data/Managed/UnityEngine/UnityEditor.MathematicsModule.dll"
-r:"C:/Program Files/Unity/Hub/Editor/6000.5.3f1/Editor/Data/Managed/UnityEngine/UnityEditor.MediaModule.dll"
-r:"C:/Program Files/Unity/Hub/Editor/6000.5.3f1/Editor/Data/Managed/UnityEngine/UnityEditor.MultiplayerModule.dll"
-r:"C:/Program Files/Unity/Hub/Editor/6000.5.3f1/Editor/Data/Managed/UnityEngine/UnityEditor.Physics2DModule.dll"
-r:"C:/Program Files/Unity/Hub/Editor/6000.5.3f1/Editor/Data/Managed/UnityEngine/UnityEditor.PhysicsCore2DModule.dll"
-r:"C:/Program Files/Unity/Hub/Editor/6000.5.3f1/Editor/Data/Managed/UnityEngine/UnityEditor.PhysicsModule.dll"
-r:"C:/Program Files/Unity/Hub/Editor/6000.5.3f1/Editor/Data/Managed/UnityEngine/UnityEditor.PlayModeModule.dll"
-r:"C:/Program Files/Unity/Hub/Editor/6000.5.3f1/Editor/Data/Managed/UnityEngine/UnityEditor.PresetsUIModule.dll"
-r:"C:/Program Files/Unity/Hub/Editor/6000.5.3f1/Editor/Data/Managed/UnityEngine/UnityEditor.ProjectAuditorModule.dll"
-r:"C:/Program Files/Unity/Hub/Editor/6000.5.3f1/Editor/Data/Managed/UnityEngine/UnityEditor.PropertiesModule.dll"
-r:"C:/Program Files/Unity/Hub/Editor/6000.5.3f1/Editor/Data/Managed/UnityEngine/UnityEditor.QuickInstallModule.dll"
-r:"C:/Program Files/Unity/Hub/Editor/6000.5.3f1/Editor/Data/Managed/UnityEngine/UnityEditor.QuickSearchModule.dll"
-r:"C:/Program Files/Unity/Hub/Editor/6000.5.3f1/Editor/Data/Managed/UnityEngine/UnityEditor.SafeModeModule.dll"
-r:"C:/Program Files/Unity/Hub/Editor/6000.5.3f1/Editor/Data/Managed/UnityEngine/UnityEditor.SceneTemplateModule.dll"
-r:"C:/Program Files/Unity/Hub/Editor/6000.5.3f1/Editor/Data/Managed/UnityEngine/UnityEditor.SceneViewModule.dll"
-r:"C:/Program Files/Unity/Hub/Editor/6000.5.3f1/Editor/Data/Managed/UnityEngine/UnityEditor.ShaderBuildSettingsModule.dll"
-r:"C:/Program Files/Unity/Hub/Editor/6000.5.3f1/Editor/Data/Managed/UnityEngine/UnityEditor.ShaderCompilationModule.dll"
-r:"C:/Program Files/Unity/Hub/Editor/6000.5.3f1/Editor/Data/Managed/UnityEngine/UnityEditor.ShaderFoundryModule.dll"
-r:"C:/Program Files/Unity/Hub/Editor/6000.5.3f1/Editor/Data/Managed/UnityEngine/UnityEditor.SketchUpModule.dll"
-r:"C:/Program Files/Unity/Hub/Editor/6000.5.3f1/Editor/Data/Managed/UnityEngine/UnityEditor.SpriteMaskModule.dll"
-r:"C:/Program Files/Unity/Hub/Editor/6000.5.3f1/Editor/Data/Managed/UnityEngine/UnityEditor.SpriteShapeModule.dll"
-r:"C:/Program Files/Unity/Hub/Editor/6000.5.3f1/Editor/Data/Managed/UnityEngine/UnityEditor.SubstanceModule.dll"
-r:"C:/Program Files/Unity/Hub/Editor/6000.5.3f1/Editor/Data/Managed/UnityEngine/UnityEditor.TerrainModule.dll"
-r:"C:/Program Files/Unity/Hub/Editor/6000.5.3f1/Editor/Data/Managed/UnityEngine/UnityEditor.TextCoreFontEngineModule.dll"
-r:"C:/Program Files/Unity/Hub/Editor/6000.5.3f1/Editor/Data/Managed/UnityEngine/UnityEditor.TextCoreTextEngineModule.dll"
-r:"C:/Program Files/Unity/Hub/Editor/6000.5.3f1/Editor/Data/Managed/UnityEngine/UnityEditor.TextRenderingModule.dll"
-r:"C:/Program Files/Unity/Hub/Editor/6000.5.3f1/Editor/Data/Managed/UnityEngine/UnityEditor.TilemapModule.dll"
-r:"C:/Program Files/Unity/Hub/Editor/6000.5.3f1/Editor/Data/Managed/UnityEngine/UnityEditor.TreeModule.dll"
-r:"C:/Program Files/Unity/Hub/Editor/6000.5.3f1/Editor/Data/Managed/UnityEngine/UnityEditor.U2DModule.dll"
-r:"C:/Program Files/Unity/Hub/Editor/6000.5.3f1/Editor/Data/Managed/UnityEngine/UnityEditor.UIAutomationModule.dll"
-r:"C:/Program Files/Unity/Hub/Editor/6000.5.3f1/Editor/Data/Managed/UnityEngine/UnityEditor.UIBuilderModule.dll"
-r:"C:/Program Files/Unity/Hub/Editor/6000.5.3f1/Editor/Data/Managed/UnityEngine/UnityEditor.UIElementsModule.dll"
-r:"C:/Program Files/Unity/Hub/Editor/6000.5.3f1/Editor/Data/Managed/UnityEngine/UnityEditor.UIElementsSamplesModule.dll"
-r:"C:/Program Files/Unity/Hub/Editor/6000.5.3f1/Editor/Data/Managed/UnityEngine/UnityEditor.UIToolkitAuthoringModule.dll"
-r:"C:/Program Files/Unity/Hub/Editor/6000.5.3f1/Editor/Data/Managed/UnityEngine/UnityEditor.UmbraModule.dll"
-r:"C:/Program Files/Unity/Hub/Editor/6000.5.3f1/Editor/Data/Managed/UnityEngine/UnityEditor.UnityConnectModule.dll"
-r:"C:/Program Files/Unity/Hub/Editor/6000.5.3f1/Editor/Data/Managed/UnityEngine/UnityEditor.VFXModule.dll"
-r:"C:/Program Files/Unity/Hub/Editor/6000.5.3f1/Editor/Data/Managed/UnityEngine/UnityEditor.VectorGraphicsModule.dll"
-r:"C:/Program Files/Unity/Hub/Editor/6000.5.3f1/Editor/Data/Managed/UnityEngine/UnityEditor.VideoModule.dll"
-r:"C:/Program Files/Unity/Hub/Editor/6000.5.3f1/Editor/Data/Managed/UnityEngine/UnityEditor.XRModule.dll"
-r:"C:/Program Files/Unity/Hub/Editor/6000.5.3f1/Editor/Data/Managed/UnityEngine/UnityEditor.dll"
-r:"C:/Program Files/Unity/Hub/Editor/6000.5.3f1/Editor/Data/Managed/UnityEngine/UnityEngine.ARModule.dll"
-r:"C:/Program Files/Unity/Hub/Editor/6000.5.3f1/Editor/Data/Managed/UnityEngine/UnityEngine.AudioModule.dll"
-r:"C:/Program Files/Unity/Hub/Editor/6000.5.3f1/Editor/Data/Managed/UnityEngine/UnityEngine.ClusterInputModule.dll"
-r:"C:/Program Files/Unity/Hub/Editor/6000.5.3f1/Editor/Data/Managed/UnityEngine/UnityEngine.ClusterRendererModule.dll"
-r:"C:/Program Files/Unity/Hub/Editor/6000.5.3f1/Editor/Data/Managed/UnityEngine/UnityEngine.ContentLoadModule.dll"
-r:"C:/Program Files/Unity/Hub/Editor/6000.5.3f1/Editor/Data/Managed/UnityEngine/UnityEngine.CoreModule.dll"
-r:"C:/Program Files/Unity/Hub/Editor/6000.5.3f1/Editor/Data/Managed/UnityEngine/UnityEngine.CrashReportingModule.dll"
-r:"C:/Program Files/Unity/Hub/Editor/6000.5.3f1/Editor/Data/Managed/UnityEngine/UnityEngine.DSPGraphModule.dll"
-r:"C:/Program Files/Unity/Hub/Editor/6000.5.3f1/Editor/Data/Managed/UnityEngine/UnityEngine.GIModule.dll"
-r:"C:/Program Files/Unity/Hub/Editor/6000.5.3f1/Editor/Data/Managed/UnityEngine/UnityEngine.GameCenterModule.dll"
-r:"C:/Program Files/Unity/Hub/Editor/6000.5.3f1/Editor/Data/Managed/UnityEngine/UnityEngine.GraphicsStateCollectionSerializerModule.dll"
-r:"C:/Program Files/Unity/Hub/Editor/6000.5.3f1/Editor/Data/Managed/UnityEngine/UnityEngine.GridModule.dll"
-r:"C:/Program Files/Unity/Hub/Editor/6000.5.3f1/Editor/Data/Managed/UnityEngine/UnityEngine.HotReloadModule.dll"
-r:"C:/Program Files/Unity/Hub/Editor/6000.5.3f1/Editor/Data/Managed/UnityEngine/UnityEngine.IMGUIModule.dll"
-r:"C:/Program Files/Unity/Hub/Editor/6000.5.3f1/Editor/Data/Managed/UnityEngine/UnityEngine.IdentifiersModule.dll"
-r:"C:/Program Files/Unity/Hub/Editor/6000.5.3f1/Editor/Data/Managed/UnityEngine/UnityEngine.ImageConversionModule.dll"
-r:"C:/Program Files/Unity/Hub/Editor/6000.5.3f1/Editor/Data/Managed/UnityEngine/UnityEngine.InputForUIModule.dll"
-r:"C:/Program Files/Unity/Hub/Editor/6000.5.3f1/Editor/Data/Managed/UnityEngine/UnityEngine.InputLegacyModule.dll"
-r:"C:/Program Files/Unity/Hub/Editor/6000.5.3f1/Editor/Data/Managed/UnityEngine/UnityEngine.InputModule.dll"
-r:"C:/Program Files/Unity/Hub/Editor/6000.5.3f1/Editor/Data/Managed/UnityEngine/UnityEngine.InsightsModule.dll"
-r:"C:/Program Files/Unity/Hub/Editor/6000.5.3f1/Editor/Data/Managed/UnityEngine/UnityEngine.LocalizationModule.dll"
-r:"C:/Program Files/Unity/Hub/Editor/6000.5.3f1/Editor/Data/Managed/UnityEngine/UnityEngine.MarshallingModule.dll"
-r:"C:/Program Files/Unity/Hub/Editor/6000.5.3f1/Editor/Data/Managed/UnityEngine/UnityEngine.MathematicsModule.dll"
-r:"C:/Program Files/Unity/Hub/Editor/6000.5.3f1/Editor/Data/Managed/UnityEngine/UnityEngine.MultiplayerModule.dll"
-r:"C:/Program Files/Unity/Hub/Editor/6000.5.3f1/Editor/Data/Managed/UnityEngine/UnityEngine.PerformanceReportingModule.dll"
-r:"C:/Program Files/Unity/Hub/Editor/6000.5.3f1/Editor/Data/Managed/UnityEngine/UnityEngine.Physics2DModule.dll"
-r:"C:/Program Files/Unity/Hub/Editor/6000.5.3f1/Editor/Data/Managed/UnityEngine/UnityEngine.PhysicsBackendPhysXModule.dll"
-r:"C:/Program Files/Unity/Hub/Editor/6000.5.3f1/Editor/Data/Managed/UnityEngine/UnityEngine.PhysicsCore2DModule.dll"
-r:"C:/Program Files/Unity/Hub/Editor/6000.5.3f1/Editor/Data/Managed/UnityEngine/UnityEngine.PhysicsModule.dll"
-r:"C:/Program Files/Unity/Hub/Editor/6000.5.3f1/Editor/Data/Managed/UnityEngine/UnityEngine.PropertiesModule.dll"
-r:"C:/Program Files/Unity/Hub/Editor/6000.5.3f1/Editor/Data/Managed/UnityEngine/UnityEngine.RenderAs2DModule.dll"
-r:"C:/Program Files/Unity/Hub/Editor/6000.5.3f1/Editor/Data/Managed/UnityEngine/UnityEngine.RuntimeInitializeOnLoadManagerInitializerModule.dll"
-r:"C:/Program Files/Unity/Hub/Editor/6000.5.3f1/Editor/Data/Managed/UnityEngine/UnityEngine.ScriptingModule.dll"
-r:"C:/Program Files/Unity/Hub/Editor/6000.5.3f1/Editor/Data/Managed/UnityEngine/UnityEngine.ShaderVariantAnalyticsModule.dll"
-r:"C:/Program Files/Unity/Hub/Editor/6000.5.3f1/Editor/Data/Managed/UnityEngine/UnityEngine.SharedInternalsModule.dll"
-r:"C:/Program Files/Unity/Hub/Editor/6000.5.3f1/Editor/Data/Managed/UnityEngine/UnityEngine.SpriteMaskModule.dll"
-r:"C:/Program Files/Unity/Hub/Editor/6000.5.3f1/Editor/Data/Managed/UnityEngine/UnityEngine.SpriteShapeModule.dll"
-r:"C:/Program Files/Unity/Hub/Editor/6000.5.3f1/Editor/Data/Managed/UnityEngine/UnityEngine.StreamingModule.dll"
-r:"C:/Program Files/Unity/Hub/Editor/6000.5.3f1/Editor/Data/Managed/UnityEngine/UnityEngine.SubstanceModule.dll"
-r:"C:/Program Files/Unity/Hub/Editor/6000.5.3f1/Editor/Data/Managed/UnityEngine/UnityEngine.TLSModule.dll"
-r:"C:/Program Files/Unity/Hub/Editor/6000.5.3f1/Editor/Data/Managed/UnityEngine/UnityEngine.TextCoreFontEngineModule.dll"
-r:"C:/Program Files/Unity/Hub/Editor/6000.5.3f1/Editor/Data/Managed/UnityEngine/UnityEngine.TextCoreTextEngineModule.dll"
-r:"C:/Program Files/Unity/Hub/Editor/6000.5.3f1/Editor/Data/Managed/UnityEngine/UnityEngine.TextRenderingModule.dll"
-r:"C:/Program Files/Unity/Hub/Editor/6000.5.3f1/Editor/Data/Managed/UnityEngine/UnityEngine.U2DRuntimeModule.dll"
-r:"C:/Program Files/Unity/Hub/Editor/6000.5.3f1/Editor/Data/Managed/UnityEngine/UnityEngine.UIModule.dll"
-r:"C:/Program Files/Unity/Hub/Editor/6000.5.3f1/Editor/Data/Managed/UnityEngine/UnityEngine.UnityAnalyticsCommonModule.dll"
-r:"C:/Program Files/Unity/Hub/Editor/6000.5.3f1/Editor/Data/Managed/UnityEngine/UnityEngine.UnityConnectModule.dll"
-r:"C:/Program Files/Unity/Hub/Editor/6000.5.3f1/Editor/Data/Managed/UnityEngine/UnityEngine.UnityConsentModule.dll"
-r:"C:/Program Files/Unity/Hub/Editor/6000.5.3f1/Editor/Data/Managed/UnityEngine/UnityEngine.UnityCurlModule.dll"
-r:"C:/Program Files/Unity/Hub/Editor/6000.5.3f1/Editor/Data/Managed/UnityEngine/UnityEngine.VFXModule.dll"
-r:"C:/Program Files/Unity/Hub/Editor/6000.5.3f1/Editor/Data/Managed/UnityEngine/UnityEngine.VirtualTexturingModule.dll"
-r:"C:/Program Files/Unity/Hub/Editor/6000.5.3f1/Editor/Data/Managed/UnityEngine/UnityEngine.dll"
-r:"C:/Program Files/Unity/Hub/Editor/6000.5.3f1/Editor/Data/NetStandard/Extensions/2.0.0/System.Runtime.InteropServices.WindowsRuntime.dll"
-r:"C:/Program Files/Unity/Hub/Editor/6000.5.3f1/Editor/Data/NetStandard/compat/2.1.0/shims/netfx/System.ComponentModel.Composition.dll"
-r:"C:/Program Files/Unity/Hub/Editor/6000.5.3f1/Editor/Data/NetStandard/compat/2.1.0/shims/netfx/System.Core.dll"
-r:"C:/Program Files/Unity/Hub/Editor/6000.5.3f1/Editor/Data/NetStandard/compat/2.1.0/shims/netfx/System.Data.dll"
-r:"C:/Program Files/Unity/Hub/Editor/6000.5.3f1/Editor/Data/NetStandard/compat/2.1.0/shims/netfx/System.Drawing.dll"
-r:"C:/Program Files/Unity/Hub/Editor/6000.5.3f1/Editor/Data/NetStandard/compat/2.1.0/shims/netfx/System.IO.Compression.FileSystem.dll"
-r:"C:/Program Files/Unity/Hub/Editor/6000.5.3f1/Editor/Data/NetStandard/compat/2.1.0/shims/netfx/System.Net.dll"
-r:"C:/Program Files/Unity/Hub/Editor/6000.5.3f1/Editor/Data/NetStandard/compat/2.1.0/shims/netfx/System.Numerics.dll"
-r:"C:/Program Files/Unity/Hub/Editor/6000.5.3f1/Editor/Data/NetStandard/compat/2.1.0/shims/netfx/System.Runtime.Serialization.dll"
-r:"C:/Program Files/Unity/Hub/Editor/6000.5.3f1/Editor/Data/NetStandard/compat/2.1.0/shims/netfx/System.ServiceModel.Web.dll"
-r:"C:/Program Files/Unity/Hub/Editor/6000.5.3f1/Editor/Data/NetStandard/compat/2.1.0/shims/netfx/System.Transactions.dll"
-r:"C:/Program Files/Unity/Hub/Editor/6000.5.3f1/Editor/Data/NetStandard/compat/2.1.0/shims/netfx/System.Web.dll"
-r:"C:/Program Files/Unity/Hub/Editor/6000.5.3f1/Editor/Data/NetStandard/compat/2.1.0/shims/netfx/System.Windows.dll"
-r:"C:/Program Files/Unity/Hub/Editor/6000.5.3f1/Editor/Data/NetStandard/compat/2.1.0/shims/netfx/System.Xml.Linq.dll"
-r:"C:/Program Files/Unity/Hub/Editor/6000.5.3f1/Editor/Data/NetStandard/compat/2.1.0/shims/netfx/System.Xml.Serialization.dll"
-r:"C:/Program Files/Unity/Hub/Editor/6000.5.3f1/Editor/Data/NetStandard/compat/2.1.0/shims/netfx/System.Xml.dll"
-r:"C:/Program Files/Unity/Hub/Editor/6000.5.3f1/Editor/Data/NetStandard/compat/2.1.0/shims/netfx/System.dll"
-r:"C:/Program Files/Unity/Hub/Editor/6000.5.3f1/Editor/Data/NetStandard/compat/2.1.0/shims/netfx/mscorlib.dll"
-r:"C:/Program Files/Unity/Hub/Editor/6000.5.3f1/Editor/Data/NetStandard/compat/2.1.0/shims/netstandard/Microsoft.Win32.Primitives.dll"
-r:"C:/Program Files/Unity/Hub/Editor/6000.5.3f1/Editor/Data/NetStandard/compat/2.1.0/shims/netstandard/System.AppContext.dll"
-r:"C:/Program Files/Unity/Hub/Editor/6000.5.3f1/Editor/Data/NetStandard/compat/2.1.0/shims/netstandard/System.Buffers.dll"
-r:"C:/Program Files/Unity/Hub/Editor/6000.5.3f1/Editor/Data/NetStandard/compat/2.1.0/shims/netstandard/System.Collections.Concurrent.dll"
-r:"C:/Program Files/Unity/Hub/Editor/6000.5.3f1/Editor/Data/NetStandard/compat/2.1.0/shims/netstandard/System.Collections.NonGeneric.dll"
-r:"C:/Program Files/Unity/Hub/Editor/6000.5.3f1/Editor/Data/NetStandard/compat/2.1.0/shims/netstandard/System.Collections.Specialized.dll"
-r:"C:/Program Files/Unity/Hub/Editor/6000.5.3f1/Editor/Data/NetStandard/compat/2.1.0/shims/netstandard/System.Collections.dll"
-r:"C:/Program Files/Unity/Hub/Editor/6000.5.3f1/Editor/Data/NetStandard/compat/2.1.0/shims/netstandard/System.ComponentModel.EventBasedAsync.dll"
-r:"C:/Program Files/Unity/Hub/Editor/6000.5.3f1/Editor/Data/NetStandard/compat/2.1.0/shims/netstandard/System.ComponentModel.Primitives.dll"
-r:"C:/Program Files/Unity/Hub/Editor/6000.5.3f1/Editor/Data/NetStandard/compat/2.1.0/shims/netstandard/System.ComponentModel.TypeConverter.dll"
-r:"C:/Program Files/Unity/Hub/Editor/6000.5.3f1/Editor/Data/NetStandard/compat/2.1.0/shims/netstandard/System.ComponentModel.dll"
-r:"C:/Program Files/Unity/Hub/Editor/6000.5.3f1/Editor/Data/NetStandard/compat/2.1.0/shims/netstandard/System.Console.dll"
-r:"C:/Program Files/Unity/Hub/Editor/6000.5.3f1/Editor/Data/NetStandard/compat/2.1.0/shims/netstandard/System.Data.Common.dll"
-r:"C:/Program Files/Unity/Hub/Editor/6000.5.3f1/Editor/Data/NetStandard/compat/2.1.0/shims/netstandard/System.Diagnostics.Contracts.dll"
-r:"C:/Program Files/Unity/Hub/Editor/6000.5.3f1/Editor/Data/NetStandard/compat/2.1.0/shims/netstandard/System.Diagnostics.Debug.dll"
-r:"C:/Program Files/Unity/Hub/Editor/6000.5.3f1/Editor/Data/NetStandard/compat/2.1.0/shims/netstandard/System.Diagnostics.FileVersionInfo.dll"
-r:"C:/Program Files/Unity/Hub/Editor/6000.5.3f1/Editor/Data/NetStandard/compat/2.1.0/shims/netstandard/System.Diagnostics.Process.dll"
-r:"C:/Program Files/Unity/Hub/Editor/6000.5.3f1/Editor/Data/NetStandard/compat/2.1.0/shims/netstandard/System.Diagnostics.StackTrace.dll"
-r:"C:/Program Files/Unity/Hub/Editor/6000.5.3f1/Editor/Data/NetStandard/compat/2.1.0/shims/netstandard/System.Diagnostics.TextWriterTraceListener.dll"
-r:"C:/Program Files/Unity/Hub/Editor/6000.5.3f1/Editor/Data/NetStandard/compat/2.1.0/shims/netstandard/System.Diagnostics.Tools.dll"
-r:"C:/Program Files/Unity/Hub/Editor/6000.5.3f1/Editor/Data/NetStandard/compat/2.1.0/shims/netstandard/System.Diagnostics.TraceSource.dll"
-r:"C:/Program Files/Unity/Hub/Editor/6000.5.3f1/Editor/Data/NetStandard/compat/2.1.0/shims/netstandard/System.Diagnostics.Tracing.dll"
-r:"C:/Program Files/Unity/Hub/Editor/6000.5.3f1/Editor/Data/NetStandard/compat/2.1.0/shims/netstandard/System.Drawing.Primitives.dll"
-r:"C:/Program Files/Unity/Hub/Editor/6000.5.3f1/Editor/Data/NetStandard/compat/2.1.0/shims/netstandard/System.Dynamic.Runtime.dll"
-r:"C:/Program Files/Unity/Hub/Editor/6000.5.3f1/Editor/Data/NetStandard/compat/2.1.0/shims/netstandard/System.Globalization.Calendars.dll"
-r:"C:/Program Files/Unity/Hub/Editor/6000.5.3f1/Editor/Data/NetStandard/compat/2.1.0/shims/netstandard/System.Globalization.Extensions.dll"
-r:"C:/Program Files/Unity/Hub/Editor/6000.5.3f1/Editor/Data/NetStandard/compat/2.1.0/shims/netstandard/System.Globalization.dll"
-r:"C:/Program Files/Unity/Hub/Editor/6000.5.3f1/Editor/Data/NetStandard/compat/2.1.0/shims/netstandard/System.IO.Compression.ZipFile.dll"
-r:"C:/Program Files/Unity/Hub/Editor/6000.5.3f1/Editor/Data/NetStandard/compat/2.1.0/shims/netstandard/System.IO.Compression.dll"
-r:"C:/Program Files/Unity/Hub/Editor/6000.5.3f1/Editor/Data/NetStandard/compat/2.1.0/shims/netstandard/System.IO.FileSystem.DriveInfo.dll"
-r:"C:/Program Files/Unity/Hub/Editor/6000.5.3f1/Editor/Data/NetStandard/compat/2.1.0/shims/netstandard/System.IO.FileSystem.Primitives.dll"
-r:"C:/Program Files/Unity/Hub/Editor/6000.5.3f1/Editor/Data/NetStandard/compat/2.1.0/shims/netstandard/System.IO.FileSystem.Watcher.dll"
-r:"C:/Program Files/Unity/Hub/Editor/6000.5.3f1/Editor/Data/NetStandard/compat/2.1.0/shims/netstandard/System.IO.FileSystem.dll"
-r:"C:/Program Files/Unity/Hub/Editor/6000.5.3f1/Editor/Data/NetStandard/compat/2.1.0/shims/netstandard/System.IO.IsolatedStorage.dll"
-r:"C:/Program Files/Unity/Hub/Editor/6000.5.3f1/Editor/Data/NetStandard/compat/2.1.0/shims/netstandard/System.IO.MemoryMappedFiles.dll"
-r:"C:/Program Files/Unity/Hub/Editor/6000.5.3f1/Editor/Data/NetStandard/compat/2.1.0/shims/netstandard/System.IO.Pipes.dll"
-r:"C:/Program Files/Unity/Hub/Editor/6000.5.3f1/Editor/Data/NetStandard/compat/2.1.0/shims/netstandard/System.IO.UnmanagedMemoryStream.dll"
-r:"C:/Program Files/Unity/Hub/Editor/6000.5.3f1/Editor/Data/NetStandard/compat/2.1.0/shims/netstandard/System.IO.dll"
-r:"C:/Program Files/Unity/Hub/Editor/6000.5.3f1/Editor/Data/NetStandard/compat/2.1.0/shims/netstandard/System.Linq.Expressions.dll"
-r:"C:/Program Files/Unity/Hub/Editor/6000.5.3f1/Editor/Data/NetStandard/compat/2.1.0/shims/netstandard/System.Linq.Parallel.dll"
-r:"C:/Program Files/Unity/Hub/Editor/6000.5.3f1/Editor/Data/NetStandard/compat/2.1.0/shims/netstandard/System.Linq.Queryable.dll"
-r:"C:/Program Files/Unity/Hub/Editor/6000.5.3f1/Editor/Data/NetStandard/compat/2.1.0/shims/netstandard/System.Linq.dll"
-r:"C:/Program Files/Unity/Hub/Editor/6000.5.3f1/Editor/Data/NetStandard/compat/2.1.0/shims/netstandard/System.Memory.dll"
-r:"C:/Program Files/Unity/Hub/Editor/6000.5.3f1/Editor/Data/NetStandard/compat/2.1.0/shims/netstandard/System.Net.Http.dll"
-r:"C:/Program Files/Unity/Hub/Editor/6000.5.3f1/Editor/Data/NetStandard/compat/2.1.0/shims/netstandard/System.Net.NameResolution.dll"
-r:"C:/Program Files/Unity/Hub/Editor/6000.5.3f1/Editor/Data/NetStandard/compat/2.1.0/shims/netstandard/System.Net.NetworkInformation.dll"
-r:"C:/Program Files/Unity/Hub/Editor/6000.5.3f1/Editor/Data/NetStandard/compat/2.1.0/shims/netstandard/System.Net.Ping.dll"
-r:"C:/Program Files/Unity/Hub/Editor/6000.5.3f1/Editor/Data/NetStandard/compat/2.1.0/shims/netstandard/System.Net.Primitives.dll"
-r:"C:/Program Files/Unity/Hub/Editor/6000.5.3f1/Editor/Data/NetStandard/compat/2.1.0/shims/netstandard/System.Net.Requests.dll"
-r:"C:/Program Files/Unity/Hub/Editor/6000.5.3f1/Editor/Data/NetStandard/compat/2.1.0/shims/netstandard/System.Net.Security.dll"
-r:"C:/Program Files/Unity/Hub/Editor/6000.5.3f1/Editor/Data/NetStandard/compat/2.1.0/shims/netstandard/System.Net.Sockets.dll"
-r:"C:/Program Files/Unity/Hub/Editor/6000.5.3f1/Editor/Data/NetStandard/compat/2.1.0/shims/netstandard/System.Net.WebHeaderCollection.dll"
-r:"C:/Program Files/Unity/Hub/Editor/6000.5.3f1/Editor/Data/NetStandard/compat/2.1.0/shims/netstandard/System.Net.WebSockets.Client.dll"
-r:"C:/Program Files/Unity/Hub/Editor/6000.5.3f1/Editor/Data/NetStandard/compat/2.1.0/shims/netstandard/System.Net.WebSockets.dll"
-r:"C:/Program Files/Unity/Hub/Editor/6000.5.3f1/Editor/Data/NetStandard/compat/2.1.0/shims/netstandard/System.Numerics.Vectors.dll"
-r:"C:/Program Files/Unity/Hub/Editor/6000.5.3f1/Editor/Data/NetStandard/compat/2.1.0/shims/netstandard/System.ObjectModel.dll"
-r:"C:/Program Files/Unity/Hub/Editor/6000.5.3f1/Editor/Data/NetStandard/compat/2.1.0/shims/netstandard/System.Reflection.DispatchProxy.dll"
-r:"C:/Program Files/Unity/Hub/Editor/6000.5.3f1/Editor/Data/NetStandard/compat/2.1.0/shims/netstandard/System.Reflection.Emit.ILGeneration.dll"
-r:"C:/Program Files/Unity/Hub/Editor/6000.5.3f1/Editor/Data/NetStandard/compat/2.1.0/shims/netstandard/System.Reflection.Emit.Lightweight.dll"
-r:"C:/Program Files/Unity/Hub/Editor/6000.5.3f1/Editor/Data/NetStandard/compat/2.1.0/shims/netstandard/System.Reflection.Emit.dll"
-r:"C:/Program Files/Unity/Hub/Editor/6000.5.3f1/Editor/Data/NetStandard/compat/2.1.0/shims/netstandard/System.Reflection.Extensions.dll"
-r:"C:/Program Files/Unity/Hub/Editor/6000.5.3f1/Editor/Data/NetStandard/compat/2.1.0/shims/netstandard/System.Reflection.Primitives.dll"
-r:"C:/Program Files/Unity/Hub/Editor/6000.5.3f1/Editor/Data/NetStandard/compat/2.1.0/shims/netstandard/System.Reflection.dll"
-r:"C:/Program Files/Unity/Hub/Editor/6000.5.3f1/Editor/Data/NetStandard/compat/2.1.0/shims/netstandard/System.Resources.Reader.dll"
-r:"C:/Program Files/Unity/Hub/Editor/6000.5.3f1/Editor/Data/NetStandard/compat/2.1.0/shims/netstandard/System.Resources.ResourceManager.dll"
-r:"C:/Program Files/Unity/Hub/Editor/6000.5.3f1/Editor/Data/NetStandard/compat/2.1.0/shims/netstandard/System.Resources.Writer.dll"
-r:"C:/Program Files/Unity/Hub/Editor/6000.5.3f1/Editor/Data/NetStandard/compat/2.1.0/shims/netstandard/System.Runtime.CompilerServices.VisualC.dll"
-r:"C:/Program Files/Unity/Hub/Editor/6000.5.3f1/Editor/Data/NetStandard/compat/2.1.0/shims/netstandard/System.Runtime.Extensions.dll"
-r:"C:/Program Files/Unity/Hub/Editor/6000.5.3f1/Editor/Data/NetStandard/compat/2.1.0/shims/netstandard/System.Runtime.Handles.dll"
-r:"C:/Program Files/Unity/Hub/Editor/6000.5.3f1/Editor/Data/NetStandard/compat/2.1.0/shims/netstandard/System.Runtime.InteropServices.RuntimeInformation.dll"
-r:"C:/Program Files/Unity/Hub/Editor/6000.5.3f1/Editor/Data/NetStandard/compat/2.1.0/shims/netstandard/System.Runtime.InteropServices.dll"
-r:"C:/Program Files/Unity/Hub/Editor/6000.5.3f1/Editor/Data/NetStandard/compat/2.1.0/shims/netstandard/System.Runtime.Numerics.dll"
-r:"C:/Program Files/Unity/Hub/Editor/6000.5.3f1/Editor/Data/NetStandard/compat/2.1.0/shims/netstandard/System.Runtime.Serialization.Formatters.dll"
-r:"C:/Program Files/Unity/Hub/Editor/6000.5.3f1/Editor/Data/NetStandard/compat/2.1.0/shims/netstandard/System.Runtime.Serialization.Json.dll"
-r:"C:/Program Files/Unity/Hub/Editor/6000.5.3f1/Editor/Data/NetStandard/compat/2.1.0/shims/netstandard/System.Runtime.Serialization.Primitives.dll"
-r:"C:/Program Files/Unity/Hub/Editor/6000.5.3f1/Editor/Data/NetStandard/compat/2.1.0/shims/netstandard/System.Runtime.Serialization.Xml.dll"
-r:"C:/Program Files/Unity/Hub/Editor/6000.5.3f1/Editor/Data/NetStandard/compat/2.1.0/shims/netstandard/System.Runtime.dll"
-r:"C:/Program Files/Unity/Hub/Editor/6000.5.3f1/Editor/Data/NetStandard/compat/2.1.0/shims/netstandard/System.Security.Claims.dll"
-r:"C:/Program Files/Unity/Hub/Editor/6000.5.3f1/Editor/Data/NetStandard/compat/2.1.0/shims/netstandard/System.Security.Cryptography.Algorithms.dll"
-r:"C:/Program Files/Unity/Hub/Editor/6000.5.3f1/Editor/Data/NetStandard/compat/2.1.0/shims/netstandard/System.Security.Cryptography.Csp.dll"
-r:"C:/Program Files/Unity/Hub/Editor/6000.5.3f1/Editor/Data/NetStandard/compat/2.1.0/shims/netstandard/System.Security.Cryptography.Encoding.dll"
-r:"C:/Program Files/Unity/Hub/Editor/6000.5.3f1/Editor/Data/NetStandard/compat/2.1.0/shims/netstandard/System.Security.Cryptography.Primitives.dll"
-r:"C:/Program Files/Unity/Hub/Editor/6000.5.3f1/Editor/Data/NetStandard/compat/2.1.0/shims/netstandard/System.Security.Cryptography.X509Certificates.dll"
-r:"C:/Program Files/Unity/Hub/Editor/6000.5.3f1/Editor/Data/NetStandard/compat/2.1.0/shims/netstandard/System.Security.Principal.dll"
-r:"C:/Program Files/Unity/Hub/Editor/6000.5.3f1/Editor/Data/NetStandard/compat/2.1.0/shims/netstandard/System.Security.SecureString.dll"
-r:"C:/Program Files/Unity/Hub/Editor/6000.5.3f1/Editor/Data/NetStandard/compat/2.1.0/shims/netstandard/System.Text.Encoding.Extensions.dll"
-r:"C:/Program Files/Unity/Hub/Editor/6000.5.3f1/Editor/Data/NetStandard/compat/2.1.0/shims/netstandard/System.Text.Encoding.dll"
-r:"C:/Program Files/Unity/Hub/Editor/6000.5.3f1/Editor/Data/NetStandard/compat/2.1.0/shims/netstandard/System.Text.RegularExpressions.dll"
-r:"C:/Program Files/Unity/Hub/Editor/6000.5.3f1/Editor/Data/NetStandard/compat/2.1.0/shims/netstandard/System.Threading.Overlapped.dll"
-r:"C:/Program Files/Unity/Hub/Editor/6000.5.3f1/Editor/Data/NetStandard/compat/2.1.0/shims/netstandard/System.Threading.Tasks.Extensions.dll"
-r:"C:/Program Files/Unity/Hub/Editor/6000.5.3f1/Editor/Data/NetStandard/compat/2.1.0/shims/netstandard/System.Threading.Tasks.Parallel.dll"
-r:"C:/Program Files/Unity/Hub/Editor/6000.5.3f1/Editor/Data/NetStandard/compat/2.1.0/shims/netstandard/System.Threading.Tasks.dll"
-r:"C:/Program Files/Unity/Hub/Editor/6000.5.3f1/Editor/Data/NetStandard/compat/2.1.0/shims/netstandard/System.Threading.Thread.dll"
-r:"C:/Program Files/Unity/Hub/Editor/6000.5.3f1/Editor/Data/NetStandard/compat/2.1.0/shims/netstandard/System.Threading.ThreadPool.dll"
-r:"C:/Program Files/Unity/Hub/Editor/6000.5.3f1/Editor/Data/NetStandard/compat/2.1.0/shims/netstandard/System.Threading.Timer.dll"
-r:"C:/Program Files/Unity/Hub/Editor/6000.5.3f1/Editor/Data/NetStandard/compat/2.1.0/shims/netstandard/System.Threading.dll"
-r:"C:/Program Files/Unity/Hub/Editor/6000.5.3f1/Editor/Data/NetStandard/compat/2.1.0/shims/netstandard/System.ValueTuple.dll"
-r:"C:/Program Files/Unity/Hub/Editor/6000.5.3f1/Editor/Data/NetStandard/compat/2.1.0/shims/netstandard/System.Xml.ReaderWriter.dll"
-r:"C:/Program Files/Unity/Hub/Editor/6000.5.3f1/Editor/Data/NetStandard/compat/2.1.0/shims/netstandard/System.Xml.XDocument.dll"
-r:"C:/Program Files/Unity/Hub/Editor/6000.5.3f1/Editor/Data/NetStandard/compat/2.1.0/shims/netstandard/System.Xml.XPath.XDocument.dll"
-r:"C:/Program Files/Unity/Hub/Editor/6000.5.3f1/Editor/Data/NetStandard/compat/2.1.0/shims/netstandard/System.Xml.XPath.dll"
-r:"C:/Program Files/Unity/Hub/Editor/6000.5.3f1/Editor/Data/NetStandard/compat/2.1.0/shims/netstandard/System.Xml.XmlDocument.dll"
-r:"C:/Program Files/Unity/Hub/Editor/6000.5.3f1/Editor/Data/NetStandard/compat/2.1.0/shims/netstandard/System.Xml.XmlSerializer.dll"
-r:"C:/Program Files/Unity/Hub/Editor/6000.5.3f1/Editor/Data/NetStandard/ref/2.1.0/netstandard.dll"
-r:"Library/Bee/artifacts/1900b0aE.dag/Unity.InternalAPIEngineBridge.004.ref.dll"
-r:"Library/Bee/artifacts/1900b0aE.dag/Unity.TextMeshPro.Editor.ref.dll"
-r:"Library/Bee/artifacts/1900b0aE.dag/Unity.TextMeshPro.ref.dll"
-r:"Library/Bee/artifacts/1900b0aE.dag/UnityEditor.UI.Analytics.ref.dll"
-r:"Library/Bee/artifacts/1900b0aE.dag/UnityEditor.UI.ref.dll"
-r:"Library/Bee/artifacts/1900b0aE.dag/UnityEngine.UI.ref.dll"
-analyzer:"C:/Program Files/Unity/Hub/Editor/6000.5.3f1/Editor/Data/BCLExtensions/TargetingPacks/netstandard2.1/analyzers/dotnet/roslyn4.0/cs/Microsoft.Extensions.Logging.Generators.dll"
-analyzer:"C:/Program Files/Unity/Hub/Editor/6000.5.3f1/Editor/Data/BCLExtensions/TargetingPacks/netstandard2.1/analyzers/dotnet/roslyn4.0/cs/System.Text.Json.SourceGeneration.dll"
-analyzer:"C:/Program Files/Unity/Hub/Editor/6000.5.3f1/Editor/Data/Tools/BuildPipeline/Unity.Analyzers.Common/Unity.Analyzers.Common.dll"
-analyzer:"C:/Program Files/Unity/Hub/Editor/6000.5.3f1/Editor/Data/Tools/BuildPipeline/Unity.Analyzers.LongLiving/Unity.Analyzers.LongLiving.dll"
-analyzer:"C:/Program Files/Unity/Hub/Editor/6000.5.3f1/Editor/Data/Tools/BuildPipeline/Unity.SourceGenerators/Unity.Properties.SourceGenerator.dll"
-analyzer:"C:/Program Files/Unity/Hub/Editor/6000.5.3f1/Editor/Data/Tools/BuildPipeline/Unity.SourceGenerators/Unity.SourceGenerators.dll"
-analyzer:"C:/Program Files/Unity/Hub/Editor/6000.5.3f1/Editor/Data/Tools/BuildPipeline/Unity.SourceGenerators/Unity.UIToolkit.SourceGenerator.dll"
"Assets/DMT321/SimpleDigitalTwin/Scripts/MockTemperatureSensor.cs"
"Assets/DMT321/SimpleDigitalTwin/Scripts/TemperatureTwinView.cs"
-langversion:9.0
/deterministic
/optimize+
/debug:portable
/nologo
/RuntimeMetadataVersion:v4.0.30319
/nowarn:0169
/nowarn:0649
/nowarn:0282
/nowarn:1701
/nowarn:1702
/utf8output
/preferreduilang:en-US
/additionalfile:"Library/Bee/artifacts/1900b0aE.dag/Assembly-CSharp.UnityAdditionalFile.txt"
##### Custom Environment Variables
DOTNET_HOST_PATH=C:\Program Files\Unity\Hub\Editor\6000.5.3f1\Editor\Data\DotNetSdk\dotnet.exe
DOTNET_MULTILEVEL_LOOKUP=0
##### ExitCode
1
##### Output
Assets\DMT321\SimpleDigitalTwin\Scripts\TemperatureTwinView.cs(92,17): error CS0103: The name 'IndicatorPivotTransform' does not exist in the current context

Assets\DMT321\SimpleDigitalTwin\Scripts\TemperatureTwinView.cs(101,62): error CS1503: Argument 1: cannot convert from 'UnityEngine.Vector3' to 'float'
*** Tundra build failed (0.33 seconds), 1 items updated, 214 evaluated

Asset Pipeline Refresh (id=96b164eeb84a5b242a093eaec49826df): Total: 0.443 seconds - Initiated by RefreshV2(AllowForceSynchronousImport)
	(Values over 0.05ms)
	Summary:
		Imports: total=0 (actual=0, local cache=0, cache server=0)
		Asset DB Process Time: managed=0 ms, native=19 ms
		Asset DB Callback time: managed=0 ms, native=1 ms
		Scripting: domain reloads=0, domain reload time=0 ms, compile time=422 ms, other=0 ms
		Project Asset Count: scripts=135, non-scripts=91
		Asset File Changes: new=0, changed=1, moved=0, deleted=0
		Scan Filter Count: 0
	InvokePackagesCallback: 1.356ms
	ApplyChangesToAssetFolders: 0.051ms
	Scan: 9.545ms
	Collect global state as custom dependencies: 0.066ms
	ProcessAssetsWithTransientArtifactChanges: 0.079ms
	CategorizeAssets: 0.213ms
	CompileScripts: 421.982ms
	ImportOutOfDateAssets: 1.813ms (0.696ms without children)
		UnloadImportedAssets: 0.202ms
		ImportSchedulerStart: 0.876ms
	PostProcessAllAssets: 1.041ms
		MonoPostProcessAllAssets: 0.858ms
			AssetChangedListener.OnPostprocessAllAssets 0.111ms
			TerrainToolbarOverlayPostProcessor.OnPostprocessAllAssets 0.069ms
			AudioContainerPostProcessor.OnPostprocessAllAssets 0.068ms
			RetainedModeAssetPostprocessor.OnPostprocessAllAssets 0.064ms
			AssetPostprocessor.OnPostprocessAllAssets 0.061ms
			AssetDatabaseCallbacks.OnPostprocessAllAssets 0.061ms
			BuilderAssetPostprocessor.OnPostprocessAllAssets 0.057ms
	PostAssetChangesProfiler: 0.405ms
	Untracked: 6.729ms

EditorHelper: Unable to use the external script editor. Trying the internal script editor now.
Asset Pipeline Refresh (id=3f828bd2a9ad924458b51ff21bc2cdb4): Total: 0.005 seconds - Initiated by RefreshV2(AllowForceSynchronousImport)
EditorHelper: Unable to use the external script editor. Trying the internal script editor now.
[ScriptCompilation] Requested script compilation because: AssetDatabase observed changes in script compilation related files
[Licensing::Client] Successfully resolved entitlement details
info: Microsoft.AspNetCore.Hosting.Diagnostics[1]
      Request starting HTTP/2 POST http://ilpp/UnityILPP.PostProcessing/Ping - application/grpc -
info: Microsoft.AspNetCore.Routing.EndpointMiddleware[0]
      Executing endpoint 'gRPC - /UnityILPP.PostProcessing/Ping'
info: Microsoft.AspNetCore.Routing.EndpointMiddleware[1]
      Executed endpoint 'gRPC - /UnityILPP.PostProcessing/Ping'
info: Microsoft.AspNetCore.Hosting.Diagnostics[2]
      Request finished HTTP/2 POST http://ilpp/UnityILPP.PostProcessing/Ping - 200 - application/grpc 0.1761ms
Starting: C:\Program Files\Unity\Hub\Editor\6000.5.3f1\Editor\Data\Tools\BuildPipeline\bee_backend.exe --ipc --defer-dag-verification --dagfile="Library/Bee/1900b0aE.dag" --continue-on-failure --profile="Library/Bee/backend1.traceevents" ScriptAssemblies
WorkingDir: C:/Users/MTA-403/Desktop/DMT321_Lab01_Unity6.5
## Script Compilation Error for: Csc Library/Bee/artifacts/1900b0aE.dag/Assembly-CSharp.dll (+2 others)
## CmdLine: "C:\Program Files\Unity\Hub\Editor\6000.5.3f1\Editor\Data\DotNetSdk\dotnet.exe" exec "C:/Program Files/Unity/Hub/Editor/6000.5.3f1/Editor/Data/DotNetSdk/sdk/8.0.318/Roslyn/bincore/csc.dll" /nostdlib /noconfig /shared "@Library/Bee/artifacts/1900b0aE.dag/Assembly-CSharp.rsp" "@Library/Bee/artifacts/1900b0aE.dag/Assembly-CSharp.rsp2"
## Output:
Assets\DMT321\SimpleDigitalTwin\Scripts\TemperatureTwinView.cs(92,17): error CS0103: The name 'IndicatorPivotTransform' does not exist in the current context
Assets\DMT321\SimpleDigitalTwin\Scripts\TemperatureTwinView.cs(100,36): error CS0103: The name 'indicatorPivotTransForm' does not exist in the current context
Assets\DMT321\SimpleDigitalTwin\Scripts\TemperatureTwinView.cs(101,13): error CS0103: The name 'indicatorPivotTransForm' does not exist in the current context
Assets\DMT321\SimpleDigitalTwin\Scripts\TemperatureTwinView.cs(101,62): error CS1503: Argument 1: cannot convert from 'UnityEngine.Vector3' to 'float'

Assets\DMT321\SimpleDigitalTwin\Scripts\TemperatureTwinView.cs(92,17): error CS0103: The name 'IndicatorPivotTransform' does not exist in the current context
Assets\DMT321\SimpleDigitalTwin\Scripts\TemperatureTwinView.cs(100,36): error CS0103: The name 'indicatorPivotTransForm' does not exist in the current context
Assets\DMT321\SimpleDigitalTwin\Scripts\TemperatureTwinView.cs(101,13): error CS0103: The name 'indicatorPivotTransForm' does not exist in the current context
Assets\DMT321\SimpleDigitalTwin\Scripts\TemperatureTwinView.cs(101,62): error CS1503: Argument 1: cannot convert from 'UnityEngine.Vector3' to 'float'
Total cache size 1976460
Total cache size after purge 1976460, took 00:00:00.0038929
ExitCode: 3 Duration: 0s256ms
[211/214    0s] Csc Library/Bee/artifacts/1900b0aE.dag/Assembly-CSharp.dll (+2 others)
##### CommandLine
"C:\Program Files\Unity\Hub\Editor\6000.5.3f1\Editor\Data\DotNetSdk\dotnet.exe" exec "C:/Program Files/Unity/Hub/Editor/6000.5.3f1/Editor/Data/DotNetSdk/sdk/8.0.318/Roslyn/bincore/csc.dll" /nostdlib /noconfig /shared "@Library/Bee/artifacts/1900b0aE.dag/Assembly-CSharp.rsp" "@Library/Bee/artifacts/1900b0aE.dag/Assembly-CSharp.rsp2"
##### Contents of Library\Bee\artifacts\1900b0aE.dag\Assembly-CSharp.rsp
-target:library
-out:"Library/Bee/artifacts/1900b0aE.dag/Assembly-CSharp.dll"
-refout:"Library/Bee/artifacts/1900b0aE.dag/Assembly-CSharp.ref.dll"
-define:UNITY_6000_5_3
-define:UNITY_6000_5
-define:UNITY_6000
-define:UNITY_5_3_OR_NEWER
-define:UNITY_5_4_OR_NEWER
-define:UNITY_5_5_OR_NEWER
-define:UNITY_5_6_OR_NEWER
-define:UNITY_2017_1_OR_NEWER
-define:UNITY_2017_2_OR_NEWER
-define:UNITY_2017_3_OR_NEWER
-define:UNITY_2017_4_OR_NEWER
-define:UNITY_2018_1_OR_NEWER
-define:UNITY_2018_2_OR_NEWER
-define:UNITY_2018_3_OR_NEWER
-define:UNITY_2018_4_OR_NEWER
-define:UNITY_2019_1_OR_NEWER
-define:UNITY_2019_2_OR_NEWER
-define:UNITY_2019_3_OR_NEWER
-define:UNITY_2019_4_OR_NEWER
-define:UNITY_2020_1_OR_NEWER
-define:UNITY_2020_2_OR_NEWER
-define:UNITY_2020_3_OR_NEWER
-define:UNITY_2021_1_OR_NEWER
-define:UNITY_2021_2_OR_NEWER
-define:UNITY_2021_3_OR_NEWER
-define:UNITY_2022_1_OR_NEWER
-define:UNITY_2022_2_OR_NEWER
-define:UNITY_2022_3_OR_NEWER
-define:UNITY_2023_1_OR_NEWER
-define:UNITY_2023_2_OR_NEWER
-define:UNITY_2023_3_OR_NEWER
-define:UNITY_6000_0_OR_NEWER
-define:UNITY_6000_1_OR_NEWER
-define:UNITY_6000_2_OR_NEWER
-define:UNITY_6000_3_OR_NEWER
-define:UNITY_6000_4_OR_NEWER
-define:UNITY_6000_5_OR_NEWER
-define:PLATFORM_ARCH_64
-define:UNITY_64
-define:UNITY_INCLUDE_TESTS
-define:ENABLE_AR
-define:ENABLE_AUDIO
-define:ENABLE_AUDIO_SCRIPTABLE_PIPELINE
-define:ENABLE_CACHING
-define:ENABLE_CLOTH
-define:ENABLE_EVENT_QUEUE
-define:ENABLE_MICROPHONE
-define:ENABLE_MULTIPLE_DISPLAYS
-define:ENABLE_PHYSICS
-define:ENABLE_TEXTURE_STREAMING
-define:ENABLE_VIRTUALTEXTURING
-define:ENABLE_LZMA
-define:ENABLE_UNITYEVENTS
-define:ENABLE_VR
-define:ENABLE_WEBCAM
-define:ENABLE_UNITYWEBREQUEST
-define:ENABLE_WWW
-define:ENABLE_CLOUD_SERVICES
-define:ENABLE_CLOUD_SERVICES_ADS
-define:ENABLE_CLOUD_SERVICES_USE_WEBREQUEST
-define:ENABLE_UNITY_CONSENT
-define:ENABLE_UNITY_CLOUD_IDENTIFIERS
-define:ENABLE_CLOUD_SERVICES_CRASH_REPORTING
-define:ENABLE_CLOUD_SERVICES_NATIVE_CRASH_REPORTING
-define:ENABLE_CLOUD_SERVICES_PURCHASING
-define:ENABLE_CLOUD_SERVICES_ANALYTICS
-define:ENABLE_CLOUD_SERVICES_BUILD
-define:ENABLE_EDITOR_GAME_SERVICES
-define:ENABLE_UNITY_GAME_SERVICES_ANALYTICS_SUPPORT
-define:ENABLE_CLOUD_LICENSE
-define:ENABLE_EDITOR_HUB_LICENSE
-define:ENABLE_WEBSOCKET_CLIENT
-define:ENABLE_GENERATE_NATIVE_PLUGINS_FOR_ASSEMBLIES_API
-define:ENABLE_DIRECTOR_AUDIO
-define:ENABLE_DIRECTOR_TEXTURE
-define:ENABLE_MANAGED_JOBS
-define:ENABLE_MANAGED_TRANSFORM_JOBS
-define:ENABLE_MANAGED_ANIMATION_JOBS
-define:ENABLE_MANAGED_AUDIO_JOBS
-define:ENABLE_MANAGED_UNITYTLS
-define:INCLUDE_DYNAMIC_GI
-define:ENABLE_SCRIPTING_GC_WBARRIERS
-define:PLATFORM_SUPPORTS_MONO
-define:RENDER_SOFTWARE_CURSOR
-define:ENABLE_MARSHALLING_TESTS
-define:ENABLE_VIDEO
-define:ENABLE_NAVIGATION_OFFMESHLINK_TO_NAVMESHLINK
-define:ENABLE_ACCELERATOR_CLIENT_DEBUGGING
-define:ENABLE_ACCESSIBILITY_SCREEN_READER
-define:TEXTCORE_1_0_OR_NEWER
-define:EDITOR_ONLY_NAVMESH_BUILDER_DEPRECATED
-define:PLATFORM_STANDALONE_WIN
-define:PLATFORM_STANDALONE
-define:UNITY_STANDALONE_WIN
-define:UNITY_STANDALONE
-define:ENABLE_RUNTIME_GI
-define:ENABLE_MOVIES
-define:ENABLE_NETWORK
-define:ENABLE_NVIDIA
-define:ENABLE_AMD
-define:ENABLE_CRUNCH_TEXTURE_COMPRESSION
-define:ENABLE_CLOUD_SERVICES_ENGINE_DIAGNOSTICS
-define:ENABLE_OUT_OF_PROCESS_CRASH_HANDLER
-define:ENABLE_CLUSTER_SYNC
-define:ENABLE_CLUSTERINPUT
-define:PLATFORM_UPDATES_TIME_OUTSIDE_OF_PLAYER_LOOP
-define:GFXDEVICE_WAITFOREVENT_MESSAGEPUMP
-define:PLATFORM_USES_EXPLICIT_MEMORY_MANAGER_INITIALIZER
-define:PLATFORM_SUPPORTS_WAIT_FOR_PRESENTATION
-define:PLATFORM_SUPPORTS_SPLIT_GRAPHICS_JOBS
-define:PLATFORM_USES_VULKAN_OLD_SWAPCHAIN
-define:USE_READ_ASYNC_MANAGED_API
-define:ENABLE_MONO
-define:NET_STANDARD_2_0
-define:NET_STANDARD
-define:NET_STANDARD_2_1
-define:NETSTANDARD
-define:NETSTANDARD2_1
-define:ENABLE_PROFILER
-define:DEBUG
-define:TRACE
-define:UNITY_ASSERTIONS
-define:UNITY_EDITOR
-define:UNITY_EDITOR_64
-define:UNITY_EDITOR_WIN
-define:ENABLE_UNITY_COLLECTIONS_CHECKS
-define:ENABLE_BURST_AOT
-define:UNITY_TEAM_LICENSE
-define:ENABLE_CUSTOM_RENDER_TEXTURE
-define:ENABLE_DIRECTOR
-define:ENABLE_LOCALIZATION
-define:ENABLE_SPRITES
-define:ENABLE_TERRAIN
-define:ENABLE_TILEMAP
-define:ENABLE_TIMELINE
-define:ENABLE_LEGACY_INPUT_MANAGER
-define:TEXTCORE_FONT_ENGINE_1_5_OR_NEWER
-define:TEXTCORE_TEXT_ENGINE_1_5_OR_NEWER
-define:TEXTCORE_FONT_ENGINE_1_6_OR_NEWER
-define:CSHARP_7_OR_LATER
-define:CSHARP_7_3_OR_NEWER
-r:"C:/Program Files/Unity/Hub/Editor/6000.5.3f1/Editor/Data/BCLExtensions/TargetingPacks/netstandard2.1/ref/Microsoft.Bcl.AsyncInterfaces.dll"
-r:"C:/Program Files/Unity/Hub/Editor/6000.5.3f1/Editor/Data/BCLExtensions/TargetingPacks/netstandard2.1/ref/Microsoft.Extensions.DependencyInjection.Abstractions.dll"
-r:"C:/Program Files/Unity/Hub/Editor/6000.5.3f1/Editor/Data/BCLExtensions/TargetingPacks/netstandard2.1/ref/Microsoft.Extensions.Logging.Abstractions.dll"
-r:"C:/Program Files/Unity/Hub/Editor/6000.5.3f1/Editor/Data/BCLExtensions/TargetingPacks/netstandard2.1/ref/System.Collections.Immutable.dll"
-r:"C:/Program Files/Unity/Hub/Editor/6000.5.3f1/Editor/Data/BCLExtensions/TargetingPacks/netstandard2.1/ref/System.Diagnostics.DiagnosticSource.dll"
-r:"C:/Program Files/Unity/Hub/Editor/6000.5.3f1/Editor/Data/BCLExtensions/TargetingPacks/netstandard2.1/ref/System.IO.Hashing.dll"
-r:"C:/Program Files/Unity/Hub/Editor/6000.5.3f1/Editor/Data/BCLExtensions/TargetingPacks/netstandard2.1/ref/System.Reflection.Metadata.dll"
-r:"C:/Program Files/Unity/Hub/Editor/6000.5.3f1/Editor/Data/BCLExtensions/TargetingPacks/netstandard2.1/ref/System.Runtime.CompilerServices.Unsafe.dll"
-r:"C:/Program Files/Unity/Hub/Editor/6000.5.3f1/Editor/Data/BCLExtensions/TargetingPacks/netstandard2.1/ref/System.Text.Encodings.Web.dll"
-r:"C:/Program Files/Unity/Hub/Editor/6000.5.3f1/Editor/Data/BCLExtensions/TargetingPacks/netstandard2.1/ref/System.Text.Json.dll"
-r:"C:/Program Files/Unity/Hub/Editor/6000.5.3f1/Editor/Data/Managed/UnityEngine/Unity.Scripting.dll"
-r:"C:/Program Files/Unity/Hub/Editor/6000.5.3f1/Editor/Data/Managed/UnityEngine/UnityEditor.AIModule.dll"
-r:"C:/Program Files/Unity/Hub/Editor/6000.5.3f1/Editor/Data/Managed/UnityEngine/UnityEditor.AccessibilityModule.dll"
-r:"C:/Program Files/Unity/Hub/Editor/6000.5.3f1/Editor/Data/Managed/UnityEngine/UnityEditor.AdaptivePerformanceModule.dll"
-r:"C:/Program Files/Unity/Hub/Editor/6000.5.3f1/Editor/Data/Managed/UnityEngine/UnityEditor.AssetComplianceModule.dll"
-r:"C:/Program Files/Unity/Hub/Editor/6000.5.3f1/Editor/Data/Managed/UnityEngine/UnityEditor.BuildProfileModule.dll"
-r:"C:/Program Files/Unity/Hub/Editor/6000.5.3f1/Editor/Data/Managed/UnityEngine/UnityEditor.ClothModule.dll"
-r:"C:/Program Files/Unity/Hub/Editor/6000.5.3f1/Editor/Data/Managed/UnityEngine/UnityEditor.ContentLoadModule.dll"
-r:"C:/Program Files/Unity/Hub/Editor/6000.5.3f1/Editor/Data/Managed/UnityEngine/UnityEditor.CoreBusinessMetricsModule.dll"
-r:"C:/Program Files/Unity/Hub/Editor/6000.5.3f1/Editor/Data/Managed/UnityEngine/UnityEditor.CoreModule.dll"
-r:"C:/Program Files/Unity/Hub/Editor/6000.5.3f1/Editor/Data/Managed/UnityEngine/UnityEditor.DeviceSimulatorModule.dll"
-r:"C:/Program Files/Unity/Hub/Editor/6000.5.3f1/Editor/Data/Managed/UnityEngine/UnityEditor.DiagnosticsModule.dll"
-r:"C:/Program Files/Unity/Hub/Editor/6000.5.3f1/Editor/Data/Managed/UnityEngine/UnityEditor.EditorToolbarModule.dll"
-r:"C:/Program Files/Unity/Hub/Editor/6000.5.3f1/Editor/Data/Managed/UnityEngine/UnityEditor.EmbreeModule.dll"
-r:"C:/Program Files/Unity/Hub/Editor/6000.5.3f1/Editor/Data/Managed/UnityEngine/UnityEditor.GIModule.dll"
-r:"C:/Program Files/Unity/Hub/Editor/6000.5.3f1/Editor/Data/Managed/UnityEngine/UnityEditor.GenericRemoteModule.dll"
-r:"C:/Program Files/Unity/Hub/Editor/6000.5.3f1/Editor/Data/Managed/UnityEngine/UnityEditor.GraphToolkitModule.dll"
-r:"C:/Program Files/Unity/Hub/Editor/6000.5.3f1/Editor/Data/Managed/UnityEngine/UnityEditor.GraphViewModule.dll"
-r:"C:/Program Files/Unity/Hub/Editor/6000.5.3f1/Editor/Data/Managed/UnityEngine/UnityEditor.GraphicsStateCollectionSerializerModule.dll"
-r:"C:/Program Files/Unity/Hub/Editor/6000.5.3f1/Editor/Data/Managed/UnityEngine/UnityEditor.GridAndSnapModule.dll"
-r:"C:/Program Files/Unity/Hub/Editor/6000.5.3f1/Editor/Data/Managed/UnityEngine/UnityEditor.GridModule.dll"
-r:"C:/Program Files/Unity/Hub/Editor/6000.5.3f1/Editor/Data/Managed/UnityEngine/UnityEditor.HierarchyModule.dll"
-r:"C:/Program Files/Unity/Hub/Editor/6000.5.3f1/Editor/Data/Managed/UnityEngine/UnityEditor.LightingModule.dll"
-r:"C:/Program Files/Unity/Hub/Editor/6000.5.3f1/Editor/Data/Managed/UnityEngine/UnityEditor.MathematicsModule.dll"
-r:"C:/Program Files/Unity/Hub/Editor/6000.5.3f1/Editor/Data/Managed/UnityEngine/UnityEditor.MediaModule.dll"
-r:"C:/Program Files/Unity/Hub/Editor/6000.5.3f1/Editor/Data/Managed/UnityEngine/UnityEditor.MultiplayerModule.dll"
-r:"C:/Program Files/Unity/Hub/Editor/6000.5.3f1/Editor/Data/Managed/UnityEngine/UnityEditor.Physics2DModule.dll"
-r:"C:/Program Files/Unity/Hub/Editor/6000.5.3f1/Editor/Data/Managed/UnityEngine/UnityEditor.PhysicsCore2DModule.dll"
-r:"C:/Program Files/Unity/Hub/Editor/6000.5.3f1/Editor/Data/Managed/UnityEngine/UnityEditor.PhysicsModule.dll"
-r:"C:/Program Files/Unity/Hub/Editor/6000.5.3f1/Editor/Data/Managed/UnityEngine/UnityEditor.PlayModeModule.dll"
-r:"C:/Program Files/Unity/Hub/Editor/6000.5.3f1/Editor/Data/Managed/UnityEngine/UnityEditor.PresetsUIModule.dll"
-r:"C:/Program Files/Unity/Hub/Editor/6000.5.3f1/Editor/Data/Managed/UnityEngine/UnityEditor.ProjectAuditorModule.dll"
-r:"C:/Program Files/Unity/Hub/Editor/6000.5.3f1/Editor/Data/Managed/UnityEngine/UnityEditor.PropertiesModule.dll"
-r:"C:/Program Files/Unity/Hub/Editor/6000.5.3f1/Editor/Data/Managed/UnityEngine/UnityEditor.QuickInstallModule.dll"
-r:"C:/Program Files/Unity/Hub/Editor/6000.5.3f1/Editor/Data/Managed/UnityEngine/UnityEditor.QuickSearchModule.dll"
-r:"C:/Program Files/Unity/Hub/Editor/6000.5.3f1/Editor/Data/Managed/UnityEngine/UnityEditor.SafeModeModule.dll"
-r:"C:/Program Files/Unity/Hub/Editor/6000.5.3f1/Editor/Data/Managed/UnityEngine/UnityEditor.SceneTemplateModule.dll"
-r:"C:/Program Files/Unity/Hub/Editor/6000.5.3f1/Editor/Data/Managed/UnityEngine/UnityEditor.SceneViewModule.dll"
-r:"C:/Program Files/Unity/Hub/Editor/6000.5.3f1/Editor/Data/Managed/UnityEngine/UnityEditor.ShaderBuildSettingsModule.dll"
-r:"C:/Program Files/Unity/Hub/Editor/6000.5.3f1/Editor/Data/Managed/UnityEngine/UnityEditor.ShaderCompilationModule.dll"
-r:"C:/Program Files/Unity/Hub/Editor/6000.5.3f1/Editor/Data/Managed/UnityEngine/UnityEditor.ShaderFoundryModule.dll"
-r:"C:/Program Files/Unity/Hub/Editor/6000.5.3f1/Editor/Data/Managed/UnityEngine/UnityEditor.SketchUpModule.dll"
-r:"C:/Program Files/Unity/Hub/Editor/6000.5.3f1/Editor/Data/Managed/UnityEngine/UnityEditor.SpriteMaskModule.dll"
-r:"C:/Program Files/Unity/Hub/Editor/6000.5.3f1/Editor/Data/Managed/UnityEngine/UnityEditor.SpriteShapeModule.dll"
-r:"C:/Program Files/Unity/Hub/Editor/6000.5.3f1/Editor/Data/Managed/UnityEngine/UnityEditor.SubstanceModule.dll"
-r:"C:/Program Files/Unity/Hub/Editor/6000.5.3f1/Editor/Data/Managed/UnityEngine/UnityEditor.TerrainModule.dll"
-r:"C:/Program Files/Unity/Hub/Editor/6000.5.3f1/Editor/Data/Managed/UnityEngine/UnityEditor.TextCoreFontEngineModule.dll"
-r:"C:/Program Files/Unity/Hub/Editor/6000.5.3f1/Editor/Data/Managed/UnityEngine/UnityEditor.TextCoreTextEngineModule.dll"
-r:"C:/Program Files/Unity/Hub/Editor/6000.5.3f1/Editor/Data/Managed/UnityEngine/UnityEditor.TextRenderingModule.dll"
-r:"C:/Program Files/Unity/Hub/Editor/6000.5.3f1/Editor/Data/Managed/UnityEngine/UnityEditor.TilemapModule.dll"
-r:"C:/Program Files/Unity/Hub/Editor/6000.5.3f1/Editor/Data/Managed/UnityEngine/UnityEditor.TreeModule.dll"
-r:"C:/Program Files/Unity/Hub/Editor/6000.5.3f1/Editor/Data/Managed/UnityEngine/UnityEditor.U2DModule.dll"
-r:"C:/Program Files/Unity/Hub/Editor/6000.5.3f1/Editor/Data/Managed/UnityEngine/UnityEditor.UIAutomationModule.dll"
-r:"C:/Program Files/Unity/Hub/Editor/6000.5.3f1/Editor/Data/Managed/UnityEngine/UnityEditor.UIBuilderModule.dll"
-r:"C:/Program Files/Unity/Hub/Editor/6000.5.3f1/Editor/Data/Managed/UnityEngine/UnityEditor.UIElementsModule.dll"
-r:"C:/Program Files/Unity/Hub/Editor/6000.5.3f1/Editor/Data/Managed/UnityEngine/UnityEditor.UIElementsSamplesModule.dll"
-r:"C:/Program Files/Unity/Hub/Editor/6000.5.3f1/Editor/Data/Managed/UnityEngine/UnityEditor.UIToolkitAuthoringModule.dll"
-r:"C:/Program Files/Unity/Hub/Editor/6000.5.3f1/Editor/Data/Managed/UnityEngine/UnityEditor.UmbraModule.dll"
-r:"C:/Program Files/Unity/Hub/Editor/6000.5.3f1/Editor/Data/Managed/UnityEngine/UnityEditor.UnityConnectModule.dll"
-r:"C:/Program Files/Unity/Hub/Editor/6000.5.3f1/Editor/Data/Managed/UnityEngine/UnityEditor.VFXModule.dll"
-r:"C:/Program Files/Unity/Hub/Editor/6000.5.3f1/Editor/Data/Managed/UnityEngine/UnityEditor.VectorGraphicsModule.dll"
-r:"C:/Program Files/Unity/Hub/Editor/6000.5.3f1/Editor/Data/Managed/UnityEngine/UnityEditor.VideoModule.dll"
-r:"C:/Program Files/Unity/Hub/Editor/6000.5.3f1/Editor/Data/Managed/UnityEngine/UnityEditor.XRModule.dll"
-r:"C:/Program Files/Unity/Hub/Editor/6000.5.3f1/Editor/Data/Managed/UnityEngine/UnityEditor.dll"
-r:"C:/Program Files/Unity/Hub/Editor/6000.5.3f1/Editor/Data/Managed/UnityEngine/UnityEngine.ARModule.dll"
-r:"C:/Program Files/Unity/Hub/Editor/6000.5.3f1/Editor/Data/Managed/UnityEngine/UnityEngine.AudioModule.dll"
-r:"C:/Program Files/Unity/Hub/Editor/6000.5.3f1/Editor/Data/Managed/UnityEngine/UnityEngine.ClusterInputModule.dll"
-r:"C:/Program Files/Unity/Hub/Editor/6000.5.3f1/Editor/Data/Managed/UnityEngine/UnityEngine.ClusterRendererModule.dll"
-r:"C:/Program Files/Unity/Hub/Editor/6000.5.3f1/Editor/Data/Managed/UnityEngine/UnityEngine.ContentLoadModule.dll"
-r:"C:/Program Files/Unity/Hub/Editor/6000.5.3f1/Editor/Data/Managed/UnityEngine/UnityEngine.CoreModule.dll"
-r:"C:/Program Files/Unity/Hub/Editor/6000.5.3f1/Editor/Data/Managed/UnityEngine/UnityEngine.CrashReportingModule.dll"
-r:"C:/Program Files/Unity/Hub/Editor/6000.5.3f1/Editor/Data/Managed/UnityEngine/UnityEngine.DSPGraphModule.dll"
-r:"C:/Program Files/Unity/Hub/Editor/6000.5.3f1/Editor/Data/Managed/UnityEngine/UnityEngine.GIModule.dll"
-r:"C:/Program Files/Unity/Hub/Editor/6000.5.3f1/Editor/Data/Managed/UnityEngine/UnityEngine.GameCenterModule.dll"
-r:"C:/Program Files/Unity/Hub/Editor/6000.5.3f1/Editor/Data/Managed/UnityEngine/UnityEngine.GraphicsStateCollectionSerializerModule.dll"
-r:"C:/Program Files/Unity/Hub/Editor/6000.5.3f1/Editor/Data/Managed/UnityEngine/UnityEngine.GridModule.dll"
-r:"C:/Program Files/Unity/Hub/Editor/6000.5.3f1/Editor/Data/Managed/UnityEngine/UnityEngine.HotReloadModule.dll"
-r:"C:/Program Files/Unity/Hub/Editor/6000.5.3f1/Editor/Data/Managed/UnityEngine/UnityEngine.IMGUIModule.dll"
-r:"C:/Program Files/Unity/Hub/Editor/6000.5.3f1/Editor/Data/Managed/UnityEngine/UnityEngine.IdentifiersModule.dll"
-r:"C:/Program Files/Unity/Hub/Editor/6000.5.3f1/Editor/Data/Managed/UnityEngine/UnityEngine.ImageConversionModule.dll"
-r:"C:/Program Files/Unity/Hub/Editor/6000.5.3f1/Editor/Data/Managed/UnityEngine/UnityEngine.InputForUIModule.dll"
-r:"C:/Program Files/Unity/Hub/Editor/6000.5.3f1/Editor/Data/Managed/UnityEngine/UnityEngine.InputLegacyModule.dll"
-r:"C:/Program Files/Unity/Hub/Editor/6000.5.3f1/Editor/Data/Managed/UnityEngine/UnityEngine.InputModule.dll"
-r:"C:/Program Files/Unity/Hub/Editor/6000.5.3f1/Editor/Data/Managed/UnityEngine/UnityEngine.InsightsModule.dll"
-r:"C:/Program Files/Unity/Hub/Editor/6000.5.3f1/Editor/Data/Managed/UnityEngine/UnityEngine.LocalizationModule.dll"
-r:"C:/Program Files/Unity/Hub/Editor/6000.5.3f1/Editor/Data/Managed/UnityEngine/UnityEngine.MarshallingModule.dll"
-r:"C:/Program Files/Unity/Hub/Editor/6000.5.3f1/Editor/Data/Managed/UnityEngine/UnityEngine.MathematicsModule.dll"
-r:"C:/Program Files/Unity/Hub/Editor/6000.5.3f1/Editor/Data/Managed/UnityEngine/UnityEngine.MultiplayerModule.dll"
-r:"C:/Program Files/Unity/Hub/Editor/6000.5.3f1/Editor/Data/Managed/UnityEngine/UnityEngine.PerformanceReportingModule.dll"
-r:"C:/Program Files/Unity/Hub/Editor/6000.5.3f1/Editor/Data/Managed/UnityEngine/UnityEngine.Physics2DModule.dll"
-r:"C:/Program Files/Unity/Hub/Editor/6000.5.3f1/Editor/Data/Managed/UnityEngine/UnityEngine.PhysicsBackendPhysXModule.dll"
-r:"C:/Program Files/Unity/Hub/Editor/6000.5.3f1/Editor/Data/Managed/UnityEngine/UnityEngine.PhysicsCore2DModule.dll"
-r:"C:/Program Files/Unity/Hub/Editor/6000.5.3f1/Editor/Data/Managed/UnityEngine/UnityEngine.PhysicsModule.dll"
-r:"C:/Program Files/Unity/Hub/Editor/6000.5.3f1/Editor/Data/Managed/UnityEngine/UnityEngine.PropertiesModule.dll"
-r:"C:/Program Files/Unity/Hub/Editor/6000.5.3f1/Editor/Data/Managed/UnityEngine/UnityEngine.RenderAs2DModule.dll"
-r:"C:/Program Files/Unity/Hub/Editor/6000.5.3f1/Editor/Data/Managed/UnityEngine/UnityEngine.RuntimeInitializeOnLoadManagerInitializerModule.dll"
-r:"C:/Program Files/Unity/Hub/Editor/6000.5.3f1/Editor/Data/Managed/UnityEngine/UnityEngine.ScriptingModule.dll"
-r:"C:/Program Files/Unity/Hub/Editor/6000.5.3f1/Editor/Data/Managed/UnityEngine/UnityEngine.ShaderVariantAnalyticsModule.dll"
-r:"C:/Program Files/Unity/Hub/Editor/6000.5.3f1/Editor/Data/Managed/UnityEngine/UnityEngine.SharedInternalsModule.dll"
-r:"C:/Program Files/Unity/Hub/Editor/6000.5.3f1/Editor/Data/Managed/UnityEngine/UnityEngine.SpriteMaskModule.dll"
-r:"C:/Program Files/Unity/Hub/Editor/6000.5.3f1/Editor/Data/Managed/UnityEngine/UnityEngine.SpriteShapeModule.dll"
-r:"C:/Program Files/Unity/Hub/Editor/6000.5.3f1/Editor/Data/Managed/UnityEngine/UnityEngine.StreamingModule.dll"
-r:"C:/Program Files/Unity/Hub/Editor/6000.5.3f1/Editor/Data/Managed/UnityEngine/UnityEngine.SubstanceModule.dll"
-r:"C:/Program Files/Unity/Hub/Editor/6000.5.3f1/Editor/Data/Managed/UnityEngine/UnityEngine.TLSModule.dll"
-r:"C:/Program Files/Unity/Hub/Editor/6000.5.3f1/Editor/Data/Managed/UnityEngine/UnityEngine.TextCoreFontEngineModule.dll"
-r:"C:/Program Files/Unity/Hub/Editor/6000.5.3f1/Editor/Data/Managed/UnityEngine/UnityEngine.TextCoreTextEngineModule.dll"
-r:"C:/Program Files/Unity/Hub/Editor/6000.5.3f1/Editor/Data/Managed/UnityEngine/UnityEngine.TextRenderingModule.dll"
-r:"C:/Program Files/Unity/Hub/Editor/6000.5.3f1/Editor/Data/Managed/UnityEngine/UnityEngine.U2DRuntimeModule.dll"
-r:"C:/Program Files/Unity/Hub/Editor/6000.5.3f1/Editor/Data/Managed/UnityEngine/UnityEngine.UIModule.dll"
-r:"C:/Program Files/Unity/Hub/Editor/6000.5.3f1/Editor/Data/Managed/UnityEngine/UnityEngine.UnityAnalyticsCommonModule.dll"
-r:"C:/Program Files/Unity/Hub/Editor/6000.5.3f1/Editor/Data/Managed/UnityEngine/UnityEngine.UnityConnectModule.dll"
-r:"C:/Program Files/Unity/Hub/Editor/6000.5.3f1/Editor/Data/Managed/UnityEngine/UnityEngine.UnityConsentModule.dll"
-r:"C:/Program Files/Unity/Hub/Editor/6000.5.3f1/Editor/Data/Managed/UnityEngine/UnityEngine.UnityCurlModule.dll"
-r:"C:/Program Files/Unity/Hub/Editor/6000.5.3f1/Editor/Data/Managed/UnityEngine/UnityEngine.VFXModule.dll"
-r:"C:/Program Files/Unity/Hub/Editor/6000.5.3f1/Editor/Data/Managed/UnityEngine/UnityEngine.VirtualTexturingModule.dll"
-r:"C:/Program Files/Unity/Hub/Editor/6000.5.3f1/Editor/Data/Managed/UnityEngine/UnityEngine.dll"
-r:"C:/Program Files/Unity/Hub/Editor/6000.5.3f1/Editor/Data/NetStandard/Extensions/2.0.0/System.Runtime.InteropServices.WindowsRuntime.dll"
-r:"C:/Program Files/Unity/Hub/Editor/6000.5.3f1/Editor/Data/NetStandard/compat/2.1.0/shims/netfx/System.ComponentModel.Composition.dll"
-r:"C:/Program Files/Unity/Hub/Editor/6000.5.3f1/Editor/Data/NetStandard/compat/2.1.0/shims/netfx/System.Core.dll"
-r:"C:/Program Files/Unity/Hub/Editor/6000.5.3f1/Editor/Data/NetStandard/compat/2.1.0/shims/netfx/System.Data.dll"
-r:"C:/Program Files/Unity/Hub/Editor/6000.5.3f1/Editor/Data/NetStandard/compat/2.1.0/shims/netfx/System.Drawing.dll"
-r:"C:/Program Files/Unity/Hub/Editor/6000.5.3f1/Editor/Data/NetStandard/compat/2.1.0/shims/netfx/System.IO.Compression.FileSystem.dll"
-r:"C:/Program Files/Unity/Hub/Editor/6000.5.3f1/Editor/Data/NetStandard/compat/2.1.0/shims/netfx/System.Net.dll"
-r:"C:/Program Files/Unity/Hub/Editor/6000.5.3f1/Editor/Data/NetStandard/compat/2.1.0/shims/netfx/System.Numerics.dll"
-r:"C:/Program Files/Unity/Hub/Editor/6000.5.3f1/Editor/Data/NetStandard/compat/2.1.0/shims/netfx/System.Runtime.Serialization.dll"
-r:"C:/Program Files/Unity/Hub/Editor/6000.5.3f1/Editor/Data/NetStandard/compat/2.1.0/shims/netfx/System.ServiceModel.Web.dll"
-r:"C:/Program Files/Unity/Hub/Editor/6000.5.3f1/Editor/Data/NetStandard/compat/2.1.0/shims/netfx/System.Transactions.dll"
-r:"C:/Program Files/Unity/Hub/Editor/6000.5.3f1/Editor/Data/NetStandard/compat/2.1.0/shims/netfx/System.Web.dll"
-r:"C:/Program Files/Unity/Hub/Editor/6000.5.3f1/Editor/Data/NetStandard/compat/2.1.0/shims/netfx/System.Windows.dll"
-r:"C:/Program Files/Unity/Hub/Editor/6000.5.3f1/Editor/Data/NetStandard/compat/2.1.0/shims/netfx/System.Xml.Linq.dll"
-r:"C:/Program Files/Unity/Hub/Editor/6000.5.3f1/Editor/Data/NetStandard/compat/2.1.0/shims/netfx/System.Xml.Serialization.dll"
-r:"C:/Program Files/Unity/Hub/Editor/6000.5.3f1/Editor/Data/NetStandard/compat/2.1.0/shims/netfx/System.Xml.dll"
-r:"C:/Program Files/Unity/Hub/Editor/6000.5.3f1/Editor/Data/NetStandard/compat/2.1.0/shims/netfx/System.dll"
-r:"C:/Program Files/Unity/Hub/Editor/6000.5.3f1/Editor/Data/NetStandard/compat/2.1.0/shims/netfx/mscorlib.dll"
-r:"C:/Program Files/Unity/Hub/Editor/6000.5.3f1/Editor/Data/NetStandard/compat/2.1.0/shims/netstandard/Microsoft.Win32.Primitives.dll"
-r:"C:/Program Files/Unity/Hub/Editor/6000.5.3f1/Editor/Data/NetStandard/compat/2.1.0/shims/netstandard/System.AppContext.dll"
-r:"C:/Program Files/Unity/Hub/Editor/6000.5.3f1/Editor/Data/NetStandard/compat/2.1.0/shims/netstandard/System.Buffers.dll"
-r:"C:/Program Files/Unity/Hub/Editor/6000.5.3f1/Editor/Data/NetStandard/compat/2.1.0/shims/netstandard/System.Collections.Concurrent.dll"
-r:"C:/Program Files/Unity/Hub/Editor/6000.5.3f1/Editor/Data/NetStandard/compat/2.1.0/shims/netstandard/System.Collections.NonGeneric.dll"
-r:"C:/Program Files/Unity/Hub/Editor/6000.5.3f1/Editor/Data/NetStandard/compat/2.1.0/shims/netstandard/System.Collections.Specialized.dll"
-r:"C:/Program Files/Unity/Hub/Editor/6000.5.3f1/Editor/Data/NetStandard/compat/2.1.0/shims/netstandard/System.Collections.dll"
-r:"C:/Program Files/Unity/Hub/Editor/6000.5.3f1/Editor/Data/NetStandard/compat/2.1.0/shims/netstandard/System.ComponentModel.EventBasedAsync.dll"
-r:"C:/Program Files/Unity/Hub/Editor/6000.5.3f1/Editor/Data/NetStandard/compat/2.1.0/shims/netstandard/System.ComponentModel.Primitives.dll"
-r:"C:/Program Files/Unity/Hub/Editor/6000.5.3f1/Editor/Data/NetStandard/compat/2.1.0/shims/netstandard/System.ComponentModel.TypeConverter.dll"
-r:"C:/Program Files/Unity/Hub/Editor/6000.5.3f1/Editor/Data/NetStandard/compat/2.1.0/shims/netstandard/System.ComponentModel.dll"
-r:"C:/Program Files/Unity/Hub/Editor/6000.5.3f1/Editor/Data/NetStandard/compat/2.1.0/shims/netstandard/System.Console.dll"
-r:"C:/Program Files/Unity/Hub/Editor/6000.5.3f1/Editor/Data/NetStandard/compat/2.1.0/shims/netstandard/System.Data.Common.dll"
-r:"C:/Program Files/Unity/Hub/Editor/6000.5.3f1/Editor/Data/NetStandard/compat/2.1.0/shims/netstandard/System.Diagnostics.Contracts.dll"
-r:"C:/Program Files/Unity/Hub/Editor/6000.5.3f1/Editor/Data/NetStandard/compat/2.1.0/shims/netstandard/System.Diagnostics.Debug.dll"
-r:"C:/Program Files/Unity/Hub/Editor/6000.5.3f1/Editor/Data/NetStandard/compat/2.1.0/shims/netstandard/System.Diagnostics.FileVersionInfo.dll"
-r:"C:/Program Files/Unity/Hub/Editor/6000.5.3f1/Editor/Data/NetStandard/compat/2.1.0/shims/netstandard/System.Diagnostics.Process.dll"
-r:"C:/Program Files/Unity/Hub/Editor/6000.5.3f1/Editor/Data/NetStandard/compat/2.1.0/shims/netstandard/System.Diagnostics.StackTrace.dll"
-r:"C:/Program Files/Unity/Hub/Editor/6000.5.3f1/Editor/Data/NetStandard/compat/2.1.0/shims/netstandard/System.Diagnostics.TextWriterTraceListener.dll"
-r:"C:/Program Files/Unity/Hub/Editor/6000.5.3f1/Editor/Data/NetStandard/compat/2.1.0/shims/netstandard/System.Diagnostics.Tools.dll"
-r:"C:/Program Files/Unity/Hub/Editor/6000.5.3f1/Editor/Data/NetStandard/compat/2.1.0/shims/netstandard/System.Diagnostics.TraceSource.dll"
-r:"C:/Program Files/Unity/Hub/Editor/6000.5.3f1/Editor/Data/NetStandard/compat/2.1.0/shims/netstandard/System.Diagnostics.Tracing.dll"
-r:"C:/Program Files/Unity/Hub/Editor/6000.5.3f1/Editor/Data/NetStandard/compat/2.1.0/shims/netstandard/System.Drawing.Primitives.dll"
-r:"C:/Program Files/Unity/Hub/Editor/6000.5.3f1/Editor/Data/NetStandard/compat/2.1.0/shims/netstandard/System.Dynamic.Runtime.dll"
-r:"C:/Program Files/Unity/Hub/Editor/6000.5.3f1/Editor/Data/NetStandard/compat/2.1.0/shims/netstandard/System.Globalization.Calendars.dll"
-r:"C:/Program Files/Unity/Hub/Editor/6000.5.3f1/Editor/Data/NetStandard/compat/2.1.0/shims/netstandard/System.Globalization.Extensions.dll"
-r:"C:/Program Files/Unity/Hub/Editor/6000.5.3f1/Editor/Data/NetStandard/compat/2.1.0/shims/netstandard/System.Globalization.dll"
-r:"C:/Program Files/Unity/Hub/Editor/6000.5.3f1/Editor/Data/NetStandard/compat/2.1.0/shims/netstandard/System.IO.Compression.ZipFile.dll"
-r:"C:/Program Files/Unity/Hub/Editor/6000.5.3f1/Editor/Data/NetStandard/compat/2.1.0/shims/netstandard/System.IO.Compression.dll"
-r:"C:/Program Files/Unity/Hub/Editor/6000.5.3f1/Editor/Data/NetStandard/compat/2.1.0/shims/netstandard/System.IO.FileSystem.DriveInfo.dll"
-r:"C:/Program Files/Unity/Hub/Editor/6000.5.3f1/Editor/Data/NetStandard/compat/2.1.0/shims/netstandard/System.IO.FileSystem.Primitives.dll"
-r:"C:/Program Files/Unity/Hub/Editor/6000.5.3f1/Editor/Data/NetStandard/compat/2.1.0/shims/netstandard/System.IO.FileSystem.Watcher.dll"
-r:"C:/Program Files/Unity/Hub/Editor/6000.5.3f1/Editor/Data/NetStandard/compat/2.1.0/shims/netstandard/System.IO.FileSystem.dll"
-r:"C:/Program Files/Unity/Hub/Editor/6000.5.3f1/Editor/Data/NetStandard/compat/2.1.0/shims/netstandard/System.IO.IsolatedStorage.dll"
-r:"C:/Program Files/Unity/Hub/Editor/6000.5.3f1/Editor/Data/NetStandard/compat/2.1.0/shims/netstandard/System.IO.MemoryMappedFiles.dll"
-r:"C:/Program Files/Unity/Hub/Editor/6000.5.3f1/Editor/Data/NetStandard/compat/2.1.0/shims/netstandard/System.IO.Pipes.dll"
-r:"C:/Program Files/Unity/Hub/Editor/6000.5.3f1/Editor/Data/NetStandard/compat/2.1.0/shims/netstandard/System.IO.UnmanagedMemoryStream.dll"
-r:"C:/Program Files/Unity/Hub/Editor/6000.5.3f1/Editor/Data/NetStandard/compat/2.1.0/shims/netstandard/System.IO.dll"
-r:"C:/Program Files/Unity/Hub/Editor/6000.5.3f1/Editor/Data/NetStandard/compat/2.1.0/shims/netstandard/System.Linq.Expressions.dll"
-r:"C:/Program Files/Unity/Hub/Editor/6000.5.3f1/Editor/Data/NetStandard/compat/2.1.0/shims/netstandard/System.Linq.Parallel.dll"
-r:"C:/Program Files/Unity/Hub/Editor/6000.5.3f1/Editor/Data/NetStandard/compat/2.1.0/shims/netstandard/System.Linq.Queryable.dll"
-r:"C:/Program Files/Unity/Hub/Editor/6000.5.3f1/Editor/Data/NetStandard/compat/2.1.0/shims/netstandard/System.Linq.dll"
-r:"C:/Program Files/Unity/Hub/Editor/6000.5.3f1/Editor/Data/NetStandard/compat/2.1.0/shims/netstandard/System.Memory.dll"
-r:"C:/Program Files/Unity/Hub/Editor/6000.5.3f1/Editor/Data/NetStandard/compat/2.1.0/shims/netstandard/System.Net.Http.dll"
-r:"C:/Program Files/Unity/Hub/Editor/6000.5.3f1/Editor/Data/NetStandard/compat/2.1.0/shims/netstandard/System.Net.NameResolution.dll"
-r:"C:/Program Files/Unity/Hub/Editor/6000.5.3f1/Editor/Data/NetStandard/compat/2.1.0/shims/netstandard/System.Net.NetworkInformation.dll"
-r:"C:/Program Files/Unity/Hub/Editor/6000.5.3f1/Editor/Data/NetStandard/compat/2.1.0/shims/netstandard/System.Net.Ping.dll"
-r:"C:/Program Files/Unity/Hub/Editor/6000.5.3f1/Editor/Data/NetStandard/compat/2.1.0/shims/netstandard/System.Net.Primitives.dll"
-r:"C:/Program Files/Unity/Hub/Editor/6000.5.3f1/Editor/Data/NetStandard/compat/2.1.0/shims/netstandard/System.Net.Requests.dll"
-r:"C:/Program Files/Unity/Hub/Editor/6000.5.3f1/Editor/Data/NetStandard/compat/2.1.0/shims/netstandard/System.Net.Security.dll"
-r:"C:/Program Files/Unity/Hub/Editor/6000.5.3f1/Editor/Data/NetStandard/compat/2.1.0/shims/netstandard/System.Net.Sockets.dll"
-r:"C:/Program Files/Unity/Hub/Editor/6000.5.3f1/Editor/Data/NetStandard/compat/2.1.0/shims/netstandard/System.Net.WebHeaderCollection.dll"
-r:"C:/Program Files/Unity/Hub/Editor/6000.5.3f1/Editor/Data/NetStandard/compat/2.1.0/shims/netstandard/System.Net.WebSockets.Client.dll"
-r:"C:/Program Files/Unity/Hub/Editor/6000.5.3f1/Editor/Data/NetStandard/compat/2.1.0/shims/netstandard/System.Net.WebSockets.dll"
-r:"C:/Program Files/Unity/Hub/Editor/6000.5.3f1/Editor/Data/NetStandard/compat/2.1.0/shims/netstandard/System.Numerics.Vectors.dll"
-r:"C:/Program Files/Unity/Hub/Editor/6000.5.3f1/Editor/Data/NetStandard/compat/2.1.0/shims/netstandard/System.ObjectModel.dll"
-r:"C:/Program Files/Unity/Hub/Editor/6000.5.3f1/Editor/Data/NetStandard/compat/2.1.0/shims/netstandard/System.Reflection.DispatchProxy.dll"
-r:"C:/Program Files/Unity/Hub/Editor/6000.5.3f1/Editor/Data/NetStandard/compat/2.1.0/shims/netstandard/System.Reflection.Emit.ILGeneration.dll"
-r:"C:/Program Files/Unity/Hub/Editor/6000.5.3f1/Editor/Data/NetStandard/compat/2.1.0/shims/netstandard/System.Reflection.Emit.Lightweight.dll"
-r:"C:/Program Files/Unity/Hub/Editor/6000.5.3f1/Editor/Data/NetStandard/compat/2.1.0/shims/netstandard/System.Reflection.Emit.dll"
-r:"C:/Program Files/Unity/Hub/Editor/6000.5.3f1/Editor/Data/NetStandard/compat/2.1.0/shims/netstandard/System.Reflection.Extensions.dll"
-r:"C:/Program Files/Unity/Hub/Editor/6000.5.3f1/Editor/Data/NetStandard/compat/2.1.0/shims/netstandard/System.Reflection.Primitives.dll"
-r:"C:/Program Files/Unity/Hub/Editor/6000.5.3f1/Editor/Data/NetStandard/compat/2.1.0/shims/netstandard/System.Reflection.dll"
-r:"C:/Program Files/Unity/Hub/Editor/6000.5.3f1/Editor/Data/NetStandard/compat/2.1.0/shims/netstandard/System.Resources.Reader.dll"
-r:"C:/Program Files/Unity/Hub/Editor/6000.5.3f1/Editor/Data/NetStandard/compat/2.1.0/shims/netstandard/System.Resources.ResourceManager.dll"
-r:"C:/Program Files/Unity/Hub/Editor/6000.5.3f1/Editor/Data/NetStandard/compat/2.1.0/shims/netstandard/System.Resources.Writer.dll"
-r:"C:/Program Files/Unity/Hub/Editor/6000.5.3f1/Editor/Data/NetStandard/compat/2.1.0/shims/netstandard/System.Runtime.CompilerServices.VisualC.dll"
-r:"C:/Program Files/Unity/Hub/Editor/6000.5.3f1/Editor/Data/NetStandard/compat/2.1.0/shims/netstandard/System.Runtime.Extensions.dll"
-r:"C:/Program Files/Unity/Hub/Editor/6000.5.3f1/Editor/Data/NetStandard/compat/2.1.0/shims/netstandard/System.Runtime.Handles.dll"
-r:"C:/Program Files/Unity/Hub/Editor/6000.5.3f1/Editor/Data/NetStandard/compat/2.1.0/shims/netstandard/System.Runtime.InteropServices.RuntimeInformation.dll"
-r:"C:/Program Files/Unity/Hub/Editor/6000.5.3f1/Editor/Data/NetStandard/compat/2.1.0/shims/netstandard/System.Runtime.InteropServices.dll"
-r:"C:/Program Files/Unity/Hub/Editor/6000.5.3f1/Editor/Data/NetStandard/compat/2.1.0/shims/netstandard/System.Runtime.Numerics.dll"
-r:"C:/Program Files/Unity/Hub/Editor/6000.5.3f1/Editor/Data/NetStandard/compat/2.1.0/shims/netstandard/System.Runtime.Serialization.Formatters.dll"
-r:"C:/Program Files/Unity/Hub/Editor/6000.5.3f1/Editor/Data/NetStandard/compat/2.1.0/shims/netstandard/System.Runtime.Serialization.Json.dll"
-r:"C:/Program Files/Unity/Hub/Editor/6000.5.3f1/Editor/Data/NetStandard/compat/2.1.0/shims/netstandard/System.Runtime.Serialization.Primitives.dll"
-r:"C:/Program Files/Unity/Hub/Editor/6000.5.3f1/Editor/Data/NetStandard/compat/2.1.0/shims/netstandard/System.Runtime.Serialization.Xml.dll"
-r:"C:/Program Files/Unity/Hub/Editor/6000.5.3f1/Editor/Data/NetStandard/compat/2.1.0/shims/netstandard/System.Runtime.dll"
-r:"C:/Program Files/Unity/Hub/Editor/6000.5.3f1/Editor/Data/NetStandard/compat/2.1.0/shims/netstandard/System.Security.Claims.dll"
-r:"C:/Program Files/Unity/Hub/Editor/6000.5.3f1/Editor/Data/NetStandard/compat/2.1.0/shims/netstandard/System.Security.Cryptography.Algorithms.dll"
-r:"C:/Program Files/Unity/Hub/Editor/6000.5.3f1/Editor/Data/NetStandard/compat/2.1.0/shims/netstandard/System.Security.Cryptography.Csp.dll"
-r:"C:/Program Files/Unity/Hub/Editor/6000.5.3f1/Editor/Data/NetStandard/compat/2.1.0/shims/netstandard/System.Security.Cryptography.Encoding.dll"
-r:"C:/Program Files/Unity/Hub/Editor/6000.5.3f1/Editor/Data/NetStandard/compat/2.1.0/shims/netstandard/System.Security.Cryptography.Primitives.dll"
-r:"C:/Program Files/Unity/Hub/Editor/6000.5.3f1/Editor/Data/NetStandard/compat/2.1.0/shims/netstandard/System.Security.Cryptography.X509Certificates.dll"
-r:"C:/Program Files/Unity/Hub/Editor/6000.5.3f1/Editor/Data/NetStandard/compat/2.1.0/shims/netstandard/System.Security.Principal.dll"
-r:"C:/Program Files/Unity/Hub/Editor/6000.5.3f1/Editor/Data/NetStandard/compat/2.1.0/shims/netstandard/System.Security.SecureString.dll"
-r:"C:/Program Files/Unity/Hub/Editor/6000.5.3f1/Editor/Data/NetStandard/compat/2.1.0/shims/netstandard/System.Text.Encoding.Extensions.dll"
-r:"C:/Program Files/Unity/Hub/Editor/6000.5.3f1/Editor/Data/NetStandard/compat/2.1.0/shims/netstandard/System.Text.Encoding.dll"
-r:"C:/Program Files/Unity/Hub/Editor/6000.5.3f1/Editor/Data/NetStandard/compat/2.1.0/shims/netstandard/System.Text.RegularExpressions.dll"
-r:"C:/Program Files/Unity/Hub/Editor/6000.5.3f1/Editor/Data/NetStandard/compat/2.1.0/shims/netstandard/System.Threading.Overlapped.dll"
-r:"C:/Program Files/Unity/Hub/Editor/6000.5.3f1/Editor/Data/NetStandard/compat/2.1.0/shims/netstandard/System.Threading.Tasks.Extensions.dll"
-r:"C:/Program Files/Unity/Hub/Editor/6000.5.3f1/Editor/Data/NetStandard/compat/2.1.0/shims/netstandard/System.Threading.Tasks.Parallel.dll"
-r:"C:/Program Files/Unity/Hub/Editor/6000.5.3f1/Editor/Data/NetStandard/compat/2.1.0/shims/netstandard/System.Threading.Tasks.dll"
-r:"C:/Program Files/Unity/Hub/Editor/6000.5.3f1/Editor/Data/NetStandard/compat/2.1.0/shims/netstandard/System.Threading.Thread.dll"
-r:"C:/Program Files/Unity/Hub/Editor/6000.5.3f1/Editor/Data/NetStandard/compat/2.1.0/shims/netstandard/System.Threading.ThreadPool.dll"
-r:"C:/Program Files/Unity/Hub/Editor/6000.5.3f1/Editor/Data/NetStandard/compat/2.1.0/shims/netstandard/System.Threading.Timer.dll"
-r:"C:/Program Files/Unity/Hub/Editor/6000.5.3f1/Editor/Data/NetStandard/compat/2.1.0/shims/netstandard/System.Threading.dll"
-r:"C:/Program Files/Unity/Hub/Editor/6000.5.3f1/Editor/Data/NetStandard/compat/2.1.0/shims/netstandard/System.ValueTuple.dll"
-r:"C:/Program Files/Unity/Hub/Editor/6000.5.3f1/Editor/Data/NetStandard/compat/2.1.0/shims/netstandard/System.Xml.ReaderWriter.dll"
-r:"C:/Program Files/Unity/Hub/Editor/6000.5.3f1/Editor/Data/NetStandard/compat/2.1.0/shims/netstandard/System.Xml.XDocument.dll"
-r:"C:/Program Files/Unity/Hub/Editor/6000.5.3f1/Editor/Data/NetStandard/compat/2.1.0/shims/netstandard/System.Xml.XPath.XDocument.dll"
-r:"C:/Program Files/Unity/Hub/Editor/6000.5.3f1/Editor/Data/NetStandard/compat/2.1.0/shims/netstandard/System.Xml.XPath.dll"
-r:"C:/Program Files/Unity/Hub/Editor/6000.5.3f1/Editor/Data/NetStandard/compat/2.1.0/shims/netstandard/System.Xml.XmlDocument.dll"
-r:"C:/Program Files/Unity/Hub/Editor/6000.5.3f1/Editor/Data/NetStandard/compat/2.1.0/shims/netstandard/System.Xml.XmlSerializer.dll"
-r:"C:/Program Files/Unity/Hub/Editor/6000.5.3f1/Editor/Data/NetStandard/ref/2.1.0/netstandard.dll"
-r:"Library/Bee/artifacts/1900b0aE.dag/Unity.InternalAPIEngineBridge.004.ref.dll"
-r:"Library/Bee/artifacts/1900b0aE.dag/Unity.TextMeshPro.Editor.ref.dll"
-r:"Library/Bee/artifacts/1900b0aE.dag/Unity.TextMeshPro.ref.dll"
-r:"Library/Bee/artifacts/1900b0aE.dag/UnityEditor.UI.Analytics.ref.dll"
-r:"Library/Bee/artifacts/1900b0aE.dag/UnityEditor.UI.ref.dll"
-r:"Library/Bee/artifacts/1900b0aE.dag/UnityEngine.UI.ref.dll"
-analyzer:"C:/Program Files/Unity/Hub/Editor/6000.5.3f1/Editor/Data/BCLExtensions/TargetingPacks/netstandard2.1/analyzers/dotnet/roslyn4.0/cs/Microsoft.Extensions.Logging.Generators.dll"
-analyzer:"C:/Program Files/Unity/Hub/Editor/6000.5.3f1/Editor/Data/BCLExtensions/TargetingPacks/netstandard2.1/analyzers/dotnet/roslyn4.0/cs/System.Text.Json.SourceGeneration.dll"
-analyzer:"C:/Program Files/Unity/Hub/Editor/6000.5.3f1/Editor/Data/Tools/BuildPipeline/Unity.Analyzers.Common/Unity.Analyzers.Common.dll"
-analyzer:"C:/Program Files/Unity/Hub/Editor/6000.5.3f1/Editor/Data/Tools/BuildPipeline/Unity.Analyzers.LongLiving/Unity.Analyzers.LongLiving.dll"
-analyzer:"C:/Program Files/Unity/Hub/Editor/6000.5.3f1/Editor/Data/Tools/BuildPipeline/Unity.SourceGenerators/Unity.Properties.SourceGenerator.dll"
-analyzer:"C:/Program Files/Unity/Hub/Editor/6000.5.3f1/Editor/Data/Tools/BuildPipeline/Unity.SourceGenerators/Unity.SourceGenerators.dll"
-analyzer:"C:/Program Files/Unity/Hub/Editor/6000.5.3f1/Editor/Data/Tools/BuildPipeline/Unity.SourceGenerators/Unity.UIToolkit.SourceGenerator.dll"
"Assets/DMT321/SimpleDigitalTwin/Scripts/MockTemperatureSensor.cs"
"Assets/DMT321/SimpleDigitalTwin/Scripts/TemperatureTwinView.cs"
-langversion:9.0
/deterministic
/optimize+
/debug:portable
/nologo
/RuntimeMetadataVersion:v4.0.30319
/nowarn:0169
/nowarn:0649
/nowarn:0282
/nowarn:1701
/nowarn:1702
/utf8output
/preferreduilang:en-US
/additionalfile:"Library/Bee/artifacts/1900b0aE.dag/Assembly-CSharp.UnityAdditionalFile.txt"
##### Custom Environment Variables
DOTNET_HOST_PATH=C:\Program Files\Unity\Hub\Editor\6000.5.3f1\Editor\Data\DotNetSdk\dotnet.exe
DOTNET_MULTILEVEL_LOOKUP=0
##### ExitCode
1
##### Output
Assets\DMT321\SimpleDigitalTwin\Scripts\TemperatureTwinView.cs(92,17): error CS0103: The name 'IndicatorPivotTransform' does not exist in the current context

Assets\DMT321\SimpleDigitalTwin\Scripts\TemperatureTwinView.cs(100,36): error CS0103: The name 'indicatorPivotTransForm' does not exist in the current context

Assets\DMT321\SimpleDigitalTwin\Scripts\TemperatureTwinView.cs(101,13): error CS0103: The name 'indicatorPivotTransForm' does not exist in the current context

Assets\DMT321\SimpleDigitalTwin\Scripts\TemperatureTwinView.cs(101,62): error CS1503: Argument 1: cannot convert from 'UnityEngine.Vector3' to 'float'
*** Tundra build failed (0.22 seconds), 1 items updated, 214 evaluated

Asset Pipeline Refresh (id=c79a251f50d6cea4b80d1474a386b1bc): Total: 0.350 seconds - Initiated by RefreshV2(AllowForceSynchronousImport)
	(Values over 0.05ms)
	Summary:
		Imports: total=0 (actual=0, local cache=0, cache server=0)
		Asset DB Process Time: managed=0 ms, native=17 ms
		Asset DB Callback time: managed=0 ms, native=1 ms
		Scripting: domain reloads=0, domain reload time=0 ms, compile time=330 ms, other=0 ms
		Project Asset Count: scripts=135, non-scripts=91
		Asset File Changes: new=0, changed=1, moved=0, deleted=0
		Scan Filter Count: 0
	InvokePackagesCallback: 1.574ms
	ApplyChangesToAssetFolders: 0.050ms
	Scan: 7.591ms
	Collect global state as custom dependencies: 0.067ms
	ProcessAssetsWithTransientArtifactChanges: 0.129ms
	CategorizeAssets: 0.224ms
	CompileScripts: 329.677ms
	ImportOutOfDateAssets: 1.840ms (0.691ms without children)
		UnloadImportedAssets: 0.204ms
		ImportSchedulerStart: 0.904ms
	PostProcessAllAssets: 1.060ms
		MonoPostProcessAllAssets: 0.883ms
			AssetChangedListener.OnPostprocessAllAssets 0.222ms
			AssetPostprocessor.OnPostprocessAllAssets 0.109ms
			AudioContainerPostProcessor.OnPostprocessAllAssets 0.090ms
	PostAssetChangesProfiler: 0.391ms
	Untracked: 6.795ms

Asset Pipeline Refresh (id=6d467fabd87f2184894c3938bfb08c80): Total: 0.005 seconds - Initiated by RefreshV2(AllowForceSynchronousImport)
[ScriptCompilation] Requested script compilation because: AssetDatabase observed changes in script compilation related files
[Licensing::Client] Successfully resolved entitlement details
info: Microsoft.AspNetCore.Hosting.Diagnostics[1]
      Request starting HTTP/2 POST http://ilpp/UnityILPP.PostProcessing/Ping - application/grpc -
info: Microsoft.AspNetCore.Routing.EndpointMiddleware[0]
      Executing endpoint 'gRPC - /UnityILPP.PostProcessing/Ping'
info: Microsoft.AspNetCore.Routing.EndpointMiddleware[1]
      Executed endpoint 'gRPC - /UnityILPP.PostProcessing/Ping'
info: Microsoft.AspNetCore.Hosting.Diagnostics[2]
      Request finished HTTP/2 POST http://ilpp/UnityILPP.PostProcessing/Ping - 200 - application/grpc 0.2802ms
Starting: C:\Program Files\Unity\Hub\Editor\6000.5.3f1\Editor\Data\Tools\BuildPipeline\bee_backend.exe --ipc --defer-dag-verification --dagfile="Library/Bee/1900b0aE.dag" --continue-on-failure --profile="Library/Bee/backend1.traceevents" ScriptAssemblies
WorkingDir: C:/Users/MTA-403/Desktop/DMT321_Lab01_Unity6.5
## Script Compilation Error for: Csc Library/Bee/artifacts/1900b0aE.dag/Assembly-CSharp.dll (+2 others)
## CmdLine: "C:\Program Files\Unity\Hub\Editor\6000.5.3f1\Editor\Data\DotNetSdk\dotnet.exe" exec "C:/Program Files/Unity/Hub/Editor/6000.5.3f1/Editor/Data/DotNetSdk/sdk/8.0.318/Roslyn/bincore/csc.dll" /nostdlib /noconfig /shared "@Library/Bee/artifacts/1900b0aE.dag/Assembly-CSharp.rsp" "@Library/Bee/artifacts/1900b0aE.dag/Assembly-CSharp.rsp2"
## Output:
Assets\DMT321\SimpleDigitalTwin\Scripts\TemperatureTwinView.cs(93,17): error CS0103: The name 'IndicatorPivotTransform' does not exist in the current context
Assets\DMT321\SimpleDigitalTwin\Scripts\TemperatureTwinView.cs(101,36): error CS0103: The name 'indicatorPivotTransForm' does not exist in the current context
Assets\DMT321\SimpleDigitalTwin\Scripts\TemperatureTwinView.cs(102,13): error CS0103: The name 'indicatorPivotTransForm' does not exist in the current context
Assets\DMT321\SimpleDigitalTwin\Scripts\TemperatureTwinView.cs(102,62): error CS1503: Argument 1: cannot convert from 'UnityEngine.Vector3' to 'float'

Assets\DMT321\SimpleDigitalTwin\Scripts\TemperatureTwinView.cs(93,17): error CS0103: The name 'IndicatorPivotTransform' does not exist in the current context
Assets\DMT321\SimpleDigitalTwin\Scripts\TemperatureTwinView.cs(101,36): error CS0103: The name 'indicatorPivotTransForm' does not exist in the current context
Assets\DMT321\SimpleDigitalTwin\Scripts\TemperatureTwinView.cs(102,13): error CS0103: The name 'indicatorPivotTransForm' does not exist in the current context
Assets\DMT321\SimpleDigitalTwin\Scripts\TemperatureTwinView.cs(102,62): error CS1503: Argument 1: cannot convert from 'UnityEngine.Vector3' to 'float'
Total cache size 1976460
Total cache size after purge 1976460, took 00:00:00.0036393
ExitCode: 3 Duration: 0s233ms
[211/214    0s] Csc Library/Bee/artifacts/1900b0aE.dag/Assembly-CSharp.dll (+2 others)
##### CommandLine
"C:\Program Files\Unity\Hub\Editor\6000.5.3f1\Editor\Data\DotNetSdk\dotnet.exe" exec "C:/Program Files/Unity/Hub/Editor/6000.5.3f1/Editor/Data/DotNetSdk/sdk/8.0.318/Roslyn/bincore/csc.dll" /nostdlib /noconfig /shared "@Library/Bee/artifacts/1900b0aE.dag/Assembly-CSharp.rsp" "@Library/Bee/artifacts/1900b0aE.dag/Assembly-CSharp.rsp2"
##### Contents of Library\Bee\artifacts\1900b0aE.dag\Assembly-CSharp.rsp
-target:library
-out:"Library/Bee/artifacts/1900b0aE.dag/Assembly-CSharp.dll"
-refout:"Library/Bee/artifacts/1900b0aE.dag/Assembly-CSharp.ref.dll"
-define:UNITY_6000_5_3
-define:UNITY_6000_5
-define:UNITY_6000
-define:UNITY_5_3_OR_NEWER
-define:UNITY_5_4_OR_NEWER
-define:UNITY_5_5_OR_NEWER
-define:UNITY_5_6_OR_NEWER
-define:UNITY_2017_1_OR_NEWER
-define:UNITY_2017_2_OR_NEWER
-define:UNITY_2017_3_OR_NEWER
-define:UNITY_2017_4_OR_NEWER
-define:UNITY_2018_1_OR_NEWER
-define:UNITY_2018_2_OR_NEWER
-define:UNITY_2018_3_OR_NEWER
-define:UNITY_2018_4_OR_NEWER
-define:UNITY_2019_1_OR_NEWER
-define:UNITY_2019_2_OR_NEWER
-define:UNITY_2019_3_OR_NEWER
-define:UNITY_2019_4_OR_NEWER
-define:UNITY_2020_1_OR_NEWER
-define:UNITY_2020_2_OR_NEWER
-define:UNITY_2020_3_OR_NEWER
-define:UNITY_2021_1_OR_NEWER
-define:UNITY_2021_2_OR_NEWER
-define:UNITY_2021_3_OR_NEWER
-define:UNITY_2022_1_OR_NEWER
-define:UNITY_2022_2_OR_NEWER
-define:UNITY_2022_3_OR_NEWER
-define:UNITY_2023_1_OR_NEWER
-define:UNITY_2023_2_OR_NEWER
-define:UNITY_2023_3_OR_NEWER
-define:UNITY_6000_0_OR_NEWER
-define:UNITY_6000_1_OR_NEWER
-define:UNITY_6000_2_OR_NEWER
-define:UNITY_6000_3_OR_NEWER
-define:UNITY_6000_4_OR_NEWER
-define:UNITY_6000_5_OR_NEWER
-define:PLATFORM_ARCH_64
-define:UNITY_64
-define:UNITY_INCLUDE_TESTS
-define:ENABLE_AR
-define:ENABLE_AUDIO
-define:ENABLE_AUDIO_SCRIPTABLE_PIPELINE
-define:ENABLE_CACHING
-define:ENABLE_CLOTH
-define:ENABLE_EVENT_QUEUE
-define:ENABLE_MICROPHONE
-define:ENABLE_MULTIPLE_DISPLAYS
-define:ENABLE_PHYSICS
-define:ENABLE_TEXTURE_STREAMING
-define:ENABLE_VIRTUALTEXTURING
-define:ENABLE_LZMA
-define:ENABLE_UNITYEVENTS
-define:ENABLE_VR
-define:ENABLE_WEBCAM
-define:ENABLE_UNITYWEBREQUEST
-define:ENABLE_WWW
-define:ENABLE_CLOUD_SERVICES
-define:ENABLE_CLOUD_SERVICES_ADS
-define:ENABLE_CLOUD_SERVICES_USE_WEBREQUEST
-define:ENABLE_UNITY_CONSENT
-define:ENABLE_UNITY_CLOUD_IDENTIFIERS
-define:ENABLE_CLOUD_SERVICES_CRASH_REPORTING
-define:ENABLE_CLOUD_SERVICES_NATIVE_CRASH_REPORTING
-define:ENABLE_CLOUD_SERVICES_PURCHASING
-define:ENABLE_CLOUD_SERVICES_ANALYTICS
-define:ENABLE_CLOUD_SERVICES_BUILD
-define:ENABLE_EDITOR_GAME_SERVICES
-define:ENABLE_UNITY_GAME_SERVICES_ANALYTICS_SUPPORT
-define:ENABLE_CLOUD_LICENSE
-define:ENABLE_EDITOR_HUB_LICENSE
-define:ENABLE_WEBSOCKET_CLIENT
-define:ENABLE_GENERATE_NATIVE_PLUGINS_FOR_ASSEMBLIES_API
-define:ENABLE_DIRECTOR_AUDIO
-define:ENABLE_DIRECTOR_TEXTURE
-define:ENABLE_MANAGED_JOBS
-define:ENABLE_MANAGED_TRANSFORM_JOBS
-define:ENABLE_MANAGED_ANIMATION_JOBS
-define:ENABLE_MANAGED_AUDIO_JOBS
-define:ENABLE_MANAGED_UNITYTLS
-define:INCLUDE_DYNAMIC_GI
-define:ENABLE_SCRIPTING_GC_WBARRIERS
-define:PLATFORM_SUPPORTS_MONO
-define:RENDER_SOFTWARE_CURSOR
-define:ENABLE_MARSHALLING_TESTS
-define:ENABLE_VIDEO
-define:ENABLE_NAVIGATION_OFFMESHLINK_TO_NAVMESHLINK
-define:ENABLE_ACCELERATOR_CLIENT_DEBUGGING
-define:ENABLE_ACCESSIBILITY_SCREEN_READER
-define:TEXTCORE_1_0_OR_NEWER
-define:EDITOR_ONLY_NAVMESH_BUILDER_DEPRECATED
-define:PLATFORM_STANDALONE_WIN
-define:PLATFORM_STANDALONE
-define:UNITY_STANDALONE_WIN
-define:UNITY_STANDALONE
-define:ENABLE_RUNTIME_GI
-define:ENABLE_MOVIES
-define:ENABLE_NETWORK
-define:ENABLE_NVIDIA
-define:ENABLE_AMD
-define:ENABLE_CRUNCH_TEXTURE_COMPRESSION
-define:ENABLE_CLOUD_SERVICES_ENGINE_DIAGNOSTICS
-define:ENABLE_OUT_OF_PROCESS_CRASH_HANDLER
-define:ENABLE_CLUSTER_SYNC
-define:ENABLE_CLUSTERINPUT
-define:PLATFORM_UPDATES_TIME_OUTSIDE_OF_PLAYER_LOOP
-define:GFXDEVICE_WAITFOREVENT_MESSAGEPUMP
-define:PLATFORM_USES_EXPLICIT_MEMORY_MANAGER_INITIALIZER
-define:PLATFORM_SUPPORTS_WAIT_FOR_PRESENTATION
-define:PLATFORM_SUPPORTS_SPLIT_GRAPHICS_JOBS
-define:PLATFORM_USES_VULKAN_OLD_SWAPCHAIN
-define:USE_READ_ASYNC_MANAGED_API
-define:ENABLE_MONO
-define:NET_STANDARD_2_0
-define:NET_STANDARD
-define:NET_STANDARD_2_1
-define:NETSTANDARD
-define:NETSTANDARD2_1
-define:ENABLE_PROFILER
-define:DEBUG
-define:TRACE
-define:UNITY_ASSERTIONS
-define:UNITY_EDITOR
-define:UNITY_EDITOR_64
-define:UNITY_EDITOR_WIN
-define:ENABLE_UNITY_COLLECTIONS_CHECKS
-define:ENABLE_BURST_AOT
-define:UNITY_TEAM_LICENSE
-define:ENABLE_CUSTOM_RENDER_TEXTURE
-define:ENABLE_DIRECTOR
-define:ENABLE_LOCALIZATION
-define:ENABLE_SPRITES
-define:ENABLE_TERRAIN
-define:ENABLE_TILEMAP
-define:ENABLE_TIMELINE
-define:ENABLE_LEGACY_INPUT_MANAGER
-define:TEXTCORE_FONT_ENGINE_1_5_OR_NEWER
-define:TEXTCORE_TEXT_ENGINE_1_5_OR_NEWER
-define:TEXTCORE_FONT_ENGINE_1_6_OR_NEWER
-define:CSHARP_7_OR_LATER
-define:CSHARP_7_3_OR_NEWER
-r:"C:/Program Files/Unity/Hub/Editor/6000.5.3f1/Editor/Data/BCLExtensions/TargetingPacks/netstandard2.1/ref/Microsoft.Bcl.AsyncInterfaces.dll"
-r:"C:/Program Files/Unity/Hub/Editor/6000.5.3f1/Editor/Data/BCLExtensions/TargetingPacks/netstandard2.1/ref/Microsoft.Extensions.DependencyInjection.Abstractions.dll"
-r:"C:/Program Files/Unity/Hub/Editor/6000.5.3f1/Editor/Data/BCLExtensions/TargetingPacks/netstandard2.1/ref/Microsoft.Extensions.Logging.Abstractions.dll"
-r:"C:/Program Files/Unity/Hub/Editor/6000.5.3f1/Editor/Data/BCLExtensions/TargetingPacks/netstandard2.1/ref/System.Collections.Immutable.dll"
-r:"C:/Program Files/Unity/Hub/Editor/6000.5.3f1/Editor/Data/BCLExtensions/TargetingPacks/netstandard2.1/ref/System.Diagnostics.DiagnosticSource.dll"
-r:"C:/Program Files/Unity/Hub/Editor/6000.5.3f1/Editor/Data/BCLExtensions/TargetingPacks/netstandard2.1/ref/System.IO.Hashing.dll"
-r:"C:/Program Files/Unity/Hub/Editor/6000.5.3f1/Editor/Data/BCLExtensions/TargetingPacks/netstandard2.1/ref/System.Reflection.Metadata.dll"
-r:"C:/Program Files/Unity/Hub/Editor/6000.5.3f1/Editor/Data/BCLExtensions/TargetingPacks/netstandard2.1/ref/System.Runtime.CompilerServices.Unsafe.dll"
-r:"C:/Program Files/Unity/Hub/Editor/6000.5.3f1/Editor/Data/BCLExtensions/TargetingPacks/netstandard2.1/ref/System.Text.Encodings.Web.dll"
-r:"C:/Program Files/Unity/Hub/Editor/6000.5.3f1/Editor/Data/BCLExtensions/TargetingPacks/netstandard2.1/ref/System.Text.Json.dll"
-r:"C:/Program Files/Unity/Hub/Editor/6000.5.3f1/Editor/Data/Managed/UnityEngine/Unity.Scripting.dll"
-r:"C:/Program Files/Unity/Hub/Editor/6000.5.3f1/Editor/Data/Managed/UnityEngine/UnityEditor.AIModule.dll"
-r:"C:/Program Files/Unity/Hub/Editor/6000.5.3f1/Editor/Data/Managed/UnityEngine/UnityEditor.AccessibilityModule.dll"
-r:"C:/Program Files/Unity/Hub/Editor/6000.5.3f1/Editor/Data/Managed/UnityEngine/UnityEditor.AdaptivePerformanceModule.dll"
-r:"C:/Program Files/Unity/Hub/Editor/6000.5.3f1/Editor/Data/Managed/UnityEngine/UnityEditor.AssetComplianceModule.dll"
-r:"C:/Program Files/Unity/Hub/Editor/6000.5.3f1/Editor/Data/Managed/UnityEngine/UnityEditor.BuildProfileModule.dll"
-r:"C:/Program Files/Unity/Hub/Editor/6000.5.3f1/Editor/Data/Managed/UnityEngine/UnityEditor.ClothModule.dll"
-r:"C:/Program Files/Unity/Hub/Editor/6000.5.3f1/Editor/Data/Managed/UnityEngine/UnityEditor.ContentLoadModule.dll"
-r:"C:/Program Files/Unity/Hub/Editor/6000.5.3f1/Editor/Data/Managed/UnityEngine/UnityEditor.CoreBusinessMetricsModule.dll"
-r:"C:/Program Files/Unity/Hub/Editor/6000.5.3f1/Editor/Data/Managed/UnityEngine/UnityEditor.CoreModule.dll"
-r:"C:/Program Files/Unity/Hub/Editor/6000.5.3f1/Editor/Data/Managed/UnityEngine/UnityEditor.DeviceSimulatorModule.dll"
-r:"C:/Program Files/Unity/Hub/Editor/6000.5.3f1/Editor/Data/Managed/UnityEngine/UnityEditor.DiagnosticsModule.dll"
-r:"C:/Program Files/Unity/Hub/Editor/6000.5.3f1/Editor/Data/Managed/UnityEngine/UnityEditor.EditorToolbarModule.dll"
-r:"C:/Program Files/Unity/Hub/Editor/6000.5.3f1/Editor/Data/Managed/UnityEngine/UnityEditor.EmbreeModule.dll"
-r:"C:/Program Files/Unity/Hub/Editor/6000.5.3f1/Editor/Data/Managed/UnityEngine/UnityEditor.GIModule.dll"
-r:"C:/Program Files/Unity/Hub/Editor/6000.5.3f1/Editor/Data/Managed/UnityEngine/UnityEditor.GenericRemoteModule.dll"
-r:"C:/Program Files/Unity/Hub/Editor/6000.5.3f1/Editor/Data/Managed/UnityEngine/UnityEditor.GraphToolkitModule.dll"
-r:"C:/Program Files/Unity/Hub/Editor/6000.5.3f1/Editor/Data/Managed/UnityEngine/UnityEditor.GraphViewModule.dll"
-r:"C:/Program Files/Unity/Hub/Editor/6000.5.3f1/Editor/Data/Managed/UnityEngine/UnityEditor.GraphicsStateCollectionSerializerModule.dll"
-r:"C:/Program Files/Unity/Hub/Editor/6000.5.3f1/Editor/Data/Managed/UnityEngine/UnityEditor.GridAndSnapModule.dll"
-r:"C:/Program Files/Unity/Hub/Editor/6000.5.3f1/Editor/Data/Managed/UnityEngine/UnityEditor.GridModule.dll"
-r:"C:/Program Files/Unity/Hub/Editor/6000.5.3f1/Editor/Data/Managed/UnityEngine/UnityEditor.HierarchyModule.dll"
-r:"C:/Program Files/Unity/Hub/Editor/6000.5.3f1/Editor/Data/Managed/UnityEngine/UnityEditor.LightingModule.dll"
-r:"C:/Program Files/Unity/Hub/Editor/6000.5.3f1/Editor/Data/Managed/UnityEngine/UnityEditor.MathematicsModule.dll"
-r:"C:/Program Files/Unity/Hub/Editor/6000.5.3f1/Editor/Data/Managed/UnityEngine/UnityEditor.MediaModule.dll"
-r:"C:/Program Files/Unity/Hub/Editor/6000.5.3f1/Editor/Data/Managed/UnityEngine/UnityEditor.MultiplayerModule.dll"
-r:"C:/Program Files/Unity/Hub/Editor/6000.5.3f1/Editor/Data/Managed/UnityEngine/UnityEditor.Physics2DModule.dll"
-r:"C:/Program Files/Unity/Hub/Editor/6000.5.3f1/Editor/Data/Managed/UnityEngine/UnityEditor.PhysicsCore2DModule.dll"
-r:"C:/Program Files/Unity/Hub/Editor/6000.5.3f1/Editor/Data/Managed/UnityEngine/UnityEditor.PhysicsModule.dll"
-r:"C:/Program Files/Unity/Hub/Editor/6000.5.3f1/Editor/Data/Managed/UnityEngine/UnityEditor.PlayModeModule.dll"
-r:"C:/Program Files/Unity/Hub/Editor/6000.5.3f1/Editor/Data/Managed/UnityEngine/UnityEditor.PresetsUIModule.dll"
-r:"C:/Program Files/Unity/Hub/Editor/6000.5.3f1/Editor/Data/Managed/UnityEngine/UnityEditor.ProjectAuditorModule.dll"
-r:"C:/Program Files/Unity/Hub/Editor/6000.5.3f1/Editor/Data/Managed/UnityEngine/UnityEditor.PropertiesModule.dll"
-r:"C:/Program Files/Unity/Hub/Editor/6000.5.3f1/Editor/Data/Managed/UnityEngine/UnityEditor.QuickInstallModule.dll"
-r:"C:/Program Files/Unity/Hub/Editor/6000.5.3f1/Editor/Data/Managed/UnityEngine/UnityEditor.QuickSearchModule.dll"
-r:"C:/Program Files/Unity/Hub/Editor/6000.5.3f1/Editor/Data/Managed/UnityEngine/UnityEditor.SafeModeModule.dll"
-r:"C:/Program Files/Unity/Hub/Editor/6000.5.3f1/Editor/Data/Managed/UnityEngine/UnityEditor.SceneTemplateModule.dll"
-r:"C:/Program Files/Unity/Hub/Editor/6000.5.3f1/Editor/Data/Managed/UnityEngine/UnityEditor.SceneViewModule.dll"
-r:"C:/Program Files/Unity/Hub/Editor/6000.5.3f1/Editor/Data/Managed/UnityEngine/UnityEditor.ShaderBuildSettingsModule.dll"
-r:"C:/Program Files/Unity/Hub/Editor/6000.5.3f1/Editor/Data/Managed/UnityEngine/UnityEditor.ShaderCompilationModule.dll"
-r:"C:/Program Files/Unity/Hub/Editor/6000.5.3f1/Editor/Data/Managed/UnityEngine/UnityEditor.ShaderFoundryModule.dll"
-r:"C:/Program Files/Unity/Hub/Editor/6000.5.3f1/Editor/Data/Managed/UnityEngine/UnityEditor.SketchUpModule.dll"
-r:"C:/Program Files/Unity/Hub/Editor/6000.5.3f1/Editor/Data/Managed/UnityEngine/UnityEditor.SpriteMaskModule.dll"
-r:"C:/Program Files/Unity/Hub/Editor/6000.5.3f1/Editor/Data/Managed/UnityEngine/UnityEditor.SpriteShapeModule.dll"
-r:"C:/Program Files/Unity/Hub/Editor/6000.5.3f1/Editor/Data/Managed/UnityEngine/UnityEditor.SubstanceModule.dll"
-r:"C:/Program Files/Unity/Hub/Editor/6000.5.3f1/Editor/Data/Managed/UnityEngine/UnityEditor.TerrainModule.dll"
-r:"C:/Program Files/Unity/Hub/Editor/6000.5.3f1/Editor/Data/Managed/UnityEngine/UnityEditor.TextCoreFontEngineModule.dll"
-r:"C:/Program Files/Unity/Hub/Editor/6000.5.3f1/Editor/Data/Managed/UnityEngine/UnityEditor.TextCoreTextEngineModule.dll"
-r:"C:/Program Files/Unity/Hub/Editor/6000.5.3f1/Editor/Data/Managed/UnityEngine/UnityEditor.TextRenderingModule.dll"
-r:"C:/Program Files/Unity/Hub/Editor/6000.5.3f1/Editor/Data/Managed/UnityEngine/UnityEditor.TilemapModule.dll"
-r:"C:/Program Files/Unity/Hub/Editor/6000.5.3f1/Editor/Data/Managed/UnityEngine/UnityEditor.TreeModule.dll"
-r:"C:/Program Files/Unity/Hub/Editor/6000.5.3f1/Editor/Data/Managed/UnityEngine/UnityEditor.U2DModule.dll"
-r:"C:/Program Files/Unity/Hub/Editor/6000.5.3f1/Editor/Data/Managed/UnityEngine/UnityEditor.UIAutomationModule.dll"
-r:"C:/Program Files/Unity/Hub/Editor/6000.5.3f1/Editor/Data/Managed/UnityEngine/UnityEditor.UIBuilderModule.dll"
-r:"C:/Program Files/Unity/Hub/Editor/6000.5.3f1/Editor/Data/Managed/UnityEngine/UnityEditor.UIElementsModule.dll"
-r:"C:/Program Files/Unity/Hub/Editor/6000.5.3f1/Editor/Data/Managed/UnityEngine/UnityEditor.UIElementsSamplesModule.dll"
-r:"C:/Program Files/Unity/Hub/Editor/6000.5.3f1/Editor/Data/Managed/UnityEngine/UnityEditor.UIToolkitAuthoringModule.dll"
-r:"C:/Program Files/Unity/Hub/Editor/6000.5.3f1/Editor/Data/Managed/UnityEngine/UnityEditor.UmbraModule.dll"
-r:"C:/Program Files/Unity/Hub/Editor/6000.5.3f1/Editor/Data/Managed/UnityEngine/UnityEditor.UnityConnectModule.dll"
-r:"C:/Program Files/Unity/Hub/Editor/6000.5.3f1/Editor/Data/Managed/UnityEngine/UnityEditor.VFXModule.dll"
-r:"C:/Program Files/Unity/Hub/Editor/6000.5.3f1/Editor/Data/Managed/UnityEngine/UnityEditor.VectorGraphicsModule.dll"
-r:"C:/Program Files/Unity/Hub/Editor/6000.5.3f1/Editor/Data/Managed/UnityEngine/UnityEditor.VideoModule.dll"
-r:"C:/Program Files/Unity/Hub/Editor/6000.5.3f1/Editor/Data/Managed/UnityEngine/UnityEditor.XRModule.dll"
-r:"C:/Program Files/Unity/Hub/Editor/6000.5.3f1/Editor/Data/Managed/UnityEngine/UnityEditor.dll"
-r:"C:/Program Files/Unity/Hub/Editor/6000.5.3f1/Editor/Data/Managed/UnityEngine/UnityEngine.ARModule.dll"
-r:"C:/Program Files/Unity/Hub/Editor/6000.5.3f1/Editor/Data/Managed/UnityEngine/UnityEngine.AudioModule.dll"
-r:"C:/Program Files/Unity/Hub/Editor/6000.5.3f1/Editor/Data/Managed/UnityEngine/UnityEngine.ClusterInputModule.dll"
-r:"C:/Program Files/Unity/Hub/Editor/6000.5.3f1/Editor/Data/Managed/UnityEngine/UnityEngine.ClusterRendererModule.dll"
-r:"C:/Program Files/Unity/Hub/Editor/6000.5.3f1/Editor/Data/Managed/UnityEngine/UnityEngine.ContentLoadModule.dll"
-r:"C:/Program Files/Unity/Hub/Editor/6000.5.3f1/Editor/Data/Managed/UnityEngine/UnityEngine.CoreModule.dll"
-r:"C:/Program Files/Unity/Hub/Editor/6000.5.3f1/Editor/Data/Managed/UnityEngine/UnityEngine.CrashReportingModule.dll"
-r:"C:/Program Files/Unity/Hub/Editor/6000.5.3f1/Editor/Data/Managed/UnityEngine/UnityEngine.DSPGraphModule.dll"
-r:"C:/Program Files/Unity/Hub/Editor/6000.5.3f1/Editor/Data/Managed/UnityEngine/UnityEngine.GIModule.dll"
-r:"C:/Program Files/Unity/Hub/Editor/6000.5.3f1/Editor/Data/Managed/UnityEngine/UnityEngine.GameCenterModule.dll"
-r:"C:/Program Files/Unity/Hub/Editor/6000.5.3f1/Editor/Data/Managed/UnityEngine/UnityEngine.GraphicsStateCollectionSerializerModule.dll"
-r:"C:/Program Files/Unity/Hub/Editor/6000.5.3f1/Editor/Data/Managed/UnityEngine/UnityEngine.GridModule.dll"
-r:"C:/Program Files/Unity/Hub/Editor/6000.5.3f1/Editor/Data/Managed/UnityEngine/UnityEngine.HotReloadModule.dll"
-r:"C:/Program Files/Unity/Hub/Editor/6000.5.3f1/Editor/Data/Managed/UnityEngine/UnityEngine.IMGUIModule.dll"
-r:"C:/Program Files/Unity/Hub/Editor/6000.5.3f1/Editor/Data/Managed/UnityEngine/UnityEngine.IdentifiersModule.dll"
-r:"C:/Program Files/Unity/Hub/Editor/6000.5.3f1/Editor/Data/Managed/UnityEngine/UnityEngine.ImageConversionModule.dll"
-r:"C:/Program Files/Unity/Hub/Editor/6000.5.3f1/Editor/Data/Managed/UnityEngine/UnityEngine.InputForUIModule.dll"
-r:"C:/Program Files/Unity/Hub/Editor/6000.5.3f1/Editor/Data/Managed/UnityEngine/UnityEngine.InputLegacyModule.dll"
-r:"C:/Program Files/Unity/Hub/Editor/6000.5.3f1/Editor/Data/Managed/UnityEngine/UnityEngine.InputModule.dll"
-r:"C:/Program Files/Unity/Hub/Editor/6000.5.3f1/Editor/Data/Managed/UnityEngine/UnityEngine.InsightsModule.dll"
-r:"C:/Program Files/Unity/Hub/Editor/6000.5.3f1/Editor/Data/Managed/UnityEngine/UnityEngine.LocalizationModule.dll"
-r:"C:/Program Files/Unity/Hub/Editor/6000.5.3f1/Editor/Data/Managed/UnityEngine/UnityEngine.MarshallingModule.dll"
-r:"C:/Program Files/Unity/Hub/Editor/6000.5.3f1/Editor/Data/Managed/UnityEngine/UnityEngine.MathematicsModule.dll"
-r:"C:/Program Files/Unity/Hub/Editor/6000.5.3f1/Editor/Data/Managed/UnityEngine/UnityEngine.MultiplayerModule.dll"
-r:"C:/Program Files/Unity/Hub/Editor/6000.5.3f1/Editor/Data/Managed/UnityEngine/UnityEngine.PerformanceReportingModule.dll"
-r:"C:/Program Files/Unity/Hub/Editor/6000.5.3f1/Editor/Data/Managed/UnityEngine/UnityEngine.Physics2DModule.dll"
-r:"C:/Program Files/Unity/Hub/Editor/6000.5.3f1/Editor/Data/Managed/UnityEngine/UnityEngine.PhysicsBackendPhysXModule.dll"
-r:"C:/Program Files/Unity/Hub/Editor/6000.5.3f1/Editor/Data/Managed/UnityEngine/UnityEngine.PhysicsCore2DModule.dll"
-r:"C:/Program Files/Unity/Hub/Editor/6000.5.3f1/Editor/Data/Managed/UnityEngine/UnityEngine.PhysicsModule.dll"
-r:"C:/Program Files/Unity/Hub/Editor/6000.5.3f1/Editor/Data/Managed/UnityEngine/UnityEngine.PropertiesModule.dll"
-r:"C:/Program Files/Unity/Hub/Editor/6000.5.3f1/Editor/Data/Managed/UnityEngine/UnityEngine.RenderAs2DModule.dll"
-r:"C:/Program Files/Unity/Hub/Editor/6000.5.3f1/Editor/Data/Managed/UnityEngine/UnityEngine.RuntimeInitializeOnLoadManagerInitializerModule.dll"
-r:"C:/Program Files/Unity/Hub/Editor/6000.5.3f1/Editor/Data/Managed/UnityEngine/UnityEngine.ScriptingModule.dll"
-r:"C:/Program Files/Unity/Hub/Editor/6000.5.3f1/Editor/Data/Managed/UnityEngine/UnityEngine.ShaderVariantAnalyticsModule.dll"
-r:"C:/Program Files/Unity/Hub/Editor/6000.5.3f1/Editor/Data/Managed/UnityEngine/UnityEngine.SharedInternalsModule.dll"
-r:"C:/Program Files/Unity/Hub/Editor/6000.5.3f1/Editor/Data/Managed/UnityEngine/UnityEngine.SpriteMaskModule.dll"
-r:"C:/Program Files/Unity/Hub/Editor/6000.5.3f1/Editor/Data/Managed/UnityEngine/UnityEngine.SpriteShapeModule.dll"
-r:"C:/Program Files/Unity/Hub/Editor/6000.5.3f1/Editor/Data/Managed/UnityEngine/UnityEngine.StreamingModule.dll"
-r:"C:/Program Files/Unity/Hub/Editor/6000.5.3f1/Editor/Data/Managed/UnityEngine/UnityEngine.SubstanceModule.dll"
-r:"C:/Program Files/Unity/Hub/Editor/6000.5.3f1/Editor/Data/Managed/UnityEngine/UnityEngine.TLSModule.dll"
-r:"C:/Program Files/Unity/Hub/Editor/6000.5.3f1/Editor/Data/Managed/UnityEngine/UnityEngine.TextCoreFontEngineModule.dll"
-r:"C:/Program Files/Unity/Hub/Editor/6000.5.3f1/Editor/Data/Managed/UnityEngine/UnityEngine.TextCoreTextEngineModule.dll"
-r:"C:/Program Files/Unity/Hub/Editor/6000.5.3f1/Editor/Data/Managed/UnityEngine/UnityEngine.TextRenderingModule.dll"
-r:"C:/Program Files/Unity/Hub/Editor/6000.5.3f1/Editor/Data/Managed/UnityEngine/UnityEngine.U2DRuntimeModule.dll"
-r:"C:/Program Files/Unity/Hub/Editor/6000.5.3f1/Editor/Data/Managed/UnityEngine/UnityEngine.UIModule.dll"
-r:"C:/Program Files/Unity/Hub/Editor/6000.5.3f1/Editor/Data/Managed/UnityEngine/UnityEngine.UnityAnalyticsCommonModule.dll"
-r:"C:/Program Files/Unity/Hub/Editor/6000.5.3f1/Editor/Data/Managed/UnityEngine/UnityEngine.UnityConnectModule.dll"
-r:"C:/Program Files/Unity/Hub/Editor/6000.5.3f1/Editor/Data/Managed/UnityEngine/UnityEngine.UnityConsentModule.dll"
-r:"C:/Program Files/Unity/Hub/Editor/6000.5.3f1/Editor/Data/Managed/UnityEngine/UnityEngine.UnityCurlModule.dll"
-r:"C:/Program Files/Unity/Hub/Editor/6000.5.3f1/Editor/Data/Managed/UnityEngine/UnityEngine.VFXModule.dll"
-r:"C:/Program Files/Unity/Hub/Editor/6000.5.3f1/Editor/Data/Managed/UnityEngine/UnityEngine.VirtualTexturingModule.dll"
-r:"C:/Program Files/Unity/Hub/Editor/6000.5.3f1/Editor/Data/Managed/UnityEngine/UnityEngine.dll"
-r:"C:/Program Files/Unity/Hub/Editor/6000.5.3f1/Editor/Data/NetStandard/Extensions/2.0.0/System.Runtime.InteropServices.WindowsRuntime.dll"
-r:"C:/Program Files/Unity/Hub/Editor/6000.5.3f1/Editor/Data/NetStandard/compat/2.1.0/shims/netfx/System.ComponentModel.Composition.dll"
-r:"C:/Program Files/Unity/Hub/Editor/6000.5.3f1/Editor/Data/NetStandard/compat/2.1.0/shims/netfx/System.Core.dll"
-r:"C:/Program Files/Unity/Hub/Editor/6000.5.3f1/Editor/Data/NetStandard/compat/2.1.0/shims/netfx/System.Data.dll"
-r:"C:/Program Files/Unity/Hub/Editor/6000.5.3f1/Editor/Data/NetStandard/compat/2.1.0/shims/netfx/System.Drawing.dll"
-r:"C:/Program Files/Unity/Hub/Editor/6000.5.3f1/Editor/Data/NetStandard/compat/2.1.0/shims/netfx/System.IO.Compression.FileSystem.dll"
-r:"C:/Program Files/Unity/Hub/Editor/6000.5.3f1/Editor/Data/NetStandard/compat/2.1.0/shims/netfx/System.Net.dll"
-r:"C:/Program Files/Unity/Hub/Editor/6000.5.3f1/Editor/Data/NetStandard/compat/2.1.0/shims/netfx/System.Numerics.dll"
-r:"C:/Program Files/Unity/Hub/Editor/6000.5.3f1/Editor/Data/NetStandard/compat/2.1.0/shims/netfx/System.Runtime.Serialization.dll"
-r:"C:/Program Files/Unity/Hub/Editor/6000.5.3f1/Editor/Data/NetStandard/compat/2.1.0/shims/netfx/System.ServiceModel.Web.dll"
-r:"C:/Program Files/Unity/Hub/Editor/6000.5.3f1/Editor/Data/NetStandard/compat/2.1.0/shims/netfx/System.Transactions.dll"
-r:"C:/Program Files/Unity/Hub/Editor/6000.5.3f1/Editor/Data/NetStandard/compat/2.1.0/shims/netfx/System.Web.dll"
-r:"C:/Program Files/Unity/Hub/Editor/6000.5.3f1/Editor/Data/NetStandard/compat/2.1.0/shims/netfx/System.Windows.dll"
-r:"C:/Program Files/Unity/Hub/Editor/6000.5.3f1/Editor/Data/NetStandard/compat/2.1.0/shims/netfx/System.Xml.Linq.dll"
-r:"C:/Program Files/Unity/Hub/Editor/6000.5.3f1/Editor/Data/NetStandard/compat/2.1.0/shims/netfx/System.Xml.Serialization.dll"
-r:"C:/Program Files/Unity/Hub/Editor/6000.5.3f1/Editor/Data/NetStandard/compat/2.1.0/shims/netfx/System.Xml.dll"
-r:"C:/Program Files/Unity/Hub/Editor/6000.5.3f1/Editor/Data/NetStandard/compat/2.1.0/shims/netfx/System.dll"
-r:"C:/Program Files/Unity/Hub/Editor/6000.5.3f1/Editor/Data/NetStandard/compat/2.1.0/shims/netfx/mscorlib.dll"
-r:"C:/Program Files/Unity/Hub/Editor/6000.5.3f1/Editor/Data/NetStandard/compat/2.1.0/shims/netstandard/Microsoft.Win32.Primitives.dll"
-r:"C:/Program Files/Unity/Hub/Editor/6000.5.3f1/Editor/Data/NetStandard/compat/2.1.0/shims/netstandard/System.AppContext.dll"
-r:"C:/Program Files/Unity/Hub/Editor/6000.5.3f1/Editor/Data/NetStandard/compat/2.1.0/shims/netstandard/System.Buffers.dll"
-r:"C:/Program Files/Unity/Hub/Editor/6000.5.3f1/Editor/Data/NetStandard/compat/2.1.0/shims/netstandard/System.Collections.Concurrent.dll"
-r:"C:/Program Files/Unity/Hub/Editor/6000.5.3f1/Editor/Data/NetStandard/compat/2.1.0/shims/netstandard/System.Collections.NonGeneric.dll"
-r:"C:/Program Files/Unity/Hub/Editor/6000.5.3f1/Editor/Data/NetStandard/compat/2.1.0/shims/netstandard/System.Collections.Specialized.dll"
-r:"C:/Program Files/Unity/Hub/Editor/6000.5.3f1/Editor/Data/NetStandard/compat/2.1.0/shims/netstandard/System.Collections.dll"
-r:"C:/Program Files/Unity/Hub/Editor/6000.5.3f1/Editor/Data/NetStandard/compat/2.1.0/shims/netstandard/System.ComponentModel.EventBasedAsync.dll"
-r:"C:/Program Files/Unity/Hub/Editor/6000.5.3f1/Editor/Data/NetStandard/compat/2.1.0/shims/netstandard/System.ComponentModel.Primitives.dll"
-r:"C:/Program Files/Unity/Hub/Editor/6000.5.3f1/Editor/Data/NetStandard/compat/2.1.0/shims/netstandard/System.ComponentModel.TypeConverter.dll"
-r:"C:/Program Files/Unity/Hub/Editor/6000.5.3f1/Editor/Data/NetStandard/compat/2.1.0/shims/netstandard/System.ComponentModel.dll"
-r:"C:/Program Files/Unity/Hub/Editor/6000.5.3f1/Editor/Data/NetStandard/compat/2.1.0/shims/netstandard/System.Console.dll"
-r:"C:/Program Files/Unity/Hub/Editor/6000.5.3f1/Editor/Data/NetStandard/compat/2.1.0/shims/netstandard/System.Data.Common.dll"
-r:"C:/Program Files/Unity/Hub/Editor/6000.5.3f1/Editor/Data/NetStandard/compat/2.1.0/shims/netstandard/System.Diagnostics.Contracts.dll"
-r:"C:/Program Files/Unity/Hub/Editor/6000.5.3f1/Editor/Data/NetStandard/compat/2.1.0/shims/netstandard/System.Diagnostics.Debug.dll"
-r:"C:/Program Files/Unity/Hub/Editor/6000.5.3f1/Editor/Data/NetStandard/compat/2.1.0/shims/netstandard/System.Diagnostics.FileVersionInfo.dll"
-r:"C:/Program Files/Unity/Hub/Editor/6000.5.3f1/Editor/Data/NetStandard/compat/2.1.0/shims/netstandard/System.Diagnostics.Process.dll"
-r:"C:/Program Files/Unity/Hub/Editor/6000.5.3f1/Editor/Data/NetStandard/compat/2.1.0/shims/netstandard/System.Diagnostics.StackTrace.dll"
-r:"C:/Program Files/Unity/Hub/Editor/6000.5.3f1/Editor/Data/NetStandard/compat/2.1.0/shims/netstandard/System.Diagnostics.TextWriterTraceListener.dll"
-r:"C:/Program Files/Unity/Hub/Editor/6000.5.3f1/Editor/Data/NetStandard/compat/2.1.0/shims/netstandard/System.Diagnostics.Tools.dll"
-r:"C:/Program Files/Unity/Hub/Editor/6000.5.3f1/Editor/Data/NetStandard/compat/2.1.0/shims/netstandard/System.Diagnostics.TraceSource.dll"
-r:"C:/Program Files/Unity/Hub/Editor/6000.5.3f1/Editor/Data/NetStandard/compat/2.1.0/shims/netstandard/System.Diagnostics.Tracing.dll"
-r:"C:/Program Files/Unity/Hub/Editor/6000.5.3f1/Editor/Data/NetStandard/compat/2.1.0/shims/netstandard/System.Drawing.Primitives.dll"
-r:"C:/Program Files/Unity/Hub/Editor/6000.5.3f1/Editor/Data/NetStandard/compat/2.1.0/shims/netstandard/System.Dynamic.Runtime.dll"
-r:"C:/Program Files/Unity/Hub/Editor/6000.5.3f1/Editor/Data/NetStandard/compat/2.1.0/shims/netstandard/System.Globalization.Calendars.dll"
-r:"C:/Program Files/Unity/Hub/Editor/6000.5.3f1/Editor/Data/NetStandard/compat/2.1.0/shims/netstandard/System.Globalization.Extensions.dll"
-r:"C:/Program Files/Unity/Hub/Editor/6000.5.3f1/Editor/Data/NetStandard/compat/2.1.0/shims/netstandard/System.Globalization.dll"
-r:"C:/Program Files/Unity/Hub/Editor/6000.5.3f1/Editor/Data/NetStandard/compat/2.1.0/shims/netstandard/System.IO.Compression.ZipFile.dll"
-r:"C:/Program Files/Unity/Hub/Editor/6000.5.3f1/Editor/Data/NetStandard/compat/2.1.0/shims/netstandard/System.IO.Compression.dll"
-r:"C:/Program Files/Unity/Hub/Editor/6000.5.3f1/Editor/Data/NetStandard/compat/2.1.0/shims/netstandard/System.IO.FileSystem.DriveInfo.dll"
-r:"C:/Program Files/Unity/Hub/Editor/6000.5.3f1/Editor/Data/NetStandard/compat/2.1.0/shims/netstandard/System.IO.FileSystem.Primitives.dll"
-r:"C:/Program Files/Unity/Hub/Editor/6000.5.3f1/Editor/Data/NetStandard/compat/2.1.0/shims/netstandard/System.IO.FileSystem.Watcher.dll"
-r:"C:/Program Files/Unity/Hub/Editor/6000.5.3f1/Editor/Data/NetStandard/compat/2.1.0/shims/netstandard/System.IO.FileSystem.dll"
-r:"C:/Program Files/Unity/Hub/Editor/6000.5.3f1/Editor/Data/NetStandard/compat/2.1.0/shims/netstandard/System.IO.IsolatedStorage.dll"
-r:"C:/Program Files/Unity/Hub/Editor/6000.5.3f1/Editor/Data/NetStandard/compat/2.1.0/shims/netstandard/System.IO.MemoryMappedFiles.dll"
-r:"C:/Program Files/Unity/Hub/Editor/6000.5.3f1/Editor/Data/NetStandard/compat/2.1.0/shims/netstandard/System.IO.Pipes.dll"
-r:"C:/Program Files/Unity/Hub/Editor/6000.5.3f1/Editor/Data/NetStandard/compat/2.1.0/shims/netstandard/System.IO.UnmanagedMemoryStream.dll"
-r:"C:/Program Files/Unity/Hub/Editor/6000.5.3f1/Editor/Data/NetStandard/compat/2.1.0/shims/netstandard/System.IO.dll"
-r:"C:/Program Files/Unity/Hub/Editor/6000.5.3f1/Editor/Data/NetStandard/compat/2.1.0/shims/netstandard/System.Linq.Expressions.dll"
-r:"C:/Program Files/Unity/Hub/Editor/6000.5.3f1/Editor/Data/NetStandard/compat/2.1.0/shims/netstandard/System.Linq.Parallel.dll"
-r:"C:/Program Files/Unity/Hub/Editor/6000.5.3f1/Editor/Data/NetStandard/compat/2.1.0/shims/netstandard/System.Linq.Queryable.dll"
-r:"C:/Program Files/Unity/Hub/Editor/6000.5.3f1/Editor/Data/NetStandard/compat/2.1.0/shims/netstandard/System.Linq.dll"
-r:"C:/Program Files/Unity/Hub/Editor/6000.5.3f1/Editor/Data/NetStandard/compat/2.1.0/shims/netstandard/System.Memory.dll"
-r:"C:/Program Files/Unity/Hub/Editor/6000.5.3f1/Editor/Data/NetStandard/compat/2.1.0/shims/netstandard/System.Net.Http.dll"
-r:"C:/Program Files/Unity/Hub/Editor/6000.5.3f1/Editor/Data/NetStandard/compat/2.1.0/shims/netstandard/System.Net.NameResolution.dll"
-r:"C:/Program Files/Unity/Hub/Editor/6000.5.3f1/Editor/Data/NetStandard/compat/2.1.0/shims/netstandard/System.Net.NetworkInformation.dll"
-r:"C:/Program Files/Unity/Hub/Editor/6000.5.3f1/Editor/Data/NetStandard/compat/2.1.0/shims/netstandard/System.Net.Ping.dll"
-r:"C:/Program Files/Unity/Hub/Editor/6000.5.3f1/Editor/Data/NetStandard/compat/2.1.0/shims/netstandard/System.Net.Primitives.dll"
-r:"C:/Program Files/Unity/Hub/Editor/6000.5.3f1/Editor/Data/NetStandard/compat/2.1.0/shims/netstandard/System.Net.Requests.dll"
-r:"C:/Program Files/Unity/Hub/Editor/6000.5.3f1/Editor/Data/NetStandard/compat/2.1.0/shims/netstandard/System.Net.Security.dll"
-r:"C:/Program Files/Unity/Hub/Editor/6000.5.3f1/Editor/Data/NetStandard/compat/2.1.0/shims/netstandard/System.Net.Sockets.dll"
-r:"C:/Program Files/Unity/Hub/Editor/6000.5.3f1/Editor/Data/NetStandard/compat/2.1.0/shims/netstandard/System.Net.WebHeaderCollection.dll"
-r:"C:/Program Files/Unity/Hub/Editor/6000.5.3f1/Editor/Data/NetStandard/compat/2.1.0/shims/netstandard/System.Net.WebSockets.Client.dll"
-r:"C:/Program Files/Unity/Hub/Editor/6000.5.3f1/Editor/Data/NetStandard/compat/2.1.0/shims/netstandard/System.Net.WebSockets.dll"
-r:"C:/Program Files/Unity/Hub/Editor/6000.5.3f1/Editor/Data/NetStandard/compat/2.1.0/shims/netstandard/System.Numerics.Vectors.dll"
-r:"C:/Program Files/Unity/Hub/Editor/6000.5.3f1/Editor/Data/NetStandard/compat/2.1.0/shims/netstandard/System.ObjectModel.dll"
-r:"C:/Program Files/Unity/Hub/Editor/6000.5.3f1/Editor/Data/NetStandard/compat/2.1.0/shims/netstandard/System.Reflection.DispatchProxy.dll"
-r:"C:/Program Files/Unity/Hub/Editor/6000.5.3f1/Editor/Data/NetStandard/compat/2.1.0/shims/netstandard/System.Reflection.Emit.ILGeneration.dll"
-r:"C:/Program Files/Unity/Hub/Editor/6000.5.3f1/Editor/Data/NetStandard/compat/2.1.0/shims/netstandard/System.Reflection.Emit.Lightweight.dll"
-r:"C:/Program Files/Unity/Hub/Editor/6000.5.3f1/Editor/Data/NetStandard/compat/2.1.0/shims/netstandard/System.Reflection.Emit.dll"
-r:"C:/Program Files/Unity/Hub/Editor/6000.5.3f1/Editor/Data/NetStandard/compat/2.1.0/shims/netstandard/System.Reflection.Extensions.dll"
-r:"C:/Program Files/Unity/Hub/Editor/6000.5.3f1/Editor/Data/NetStandard/compat/2.1.0/shims/netstandard/System.Reflection.Primitives.dll"
-r:"C:/Program Files/Unity/Hub/Editor/6000.5.3f1/Editor/Data/NetStandard/compat/2.1.0/shims/netstandard/System.Reflection.dll"
-r:"C:/Program Files/Unity/Hub/Editor/6000.5.3f1/Editor/Data/NetStandard/compat/2.1.0/shims/netstandard/System.Resources.Reader.dll"
-r:"C:/Program Files/Unity/Hub/Editor/6000.5.3f1/Editor/Data/NetStandard/compat/2.1.0/shims/netstandard/System.Resources.ResourceManager.dll"
-r:"C:/Program Files/Unity/Hub/Editor/6000.5.3f1/Editor/Data/NetStandard/compat/2.1.0/shims/netstandard/System.Resources.Writer.dll"
-r:"C:/Program Files/Unity/Hub/Editor/6000.5.3f1/Editor/Data/NetStandard/compat/2.1.0/shims/netstandard/System.Runtime.CompilerServices.VisualC.dll"
-r:"C:/Program Files/Unity/Hub/Editor/6000.5.3f1/Editor/Data/NetStandard/compat/2.1.0/shims/netstandard/System.Runtime.Extensions.dll"
-r:"C:/Program Files/Unity/Hub/Editor/6000.5.3f1/Editor/Data/NetStandard/compat/2.1.0/shims/netstandard/System.Runtime.Handles.dll"
-r:"C:/Program Files/Unity/Hub/Editor/6000.5.3f1/Editor/Data/NetStandard/compat/2.1.0/shims/netstandard/System.Runtime.InteropServices.RuntimeInformation.dll"
-r:"C:/Program Files/Unity/Hub/Editor/6000.5.3f1/Editor/Data/NetStandard/compat/2.1.0/shims/netstandard/System.Runtime.InteropServices.dll"
-r:"C:/Program Files/Unity/Hub/Editor/6000.5.3f1/Editor/Data/NetStandard/compat/2.1.0/shims/netstandard/System.Runtime.Numerics.dll"
-r:"C:/Program Files/Unity/Hub/Editor/6000.5.3f1/Editor/Data/NetStandard/compat/2.1.0/shims/netstandard/System.Runtime.Serialization.Formatters.dll"
-r:"C:/Program Files/Unity/Hub/Editor/6000.5.3f1/Editor/Data/NetStandard/compat/2.1.0/shims/netstandard/System.Runtime.Serialization.Json.dll"
-r:"C:/Program Files/Unity/Hub/Editor/6000.5.3f1/Editor/Data/NetStandard/compat/2.1.0/shims/netstandard/System.Runtime.Serialization.Primitives.dll"
-r:"C:/Program Files/Unity/Hub/Editor/6000.5.3f1/Editor/Data/NetStandard/compat/2.1.0/shims/netstandard/System.Runtime.Serialization.Xml.dll"
-r:"C:/Program Files/Unity/Hub/Editor/6000.5.3f1/Editor/Data/NetStandard/compat/2.1.0/shims/netstandard/System.Runtime.dll"
-r:"C:/Program Files/Unity/Hub/Editor/6000.5.3f1/Editor/Data/NetStandard/compat/2.1.0/shims/netstandard/System.Security.Claims.dll"
-r:"C:/Program Files/Unity/Hub/Editor/6000.5.3f1/Editor/Data/NetStandard/compat/2.1.0/shims/netstandard/System.Security.Cryptography.Algorithms.dll"
-r:"C:/Program Files/Unity/Hub/Editor/6000.5.3f1/Editor/Data/NetStandard/compat/2.1.0/shims/netstandard/System.Security.Cryptography.Csp.dll"
-r:"C:/Program Files/Unity/Hub/Editor/6000.5.3f1/Editor/Data/NetStandard/compat/2.1.0/shims/netstandard/System.Security.Cryptography.Encoding.dll"
-r:"C:/Program Files/Unity/Hub/Editor/6000.5.3f1/Editor/Data/NetStandard/compat/2.1.0/shims/netstandard/System.Security.Cryptography.Primitives.dll"
-r:"C:/Program Files/Unity/Hub/Editor/6000.5.3f1/Editor/Data/NetStandard/compat/2.1.0/shims/netstandard/System.Security.Cryptography.X509Certificates.dll"
-r:"C:/Program Files/Unity/Hub/Editor/6000.5.3f1/Editor/Data/NetStandard/compat/2.1.0/shims/netstandard/System.Security.Principal.dll"
-r:"C:/Program Files/Unity/Hub/Editor/6000.5.3f1/Editor/Data/NetStandard/compat/2.1.0/shims/netstandard/System.Security.SecureString.dll"
-r:"C:/Program Files/Unity/Hub/Editor/6000.5.3f1/Editor/Data/NetStandard/compat/2.1.0/shims/netstandard/System.Text.Encoding.Extensions.dll"
-r:"C:/Program Files/Unity/Hub/Editor/6000.5.3f1/Editor/Data/NetStandard/compat/2.1.0/shims/netstandard/System.Text.Encoding.dll"
-r:"C:/Program Files/Unity/Hub/Editor/6000.5.3f1/Editor/Data/NetStandard/compat/2.1.0/shims/netstandard/System.Text.RegularExpressions.dll"
-r:"C:/Program Files/Unity/Hub/Editor/6000.5.3f1/Editor/Data/NetStandard/compat/2.1.0/shims/netstandard/System.Threading.Overlapped.dll"
-r:"C:/Program Files/Unity/Hub/Editor/6000.5.3f1/Editor/Data/NetStandard/compat/2.1.0/shims/netstandard/System.Threading.Tasks.Extensions.dll"
-r:"C:/Program Files/Unity/Hub/Editor/6000.5.3f1/Editor/Data/NetStandard/compat/2.1.0/shims/netstandard/System.Threading.Tasks.Parallel.dll"
-r:"C:/Program Files/Unity/Hub/Editor/6000.5.3f1/Editor/Data/NetStandard/compat/2.1.0/shims/netstandard/System.Threading.Tasks.dll"
-r:"C:/Program Files/Unity/Hub/Editor/6000.5.3f1/Editor/Data/NetStandard/compat/2.1.0/shims/netstandard/System.Threading.Thread.dll"
-r:"C:/Program Files/Unity/Hub/Editor/6000.5.3f1/Editor/Data/NetStandard/compat/2.1.0/shims/netstandard/System.Threading.ThreadPool.dll"
-r:"C:/Program Files/Unity/Hub/Editor/6000.5.3f1/Editor/Data/NetStandard/compat/2.1.0/shims/netstandard/System.Threading.Timer.dll"
-r:"C:/Program Files/Unity/Hub/Editor/6000.5.3f1/Editor/Data/NetStandard/compat/2.1.0/shims/netstandard/System.Threading.dll"
-r:"C:/Program Files/Unity/Hub/Editor/6000.5.3f1/Editor/Data/NetStandard/compat/2.1.0/shims/netstandard/System.ValueTuple.dll"
-r:"C:/Program Files/Unity/Hub/Editor/6000.5.3f1/Editor/Data/NetStandard/compat/2.1.0/shims/netstandard/System.Xml.ReaderWriter.dll"
-r:"C:/Program Files/Unity/Hub/Editor/6000.5.3f1/Editor/Data/NetStandard/compat/2.1.0/shims/netstandard/System.Xml.XDocument.dll"
-r:"C:/Program Files/Unity/Hub/Editor/6000.5.3f1/Editor/Data/NetStandard/compat/2.1.0/shims/netstandard/System.Xml.XPath.XDocument.dll"
-r:"C:/Program Files/Unity/Hub/Editor/6000.5.3f1/Editor/Data/NetStandard/compat/2.1.0/shims/netstandard/System.Xml.XPath.dll"
-r:"C:/Program Files/Unity/Hub/Editor/6000.5.3f1/Editor/Data/NetStandard/compat/2.1.0/shims/netstandard/System.Xml.XmlDocument.dll"
-r:"C:/Program Files/Unity/Hub/Editor/6000.5.3f1/Editor/Data/NetStandard/compat/2.1.0/shims/netstandard/System.Xml.XmlSerializer.dll"
-r:"C:/Program Files/Unity/Hub/Editor/6000.5.3f1/Editor/Data/NetStandard/ref/2.1.0/netstandard.dll"
-r:"Library/Bee/artifacts/1900b0aE.dag/Unity.InternalAPIEngineBridge.004.ref.dll"
-r:"Library/Bee/artifacts/1900b0aE.dag/Unity.TextMeshPro.Editor.ref.dll"
-r:"Library/Bee/artifacts/1900b0aE.dag/Unity.TextMeshPro.ref.dll"
-r:"Library/Bee/artifacts/1900b0aE.dag/UnityEditor.UI.Analytics.ref.dll"
-r:"Library/Bee/artifacts/1900b0aE.dag/UnityEditor.UI.ref.dll"
-r:"Library/Bee/artifacts/1900b0aE.dag/UnityEngine.UI.ref.dll"
-analyzer:"C:/Program Files/Unity/Hub/Editor/6000.5.3f1/Editor/Data/BCLExtensions/TargetingPacks/netstandard2.1/analyzers/dotnet/roslyn4.0/cs/Microsoft.Extensions.Logging.Generators.dll"
-analyzer:"C:/Program Files/Unity/Hub/Editor/6000.5.3f1/Editor/Data/BCLExtensions/TargetingPacks/netstandard2.1/analyzers/dotnet/roslyn4.0/cs/System.Text.Json.SourceGeneration.dll"
-analyzer:"C:/Program Files/Unity/Hub/Editor/6000.5.3f1/Editor/Data/Tools/BuildPipeline/Unity.Analyzers.Common/Unity.Analyzers.Common.dll"
-analyzer:"C:/Program Files/Unity/Hub/Editor/6000.5.3f1/Editor/Data/Tools/BuildPipeline/Unity.Analyzers.LongLiving/Unity.Analyzers.LongLiving.dll"
-analyzer:"C:/Program Files/Unity/Hub/Editor/6000.5.3f1/Editor/Data/Tools/BuildPipeline/Unity.SourceGenerators/Unity.Properties.SourceGenerator.dll"
-analyzer:"C:/Program Files/Unity/Hub/Editor/6000.5.3f1/Editor/Data/Tools/BuildPipeline/Unity.SourceGenerators/Unity.SourceGenerators.dll"
-analyzer:"C:/Program Files/Unity/Hub/Editor/6000.5.3f1/Editor/Data/Tools/BuildPipeline/Unity.SourceGenerators/Unity.UIToolkit.SourceGenerator.dll"
"Assets/DMT321/SimpleDigitalTwin/Scripts/MockTemperatureSensor.cs"
"Assets/DMT321/SimpleDigitalTwin/Scripts/TemperatureTwinView.cs"
-langversion:9.0
/deterministic
/optimize+
/debug:portable
/nologo
/RuntimeMetadataVersion:v4.0.30319
/nowarn:0169
/nowarn:0649
/nowarn:0282
/nowarn:1701
/nowarn:1702
/utf8output
/preferreduilang:en-US
/additionalfile:"Library/Bee/artifacts/1900b0aE.dag/Assembly-CSharp.UnityAdditionalFile.txt"
##### Custom Environment Variables
DOTNET_HOST_PATH=C:\Program Files\Unity\Hub\Editor\6000.5.3f1\Editor\Data\DotNetSdk\dotnet.exe
DOTNET_MULTILEVEL_LOOKUP=0
##### ExitCode
1
##### Output
Assets\DMT321\SimpleDigitalTwin\Scripts\TemperatureTwinView.cs(93,17): error CS0103: The name 'IndicatorPivotTransform' does not exist in the current context

Assets\DMT321\SimpleDigitalTwin\Scripts\TemperatureTwinView.cs(101,36): error CS0103: The name 'indicatorPivotTransForm' does not exist in the current context

Assets\DMT321\SimpleDigitalTwin\Scripts\TemperatureTwinView.cs(102,13): error CS0103: The name 'indicatorPivotTransForm' does not exist in the current context

Assets\DMT321\SimpleDigitalTwin\Scripts\TemperatureTwinView.cs(102,62): error CS1503: Argument 1: cannot convert from 'UnityEngine.Vector3' to 'float'
*** Tundra build failed (0.20 seconds), 1 items updated, 214 evaluated

Asset Pipeline Refresh (id=052e8aff1b6dd9841aef19ca091356d5): Total: 0.320 seconds - Initiated by RefreshV2(AllowForceSynchronousImport)
	(Values over 0.05ms)
	Summary:
		Imports: total=0 (actual=0, local cache=0, cache server=0)
		Asset DB Process Time: managed=0 ms, native=19 ms
		Asset DB Callback time: managed=0 ms, native=1 ms
		Scripting: domain reloads=0, domain reload time=0 ms, compile time=299 ms, other=0 ms
		Project Asset Count: scripts=135, non-scripts=91
		Asset File Changes: new=0, changed=1, moved=0, deleted=0
		Scan Filter Count: 0
	InvokePackagesCallback: 1.495ms
	Scan: 9.638ms
	Collect global state as custom dependencies: 0.061ms
	OnSourceAssetsModified: 0.072ms
	ProcessAssetsWithTransientArtifactChanges: 0.084ms
	CategorizeAssets: 0.220ms
	CompileScripts: 298.978ms
	ImportOutOfDateAssets: 1.872ms (0.735ms without children)
		UnloadImportedAssets: 0.197ms
		ImportSchedulerStart: 0.898ms
	PostProcessAllAssets: 0.584ms
		MonoPostProcessAllAssets: 0.398ms
			AssetPostprocessor.OnPostprocessAllAssets 0.061ms
			SyncVS.PostprocessSyncProject 0.053ms
			AssetChangedListener.OnPostprocessAllAssets 0.053ms
	PostAssetChangesProfiler: 0.349ms
	Untracked: 6.604ms

[ScriptCompilation] Requested script compilation because: AssetDatabase observed changes in script compilation related files
info: Microsoft.AspNetCore.Hosting.Diagnostics[1]
      Request starting HTTP/2 POST http://ilpp/UnityILPP.PostProcessing/Ping - application/grpc -
info: Microsoft.AspNetCore.Routing.EndpointMiddleware[0]
      Executing endpoint 'gRPC - /UnityILPP.PostProcessing/Ping'
info: Microsoft.AspNetCore.Routing.EndpointMiddleware[1]
      Executed endpoint 'gRPC - /UnityILPP.PostProcessing/Ping'
info: Microsoft.AspNetCore.Hosting.Diagnostics[2]
      Request finished HTTP/2 POST http://ilpp/UnityILPP.PostProcessing/Ping - 200 - application/grpc 0.1714ms
Starting: C:\Program Files\Unity\Hub\Editor\6000.5.3f1\Editor\Data\Tools\BuildPipeline\bee_backend.exe --ipc --defer-dag-verification --dagfile="Library/Bee/1900b0aE.dag" --continue-on-failure --profile="Library/Bee/backend1.traceevents" ScriptAssemblies
WorkingDir: C:/Users/MTA-403/Desktop/DMT321_Lab01_Unity6.5
## Script Compilation Error for: Csc Library/Bee/artifacts/1900b0aE.dag/Assembly-CSharp.dll (+2 others)
## CmdLine: "C:\Program Files\Unity\Hub\Editor\6000.5.3f1\Editor\Data\DotNetSdk\dotnet.exe" exec "C:/Program Files/Unity/Hub/Editor/6000.5.3f1/Editor/Data/DotNetSdk/sdk/8.0.318/Roslyn/bincore/csc.dll" /nostdlib /noconfig /shared "@Library/Bee/artifacts/1900b0aE.dag/Assembly-CSharp.rsp" "@Library/Bee/artifacts/1900b0aE.dag/Assembly-CSharp.rsp2"
## Output:
Assets\DMT321\SimpleDigitalTwin\Scripts\TemperatureTwinView.cs(93,17): error CS0103: The name 'IndicatorPivotTransform' does not exist in the current context
Assets\DMT321\SimpleDigitalTwin\Scripts\TemperatureTwinView.cs(102,62): error CS1503: Argument 1: cannot convert from 'UnityEngine.Vector3' to 'float'

Assets\DMT321\SimpleDigitalTwin\Scripts\TemperatureTwinView.cs(93,17): error CS0103: The name 'IndicatorPivotTransform' does not exist in the current context
Assets\DMT321\SimpleDigitalTwin\Scripts\TemperatureTwinView.cs(102,62): error CS1503: Argument 1: cannot convert from 'UnityEngine.Vector3' to 'float'
Total cache size 1976460
Total cache size after purge 1976460, took 00:00:00.0037137
ExitCode: 3 Duration: 0s223ms
[211/214    0s] Csc Library/Bee/artifacts/1900b0aE.dag/Assembly-CSharp.dll (+2 others)
##### CommandLine
"C:\Program Files\Unity\Hub\Editor\6000.5.3f1\Editor\Data\DotNetSdk\dotnet.exe" exec "C:/Program Files/Unity/Hub/Editor/6000.5.3f1/Editor/Data/DotNetSdk/sdk/8.0.318/Roslyn/bincore/csc.dll" /nostdlib /noconfig /shared "@Library/Bee/artifacts/1900b0aE.dag/Assembly-CSharp.rsp" "@Library/Bee/artifacts/1900b0aE.dag/Assembly-CSharp.rsp2"
##### Contents of Library\Bee\artifacts\1900b0aE.dag\Assembly-CSharp.rsp
-target:library
-out:"Library/Bee/artifacts/1900b0aE.dag/Assembly-CSharp.dll"
-refout:"Library/Bee/artifacts/1900b0aE.dag/Assembly-CSharp.ref.dll"
-define:UNITY_6000_5_3
-define:UNITY_6000_5
-define:UNITY_6000
-define:UNITY_5_3_OR_NEWER
-define:UNITY_5_4_OR_NEWER
-define:UNITY_5_5_OR_NEWER
-define:UNITY_5_6_OR_NEWER
-define:UNITY_2017_1_OR_NEWER
-define:UNITY_2017_2_OR_NEWER
-define:UNITY_2017_3_OR_NEWER
-define:UNITY_2017_4_OR_NEWER
-define:UNITY_2018_1_OR_NEWER
-define:UNITY_2018_2_OR_NEWER
-define:UNITY_2018_3_OR_NEWER
-define:UNITY_2018_4_OR_NEWER
-define:UNITY_2019_1_OR_NEWER
-define:UNITY_2019_2_OR_NEWER
-define:UNITY_2019_3_OR_NEWER
-define:UNITY_2019_4_OR_NEWER
-define:UNITY_2020_1_OR_NEWER
-define:UNITY_2020_2_OR_NEWER
-define:UNITY_2020_3_OR_NEWER
-define:UNITY_2021_1_OR_NEWER
-define:UNITY_2021_2_OR_NEWER
-define:UNITY_2021_3_OR_NEWER
-define:UNITY_2022_1_OR_NEWER
-define:UNITY_2022_2_OR_NEWER
-define:UNITY_2022_3_OR_NEWER
-define:UNITY_2023_1_OR_NEWER
-define:UNITY_2023_2_OR_NEWER
-define:UNITY_2023_3_OR_NEWER
-define:UNITY_6000_0_OR_NEWER
-define:UNITY_6000_1_OR_NEWER
-define:UNITY_6000_2_OR_NEWER
-define:UNITY_6000_3_OR_NEWER
-define:UNITY_6000_4_OR_NEWER
-define:UNITY_6000_5_OR_NEWER
-define:PLATFORM_ARCH_64
-define:UNITY_64
-define:UNITY_INCLUDE_TESTS
-define:ENABLE_AR
-define:ENABLE_AUDIO
-define:ENABLE_AUDIO_SCRIPTABLE_PIPELINE
-define:ENABLE_CACHING
-define:ENABLE_CLOTH
-define:ENABLE_EVENT_QUEUE
-define:ENABLE_MICROPHONE
-define:ENABLE_MULTIPLE_DISPLAYS
-define:ENABLE_PHYSICS
-define:ENABLE_TEXTURE_STREAMING
-define:ENABLE_VIRTUALTEXTURING
-define:ENABLE_LZMA
-define:ENABLE_UNITYEVENTS
-define:ENABLE_VR
-define:ENABLE_WEBCAM
-define:ENABLE_UNITYWEBREQUEST
-define:ENABLE_WWW
-define:ENABLE_CLOUD_SERVICES
-define:ENABLE_CLOUD_SERVICES_ADS
-define:ENABLE_CLOUD_SERVICES_USE_WEBREQUEST
-define:ENABLE_UNITY_CONSENT
-define:ENABLE_UNITY_CLOUD_IDENTIFIERS
-define:ENABLE_CLOUD_SERVICES_CRASH_REPORTING
-define:ENABLE_CLOUD_SERVICES_NATIVE_CRASH_REPORTING
-define:ENABLE_CLOUD_SERVICES_PURCHASING
-define:ENABLE_CLOUD_SERVICES_ANALYTICS
-define:ENABLE_CLOUD_SERVICES_BUILD
-define:ENABLE_EDITOR_GAME_SERVICES
-define:ENABLE_UNITY_GAME_SERVICES_ANALYTICS_SUPPORT
-define:ENABLE_CLOUD_LICENSE
-define:ENABLE_EDITOR_HUB_LICENSE
-define:ENABLE_WEBSOCKET_CLIENT
-define:ENABLE_GENERATE_NATIVE_PLUGINS_FOR_ASSEMBLIES_API
-define:ENABLE_DIRECTOR_AUDIO
-define:ENABLE_DIRECTOR_TEXTURE
-define:ENABLE_MANAGED_JOBS
-define:ENABLE_MANAGED_TRANSFORM_JOBS
-define:ENABLE_MANAGED_ANIMATION_JOBS
-define:ENABLE_MANAGED_AUDIO_JOBS
-define:ENABLE_MANAGED_UNITYTLS
-define:INCLUDE_DYNAMIC_GI
-define:ENABLE_SCRIPTING_GC_WBARRIERS
-define:PLATFORM_SUPPORTS_MONO
-define:RENDER_SOFTWARE_CURSOR
-define:ENABLE_MARSHALLING_TESTS
-define:ENABLE_VIDEO
-define:ENABLE_NAVIGATION_OFFMESHLINK_TO_NAVMESHLINK
-define:ENABLE_ACCELERATOR_CLIENT_DEBUGGING
-define:ENABLE_ACCESSIBILITY_SCREEN_READER
-define:TEXTCORE_1_0_OR_NEWER
-define:EDITOR_ONLY_NAVMESH_BUILDER_DEPRECATED
-define:PLATFORM_STANDALONE_WIN
-define:PLATFORM_STANDALONE
-define:UNITY_STANDALONE_WIN
-define:UNITY_STANDALONE
-define:ENABLE_RUNTIME_GI
-define:ENABLE_MOVIES
-define:ENABLE_NETWORK
-define:ENABLE_NVIDIA
-define:ENABLE_AMD
-define:ENABLE_CRUNCH_TEXTURE_COMPRESSION
-define:ENABLE_CLOUD_SERVICES_ENGINE_DIAGNOSTICS
-define:ENABLE_OUT_OF_PROCESS_CRASH_HANDLER
-define:ENABLE_CLUSTER_SYNC
-define:ENABLE_CLUSTERINPUT
-define:PLATFORM_UPDATES_TIME_OUTSIDE_OF_PLAYER_LOOP
-define:GFXDEVICE_WAITFOREVENT_MESSAGEPUMP
-define:PLATFORM_USES_EXPLICIT_MEMORY_MANAGER_INITIALIZER
-define:PLATFORM_SUPPORTS_WAIT_FOR_PRESENTATION
-define:PLATFORM_SUPPORTS_SPLIT_GRAPHICS_JOBS
-define:PLATFORM_USES_VULKAN_OLD_SWAPCHAIN
-define:USE_READ_ASYNC_MANAGED_API
-define:ENABLE_MONO
-define:NET_STANDARD_2_0
-define:NET_STANDARD
-define:NET_STANDARD_2_1
-define:NETSTANDARD
-define:NETSTANDARD2_1
-define:ENABLE_PROFILER
-define:DEBUG
-define:TRACE
-define:UNITY_ASSERTIONS
-define:UNITY_EDITOR
-define:UNITY_EDITOR_64
-define:UNITY_EDITOR_WIN
-define:ENABLE_UNITY_COLLECTIONS_CHECKS
-define:ENABLE_BURST_AOT
-define:UNITY_TEAM_LICENSE
-define:ENABLE_CUSTOM_RENDER_TEXTURE
-define:ENABLE_DIRECTOR
-define:ENABLE_LOCALIZATION
-define:ENABLE_SPRITES
-define:ENABLE_TERRAIN
-define:ENABLE_TILEMAP
-define:ENABLE_TIMELINE
-define:ENABLE_LEGACY_INPUT_MANAGER
-define:TEXTCORE_FONT_ENGINE_1_5_OR_NEWER
-define:TEXTCORE_TEXT_ENGINE_1_5_OR_NEWER
-define:TEXTCORE_FONT_ENGINE_1_6_OR_NEWER
-define:CSHARP_7_OR_LATER
-define:CSHARP_7_3_OR_NEWER
-r:"C:/Program Files/Unity/Hub/Editor/6000.5.3f1/Editor/Data/BCLExtensions/TargetingPacks/netstandard2.1/ref/Microsoft.Bcl.AsyncInterfaces.dll"
-r:"C:/Program Files/Unity/Hub/Editor/6000.5.3f1/Editor/Data/BCLExtensions/TargetingPacks/netstandard2.1/ref/Microsoft.Extensions.DependencyInjection.Abstractions.dll"
-r:"C:/Program Files/Unity/Hub/Editor/6000.5.3f1/Editor/Data/BCLExtensions/TargetingPacks/netstandard2.1/ref/Microsoft.Extensions.Logging.Abstractions.dll"
-r:"C:/Program Files/Unity/Hub/Editor/6000.5.3f1/Editor/Data/BCLExtensions/TargetingPacks/netstandard2.1/ref/System.Collections.Immutable.dll"
-r:"C:/Program Files/Unity/Hub/Editor/6000.5.3f1/Editor/Data/BCLExtensions/TargetingPacks/netstandard2.1/ref/System.Diagnostics.DiagnosticSource.dll"
-r:"C:/Program Files/Unity/Hub/Editor/6000.5.3f1/Editor/Data/BCLExtensions/TargetingPacks/netstandard2.1/ref/System.IO.Hashing.dll"
-r:"C:/Program Files/Unity/Hub/Editor/6000.5.3f1/Editor/Data/BCLExtensions/TargetingPacks/netstandard2.1/ref/System.Reflection.Metadata.dll"
-r:"C:/Program Files/Unity/Hub/Editor/6000.5.3f1/Editor/Data/BCLExtensions/TargetingPacks/netstandard2.1/ref/System.Runtime.CompilerServices.Unsafe.dll"
-r:"C:/Program Files/Unity/Hub/Editor/6000.5.3f1/Editor/Data/BCLExtensions/TargetingPacks/netstandard2.1/ref/System.Text.Encodings.Web.dll"
-r:"C:/Program Files/Unity/Hub/Editor/6000.5.3f1/Editor/Data/BCLExtensions/TargetingPacks/netstandard2.1/ref/System.Text.Json.dll"
-r:"C:/Program Files/Unity/Hub/Editor/6000.5.3f1/Editor/Data/Managed/UnityEngine/Unity.Scripting.dll"
-r:"C:/Program Files/Unity/Hub/Editor/6000.5.3f1/Editor/Data/Managed/UnityEngine/UnityEditor.AIModule.dll"
-r:"C:/Program Files/Unity/Hub/Editor/6000.5.3f1/Editor/Data/Managed/UnityEngine/UnityEditor.AccessibilityModule.dll"
-r:"C:/Program Files/Unity/Hub/Editor/6000.5.3f1/Editor/Data/Managed/UnityEngine/UnityEditor.AdaptivePerformanceModule.dll"
-r:"C:/Program Files/Unity/Hub/Editor/6000.5.3f1/Editor/Data/Managed/UnityEngine/UnityEditor.AssetComplianceModule.dll"
-r:"C:/Program Files/Unity/Hub/Editor/6000.5.3f1/Editor/Data/Managed/UnityEngine/UnityEditor.BuildProfileModule.dll"
-r:"C:/Program Files/Unity/Hub/Editor/6000.5.3f1/Editor/Data/Managed/UnityEngine/UnityEditor.ClothModule.dll"
-r:"C:/Program Files/Unity/Hub/Editor/6000.5.3f1/Editor/Data/Managed/UnityEngine/UnityEditor.ContentLoadModule.dll"
-r:"C:/Program Files/Unity/Hub/Editor/6000.5.3f1/Editor/Data/Managed/UnityEngine/UnityEditor.CoreBusinessMetricsModule.dll"
-r:"C:/Program Files/Unity/Hub/Editor/6000.5.3f1/Editor/Data/Managed/UnityEngine/UnityEditor.CoreModule.dll"
-r:"C:/Program Files/Unity/Hub/Editor/6000.5.3f1/Editor/Data/Managed/UnityEngine/UnityEditor.DeviceSimulatorModule.dll"
-r:"C:/Program Files/Unity/Hub/Editor/6000.5.3f1/Editor/Data/Managed/UnityEngine/UnityEditor.DiagnosticsModule.dll"
-r:"C:/Program Files/Unity/Hub/Editor/6000.5.3f1/Editor/Data/Managed/UnityEngine/UnityEditor.EditorToolbarModule.dll"
-r:"C:/Program Files/Unity/Hub/Editor/6000.5.3f1/Editor/Data/Managed/UnityEngine/UnityEditor.EmbreeModule.dll"
-r:"C:/Program Files/Unity/Hub/Editor/6000.5.3f1/Editor/Data/Managed/UnityEngine/UnityEditor.GIModule.dll"
-r:"C:/Program Files/Unity/Hub/Editor/6000.5.3f1/Editor/Data/Managed/UnityEngine/UnityEditor.GenericRemoteModule.dll"
-r:"C:/Program Files/Unity/Hub/Editor/6000.5.3f1/Editor/Data/Managed/UnityEngine/UnityEditor.GraphToolkitModule.dll"
-r:"C:/Program Files/Unity/Hub/Editor/6000.5.3f1/Editor/Data/Managed/UnityEngine/UnityEditor.GraphViewModule.dll"
-r:"C:/Program Files/Unity/Hub/Editor/6000.5.3f1/Editor/Data/Managed/UnityEngine/UnityEditor.GraphicsStateCollectionSerializerModule.dll"
-r:"C:/Program Files/Unity/Hub/Editor/6000.5.3f1/Editor/Data/Managed/UnityEngine/UnityEditor.GridAndSnapModule.dll"
-r:"C:/Program Files/Unity/Hub/Editor/6000.5.3f1/Editor/Data/Managed/UnityEngine/UnityEditor.GridModule.dll"
-r:"C:/Program Files/Unity/Hub/Editor/6000.5.3f1/Editor/Data/Managed/UnityEngine/UnityEditor.HierarchyModule.dll"
-r:"C:/Program Files/Unity/Hub/Editor/6000.5.3f1/Editor/Data/Managed/UnityEngine/UnityEditor.LightingModule.dll"
-r:"C:/Program Files/Unity/Hub/Editor/6000.5.3f1/Editor/Data/Managed/UnityEngine/UnityEditor.MathematicsModule.dll"
-r:"C:/Program Files/Unity/Hub/Editor/6000.5.3f1/Editor/Data/Managed/UnityEngine/UnityEditor.MediaModule.dll"
-r:"C:/Program Files/Unity/Hub/Editor/6000.5.3f1/Editor/Data/Managed/UnityEngine/UnityEditor.MultiplayerModule.dll"
-r:"C:/Program Files/Unity/Hub/Editor/6000.5.3f1/Editor/Data/Managed/UnityEngine/UnityEditor.Physics2DModule.dll"
-r:"C:/Program Files/Unity/Hub/Editor/6000.5.3f1/Editor/Data/Managed/UnityEngine/UnityEditor.PhysicsCore2DModule.dll"
-r:"C:/Program Files/Unity/Hub/Editor/6000.5.3f1/Editor/Data/Managed/UnityEngine/UnityEditor.PhysicsModule.dll"
-r:"C:/Program Files/Unity/Hub/Editor/6000.5.3f1/Editor/Data/Managed/UnityEngine/UnityEditor.PlayModeModule.dll"
-r:"C:/Program Files/Unity/Hub/Editor/6000.5.3f1/Editor/Data/Managed/UnityEngine/UnityEditor.PresetsUIModule.dll"
-r:"C:/Program Files/Unity/Hub/Editor/6000.5.3f1/Editor/Data/Managed/UnityEngine/UnityEditor.ProjectAuditorModule.dll"
-r:"C:/Program Files/Unity/Hub/Editor/6000.5.3f1/Editor/Data/Managed/UnityEngine/UnityEditor.PropertiesModule.dll"
-r:"C:/Program Files/Unity/Hub/Editor/6000.5.3f1/Editor/Data/Managed/UnityEngine/UnityEditor.QuickInstallModule.dll"
-r:"C:/Program Files/Unity/Hub/Editor/6000.5.3f1/Editor/Data/Managed/UnityEngine/UnityEditor.QuickSearchModule.dll"
-r:"C:/Program Files/Unity/Hub/Editor/6000.5.3f1/Editor/Data/Managed/UnityEngine/UnityEditor.SafeModeModule.dll"
-r:"C:/Program Files/Unity/Hub/Editor/6000.5.3f1/Editor/Data/Managed/UnityEngine/UnityEditor.SceneTemplateModule.dll"
-r:"C:/Program Files/Unity/Hub/Editor/6000.5.3f1/Editor/Data/Managed/UnityEngine/UnityEditor.SceneViewModule.dll"
-r:"C:/Program Files/Unity/Hub/Editor/6000.5.3f1/Editor/Data/Managed/UnityEngine/UnityEditor.ShaderBuildSettingsModule.dll"
-r:"C:/Program Files/Unity/Hub/Editor/6000.5.3f1/Editor/Data/Managed/UnityEngine/UnityEditor.ShaderCompilationModule.dll"
-r:"C:/Program Files/Unity/Hub/Editor/6000.5.3f1/Editor/Data/Managed/UnityEngine/UnityEditor.ShaderFoundryModule.dll"
-r:"C:/Program Files/Unity/Hub/Editor/6000.5.3f1/Editor/Data/Managed/UnityEngine/UnityEditor.SketchUpModule.dll"
-r:"C:/Program Files/Unity/Hub/Editor/6000.5.3f1/Editor/Data/Managed/UnityEngine/UnityEditor.SpriteMaskModule.dll"
-r:"C:/Program Files/Unity/Hub/Editor/6000.5.3f1/Editor/Data/Managed/UnityEngine/UnityEditor.SpriteShapeModule.dll"
-r:"C:/Program Files/Unity/Hub/Editor/6000.5.3f1/Editor/Data/Managed/UnityEngine/UnityEditor.SubstanceModule.dll"
-r:"C:/Program Files/Unity/Hub/Editor/6000.5.3f1/Editor/Data/Managed/UnityEngine/UnityEditor.TerrainModule.dll"
-r:"C:/Program Files/Unity/Hub/Editor/6000.5.3f1/Editor/Data/Managed/UnityEngine/UnityEditor.TextCoreFontEngineModule.dll"
-r:"C:/Program Files/Unity/Hub/Editor/6000.5.3f1/Editor/Data/Managed/UnityEngine/UnityEditor.TextCoreTextEngineModule.dll"
-r:"C:/Program Files/Unity/Hub/Editor/6000.5.3f1/Editor/Data/Managed/UnityEngine/UnityEditor.TextRenderingModule.dll"
-r:"C:/Program Files/Unity/Hub/Editor/6000.5.3f1/Editor/Data/Managed/UnityEngine/UnityEditor.TilemapModule.dll"
-r:"C:/Program Files/Unity/Hub/Editor/6000.5.3f1/Editor/Data/Managed/UnityEngine/UnityEditor.TreeModule.dll"
-r:"C:/Program Files/Unity/Hub/Editor/6000.5.3f1/Editor/Data/Managed/UnityEngine/UnityEditor.U2DModule.dll"
-r:"C:/Program Files/Unity/Hub/Editor/6000.5.3f1/Editor/Data/Managed/UnityEngine/UnityEditor.UIAutomationModule.dll"
-r:"C:/Program Files/Unity/Hub/Editor/6000.5.3f1/Editor/Data/Managed/UnityEngine/UnityEditor.UIBuilderModule.dll"
-r:"C:/Program Files/Unity/Hub/Editor/6000.5.3f1/Editor/Data/Managed/UnityEngine/UnityEditor.UIElementsModule.dll"
-r:"C:/Program Files/Unity/Hub/Editor/6000.5.3f1/Editor/Data/Managed/UnityEngine/UnityEditor.UIElementsSamplesModule.dll"
-r:"C:/Program Files/Unity/Hub/Editor/6000.5.3f1/Editor/Data/Managed/UnityEngine/UnityEditor.UIToolkitAuthoringModule.dll"
-r:"C:/Program Files/Unity/Hub/Editor/6000.5.3f1/Editor/Data/Managed/UnityEngine/UnityEditor.UmbraModule.dll"
-r:"C:/Program Files/Unity/Hub/Editor/6000.5.3f1/Editor/Data/Managed/UnityEngine/UnityEditor.UnityConnectModule.dll"
-r:"C:/Program Files/Unity/Hub/Editor/6000.5.3f1/Editor/Data/Managed/UnityEngine/UnityEditor.VFXModule.dll"
-r:"C:/Program Files/Unity/Hub/Editor/6000.5.3f1/Editor/Data/Managed/UnityEngine/UnityEditor.VectorGraphicsModule.dll"
-r:"C:/Program Files/Unity/Hub/Editor/6000.5.3f1/Editor/Data/Managed/UnityEngine/UnityEditor.VideoModule.dll"
-r:"C:/Program Files/Unity/Hub/Editor/6000.5.3f1/Editor/Data/Managed/UnityEngine/UnityEditor.XRModule.dll"
-r:"C:/Program Files/Unity/Hub/Editor/6000.5.3f1/Editor/Data/Managed/UnityEngine/UnityEditor.dll"
-r:"C:/Program Files/Unity/Hub/Editor/6000.5.3f1/Editor/Data/Managed/UnityEngine/UnityEngine.ARModule.dll"
-r:"C:/Program Files/Unity/Hub/Editor/6000.5.3f1/Editor/Data/Managed/UnityEngine/UnityEngine.AudioModule.dll"
-r:"C:/Program Files/Unity/Hub/Editor/6000.5.3f1/Editor/Data/Managed/UnityEngine/UnityEngine.ClusterInputModule.dll"
-r:"C:/Program Files/Unity/Hub/Editor/6000.5.3f1/Editor/Data/Managed/UnityEngine/UnityEngine.ClusterRendererModule.dll"
-r:"C:/Program Files/Unity/Hub/Editor/6000.5.3f1/Editor/Data/Managed/UnityEngine/UnityEngine.ContentLoadModule.dll"
-r:"C:/Program Files/Unity/Hub/Editor/6000.5.3f1/Editor/Data/Managed/UnityEngine/UnityEngine.CoreModule.dll"
-r:"C:/Program Files/Unity/Hub/Editor/6000.5.3f1/Editor/Data/Managed/UnityEngine/UnityEngine.CrashReportingModule.dll"
-r:"C:/Program Files/Unity/Hub/Editor/6000.5.3f1/Editor/Data/Managed/UnityEngine/UnityEngine.DSPGraphModule.dll"
-r:"C:/Program Files/Unity/Hub/Editor/6000.5.3f1/Editor/Data/Managed/UnityEngine/UnityEngine.GIModule.dll"
-r:"C:/Program Files/Unity/Hub/Editor/6000.5.3f1/Editor/Data/Managed/UnityEngine/UnityEngine.GameCenterModule.dll"
-r:"C:/Program Files/Unity/Hub/Editor/6000.5.3f1/Editor/Data/Managed/UnityEngine/UnityEngine.GraphicsStateCollectionSerializerModule.dll"
-r:"C:/Program Files/Unity/Hub/Editor/6000.5.3f1/Editor/Data/Managed/UnityEngine/UnityEngine.GridModule.dll"
-r:"C:/Program Files/Unity/Hub/Editor/6000.5.3f1/Editor/Data/Managed/UnityEngine/UnityEngine.HotReloadModule.dll"
-r:"C:/Program Files/Unity/Hub/Editor/6000.5.3f1/Editor/Data/Managed/UnityEngine/UnityEngine.IMGUIModule.dll"
-r:"C:/Program Files/Unity/Hub/Editor/6000.5.3f1/Editor/Data/Managed/UnityEngine/UnityEngine.IdentifiersModule.dll"
-r:"C:/Program Files/Unity/Hub/Editor/6000.5.3f1/Editor/Data/Managed/UnityEngine/UnityEngine.ImageConversionModule.dll"
-r:"C:/Program Files/Unity/Hub/Editor/6000.5.3f1/Editor/Data/Managed/UnityEngine/UnityEngine.InputForUIModule.dll"
-r:"C:/Program Files/Unity/Hub/Editor/6000.5.3f1/Editor/Data/Managed/UnityEngine/UnityEngine.InputLegacyModule.dll"
-r:"C:/Program Files/Unity/Hub/Editor/6000.5.3f1/Editor/Data/Managed/UnityEngine/UnityEngine.InputModule.dll"
-r:"C:/Program Files/Unity/Hub/Editor/6000.5.3f1/Editor/Data/Managed/UnityEngine/UnityEngine.InsightsModule.dll"
-r:"C:/Program Files/Unity/Hub/Editor/6000.5.3f1/Editor/Data/Managed/UnityEngine/UnityEngine.LocalizationModule.dll"
-r:"C:/Program Files/Unity/Hub/Editor/6000.5.3f1/Editor/Data/Managed/UnityEngine/UnityEngine.MarshallingModule.dll"
-r:"C:/Program Files/Unity/Hub/Editor/6000.5.3f1/Editor/Data/Managed/UnityEngine/UnityEngine.MathematicsModule.dll"
-r:"C:/Program Files/Unity/Hub/Editor/6000.5.3f1/Editor/Data/Managed/UnityEngine/UnityEngine.MultiplayerModule.dll"
-r:"C:/Program Files/Unity/Hub/Editor/6000.5.3f1/Editor/Data/Managed/UnityEngine/UnityEngine.PerformanceReportingModule.dll"
-r:"C:/Program Files/Unity/Hub/Editor/6000.5.3f1/Editor/Data/Managed/UnityEngine/UnityEngine.Physics2DModule.dll"
-r:"C:/Program Files/Unity/Hub/Editor/6000.5.3f1/Editor/Data/Managed/UnityEngine/UnityEngine.PhysicsBackendPhysXModule.dll"
-r:"C:/Program Files/Unity/Hub/Editor/6000.5.3f1/Editor/Data/Managed/UnityEngine/UnityEngine.PhysicsCore2DModule.dll"
-r:"C:/Program Files/Unity/Hub/Editor/6000.5.3f1/Editor/Data/Managed/UnityEngine/UnityEngine.PhysicsModule.dll"
-r:"C:/Program Files/Unity/Hub/Editor/6000.5.3f1/Editor/Data/Managed/UnityEngine/UnityEngine.PropertiesModule.dll"
-r:"C:/Program Files/Unity/Hub/Editor/6000.5.3f1/Editor/Data/Managed/UnityEngine/UnityEngine.RenderAs2DModule.dll"
-r:"C:/Program Files/Unity/Hub/Editor/6000.5.3f1/Editor/Data/Managed/UnityEngine/UnityEngine.RuntimeInitializeOnLoadManagerInitializerModule.dll"
-r:"C:/Program Files/Unity/Hub/Editor/6000.5.3f1/Editor/Data/Managed/UnityEngine/UnityEngine.ScriptingModule.dll"
-r:"C:/Program Files/Unity/Hub/Editor/6000.5.3f1/Editor/Data/Managed/UnityEngine/UnityEngine.ShaderVariantAnalyticsModule.dll"
-r:"C:/Program Files/Unity/Hub/Editor/6000.5.3f1/Editor/Data/Managed/UnityEngine/UnityEngine.SharedInternalsModule.dll"
-r:"C:/Program Files/Unity/Hub/Editor/6000.5.3f1/Editor/Data/Managed/UnityEngine/UnityEngine.SpriteMaskModule.dll"
-r:"C:/Program Files/Unity/Hub/Editor/6000.5.3f1/Editor/Data/Managed/UnityEngine/UnityEngine.SpriteShapeModule.dll"
-r:"C:/Program Files/Unity/Hub/Editor/6000.5.3f1/Editor/Data/Managed/UnityEngine/UnityEngine.StreamingModule.dll"
-r:"C:/Program Files/Unity/Hub/Editor/6000.5.3f1/Editor/Data/Managed/UnityEngine/UnityEngine.SubstanceModule.dll"
-r:"C:/Program Files/Unity/Hub/Editor/6000.5.3f1/Editor/Data/Managed/UnityEngine/UnityEngine.TLSModule.dll"
-r:"C:/Program Files/Unity/Hub/Editor/6000.5.3f1/Editor/Data/Managed/UnityEngine/UnityEngine.TextCoreFontEngineModule.dll"
-r:"C:/Program Files/Unity/Hub/Editor/6000.5.3f1/Editor/Data/Managed/UnityEngine/UnityEngine.TextCoreTextEngineModule.dll"
-r:"C:/Program Files/Unity/Hub/Editor/6000.5.3f1/Editor/Data/Managed/UnityEngine/UnityEngine.TextRenderingModule.dll"
-r:"C:/Program Files/Unity/Hub/Editor/6000.5.3f1/Editor/Data/Managed/UnityEngine/UnityEngine.U2DRuntimeModule.dll"
-r:"C:/Program Files/Unity/Hub/Editor/6000.5.3f1/Editor/Data/Managed/UnityEngine/UnityEngine.UIModule.dll"
-r:"C:/Program Files/Unity/Hub/Editor/6000.5.3f1/Editor/Data/Managed/UnityEngine/UnityEngine.UnityAnalyticsCommonModule.dll"
-r:"C:/Program Files/Unity/Hub/Editor/6000.5.3f1/Editor/Data/Managed/UnityEngine/UnityEngine.UnityConnectModule.dll"
-r:"C:/Program Files/Unity/Hub/Editor/6000.5.3f1/Editor/Data/Managed/UnityEngine/UnityEngine.UnityConsentModule.dll"
-r:"C:/Program Files/Unity/Hub/Editor/6000.5.3f1/Editor/Data/Managed/UnityEngine/UnityEngine.UnityCurlModule.dll"
-r:"C:/Program Files/Unity/Hub/Editor/6000.5.3f1/Editor/Data/Managed/UnityEngine/UnityEngine.VFXModule.dll"
-r:"C:/Program Files/Unity/Hub/Editor/6000.5.3f1/Editor/Data/Managed/UnityEngine/UnityEngine.VirtualTexturingModule.dll"
-r:"C:/Program Files/Unity/Hub/Editor/6000.5.3f1/Editor/Data/Managed/UnityEngine/UnityEngine.dll"
-r:"C:/Program Files/Unity/Hub/Editor/6000.5.3f1/Editor/Data/NetStandard/Extensions/2.0.0/System.Runtime.InteropServices.WindowsRuntime.dll"
-r:"C:/Program Files/Unity/Hub/Editor/6000.5.3f1/Editor/Data/NetStandard/compat/2.1.0/shims/netfx/System.ComponentModel.Composition.dll"
-r:"C:/Program Files/Unity/Hub/Editor/6000.5.3f1/Editor/Data/NetStandard/compat/2.1.0/shims/netfx/System.Core.dll"
-r:"C:/Program Files/Unity/Hub/Editor/6000.5.3f1/Editor/Data/NetStandard/compat/2.1.0/shims/netfx/System.Data.dll"
-r:"C:/Program Files/Unity/Hub/Editor/6000.5.3f1/Editor/Data/NetStandard/compat/2.1.0/shims/netfx/System.Drawing.dll"
-r:"C:/Program Files/Unity/Hub/Editor/6000.5.3f1/Editor/Data/NetStandard/compat/2.1.0/shims/netfx/System.IO.Compression.FileSystem.dll"
-r:"C:/Program Files/Unity/Hub/Editor/6000.5.3f1/Editor/Data/NetStandard/compat/2.1.0/shims/netfx/System.Net.dll"
-r:"C:/Program Files/Unity/Hub/Editor/6000.5.3f1/Editor/Data/NetStandard/compat/2.1.0/shims/netfx/System.Numerics.dll"
-r:"C:/Program Files/Unity/Hub/Editor/6000.5.3f1/Editor/Data/NetStandard/compat/2.1.0/shims/netfx/System.Runtime.Serialization.dll"
-r:"C:/Program Files/Unity/Hub/Editor/6000.5.3f1/Editor/Data/NetStandard/compat/2.1.0/shims/netfx/System.ServiceModel.Web.dll"
-r:"C:/Program Files/Unity/Hub/Editor/6000.5.3f1/Editor/Data/NetStandard/compat/2.1.0/shims/netfx/System.Transactions.dll"
-r:"C:/Program Files/Unity/Hub/Editor/6000.5.3f1/Editor/Data/NetStandard/compat/2.1.0/shims/netfx/System.Web.dll"
-r:"C:/Program Files/Unity/Hub/Editor/6000.5.3f1/Editor/Data/NetStandard/compat/2.1.0/shims/netfx/System.Windows.dll"
-r:"C:/Program Files/Unity/Hub/Editor/6000.5.3f1/Editor/Data/NetStandard/compat/2.1.0/shims/netfx/System.Xml.Linq.dll"
-r:"C:/Program Files/Unity/Hub/Editor/6000.5.3f1/Editor/Data/NetStandard/compat/2.1.0/shims/netfx/System.Xml.Serialization.dll"
-r:"C:/Program Files/Unity/Hub/Editor/6000.5.3f1/Editor/Data/NetStandard/compat/2.1.0/shims/netfx/System.Xml.dll"
-r:"C:/Program Files/Unity/Hub/Editor/6000.5.3f1/Editor/Data/NetStandard/compat/2.1.0/shims/netfx/System.dll"
-r:"C:/Program Files/Unity/Hub/Editor/6000.5.3f1/Editor/Data/NetStandard/compat/2.1.0/shims/netfx/mscorlib.dll"
-r:"C:/Program Files/Unity/Hub/Editor/6000.5.3f1/Editor/Data/NetStandard/compat/2.1.0/shims/netstandard/Microsoft.Win32.Primitives.dll"
-r:"C:/Program Files/Unity/Hub/Editor/6000.5.3f1/Editor/Data/NetStandard/compat/2.1.0/shims/netstandard/System.AppContext.dll"
-r:"C:/Program Files/Unity/Hub/Editor/6000.5.3f1/Editor/Data/NetStandard/compat/2.1.0/shims/netstandard/System.Buffers.dll"
-r:"C:/Program Files/Unity/Hub/Editor/6000.5.3f1/Editor/Data/NetStandard/compat/2.1.0/shims/netstandard/System.Collections.Concurrent.dll"
-r:"C:/Program Files/Unity/Hub/Editor/6000.5.3f1/Editor/Data/NetStandard/compat/2.1.0/shims/netstandard/System.Collections.NonGeneric.dll"
-r:"C:/Program Files/Unity/Hub/Editor/6000.5.3f1/Editor/Data/NetStandard/compat/2.1.0/shims/netstandard/System.Collections.Specialized.dll"
-r:"C:/Program Files/Unity/Hub/Editor/6000.5.3f1/Editor/Data/NetStandard/compat/2.1.0/shims/netstandard/System.Collections.dll"
-r:"C:/Program Files/Unity/Hub/Editor/6000.5.3f1/Editor/Data/NetStandard/compat/2.1.0/shims/netstandard/System.ComponentModel.EventBasedAsync.dll"
-r:"C:/Program Files/Unity/Hub/Editor/6000.5.3f1/Editor/Data/NetStandard/compat/2.1.0/shims/netstandard/System.ComponentModel.Primitives.dll"
-r:"C:/Program Files/Unity/Hub/Editor/6000.5.3f1/Editor/Data/NetStandard/compat/2.1.0/shims/netstandard/System.ComponentModel.TypeConverter.dll"
-r:"C:/Program Files/Unity/Hub/Editor/6000.5.3f1/Editor/Data/NetStandard/compat/2.1.0/shims/netstandard/System.ComponentModel.dll"
-r:"C:/Program Files/Unity/Hub/Editor/6000.5.3f1/Editor/Data/NetStandard/compat/2.1.0/shims/netstandard/System.Console.dll"
-r:"C:/Program Files/Unity/Hub/Editor/6000.5.3f1/Editor/Data/NetStandard/compat/2.1.0/shims/netstandard/System.Data.Common.dll"
-r:"C:/Program Files/Unity/Hub/Editor/6000.5.3f1/Editor/Data/NetStandard/compat/2.1.0/shims/netstandard/System.Diagnostics.Contracts.dll"
-r:"C:/Program Files/Unity/Hub/Editor/6000.5.3f1/Editor/Data/NetStandard/compat/2.1.0/shims/netstandard/System.Diagnostics.Debug.dll"
-r:"C:/Program Files/Unity/Hub/Editor/6000.5.3f1/Editor/Data/NetStandard/compat/2.1.0/shims/netstandard/System.Diagnostics.FileVersionInfo.dll"
-r:"C:/Program Files/Unity/Hub/Editor/6000.5.3f1/Editor/Data/NetStandard/compat/2.1.0/shims/netstandard/System.Diagnostics.Process.dll"
-r:"C:/Program Files/Unity/Hub/Editor/6000.5.3f1/Editor/Data/NetStandard/compat/2.1.0/shims/netstandard/System.Diagnostics.StackTrace.dll"
-r:"C:/Program Files/Unity/Hub/Editor/6000.5.3f1/Editor/Data/NetStandard/compat/2.1.0/shims/netstandard/System.Diagnostics.TextWriterTraceListener.dll"
-r:"C:/Program Files/Unity/Hub/Editor/6000.5.3f1/Editor/Data/NetStandard/compat/2.1.0/shims/netstandard/System.Diagnostics.Tools.dll"
-r:"C:/Program Files/Unity/Hub/Editor/6000.5.3f1/Editor/Data/NetStandard/compat/2.1.0/shims/netstandard/System.Diagnostics.TraceSource.dll"
-r:"C:/Program Files/Unity/Hub/Editor/6000.5.3f1/Editor/Data/NetStandard/compat/2.1.0/shims/netstandard/System.Diagnostics.Tracing.dll"
-r:"C:/Program Files/Unity/Hub/Editor/6000.5.3f1/Editor/Data/NetStandard/compat/2.1.0/shims/netstandard/System.Drawing.Primitives.dll"
-r:"C:/Program Files/Unity/Hub/Editor/6000.5.3f1/Editor/Data/NetStandard/compat/2.1.0/shims/netstandard/System.Dynamic.Runtime.dll"
-r:"C:/Program Files/Unity/Hub/Editor/6000.5.3f1/Editor/Data/NetStandard/compat/2.1.0/shims/netstandard/System.Globalization.Calendars.dll"
-r:"C:/Program Files/Unity/Hub/Editor/6000.5.3f1/Editor/Data/NetStandard/compat/2.1.0/shims/netstandard/System.Globalization.Extensions.dll"
-r:"C:/Program Files/Unity/Hub/Editor/6000.5.3f1/Editor/Data/NetStandard/compat/2.1.0/shims/netstandard/System.Globalization.dll"
-r:"C:/Program Files/Unity/Hub/Editor/6000.5.3f1/Editor/Data/NetStandard/compat/2.1.0/shims/netstandard/System.IO.Compression.ZipFile.dll"
-r:"C:/Program Files/Unity/Hub/Editor/6000.5.3f1/Editor/Data/NetStandard/compat/2.1.0/shims/netstandard/System.IO.Compression.dll"
-r:"C:/Program Files/Unity/Hub/Editor/6000.5.3f1/Editor/Data/NetStandard/compat/2.1.0/shims/netstandard/System.IO.FileSystem.DriveInfo.dll"
-r:"C:/Program Files/Unity/Hub/Editor/6000.5.3f1/Editor/Data/NetStandard/compat/2.1.0/shims/netstandard/System.IO.FileSystem.Primitives.dll"
-r:"C:/Program Files/Unity/Hub/Editor/6000.5.3f1/Editor/Data/NetStandard/compat/2.1.0/shims/netstandard/System.IO.FileSystem.Watcher.dll"
-r:"C:/Program Files/Unity/Hub/Editor/6000.5.3f1/Editor/Data/NetStandard/compat/2.1.0/shims/netstandard/System.IO.FileSystem.dll"
-r:"C:/Program Files/Unity/Hub/Editor/6000.5.3f1/Editor/Data/NetStandard/compat/2.1.0/shims/netstandard/System.IO.IsolatedStorage.dll"
-r:"C:/Program Files/Unity/Hub/Editor/6000.5.3f1/Editor/Data/NetStandard/compat/2.1.0/shims/netstandard/System.IO.MemoryMappedFiles.dll"
-r:"C:/Program Files/Unity/Hub/Editor/6000.5.3f1/Editor/Data/NetStandard/compat/2.1.0/shims/netstandard/System.IO.Pipes.dll"
-r:"C:/Program Files/Unity/Hub/Editor/6000.5.3f1/Editor/Data/NetStandard/compat/2.1.0/shims/netstandard/System.IO.UnmanagedMemoryStream.dll"
-r:"C:/Program Files/Unity/Hub/Editor/6000.5.3f1/Editor/Data/NetStandard/compat/2.1.0/shims/netstandard/System.IO.dll"
-r:"C:/Program Files/Unity/Hub/Editor/6000.5.3f1/Editor/Data/NetStandard/compat/2.1.0/shims/netstandard/System.Linq.Expressions.dll"
-r:"C:/Program Files/Unity/Hub/Editor/6000.5.3f1/Editor/Data/NetStandard/compat/2.1.0/shims/netstandard/System.Linq.Parallel.dll"
-r:"C:/Program Files/Unity/Hub/Editor/6000.5.3f1/Editor/Data/NetStandard/compat/2.1.0/shims/netstandard/System.Linq.Queryable.dll"
-r:"C:/Program Files/Unity/Hub/Editor/6000.5.3f1/Editor/Data/NetStandard/compat/2.1.0/shims/netstandard/System.Linq.dll"
-r:"C:/Program Files/Unity/Hub/Editor/6000.5.3f1/Editor/Data/NetStandard/compat/2.1.0/shims/netstandard/System.Memory.dll"
-r:"C:/Program Files/Unity/Hub/Editor/6000.5.3f1/Editor/Data/NetStandard/compat/2.1.0/shims/netstandard/System.Net.Http.dll"
-r:"C:/Program Files/Unity/Hub/Editor/6000.5.3f1/Editor/Data/NetStandard/compat/2.1.0/shims/netstandard/System.Net.NameResolution.dll"
-r:"C:/Program Files/Unity/Hub/Editor/6000.5.3f1/Editor/Data/NetStandard/compat/2.1.0/shims/netstandard/System.Net.NetworkInformation.dll"
-r:"C:/Program Files/Unity/Hub/Editor/6000.5.3f1/Editor/Data/NetStandard/compat/2.1.0/shims/netstandard/System.Net.Ping.dll"
-r:"C:/Program Files/Unity/Hub/Editor/6000.5.3f1/Editor/Data/NetStandard/compat/2.1.0/shims/netstandard/System.Net.Primitives.dll"
-r:"C:/Program Files/Unity/Hub/Editor/6000.5.3f1/Editor/Data/NetStandard/compat/2.1.0/shims/netstandard/System.Net.Requests.dll"
-r:"C:/Program Files/Unity/Hub/Editor/6000.5.3f1/Editor/Data/NetStandard/compat/2.1.0/shims/netstandard/System.Net.Security.dll"
-r:"C:/Program Files/Unity/Hub/Editor/6000.5.3f1/Editor/Data/NetStandard/compat/2.1.0/shims/netstandard/System.Net.Sockets.dll"
-r:"C:/Program Files/Unity/Hub/Editor/6000.5.3f1/Editor/Data/NetStandard/compat/2.1.0/shims/netstandard/System.Net.WebHeaderCollection.dll"
-r:"C:/Program Files/Unity/Hub/Editor/6000.5.3f1/Editor/Data/NetStandard/compat/2.1.0/shims/netstandard/System.Net.WebSockets.Client.dll"
-r:"C:/Program Files/Unity/Hub/Editor/6000.5.3f1/Editor/Data/NetStandard/compat/2.1.0/shims/netstandard/System.Net.WebSockets.dll"
-r:"C:/Program Files/Unity/Hub/Editor/6000.5.3f1/Editor/Data/NetStandard/compat/2.1.0/shims/netstandard/System.Numerics.Vectors.dll"
-r:"C:/Program Files/Unity/Hub/Editor/6000.5.3f1/Editor/Data/NetStandard/compat/2.1.0/shims/netstandard/System.ObjectModel.dll"
-r:"C:/Program Files/Unity/Hub/Editor/6000.5.3f1/Editor/Data/NetStandard/compat/2.1.0/shims/netstandard/System.Reflection.DispatchProxy.dll"
-r:"C:/Program Files/Unity/Hub/Editor/6000.5.3f1/Editor/Data/NetStandard/compat/2.1.0/shims/netstandard/System.Reflection.Emit.ILGeneration.dll"
-r:"C:/Program Files/Unity/Hub/Editor/6000.5.3f1/Editor/Data/NetStandard/compat/2.1.0/shims/netstandard/System.Reflection.Emit.Lightweight.dll"
-r:"C:/Program Files/Unity/Hub/Editor/6000.5.3f1/Editor/Data/NetStandard/compat/2.1.0/shims/netstandard/System.Reflection.Emit.dll"
-r:"C:/Program Files/Unity/Hub/Editor/6000.5.3f1/Editor/Data/NetStandard/compat/2.1.0/shims/netstandard/System.Reflection.Extensions.dll"
-r:"C:/Program Files/Unity/Hub/Editor/6000.5.3f1/Editor/Data/NetStandard/compat/2.1.0/shims/netstandard/System.Reflection.Primitives.dll"
-r:"C:/Program Files/Unity/Hub/Editor/6000.5.3f1/Editor/Data/NetStandard/compat/2.1.0/shims/netstandard/System.Reflection.dll"
-r:"C:/Program Files/Unity/Hub/Editor/6000.5.3f1/Editor/Data/NetStandard/compat/2.1.0/shims/netstandard/System.Resources.Reader.dll"
-r:"C:/Program Files/Unity/Hub/Editor/6000.5.3f1/Editor/Data/NetStandard/compat/2.1.0/shims/netstandard/System.Resources.ResourceManager.dll"
-r:"C:/Program Files/Unity/Hub/Editor/6000.5.3f1/Editor/Data/NetStandard/compat/2.1.0/shims/netstandard/System.Resources.Writer.dll"
-r:"C:/Program Files/Unity/Hub/Editor/6000.5.3f1/Editor/Data/NetStandard/compat/2.1.0/shims/netstandard/System.Runtime.CompilerServices.VisualC.dll"
-r:"C:/Program Files/Unity/Hub/Editor/6000.5.3f1/Editor/Data/NetStandard/compat/2.1.0/shims/netstandard/System.Runtime.Extensions.dll"
-r:"C:/Program Files/Unity/Hub/Editor/6000.5.3f1/Editor/Data/NetStandard/compat/2.1.0/shims/netstandard/System.Runtime.Handles.dll"
-r:"C:/Program Files/Unity/Hub/Editor/6000.5.3f1/Editor/Data/NetStandard/compat/2.1.0/shims/netstandard/System.Runtime.InteropServices.RuntimeInformation.dll"
-r:"C:/Program Files/Unity/Hub/Editor/6000.5.3f1/Editor/Data/NetStandard/compat/2.1.0/shims/netstandard/System.Runtime.InteropServices.dll"
-r:"C:/Program Files/Unity/Hub/Editor/6000.5.3f1/Editor/Data/NetStandard/compat/2.1.0/shims/netstandard/System.Runtime.Numerics.dll"
-r:"C:/Program Files/Unity/Hub/Editor/6000.5.3f1/Editor/Data/NetStandard/compat/2.1.0/shims/netstandard/System.Runtime.Serialization.Formatters.dll"
-r:"C:/Program Files/Unity/Hub/Editor/6000.5.3f1/Editor/Data/NetStandard/compat/2.1.0/shims/netstandard/System.Runtime.Serialization.Json.dll"
-r:"C:/Program Files/Unity/Hub/Editor/6000.5.3f1/Editor/Data/NetStandard/compat/2.1.0/shims/netstandard/System.Runtime.Serialization.Primitives.dll"
-r:"C:/Program Files/Unity/Hub/Editor/6000.5.3f1/Editor/Data/NetStandard/compat/2.1.0/shims/netstandard/System.Runtime.Serialization.Xml.dll"
-r:"C:/Program Files/Unity/Hub/Editor/6000.5.3f1/Editor/Data/NetStandard/compat/2.1.0/shims/netstandard/System.Runtime.dll"
-r:"C:/Program Files/Unity/Hub/Editor/6000.5.3f1/Editor/Data/NetStandard/compat/2.1.0/shims/netstandard/System.Security.Claims.dll"
-r:"C:/Program Files/Unity/Hub/Editor/6000.5.3f1/Editor/Data/NetStandard/compat/2.1.0/shims/netstandard/System.Security.Cryptography.Algorithms.dll"
-r:"C:/Program Files/Unity/Hub/Editor/6000.5.3f1/Editor/Data/NetStandard/compat/2.1.0/shims/netstandard/System.Security.Cryptography.Csp.dll"
-r:"C:/Program Files/Unity/Hub/Editor/6000.5.3f1/Editor/Data/NetStandard/compat/2.1.0/shims/netstandard/System.Security.Cryptography.Encoding.dll"
-r:"C:/Program Files/Unity/Hub/Editor/6000.5.3f1/Editor/Data/NetStandard/compat/2.1.0/shims/netstandard/System.Security.Cryptography.Primitives.dll"
-r:"C:/Program Files/Unity/Hub/Editor/6000.5.3f1/Editor/Data/NetStandard/compat/2.1.0/shims/netstandard/System.Security.Cryptography.X509Certificates.dll"
-r:"C:/Program Files/Unity/Hub/Editor/6000.5.3f1/Editor/Data/NetStandard/compat/2.1.0/shims/netstandard/System.Security.Principal.dll"
-r:"C:/Program Files/Unity/Hub/Editor/6000.5.3f1/Editor/Data/NetStandard/compat/2.1.0/shims/netstandard/System.Security.SecureString.dll"
-r:"C:/Program Files/Unity/Hub/Editor/6000.5.3f1/Editor/Data/NetStandard/compat/2.1.0/shims/netstandard/System.Text.Encoding.Extensions.dll"
-r:"C:/Program Files/Unity/Hub/Editor/6000.5.3f1/Editor/Data/NetStandard/compat/2.1.0/shims/netstandard/System.Text.Encoding.dll"
-r:"C:/Program Files/Unity/Hub/Editor/6000.5.3f1/Editor/Data/NetStandard/compat/2.1.0/shims/netstandard/System.Text.RegularExpressions.dll"
-r:"C:/Program Files/Unity/Hub/Editor/6000.5.3f1/Editor/Data/NetStandard/compat/2.1.0/shims/netstandard/System.Threading.Overlapped.dll"
-r:"C:/Program Files/Unity/Hub/Editor/6000.5.3f1/Editor/Data/NetStandard/compat/2.1.0/shims/netstandard/System.Threading.Tasks.Extensions.dll"
-r:"C:/Program Files/Unity/Hub/Editor/6000.5.3f1/Editor/Data/NetStandard/compat/2.1.0/shims/netstandard/System.Threading.Tasks.Parallel.dll"
-r:"C:/Program Files/Unity/Hub/Editor/6000.5.3f1/Editor/Data/NetStandard/compat/2.1.0/shims/netstandard/System.Threading.Tasks.dll"
-r:"C:/Program Files/Unity/Hub/Editor/6000.5.3f1/Editor/Data/NetStandard/compat/2.1.0/shims/netstandard/System.Threading.Thread.dll"
-r:"C:/Program Files/Unity/Hub/Editor/6000.5.3f1/Editor/Data/NetStandard/compat/2.1.0/shims/netstandard/System.Threading.ThreadPool.dll"
-r:"C:/Program Files/Unity/Hub/Editor/6000.5.3f1/Editor/Data/NetStandard/compat/2.1.0/shims/netstandard/System.Threading.Timer.dll"
-r:"C:/Program Files/Unity/Hub/Editor/6000.5.3f1/Editor/Data/NetStandard/compat/2.1.0/shims/netstandard/System.Threading.dll"
-r:"C:/Program Files/Unity/Hub/Editor/6000.5.3f1/Editor/Data/NetStandard/compat/2.1.0/shims/netstandard/System.ValueTuple.dll"
-r:"C:/Program Files/Unity/Hub/Editor/6000.5.3f1/Editor/Data/NetStandard/compat/2.1.0/shims/netstandard/System.Xml.ReaderWriter.dll"
-r:"C:/Program Files/Unity/Hub/Editor/6000.5.3f1/Editor/Data/NetStandard/compat/2.1.0/shims/netstandard/System.Xml.XDocument.dll"
-r:"C:/Program Files/Unity/Hub/Editor/6000.5.3f1/Editor/Data/NetStandard/compat/2.1.0/shims/netstandard/System.Xml.XPath.XDocument.dll"
-r:"C:/Program Files/Unity/Hub/Editor/6000.5.3f1/Editor/Data/NetStandard/compat/2.1.0/shims/netstandard/System.Xml.XPath.dll"
-r:"C:/Program Files/Unity/Hub/Editor/6000.5.3f1/Editor/Data/NetStandard/compat/2.1.0/shims/netstandard/System.Xml.XmlDocument.dll"
-r:"C:/Program Files/Unity/Hub/Editor/6000.5.3f1/Editor/Data/NetStandard/compat/2.1.0/shims/netstandard/System.Xml.XmlSerializer.dll"
-r:"C:/Program Files/Unity/Hub/Editor/6000.5.3f1/Editor/Data/NetStandard/ref/2.1.0/netstandard.dll"
-r:"Library/Bee/artifacts/1900b0aE.dag/Unity.InternalAPIEngineBridge.004.ref.dll"
-r:"Library/Bee/artifacts/1900b0aE.dag/Unity.TextMeshPro.Editor.ref.dll"
-r:"Library/Bee/artifacts/1900b0aE.dag/Unity.TextMeshPro.ref.dll"
-r:"Library/Bee/artifacts/1900b0aE.dag/UnityEditor.UI.Analytics.ref.dll"
-r:"Library/Bee/artifacts/1900b0aE.dag/UnityEditor.UI.ref.dll"
-r:"Library/Bee/artifacts/1900b0aE.dag/UnityEngine.UI.ref.dll"
-analyzer:"C:/Program Files/Unity/Hub/Editor/6000.5.3f1/Editor/Data/BCLExtensions/TargetingPacks/netstandard2.1/analyzers/dotnet/roslyn4.0/cs/Microsoft.Extensions.Logging.Generators.dll"
-analyzer:"C:/Program Files/Unity/Hub/Editor/6000.5.3f1/Editor/Data/BCLExtensions/TargetingPacks/netstandard2.1/analyzers/dotnet/roslyn4.0/cs/System.Text.Json.SourceGeneration.dll"
-analyzer:"C:/Program Files/Unity/Hub/Editor/6000.5.3f1/Editor/Data/Tools/BuildPipeline/Unity.Analyzers.Common/Unity.Analyzers.Common.dll"
-analyzer:"C:/Program Files/Unity/Hub/Editor/6000.5.3f1/Editor/Data/Tools/BuildPipeline/Unity.Analyzers.LongLiving/Unity.Analyzers.LongLiving.dll"
-analyzer:"C:/Program Files/Unity/Hub/Editor/6000.5.3f1/Editor/Data/Tools/BuildPipeline/Unity.SourceGenerators/Unity.Properties.SourceGenerator.dll"
-analyzer:"C:/Program Files/Unity/Hub/Editor/6000.5.3f1/Editor/Data/Tools/BuildPipeline/Unity.SourceGenerators/Unity.SourceGenerators.dll"
-analyzer:"C:/Program Files/Unity/Hub/Editor/6000.5.3f1/Editor/Data/Tools/BuildPipeline/Unity.SourceGenerators/Unity.UIToolkit.SourceGenerator.dll"
"Assets/DMT321/SimpleDigitalTwin/Scripts/MockTemperatureSensor.cs"
"Assets/DMT321/SimpleDigitalTwin/Scripts/TemperatureTwinView.cs"
-langversion:9.0
/deterministic
/optimize+
/debug:portable
/nologo
/RuntimeMetadataVersion:v4.0.30319
/nowarn:0169
/nowarn:0649
/nowarn:0282
/nowarn:1701
/nowarn:1702
/utf8output
/preferreduilang:en-US
/additionalfile:"Library/Bee/artifacts/1900b0aE.dag/Assembly-CSharp.UnityAdditionalFile.txt"
##### Custom Environment Variables
DOTNET_HOST_PATH=C:\Program Files\Unity\Hub\Editor\6000.5.3f1\Editor\Data\DotNetSdk\dotnet.exe
DOTNET_MULTILEVEL_LOOKUP=0
##### ExitCode
1
##### Output
Assets\DMT321\SimpleDigitalTwin\Scripts\TemperatureTwinView.cs(93,17): error CS0103: The name 'IndicatorPivotTransform' does not exist in the current context

Assets\DMT321\SimpleDigitalTwin\Scripts\TemperatureTwinView.cs(102,62): error CS1503: Argument 1: cannot convert from 'UnityEngine.Vector3' to 'float'
*** Tundra build failed (0.19 seconds), 1 items updated, 214 evaluated

Asset Pipeline Refresh (id=b6ff49b2300eacf4cbf27269fe83f62b): Total: 0.318 seconds - Initiated by RefreshV2(AllowForceSynchronousImport)
	(Values over 0.05ms)
	Summary:
		Imports: total=0 (actual=0, local cache=0, cache server=0)
		Asset DB Process Time: managed=0 ms, native=17 ms
		Asset DB Callback time: managed=0 ms, native=1 ms
		Scripting: domain reloads=0, domain reload time=0 ms, compile time=298 ms, other=0 ms
		Project Asset Count: scripts=135, non-scripts=91
		Asset File Changes: new=0, changed=1, moved=0, deleted=0
		Scan Filter Count: 0
	InvokePackagesCallback: 1.267ms
	Scan: 8.630ms
	Collect global state as custom dependencies: 0.058ms
	ProcessAssetsWithTransientArtifactChanges: 0.084ms
	CategorizeAssets: 0.197ms
	CompileScripts: 298.432ms
	ImportOutOfDateAssets: 1.768ms (0.631ms without children)
		UnloadImportedAssets: 0.203ms
		ImportSchedulerStart: 0.895ms
	PostProcessAllAssets: 0.573ms
		MonoPostProcessAllAssets: 0.401ms
			AssetChangedListener.OnPostprocessAllAssets 0.067ms
			AssetPostprocessor.OnPostprocessAllAssets 0.061ms
	PostAssetChangesProfiler: 0.327ms
	Untracked: 6.241ms

EditorHelper: Unable to use the external script editor. Trying the internal script editor now.
EditorHelper: Unable to use the external script editor. Trying the internal script editor now.
GUILayout: Mismatched LayoutGroup.mouseUp
[Worker0] Imported GUID: 6264e5f1711ac4989bd0527676f9a0f6 - Path: Assets/DMT321/SimpleDigitalTwin/Scripts/TemperatureTwinView.cs - Importer: PreviewImporter -> (ImportResultId: 'edf697b79f5829416be2d2e3d0b02f30') in 0.0034643 seconds
EditorHelper: Unable to use the external script editor. Trying the internal script editor now.
[ScriptCompilation] Requested script compilation because: AssetDatabase observed changes in script compilation related files
[Licensing::Client] Successfully resolved entitlement details
info: Microsoft.AspNetCore.Hosting.Diagnostics[1]
      Request starting HTTP/2 POST http://ilpp/UnityILPP.PostProcessing/Ping - application/grpc -
info: Microsoft.AspNetCore.Routing.EndpointMiddleware[0]
      Executing endpoint 'gRPC - /UnityILPP.PostProcessing/Ping'
info: Microsoft.AspNetCore.Routing.EndpointMiddleware[1]
      Executed endpoint 'gRPC - /UnityILPP.PostProcessing/Ping'
info: Microsoft.AspNetCore.Hosting.Diagnostics[2]
      Request finished HTTP/2 POST http://ilpp/UnityILPP.PostProcessing/Ping - 200 - application/grpc 0.2143ms
Starting: C:\Program Files\Unity\Hub\Editor\6000.5.3f1\Editor\Data\Tools\BuildPipeline\bee_backend.exe --ipc --defer-dag-verification --dagfile="Library/Bee/1900b0aE.dag" --continue-on-failure --profile="Library/Bee/backend1.traceevents" ScriptAssemblies
WorkingDir: C:/Users/MTA-403/Desktop/DMT321_Lab01_Unity6.5
## Script Compilation Error for: Csc Library/Bee/artifacts/1900b0aE.dag/Assembly-CSharp.dll (+2 others)
## CmdLine: "C:\Program Files\Unity\Hub\Editor\6000.5.3f1\Editor\Data\DotNetSdk\dotnet.exe" exec "C:/Program Files/Unity/Hub/Editor/6000.5.3f1/Editor/Data/DotNetSdk/sdk/8.0.318/Roslyn/bincore/csc.dll" /nostdlib /noconfig /shared "@Library/Bee/artifacts/1900b0aE.dag/Assembly-CSharp.rsp" "@Library/Bee/artifacts/1900b0aE.dag/Assembly-CSharp.rsp2"
## Output:
Assets\DMT321\SimpleDigitalTwin\Scripts\TemperatureTwinView.cs(93,17): error CS0103: The name 'IndicatorPivotTransform' does not exist in the current context

Assets\DMT321\SimpleDigitalTwin\Scripts\TemperatureTwinView.cs(93,17): error CS0103: The name 'IndicatorPivotTransform' does not exist in the current context
ExitCode: 3 Duration: 0s221ms
[211/214    0s] Csc Library/Bee/artifacts/1900b0aE.dag/Assembly-CSharp.dll (+2 others)
##### CommandLine
"C:\Program Files\Unity\Hub\Editor\6000.5.3f1\Editor\Data\DotNetSdk\dotnet.exe" exec "C:/Program Files/Unity/Hub/Editor/6000.5.3f1/Editor/Data/DotNetSdk/sdk/8.0.318/Roslyn/bincore/csc.dll" /nostdlib /noconfig /shared "@Library/Bee/artifacts/1900b0aE.dag/Assembly-CSharp.rsp" "@Library/Bee/artifacts/1900b0aE.dag/Assembly-CSharp.rsp2"
##### Contents of Library\Bee\artifacts\1900b0aE.dag\Assembly-CSharp.rsp
-target:library
-out:"Library/Bee/artifacts/1900b0aE.dag/Assembly-CSharp.dll"
-refout:"Library/Bee/artifacts/1900b0aE.dag/Assembly-CSharp.ref.dll"
-define:UNITY_6000_5_3
-define:UNITY_6000_5
-define:UNITY_6000
-define:UNITY_5_3_OR_NEWER
-define:UNITY_5_4_OR_NEWER
-define:UNITY_5_5_OR_NEWER
-define:UNITY_5_6_OR_NEWER
-define:UNITY_2017_1_OR_NEWER
-define:UNITY_2017_2_OR_NEWER
-define:UNITY_2017_3_OR_NEWER
-define:UNITY_2017_4_OR_NEWER
-define:UNITY_2018_1_OR_NEWER
-define:UNITY_2018_2_OR_NEWER
-define:UNITY_2018_3_OR_NEWER
-define:UNITY_2018_4_OR_NEWER
-define:UNITY_2019_1_OR_NEWER
-define:UNITY_2019_2_OR_NEWER
-define:UNITY_2019_3_OR_NEWER
-define:UNITY_2019_4_OR_NEWER
-define:UNITY_2020_1_OR_NEWER
-define:UNITY_2020_2_OR_NEWER
-define:UNITY_2020_3_OR_NEWER
-define:UNITY_2021_1_OR_NEWER
-define:UNITY_2021_2_OR_NEWER
-define:UNITY_2021_3_OR_NEWER
-define:UNITY_2022_1_OR_NEWER
-define:UNITY_2022_2_OR_NEWER
-define:UNITY_2022_3_OR_NEWER
-define:UNITY_2023_1_OR_NEWER
-define:UNITY_2023_2_OR_NEWER
-define:UNITY_2023_3_OR_NEWER
-define:UNITY_6000_0_OR_NEWER
-define:UNITY_6000_1_OR_NEWER
-define:UNITY_6000_2_OR_NEWER
-define:UNITY_6000_3_OR_NEWER
-define:UNITY_6000_4_OR_NEWER
-define:UNITY_6000_5_OR_NEWER
-define:PLATFORM_ARCH_64
-define:UNITY_64
-define:UNITY_INCLUDE_TESTS
-define:ENABLE_AR
-define:ENABLE_AUDIO
-define:ENABLE_AUDIO_SCRIPTABLE_PIPELINE
-define:ENABLE_CACHING
-define:ENABLE_CLOTH
-define:ENABLE_EVENT_QUEUE
-define:ENABLE_MICROPHONE
-define:ENABLE_MULTIPLE_DISPLAYS
-define:ENABLE_PHYSICS
-define:ENABLE_TEXTURE_STREAMING
-define:ENABLE_VIRTUALTEXTURING
-define:ENABLE_LZMA
-define:ENABLE_UNITYEVENTS
-define:ENABLE_VR
-define:ENABLE_WEBCAM
-define:ENABLE_UNITYWEBREQUEST
-define:ENABLE_WWW
-define:ENABLE_CLOUD_SERVICES
-define:ENABLE_CLOUD_SERVICES_ADS
-define:ENABLE_CLOUD_SERVICES_USE_WEBREQUEST
-define:ENABLE_UNITY_CONSENT
-define:ENABLE_UNITY_CLOUD_IDENTIFIERS
-define:ENABLE_CLOUD_SERVICES_CRASH_REPORTING
-define:ENABLE_CLOUD_SERVICES_NATIVE_CRASH_REPORTING
-define:ENABLE_CLOUD_SERVICES_PURCHASING
-define:ENABLE_CLOUD_SERVICES_ANALYTICS
-define:ENABLE_CLOUD_SERVICES_BUILD
-define:ENABLE_EDITOR_GAME_SERVICES
-define:ENABLE_UNITY_GAME_SERVICES_ANALYTICS_SUPPORT
-define:ENABLE_CLOUD_LICENSE
-define:ENABLE_EDITOR_HUB_LICENSE
-define:ENABLE_WEBSOCKET_CLIENT
-define:ENABLE_GENERATE_NATIVE_PLUGINS_FOR_ASSEMBLIES_API
-define:ENABLE_DIRECTOR_AUDIO
-define:ENABLE_DIRECTOR_TEXTURE
-define:ENABLE_MANAGED_JOBS
-define:ENABLE_MANAGED_TRANSFORM_JOBS
-define:ENABLE_MANAGED_ANIMATION_JOBS
-define:ENABLE_MANAGED_AUDIO_JOBS
-define:ENABLE_MANAGED_UNITYTLS
-define:INCLUDE_DYNAMIC_GI
-define:ENABLE_SCRIPTING_GC_WBARRIERS
-define:PLATFORM_SUPPORTS_MONO
-define:RENDER_SOFTWARE_CURSOR
-define:ENABLE_MARSHALLING_TESTS
-define:ENABLE_VIDEO
-define:ENABLE_NAVIGATION_OFFMESHLINK_TO_NAVMESHLINK
-define:ENABLE_ACCELERATOR_CLIENT_DEBUGGING
-define:ENABLE_ACCESSIBILITY_SCREEN_READER
-define:TEXTCORE_1_0_OR_NEWER
-define:EDITOR_ONLY_NAVMESH_BUILDER_DEPRECATED
-define:PLATFORM_STANDALONE_WIN
-define:PLATFORM_STANDALONE
-define:UNITY_STANDALONE_WIN
-define:UNITY_STANDALONE
-define:ENABLE_RUNTIME_GI
-define:ENABLE_MOVIES
-define:ENABLE_NETWORK
-define:ENABLE_NVIDIA
-define:ENABLE_AMD
-define:ENABLE_CRUNCH_TEXTURE_COMPRESSION
-define:ENABLE_CLOUD_SERVICES_ENGINE_DIAGNOSTICS
-define:ENABLE_OUT_OF_PROCESS_CRASH_HANDLER
-define:ENABLE_CLUSTER_SYNC
-define:ENABLE_CLUSTERINPUT
-define:PLATFORM_UPDATES_TIME_OUTSIDE_OF_PLAYER_LOOP
-define:GFXDEVICE_WAITFOREVENT_MESSAGEPUMP
-define:PLATFORM_USES_EXPLICIT_MEMORY_MANAGER_INITIALIZER
-define:PLATFORM_SUPPORTS_WAIT_FOR_PRESENTATION
-define:PLATFORM_SUPPORTS_SPLIT_GRAPHICS_JOBS
-define:PLATFORM_USES_VULKAN_OLD_SWAPCHAIN
-define:USE_READ_ASYNC_MANAGED_API
-define:ENABLE_MONO
-define:NET_STANDARD_2_0
-define:NET_STANDARD
-define:NET_STANDARD_2_1
-define:NETSTANDARD
-define:NETSTANDARD2_1
-define:ENABLE_PROFILER
-define:DEBUG
-define:TRACE
-define:UNITY_ASSERTIONS
-define:UNITY_EDITOR
-define:UNITY_EDITOR_64
-define:UNITY_EDITOR_WIN
-define:ENABLE_UNITY_COLLECTIONS_CHECKS
-define:ENABLE_BURST_AOT
-define:UNITY_TEAM_LICENSE
-define:ENABLE_CUSTOM_RENDER_TEXTURE
-define:ENABLE_DIRECTOR
-define:ENABLE_LOCALIZATION
-define:ENABLE_SPRITES
-define:ENABLE_TERRAIN
-define:ENABLE_TILEMAP
-define:ENABLE_TIMELINE
-define:ENABLE_LEGACY_INPUT_MANAGER
-define:TEXTCORE_FONT_ENGINE_1_5_OR_NEWER
-define:TEXTCORE_TEXT_ENGINE_1_5_OR_NEWER
-define:TEXTCORE_FONT_ENGINE_1_6_OR_NEWER
-define:CSHARP_7_OR_LATER
-define:CSHARP_7_3_OR_NEWER
-r:"C:/Program Files/Unity/Hub/Editor/6000.5.3f1/Editor/Data/BCLExtensions/TargetingPacks/netstandard2.1/ref/Microsoft.Bcl.AsyncInterfaces.dll"
-r:"C:/Program Files/Unity/Hub/Editor/6000.5.3f1/Editor/Data/BCLExtensions/TargetingPacks/netstandard2.1/ref/Microsoft.Extensions.DependencyInjection.Abstractions.dll"
-r:"C:/Program Files/Unity/Hub/Editor/6000.5.3f1/Editor/Data/BCLExtensions/TargetingPacks/netstandard2.1/ref/Microsoft.Extensions.Logging.Abstractions.dll"
-r:"C:/Program Files/Unity/Hub/Editor/6000.5.3f1/Editor/Data/BCLExtensions/TargetingPacks/netstandard2.1/ref/System.Collections.Immutable.dll"
-r:"C:/Program Files/Unity/Hub/Editor/6000.5.3f1/Editor/Data/BCLExtensions/TargetingPacks/netstandard2.1/ref/System.Diagnostics.DiagnosticSource.dll"
-r:"C:/Program Files/Unity/Hub/Editor/6000.5.3f1/Editor/Data/BCLExtensions/TargetingPacks/netstandard2.1/ref/System.IO.Hashing.dll"
-r:"C:/Program Files/Unity/Hub/Editor/6000.5.3f1/Editor/Data/BCLExtensions/TargetingPacks/netstandard2.1/ref/System.Reflection.Metadata.dll"
-r:"C:/Program Files/Unity/Hub/Editor/6000.5.3f1/Editor/Data/BCLExtensions/TargetingPacks/netstandard2.1/ref/System.Runtime.CompilerServices.Unsafe.dll"
-r:"C:/Program Files/Unity/Hub/Editor/6000.5.3f1/Editor/Data/BCLExtensions/TargetingPacks/netstandard2.1/ref/System.Text.Encodings.Web.dll"
-r:"C:/Program Files/Unity/Hub/Editor/6000.5.3f1/Editor/Data/BCLExtensions/TargetingPacks/netstandard2.1/ref/System.Text.Json.dll"
-r:"C:/Program Files/Unity/Hub/Editor/6000.5.3f1/Editor/Data/Managed/UnityEngine/Unity.Scripting.dll"
-r:"C:/Program Files/Unity/Hub/Editor/6000.5.3f1/Editor/Data/Managed/UnityEngine/UnityEditor.AIModule.dll"
-r:"C:/Program Files/Unity/Hub/Editor/6000.5.3f1/Editor/Data/Managed/UnityEngine/UnityEditor.AccessibilityModule.dll"
-r:"C:/Program Files/Unity/Hub/Editor/6000.5.3f1/Editor/Data/Managed/UnityEngine/UnityEditor.AdaptivePerformanceModule.dll"
-r:"C:/Program Files/Unity/Hub/Editor/6000.5.3f1/Editor/Data/Managed/UnityEngine/UnityEditor.AssetComplianceModule.dll"
-r:"C:/Program Files/Unity/Hub/Editor/6000.5.3f1/Editor/Data/Managed/UnityEngine/UnityEditor.BuildProfileModule.dll"
-r:"C:/Program Files/Unity/Hub/Editor/6000.5.3f1/Editor/Data/Managed/UnityEngine/UnityEditor.ClothModule.dll"
-r:"C:/Program Files/Unity/Hub/Editor/6000.5.3f1/Editor/Data/Managed/UnityEngine/UnityEditor.ContentLoadModule.dll"
-r:"C:/Program Files/Unity/Hub/Editor/6000.5.3f1/Editor/Data/Managed/UnityEngine/UnityEditor.CoreBusinessMetricsModule.dll"
-r:"C:/Program Files/Unity/Hub/Editor/6000.5.3f1/Editor/Data/Managed/UnityEngine/UnityEditor.CoreModule.dll"
-r:"C:/Program Files/Unity/Hub/Editor/6000.5.3f1/Editor/Data/Managed/UnityEngine/UnityEditor.DeviceSimulatorModule.dll"
-r:"C:/Program Files/Unity/Hub/Editor/6000.5.3f1/Editor/Data/Managed/UnityEngine/UnityEditor.DiagnosticsModule.dll"
-r:"C:/Program Files/Unity/Hub/Editor/6000.5.3f1/Editor/Data/Managed/UnityEngine/UnityEditor.EditorToolbarModule.dll"
-r:"C:/Program Files/Unity/Hub/Editor/6000.5.3f1/Editor/Data/Managed/UnityEngine/UnityEditor.EmbreeModule.dll"
-r:"C:/Program Files/Unity/Hub/Editor/6000.5.3f1/Editor/Data/Managed/UnityEngine/UnityEditor.GIModule.dll"
-r:"C:/Program Files/Unity/Hub/Editor/6000.5.3f1/Editor/Data/Managed/UnityEngine/UnityEditor.GenericRemoteModule.dll"
-r:"C:/Program Files/Unity/Hub/Editor/6000.5.3f1/Editor/Data/Managed/UnityEngine/UnityEditor.GraphToolkitModule.dll"
-r:"C:/Program Files/Unity/Hub/Editor/6000.5.3f1/Editor/Data/Managed/UnityEngine/UnityEditor.GraphViewModule.dll"
-r:"C:/Program Files/Unity/Hub/Editor/6000.5.3f1/Editor/Data/Managed/UnityEngine/UnityEditor.GraphicsStateCollectionSerializerModule.dll"
-r:"C:/Program Files/Unity/Hub/Editor/6000.5.3f1/Editor/Data/Managed/UnityEngine/UnityEditor.GridAndSnapModule.dll"
-r:"C:/Program Files/Unity/Hub/Editor/6000.5.3f1/Editor/Data/Managed/UnityEngine/UnityEditor.GridModule.dll"
-r:"C:/Program Files/Unity/Hub/Editor/6000.5.3f1/Editor/Data/Managed/UnityEngine/UnityEditor.HierarchyModule.dll"
-r:"C:/Program Files/Unity/Hub/Editor/6000.5.3f1/Editor/Data/Managed/UnityEngine/UnityEditor.LightingModule.dll"
-r:"C:/Program Files/Unity/Hub/Editor/6000.5.3f1/Editor/Data/Managed/UnityEngine/UnityEditor.MathematicsModule.dll"
-r:"C:/Program Files/Unity/Hub/Editor/6000.5.3f1/Editor/Data/Managed/UnityEngine/UnityEditor.MediaModule.dll"
-r:"C:/Program Files/Unity/Hub/Editor/6000.5.3f1/Editor/Data/Managed/UnityEngine/UnityEditor.MultiplayerModule.dll"
-r:"C:/Program Files/Unity/Hub/Editor/6000.5.3f1/Editor/Data/Managed/UnityEngine/UnityEditor.Physics2DModule.dll"
-r:"C:/Program Files/Unity/Hub/Editor/6000.5.3f1/Editor/Data/Managed/UnityEngine/UnityEditor.PhysicsCore2DModule.dll"
-r:"C:/Program Files/Unity/Hub/Editor/6000.5.3f1/Editor/Data/Managed/UnityEngine/UnityEditor.PhysicsModule.dll"
-r:"C:/Program Files/Unity/Hub/Editor/6000.5.3f1/Editor/Data/Managed/UnityEngine/UnityEditor.PlayModeModule.dll"
-r:"C:/Program Files/Unity/Hub/Editor/6000.5.3f1/Editor/Data/Managed/UnityEngine/UnityEditor.PresetsUIModule.dll"
-r:"C:/Program Files/Unity/Hub/Editor/6000.5.3f1/Editor/Data/Managed/UnityEngine/UnityEditor.ProjectAuditorModule.dll"
-r:"C:/Program Files/Unity/Hub/Editor/6000.5.3f1/Editor/Data/Managed/UnityEngine/UnityEditor.PropertiesModule.dll"
-r:"C:/Program Files/Unity/Hub/Editor/6000.5.3f1/Editor/Data/Managed/UnityEngine/UnityEditor.QuickInstallModule.dll"
-r:"C:/Program Files/Unity/Hub/Editor/6000.5.3f1/Editor/Data/Managed/UnityEngine/UnityEditor.QuickSearchModule.dll"
-r:"C:/Program Files/Unity/Hub/Editor/6000.5.3f1/Editor/Data/Managed/UnityEngine/UnityEditor.SafeModeModule.dll"
-r:"C:/Program Files/Unity/Hub/Editor/6000.5.3f1/Editor/Data/Managed/UnityEngine/UnityEditor.SceneTemplateModule.dll"
-r:"C:/Program Files/Unity/Hub/Editor/6000.5.3f1/Editor/Data/Managed/UnityEngine/UnityEditor.SceneViewModule.dll"
-r:"C:/Program Files/Unity/Hub/Editor/6000.5.3f1/Editor/Data/Managed/UnityEngine/UnityEditor.ShaderBuildSettingsModule.dll"
-r:"C:/Program Files/Unity/Hub/Editor/6000.5.3f1/Editor/Data/Managed/UnityEngine/UnityEditor.ShaderCompilationModule.dll"
-r:"C:/Program Files/Unity/Hub/Editor/6000.5.3f1/Editor/Data/Managed/UnityEngine/UnityEditor.ShaderFoundryModule.dll"
-r:"C:/Program Files/Unity/Hub/Editor/6000.5.3f1/Editor/Data/Managed/UnityEngine/UnityEditor.SketchUpModule.dll"
-r:"C:/Program Files/Unity/Hub/Editor/6000.5.3f1/Editor/Data/Managed/UnityEngine/UnityEditor.SpriteMaskModule.dll"
-r:"C:/Program Files/Unity/Hub/Editor/6000.5.3f1/Editor/Data/Managed/UnityEngine/UnityEditor.SpriteShapeModule.dll"
-r:"C:/Program Files/Unity/Hub/Editor/6000.5.3f1/Editor/Data/Managed/UnityEngine/UnityEditor.SubstanceModule.dll"
-r:"C:/Program Files/Unity/Hub/Editor/6000.5.3f1/Editor/Data/Managed/UnityEngine/UnityEditor.TerrainModule.dll"
-r:"C:/Program Files/Unity/Hub/Editor/6000.5.3f1/Editor/Data/Managed/UnityEngine/UnityEditor.TextCoreFontEngineModule.dll"
-r:"C:/Program Files/Unity/Hub/Editor/6000.5.3f1/Editor/Data/Managed/UnityEngine/UnityEditor.TextCoreTextEngineModule.dll"
-r:"C:/Program Files/Unity/Hub/Editor/6000.5.3f1/Editor/Data/Managed/UnityEngine/UnityEditor.TextRenderingModule.dll"
-r:"C:/Program Files/Unity/Hub/Editor/6000.5.3f1/Editor/Data/Managed/UnityEngine/UnityEditor.TilemapModule.dll"
-r:"C:/Program Files/Unity/Hub/Editor/6000.5.3f1/Editor/Data/Managed/UnityEngine/UnityEditor.TreeModule.dll"
-r:"C:/Program Files/Unity/Hub/Editor/6000.5.3f1/Editor/Data/Managed/UnityEngine/UnityEditor.U2DModule.dll"
-r:"C:/Program Files/Unity/Hub/Editor/6000.5.3f1/Editor/Data/Managed/UnityEngine/UnityEditor.UIAutomationModule.dll"
-r:"C:/Program Files/Unity/Hub/Editor/6000.5.3f1/Editor/Data/Managed/UnityEngine/UnityEditor.UIBuilderModule.dll"
-r:"C:/Program Files/Unity/Hub/Editor/6000.5.3f1/Editor/Data/Managed/UnityEngine/UnityEditor.UIElementsModule.dll"
-r:"C:/Program Files/Unity/Hub/Editor/6000.5.3f1/Editor/Data/Managed/UnityEngine/UnityEditor.UIElementsSamplesModule.dll"
-r:"C:/Program Files/Unity/Hub/Editor/6000.5.3f1/Editor/Data/Managed/UnityEngine/UnityEditor.UIToolkitAuthoringModule.dll"
-r:"C:/Program Files/Unity/Hub/Editor/6000.5.3f1/Editor/Data/Managed/UnityEngine/UnityEditor.UmbraModule.dll"
-r:"C:/Program Files/Unity/Hub/Editor/6000.5.3f1/Editor/Data/Managed/UnityEngine/UnityEditor.UnityConnectModule.dll"
-r:"C:/Program Files/Unity/Hub/Editor/6000.5.3f1/Editor/Data/Managed/UnityEngine/UnityEditor.VFXModule.dll"
-r:"C:/Program Files/Unity/Hub/Editor/6000.5.3f1/Editor/Data/Managed/UnityEngine/UnityEditor.VectorGraphicsModule.dll"
-r:"C:/Program Files/Unity/Hub/Editor/6000.5.3f1/Editor/Data/Managed/UnityEngine/UnityEditor.VideoModule.dll"
-r:"C:/Program Files/Unity/Hub/Editor/6000.5.3f1/Editor/Data/Managed/UnityEngine/UnityEditor.XRModule.dll"
-r:"C:/Program Files/Unity/Hub/Editor/6000.5.3f1/Editor/Data/Managed/UnityEngine/UnityEditor.dll"
-r:"C:/Program Files/Unity/Hub/Editor/6000.5.3f1/Editor/Data/Managed/UnityEngine/UnityEngine.ARModule.dll"
-r:"C:/Program Files/Unity/Hub/Editor/6000.5.3f1/Editor/Data/Managed/UnityEngine/UnityEngine.AudioModule.dll"
-r:"C:/Program Files/Unity/Hub/Editor/6000.5.3f1/Editor/Data/Managed/UnityEngine/UnityEngine.ClusterInputModule.dll"
-r:"C:/Program Files/Unity/Hub/Editor/6000.5.3f1/Editor/Data/Managed/UnityEngine/UnityEngine.ClusterRendererModule.dll"
-r:"C:/Program Files/Unity/Hub/Editor/6000.5.3f1/Editor/Data/Managed/UnityEngine/UnityEngine.ContentLoadModule.dll"
-r:"C:/Program Files/Unity/Hub/Editor/6000.5.3f1/Editor/Data/Managed/UnityEngine/UnityEngine.CoreModule.dll"
-r:"C:/Program Files/Unity/Hub/Editor/6000.5.3f1/Editor/Data/Managed/UnityEngine/UnityEngine.CrashReportingModule.dll"
-r:"C:/Program Files/Unity/Hub/Editor/6000.5.3f1/Editor/Data/Managed/UnityEngine/UnityEngine.DSPGraphModule.dll"
-r:"C:/Program Files/Unity/Hub/Editor/6000.5.3f1/Editor/Data/Managed/UnityEngine/UnityEngine.GIModule.dll"
-r:"C:/Program Files/Unity/Hub/Editor/6000.5.3f1/Editor/Data/Managed/UnityEngine/UnityEngine.GameCenterModule.dll"
-r:"C:/Program Files/Unity/Hub/Editor/6000.5.3f1/Editor/Data/Managed/UnityEngine/UnityEngine.GraphicsStateCollectionSerializerModule.dll"
-r:"C:/Program Files/Unity/Hub/Editor/6000.5.3f1/Editor/Data/Managed/UnityEngine/UnityEngine.GridModule.dll"
-r:"C:/Program Files/Unity/Hub/Editor/6000.5.3f1/Editor/Data/Managed/UnityEngine/UnityEngine.HotReloadModule.dll"
-r:"C:/Program Files/Unity/Hub/Editor/6000.5.3f1/Editor/Data/Managed/UnityEngine/UnityEngine.IMGUIModule.dll"
-r:"C:/Program Files/Unity/Hub/Editor/6000.5.3f1/Editor/Data/Managed/UnityEngine/UnityEngine.IdentifiersModule.dll"
-r:"C:/Program Files/Unity/Hub/Editor/6000.5.3f1/Editor/Data/Managed/UnityEngine/UnityEngine.ImageConversionModule.dll"
-r:"C:/Program Files/Unity/Hub/Editor/6000.5.3f1/Editor/Data/Managed/UnityEngine/UnityEngine.InputForUIModule.dll"
-r:"C:/Program Files/Unity/Hub/Editor/6000.5.3f1/Editor/Data/Managed/UnityEngine/UnityEngine.InputLegacyModule.dll"
-r:"C:/Program Files/Unity/Hub/Editor/6000.5.3f1/Editor/Data/Managed/UnityEngine/UnityEngine.InputModule.dll"
-r:"C:/Program Files/Unity/Hub/Editor/6000.5.3f1/Editor/Data/Managed/UnityEngine/UnityEngine.InsightsModule.dll"
-r:"C:/Program Files/Unity/Hub/Editor/6000.5.3f1/Editor/Data/Managed/UnityEngine/UnityEngine.LocalizationModule.dll"
-r:"C:/Program Files/Unity/Hub/Editor/6000.5.3f1/Editor/Data/Managed/UnityEngine/UnityEngine.MarshallingModule.dll"
-r:"C:/Program Files/Unity/Hub/Editor/6000.5.3f1/Editor/Data/Managed/UnityEngine/UnityEngine.MathematicsModule.dll"
-r:"C:/Program Files/Unity/Hub/Editor/6000.5.3f1/Editor/Data/Managed/UnityEngine/UnityEngine.MultiplayerModule.dll"
-r:"C:/Program Files/Unity/Hub/Editor/6000.5.3f1/Editor/Data/Managed/UnityEngine/UnityEngine.PerformanceReportingModule.dll"
-r:"C:/Program Files/Unity/Hub/Editor/6000.5.3f1/Editor/Data/Managed/UnityEngine/UnityEngine.Physics2DModule.dll"
-r:"C:/Program Files/Unity/Hub/Editor/6000.5.3f1/Editor/Data/Managed/UnityEngine/UnityEngine.PhysicsBackendPhysXModule.dll"
-r:"C:/Program Files/Unity/Hub/Editor/6000.5.3f1/Editor/Data/Managed/UnityEngine/UnityEngine.PhysicsCore2DModule.dll"
-r:"C:/Program Files/Unity/Hub/Editor/6000.5.3f1/Editor/Data/Managed/UnityEngine/UnityEngine.PhysicsModule.dll"
-r:"C:/Program Files/Unity/Hub/Editor/6000.5.3f1/Editor/Data/Managed/UnityEngine/UnityEngine.PropertiesModule.dll"
-r:"C:/Program Files/Unity/Hub/Editor/6000.5.3f1/Editor/Data/Managed/UnityEngine/UnityEngine.RenderAs2DModule.dll"
-r:"C:/Program Files/Unity/Hub/Editor/6000.5.3f1/Editor/Data/Managed/UnityEngine/UnityEngine.RuntimeInitializeOnLoadManagerInitializerModule.dll"
-r:"C:/Program Files/Unity/Hub/Editor/6000.5.3f1/Editor/Data/Managed/UnityEngine/UnityEngine.ScriptingModule.dll"
-r:"C:/Program Files/Unity/Hub/Editor/6000.5.3f1/Editor/Data/Managed/UnityEngine/UnityEngine.ShaderVariantAnalyticsModule.dll"
-r:"C:/Program Files/Unity/Hub/Editor/6000.5.3f1/Editor/Data/Managed/UnityEngine/UnityEngine.SharedInternalsModule.dll"
-r:"C:/Program Files/Unity/Hub/Editor/6000.5.3f1/Editor/Data/Managed/UnityEngine/UnityEngine.SpriteMaskModule.dll"
-r:"C:/Program Files/Unity/Hub/Editor/6000.5.3f1/Editor/Data/Managed/UnityEngine/UnityEngine.SpriteShapeModule.dll"
-r:"C:/Program Files/Unity/Hub/Editor/6000.5.3f1/Editor/Data/Managed/UnityEngine/UnityEngine.StreamingModule.dll"
-r:"C:/Program Files/Unity/Hub/Editor/6000.5.3f1/Editor/Data/Managed/UnityEngine/UnityEngine.SubstanceModule.dll"
-r:"C:/Program Files/Unity/Hub/Editor/6000.5.3f1/Editor/Data/Managed/UnityEngine/UnityEngine.TLSModule.dll"
-r:"C:/Program Files/Unity/Hub/Editor/6000.5.3f1/Editor/Data/Managed/UnityEngine/UnityEngine.TextCoreFontEngineModule.dll"
-r:"C:/Program Files/Unity/Hub/Editor/6000.5.3f1/Editor/Data/Managed/UnityEngine/UnityEngine.TextCoreTextEngineModule.dll"
-r:"C:/Program Files/Unity/Hub/Editor/6000.5.3f1/Editor/Data/Managed/UnityEngine/UnityEngine.TextRenderingModule.dll"
-r:"C:/Program Files/Unity/Hub/Editor/6000.5.3f1/Editor/Data/Managed/UnityEngine/UnityEngine.U2DRuntimeModule.dll"
-r:"C:/Program Files/Unity/Hub/Editor/6000.5.3f1/Editor/Data/Managed/UnityEngine/UnityEngine.UIModule.dll"
-r:"C:/Program Files/Unity/Hub/Editor/6000.5.3f1/Editor/Data/Managed/UnityEngine/UnityEngine.UnityAnalyticsCommonModule.dll"
-r:"C:/Program Files/Unity/Hub/Editor/6000.5.3f1/Editor/Data/Managed/UnityEngine/UnityEngine.UnityConnectModule.dll"
-r:"C:/Program Files/Unity/Hub/Editor/6000.5.3f1/Editor/Data/Managed/UnityEngine/UnityEngine.UnityConsentModule.dll"
-r:"C:/Program Files/Unity/Hub/Editor/6000.5.3f1/Editor/Data/Managed/UnityEngine/UnityEngine.UnityCurlModule.dll"
-r:"C:/Program Files/Unity/Hub/Editor/6000.5.3f1/Editor/Data/Managed/UnityEngine/UnityEngine.VFXModule.dll"
-r:"C:/Program Files/Unity/Hub/Editor/6000.5.3f1/Editor/Data/Managed/UnityEngine/UnityEngine.VirtualTexturingModule.dll"
-r:"C:/Program Files/Unity/Hub/Editor/6000.5.3f1/Editor/Data/Managed/UnityEngine/UnityEngine.dll"
-r:"C:/Program Files/Unity/Hub/Editor/6000.5.3f1/Editor/Data/NetStandard/Extensions/2.0.0/System.Runtime.InteropServices.WindowsRuntime.dll"
-r:"C:/Program Files/Unity/Hub/Editor/6000.5.3f1/Editor/Data/NetStandard/compat/2.1.0/shims/netfx/System.ComponentModel.Composition.dll"
-r:"C:/Program Files/Unity/Hub/Editor/6000.5.3f1/Editor/Data/NetStandard/compat/2.1.0/shims/netfx/System.Core.dll"
-r:"C:/Program Files/Unity/Hub/Editor/6000.5.3f1/Editor/Data/NetStandard/compat/2.1.0/shims/netfx/System.Data.dll"
-r:"C:/Program Files/Unity/Hub/Editor/6000.5.3f1/Editor/Data/NetStandard/compat/2.1.0/shims/netfx/System.Drawing.dll"
-r:"C:/Program Files/Unity/Hub/Editor/6000.5.3f1/Editor/Data/NetStandard/compat/2.1.0/shims/netfx/System.IO.Compression.FileSystem.dll"
-r:"C:/Program Files/Unity/Hub/Editor/6000.5.3f1/Editor/Data/NetStandard/compat/2.1.0/shims/netfx/System.Net.dll"
-r:"C:/Program Files/Unity/Hub/Editor/6000.5.3f1/Editor/Data/NetStandard/compat/2.1.0/shims/netfx/System.Numerics.dll"
-r:"C:/Program Files/Unity/Hub/Editor/6000.5.3f1/Editor/Data/NetStandard/compat/2.1.0/shims/netfx/System.Runtime.Serialization.dll"
-r:"C:/Program Files/Unity/Hub/Editor/6000.5.3f1/Editor/Data/NetStandard/compat/2.1.0/shims/netfx/System.ServiceModel.Web.dll"
-r:"C:/Program Files/Unity/Hub/Editor/6000.5.3f1/Editor/Data/NetStandard/compat/2.1.0/shims/netfx/System.Transactions.dll"
-r:"C:/Program Files/Unity/Hub/Editor/6000.5.3f1/Editor/Data/NetStandard/compat/2.1.0/shims/netfx/System.Web.dll"
-r:"C:/Program Files/Unity/Hub/Editor/6000.5.3f1/Editor/Data/NetStandard/compat/2.1.0/shims/netfx/System.Windows.dll"
-r:"C:/Program Files/Unity/Hub/Editor/6000.5.3f1/Editor/Data/NetStandard/compat/2.1.0/shims/netfx/System.Xml.Linq.dll"
-r:"C:/Program Files/Unity/Hub/Editor/6000.5.3f1/Editor/Data/NetStandard/compat/2.1.0/shims/netfx/System.Xml.Serialization.dll"
-r:"C:/Program Files/Unity/Hub/Editor/6000.5.3f1/Editor/Data/NetStandard/compat/2.1.0/shims/netfx/System.Xml.dll"
-r:"C:/Program Files/Unity/Hub/Editor/6000.5.3f1/Editor/Data/NetStandard/compat/2.1.0/shims/netfx/System.dll"
-r:"C:/Program Files/Unity/Hub/Editor/6000.5.3f1/Editor/Data/NetStandard/compat/2.1.0/shims/netfx/mscorlib.dll"
-r:"C:/Program Files/Unity/Hub/Editor/6000.5.3f1/Editor/Data/NetStandard/compat/2.1.0/shims/netstandard/Microsoft.Win32.Primitives.dll"
-r:"C:/Program Files/Unity/Hub/Editor/6000.5.3f1/Editor/Data/NetStandard/compat/2.1.0/shims/netstandard/System.AppContext.dll"
-r:"C:/Program Files/Unity/Hub/Editor/6000.5.3f1/Editor/Data/NetStandard/compat/2.1.0/shims/netstandard/System.Buffers.dll"
-r:"C:/Program Files/Unity/Hub/Editor/6000.5.3f1/Editor/Data/NetStandard/compat/2.1.0/shims/netstandard/System.Collections.Concurrent.dll"
-r:"C:/Program Files/Unity/Hub/Editor/6000.5.3f1/Editor/Data/NetStandard/compat/2.1.0/shims/netstandard/System.Collections.NonGeneric.dll"
-r:"C:/Program Files/Unity/Hub/Editor/6000.5.3f1/Editor/Data/NetStandard/compat/2.1.0/shims/netstandard/System.Collections.Specialized.dll"
-r:"C:/Program Files/Unity/Hub/Editor/6000.5.3f1/Editor/Data/NetStandard/compat/2.1.0/shims/netstandard/System.Collections.dll"
-r:"C:/Program Files/Unity/Hub/Editor/6000.5.3f1/Editor/Data/NetStandard/compat/2.1.0/shims/netstandard/System.ComponentModel.EventBasedAsync.dll"
-r:"C:/Program Files/Unity/Hub/Editor/6000.5.3f1/Editor/Data/NetStandard/compat/2.1.0/shims/netstandard/System.ComponentModel.Primitives.dll"
-r:"C:/Program Files/Unity/Hub/Editor/6000.5.3f1/Editor/Data/NetStandard/compat/2.1.0/shims/netstandard/System.ComponentModel.TypeConverter.dll"
-r:"C:/Program Files/Unity/Hub/Editor/6000.5.3f1/Editor/Data/NetStandard/compat/2.1.0/shims/netstandard/System.ComponentModel.dll"
-r:"C:/Program Files/Unity/Hub/Editor/6000.5.3f1/Editor/Data/NetStandard/compat/2.1.0/shims/netstandard/System.Console.dll"
-r:"C:/Program Files/Unity/Hub/Editor/6000.5.3f1/Editor/Data/NetStandard/compat/2.1.0/shims/netstandard/System.Data.Common.dll"
-r:"C:/Program Files/Unity/Hub/Editor/6000.5.3f1/Editor/Data/NetStandard/compat/2.1.0/shims/netstandard/System.Diagnostics.Contracts.dll"
-r:"C:/Program Files/Unity/Hub/Editor/6000.5.3f1/Editor/Data/NetStandard/compat/2.1.0/shims/netstandard/System.Diagnostics.Debug.dll"
-r:"C:/Program Files/Unity/Hub/Editor/6000.5.3f1/Editor/Data/NetStandard/compat/2.1.0/shims/netstandard/System.Diagnostics.FileVersionInfo.dll"
-r:"C:/Program Files/Unity/Hub/Editor/6000.5.3f1/Editor/Data/NetStandard/compat/2.1.0/shims/netstandard/System.Diagnostics.Process.dll"
-r:"C:/Program Files/Unity/Hub/Editor/6000.5.3f1/Editor/Data/NetStandard/compat/2.1.0/shims/netstandard/System.Diagnostics.StackTrace.dll"
-r:"C:/Program Files/Unity/Hub/Editor/6000.5.3f1/Editor/Data/NetStandard/compat/2.1.0/shims/netstandard/System.Diagnostics.TextWriterTraceListener.dll"
-r:"C:/Program Files/Unity/Hub/Editor/6000.5.3f1/Editor/Data/NetStandard/compat/2.1.0/shims/netstandard/System.Diagnostics.Tools.dll"
-r:"C:/Program Files/Unity/Hub/Editor/6000.5.3f1/Editor/Data/NetStandard/compat/2.1.0/shims/netstandard/System.Diagnostics.TraceSource.dll"
-r:"C:/Program Files/Unity/Hub/Editor/6000.5.3f1/Editor/Data/NetStandard/compat/2.1.0/shims/netstandard/System.Diagnostics.Tracing.dll"
-r:"C:/Program Files/Unity/Hub/Editor/6000.5.3f1/Editor/Data/NetStandard/compat/2.1.0/shims/netstandard/System.Drawing.Primitives.dll"
-r:"C:/Program Files/Unity/Hub/Editor/6000.5.3f1/Editor/Data/NetStandard/compat/2.1.0/shims/netstandard/System.Dynamic.Runtime.dll"
-r:"C:/Program Files/Unity/Hub/Editor/6000.5.3f1/Editor/Data/NetStandard/compat/2.1.0/shims/netstandard/System.Globalization.Calendars.dll"
-r:"C:/Program Files/Unity/Hub/Editor/6000.5.3f1/Editor/Data/NetStandard/compat/2.1.0/shims/netstandard/System.Globalization.Extensions.dll"
-r:"C:/Program Files/Unity/Hub/Editor/6000.5.3f1/Editor/Data/NetStandard/compat/2.1.0/shims/netstandard/System.Globalization.dll"
-r:"C:/Program Files/Unity/Hub/Editor/6000.5.3f1/Editor/Data/NetStandard/compat/2.1.0/shims/netstandard/System.IO.Compression.ZipFile.dll"
-r:"C:/Program Files/Unity/Hub/Editor/6000.5.3f1/Editor/Data/NetStandard/compat/2.1.0/shims/netstandard/System.IO.Compression.dll"
-r:"C:/Program Files/Unity/Hub/Editor/6000.5.3f1/Editor/Data/NetStandard/compat/2.1.0/shims/netstandard/System.IO.FileSystem.DriveInfo.dll"
-r:"C:/Program Files/Unity/Hub/Editor/6000.5.3f1/Editor/Data/NetStandard/compat/2.1.0/shims/netstandard/System.IO.FileSystem.Primitives.dll"
-r:"C:/Program Files/Unity/Hub/Editor/6000.5.3f1/Editor/Data/NetStandard/compat/2.1.0/shims/netstandard/System.IO.FileSystem.Watcher.dll"
-r:"C:/Program Files/Unity/Hub/Editor/6000.5.3f1/Editor/Data/NetStandard/compat/2.1.0/shims/netstandard/System.IO.FileSystem.dll"
-r:"C:/Program Files/Unity/Hub/Editor/6000.5.3f1/Editor/Data/NetStandard/compat/2.1.0/shims/netstandard/System.IO.IsolatedStorage.dll"
-r:"C:/Program Files/Unity/Hub/Editor/6000.5.3f1/Editor/Data/NetStandard/compat/2.1.0/shims/netstandard/System.IO.MemoryMappedFiles.dll"
-r:"C:/Program Files/Unity/Hub/Editor/6000.5.3f1/Editor/Data/NetStandard/compat/2.1.0/shims/netstandard/System.IO.Pipes.dll"
-r:"C:/Program Files/Unity/Hub/Editor/6000.5.3f1/Editor/Data/NetStandard/compat/2.1.0/shims/netstandard/System.IO.UnmanagedMemoryStream.dll"
-r:"C:/Program Files/Unity/Hub/Editor/6000.5.3f1/Editor/Data/NetStandard/compat/2.1.0/shims/netstandard/System.IO.dll"
-r:"C:/Program Files/Unity/Hub/Editor/6000.5.3f1/Editor/Data/NetStandard/compat/2.1.0/shims/netstandard/System.Linq.Expressions.dll"
-r:"C:/Program Files/Unity/Hub/Editor/6000.5.3f1/Editor/Data/NetStandard/compat/2.1.0/shims/netstandard/System.Linq.Parallel.dll"
-r:"C:/Program Files/Unity/Hub/Editor/6000.5.3f1/Editor/Data/NetStandard/compat/2.1.0/shims/netstandard/System.Linq.Queryable.dll"
-r:"C:/Program Files/Unity/Hub/Editor/6000.5.3f1/Editor/Data/NetStandard/compat/2.1.0/shims/netstandard/System.Linq.dll"
-r:"C:/Program Files/Unity/Hub/Editor/6000.5.3f1/Editor/Data/NetStandard/compat/2.1.0/shims/netstandard/System.Memory.dll"
-r:"C:/Program Files/Unity/Hub/Editor/6000.5.3f1/Editor/Data/NetStandard/compat/2.1.0/shims/netstandard/System.Net.Http.dll"
-r:"C:/Program Files/Unity/Hub/Editor/6000.5.3f1/Editor/Data/NetStandard/compat/2.1.0/shims/netstandard/System.Net.NameResolution.dll"
-r:"C:/Program Files/Unity/Hub/Editor/6000.5.3f1/Editor/Data/NetStandard/compat/2.1.0/shims/netstandard/System.Net.NetworkInformation.dll"
-r:"C:/Program Files/Unity/Hub/Editor/6000.5.3f1/Editor/Data/NetStandard/compat/2.1.0/shims/netstandard/System.Net.Ping.dll"
-r:"C:/Program Files/Unity/Hub/Editor/6000.5.3f1/Editor/Data/NetStandard/compat/2.1.0/shims/netstandard/System.Net.Primitives.dll"
-r:"C:/Program Files/Unity/Hub/Editor/6000.5.3f1/Editor/Data/NetStandard/compat/2.1.0/shims/netstandard/System.Net.Requests.dll"
-r:"C:/Program Files/Unity/Hub/Editor/6000.5.3f1/Editor/Data/NetStandard/compat/2.1.0/shims/netstandard/System.Net.Security.dll"
-r:"C:/Program Files/Unity/Hub/Editor/6000.5.3f1/Editor/Data/NetStandard/compat/2.1.0/shims/netstandard/System.Net.Sockets.dll"
-r:"C:/Program Files/Unity/Hub/Editor/6000.5.3f1/Editor/Data/NetStandard/compat/2.1.0/shims/netstandard/System.Net.WebHeaderCollection.dll"
-r:"C:/Program Files/Unity/Hub/Editor/6000.5.3f1/Editor/Data/NetStandard/compat/2.1.0/shims/netstandard/System.Net.WebSockets.Client.dll"
-r:"C:/Program Files/Unity/Hub/Editor/6000.5.3f1/Editor/Data/NetStandard/compat/2.1.0/shims/netstandard/System.Net.WebSockets.dll"
-r:"C:/Program Files/Unity/Hub/Editor/6000.5.3f1/Editor/Data/NetStandard/compat/2.1.0/shims/netstandard/System.Numerics.Vectors.dll"
-r:"C:/Program Files/Unity/Hub/Editor/6000.5.3f1/Editor/Data/NetStandard/compat/2.1.0/shims/netstandard/System.ObjectModel.dll"
-r:"C:/Program Files/Unity/Hub/Editor/6000.5.3f1/Editor/Data/NetStandard/compat/2.1.0/shims/netstandard/System.Reflection.DispatchProxy.dll"
-r:"C:/Program Files/Unity/Hub/Editor/6000.5.3f1/Editor/Data/NetStandard/compat/2.1.0/shims/netstandard/System.Reflection.Emit.ILGeneration.dll"
-r:"C:/Program Files/Unity/Hub/Editor/6000.5.3f1/Editor/Data/NetStandard/compat/2.1.0/shims/netstandard/System.Reflection.Emit.Lightweight.dll"
-r:"C:/Program Files/Unity/Hub/Editor/6000.5.3f1/Editor/Data/NetStandard/compat/2.1.0/shims/netstandard/System.Reflection.Emit.dll"
-r:"C:/Program Files/Unity/Hub/Editor/6000.5.3f1/Editor/Data/NetStandard/compat/2.1.0/shims/netstandard/System.Reflection.Extensions.dll"
-r:"C:/Program Files/Unity/Hub/Editor/6000.5.3f1/Editor/Data/NetStandard/compat/2.1.0/shims/netstandard/System.Reflection.Primitives.dll"
-r:"C:/Program Files/Unity/Hub/Editor/6000.5.3f1/Editor/Data/NetStandard/compat/2.1.0/shims/netstandard/System.Reflection.dll"
-r:"C:/Program Files/Unity/Hub/Editor/6000.5.3f1/Editor/Data/NetStandard/compat/2.1.0/shims/netstandard/System.Resources.Reader.dll"
-r:"C:/Program Files/Unity/Hub/Editor/6000.5.3f1/Editor/Data/NetStandard/compat/2.1.0/shims/netstandard/System.Resources.ResourceManager.dll"
-r:"C:/Program Files/Unity/Hub/Editor/6000.5.3f1/Editor/Data/NetStandard/compat/2.1.0/shims/netstandard/System.Resources.Writer.dll"
-r:"C:/Program Files/Unity/Hub/Editor/6000.5.3f1/Editor/Data/NetStandard/compat/2.1.0/shims/netstandard/System.Runtime.CompilerServices.VisualC.dll"
-r:"C:/Program Files/Unity/Hub/Editor/6000.5.3f1/Editor/Data/NetStandard/compat/2.1.0/shims/netstandard/System.Runtime.Extensions.dll"
-r:"C:/Program Files/Unity/Hub/Editor/6000.5.3f1/Editor/Data/NetStandard/compat/2.1.0/shims/netstandard/System.Runtime.Handles.dll"
-r:"C:/Program Files/Unity/Hub/Editor/6000.5.3f1/Editor/Data/NetStandard/compat/2.1.0/shims/netstandard/System.Runtime.InteropServices.RuntimeInformation.dll"
-r:"C:/Program Files/Unity/Hub/Editor/6000.5.3f1/Editor/Data/NetStandard/compat/2.1.0/shims/netstandard/System.Runtime.InteropServices.dll"
-r:"C:/Program Files/Unity/Hub/Editor/6000.5.3f1/Editor/Data/NetStandard/compat/2.1.0/shims/netstandard/System.Runtime.Numerics.dll"
-r:"C:/Program Files/Unity/Hub/Editor/6000.5.3f1/Editor/Data/NetStandard/compat/2.1.0/shims/netstandard/System.Runtime.Serialization.Formatters.dll"
-r:"C:/Program Files/Unity/Hub/Editor/6000.5.3f1/Editor/Data/NetStandard/compat/2.1.0/shims/netstandard/System.Runtime.Serialization.Json.dll"
-r:"C:/Program Files/Unity/Hub/Editor/6000.5.3f1/Editor/Data/NetStandard/compat/2.1.0/shims/netstandard/System.Runtime.Serialization.Primitives.dll"
-r:"C:/Program Files/Unity/Hub/Editor/6000.5.3f1/Editor/Data/NetStandard/compat/2.1.0/shims/netstandard/System.Runtime.Serialization.Xml.dll"
-r:"C:/Program Files/Unity/Hub/Editor/6000.5.3f1/Editor/Data/NetStandard/compat/2.1.0/shims/netstandard/System.Runtime.dll"
-r:"C:/Program Files/Unity/Hub/Editor/6000.5.3f1/Editor/Data/NetStandard/compat/2.1.0/shims/netstandard/System.Security.Claims.dll"
-r:"C:/Program Files/Unity/Hub/Editor/6000.5.3f1/Editor/Data/NetStandard/compat/2.1.0/shims/netstandard/System.Security.Cryptography.Algorithms.dll"
-r:"C:/Program Files/Unity/Hub/Editor/6000.5.3f1/Editor/Data/NetStandard/compat/2.1.0/shims/netstandard/System.Security.Cryptography.Csp.dll"
-r:"C:/Program Files/Unity/Hub/Editor/6000.5.3f1/Editor/Data/NetStandard/compat/2.1.0/shims/netstandard/System.Security.Cryptography.Encoding.dll"
-r:"C:/Program Files/Unity/Hub/Editor/6000.5.3f1/Editor/Data/NetStandard/compat/2.1.0/shims/netstandard/System.Security.Cryptography.Primitives.dll"
-r:"C:/Program Files/Unity/Hub/Editor/6000.5.3f1/Editor/Data/NetStandard/compat/2.1.0/shims/netstandard/System.Security.Cryptography.X509Certificates.dll"
-r:"C:/Program Files/Unity/Hub/Editor/6000.5.3f1/Editor/Data/NetStandard/compat/2.1.0/shims/netstandard/System.Security.Principal.dll"
-r:"C:/Program Files/Unity/Hub/Editor/6000.5.3f1/Editor/Data/NetStandard/compat/2.1.0/shims/netstandard/System.Security.SecureString.dll"
-r:"C:/Program Files/Unity/Hub/Editor/6000.5.3f1/Editor/Data/NetStandard/compat/2.1.0/shims/netstandard/System.Text.Encoding.Extensions.dll"
-r:"C:/Program Files/Unity/Hub/Editor/6000.5.3f1/Editor/Data/NetStandard/compat/2.1.0/shims/netstandard/System.Text.Encoding.dll"
-r:"C:/Program Files/Unity/Hub/Editor/6000.5.3f1/Editor/Data/NetStandard/compat/2.1.0/shims/netstandard/System.Text.RegularExpressions.dll"
-r:"C:/Program Files/Unity/Hub/Editor/6000.5.3f1/Editor/Data/NetStandard/compat/2.1.0/shims/netstandard/System.Threading.Overlapped.dll"
-r:"C:/Program Files/Unity/Hub/Editor/6000.5.3f1/Editor/Data/NetStandard/compat/2.1.0/shims/netstandard/System.Threading.Tasks.Extensions.dll"
-r:"C:/Program Files/Unity/Hub/Editor/6000.5.3f1/Editor/Data/NetStandard/compat/2.1.0/shims/netstandard/System.Threading.Tasks.Parallel.dll"
-r:"C:/Program Files/Unity/Hub/Editor/6000.5.3f1/Editor/Data/NetStandard/compat/2.1.0/shims/netstandard/System.Threading.Tasks.dll"
-r:"C:/Program Files/Unity/Hub/Editor/6000.5.3f1/Editor/Data/NetStandard/compat/2.1.0/shims/netstandard/System.Threading.Thread.dll"
-r:"C:/Program Files/Unity/Hub/Editor/6000.5.3f1/Editor/Data/NetStandard/compat/2.1.0/shims/netstandard/System.Threading.ThreadPool.dll"
-r:"C:/Program Files/Unity/Hub/Editor/6000.5.3f1/Editor/Data/NetStandard/compat/2.1.0/shims/netstandard/System.Threading.Timer.dll"
-r:"C:/Program Files/Unity/Hub/Editor/6000.5.3f1/Editor/Data/NetStandard/compat/2.1.0/shims/netstandard/System.Threading.dll"
-r:"C:/Program Files/Unity/Hub/Editor/6000.5.3f1/Editor/Data/NetStandard/compat/2.1.0/shims/netstandard/System.ValueTuple.dll"
-r:"C:/Program Files/Unity/Hub/Editor/6000.5.3f1/Editor/Data/NetStandard/compat/2.1.0/shims/netstandard/System.Xml.ReaderWriter.dll"
-r:"C:/Program Files/Unity/Hub/Editor/6000.5.3f1/Editor/Data/NetStandard/compat/2.1.0/shims/netstandard/System.Xml.XDocument.dll"
-r:"C:/Program Files/Unity/Hub/Editor/6000.5.3f1/Editor/Data/NetStandard/compat/2.1.0/shims/netstandard/System.Xml.XPath.XDocument.dll"
-r:"C:/Program Files/Unity/Hub/Editor/6000.5.3f1/Editor/Data/NetStandard/compat/2.1.0/shims/netstandard/System.Xml.XPath.dll"
-r:"C:/Program Files/Unity/Hub/Editor/6000.5.3f1/Editor/Data/NetStandard/compat/2.1.0/shims/netstandard/System.Xml.XmlDocument.dll"
-r:"C:/Program Files/Unity/Hub/Editor/6000.5.3f1/Editor/Data/NetStandard/compat/2.1.0/shims/netstandard/System.Xml.XmlSerializer.dll"
-r:"C:/Program Files/Unity/Hub/Editor/6000.5.3f1/Editor/Data/NetStandard/ref/2.1.0/netstandard.dll"
-r:"Library/Bee/artifacts/1900b0aE.dag/Unity.InternalAPIEngineBridge.004.ref.dll"
-r:"Library/Bee/artifacts/1900b0aE.dag/Unity.TextMeshPro.Editor.ref.dll"
-r:"Library/Bee/artifacts/1900b0aE.dag/Unity.TextMeshPro.ref.dll"
-r:"Library/Bee/artifacts/1900b0aE.dag/UnityEditor.UI.Analytics.ref.dll"
-r:"Library/Bee/artifacts/1900b0aE.dag/UnityEditor.UI.ref.dll"
-r:"Library/Bee/artifacts/1900b0aE.dag/UnityEngine.UI.ref.dll"
-analyzer:"C:/Program Files/Unity/Hub/Editor/6000.5.3f1/Editor/Data/BCLExtensions/TargetingPacks/netstandard2.1/analyzers/dotnet/roslyn4.0/cs/Microsoft.Extensions.Logging.Generators.dll"
-analyzer:"C:/Program Files/Unity/Hub/Editor/6000.5.3f1/Editor/Data/BCLExtensions/TargetingPacks/netstandard2.1/analyzers/dotnet/roslyn4.0/cs/System.Text.Json.SourceGeneration.dll"
-analyzer:"C:/Program Files/Unity/Hub/Editor/6000.5.3f1/Editor/Data/Tools/BuildPipeline/Unity.Analyzers.Common/Unity.Analyzers.Common.dll"
-analyzer:"C:/Program Files/Unity/Hub/Editor/6000.5.3f1/Editor/Data/Tools/BuildPipeline/Unity.Analyzers.LongLiving/Unity.Analyzers.LongLiving.dll"
-analyzer:"C:/Program Files/Unity/Hub/Editor/6000.5.3f1/Editor/Data/Tools/BuildPipeline/Unity.SourceGenerators/Unity.Properties.SourceGenerator.dll"
-analyzer:"C:/Program Files/Unity/Hub/Editor/6000.5.3f1/Editor/Data/Tools/BuildPipeline/Unity.SourceGenerators/Unity.SourceGenerators.dll"
-analyzer:"C:/Program Files/Unity/Hub/Editor/6000.5.3f1/Editor/Data/Tools/BuildPipeline/Unity.SourceGenerators/Unity.UIToolkit.SourceGenerator.dll"
"Assets/DMT321/SimpleDigitalTwin/Scripts/MockTemperatureSensor.cs"
"Assets/DMT321/SimpleDigitalTwin/Scripts/TemperatureTwinView.cs"
-langversion:9.0
/deterministic
/optimize+
/debug:portable
/nologo
/RuntimeMetadataVersion:v4.0.30319
/nowarn:0169
/nowarn:0649
/nowarn:0282
/nowarn:1701
/nowarn:1702
/utf8output
/preferreduilang:en-US
/additionalfile:"Library/Bee/artifacts/1900b0aE.dag/Assembly-CSharp.UnityAdditionalFile.txt"
##### Custom Environment Variables
DOTNET_HOST_PATH=C:\Program Files\Unity\Hub\Editor\6000.5.3f1\Editor\Data\DotNetSdk\dotnet.exe
DOTNET_MULTILEVEL_LOOKUP=0
##### ExitCode
1
##### Output
Assets\DMT321\SimpleDigitalTwin\Scripts\TemperatureTwinView.cs(93,17): error CS0103: The name 'IndicatorPivotTransform' does not exist in the current context
*** Tundra build failed (0.19 seconds), 1 items updated, 214 evaluated
Total cache size 1976460
Total cache size after purge 1976460, took 00:00:00.0140215

Asset Pipeline Refresh (id=e5f260a6cde20534fa5c22a4281f178c): Total: 0.303 seconds - Initiated by RefreshV2(AllowForceSynchronousImport)
	(Values over 0.05ms)
	Summary:
		Imports: total=0 (actual=0, local cache=0, cache server=0)
		Asset DB Process Time: managed=0 ms, native=18 ms
		Asset DB Callback time: managed=0 ms, native=4 ms
		Scripting: domain reloads=0, domain reload time=0 ms, compile time=279 ms, other=0 ms
		Project Asset Count: scripts=135, non-scripts=91
		Asset File Changes: new=0, changed=1, moved=0, deleted=0
		Scan Filter Count: 0
	InvokePackagesCallback: 1.637ms
	ApplyChangesToAssetFolders: 0.054ms
	Scan: 7.681ms
	Collect global state as custom dependencies: 0.065ms
	OnSourceAssetsModified: 0.067ms
	ProcessAssetsWithTransientArtifactChanges: 0.806ms
	CategorizeAssets: 0.203ms
	CompileScripts: 279.208ms
	ImportOutOfDateAssets: 1.710ms (0.604ms without children)
		UnloadImportedAssets: 0.196ms
		ImportSchedulerStart: 0.872ms
	PostProcessAllAssets: 0.623ms
		MonoPostProcessAllAssets: 0.418ms
			AssetPostprocessor.OnPostprocessAllAssets 0.059ms
			SyncVS.PostprocessSyncProject 0.055ms
	PostAssetChangesProfiler: 4.118ms
	Untracked: 6.493ms

[Worker0] Imported GUID: 6264e5f1711ac4989bd0527676f9a0f6 - Path: Assets/DMT321/SimpleDigitalTwin/Scripts/TemperatureTwinView.cs - Importer: PreviewImporter -> (ImportResultId: '205e2eb205b50d5ef601e31577e74f36') in 0.0023487 seconds
[ScriptCompilation] Requested script compilation because: AssetDatabase observed changes in script compilation related files
info: Microsoft.AspNetCore.Hosting.Diagnostics[1]
      Request starting HTTP/2 POST http://ilpp/UnityILPP.PostProcessing/Ping - application/grpc -
info: Microsoft.AspNetCore.Routing.EndpointMiddleware[0]
      Executing endpoint 'gRPC - /UnityILPP.PostProcessing/Ping'
info: Microsoft.AspNetCore.Routing.EndpointMiddleware[1]
      Executed endpoint 'gRPC - /UnityILPP.PostProcessing/Ping'
info: Microsoft.AspNetCore.Hosting.Diagnostics[2]
      Request finished HTTP/2 POST http://ilpp/UnityILPP.PostProcessing/Ping - 200 - application/grpc 0.2042ms
Starting: C:\Program Files\Unity\Hub\Editor\6000.5.3f1\Editor\Data\Tools\BuildPipeline\bee_backend.exe --ipc --defer-dag-verification --dagfile="Library/Bee/1900b0aE.dag" --continue-on-failure --profile="Library/Bee/backend1.traceevents" ScriptAssemblies
WorkingDir: C:/Users/MTA-403/Desktop/DMT321_Lab01_Unity6.5
Total cache size 1976460
ExitCode: 0 Duration: 0s966ms
[211/214    0s] Csc Library/Bee/artifacts/1900b0aE.dag/Assembly-CSharp.dll (+2 others)
[212/214    0s] CopyFiles Library/ScriptAssemblies/Assembly-CSharp.pdb
[213/214    0s] CopyFiles Library/ScriptAssemblies/Assembly-CSharp.dll
*** Tundra build success (0.93 seconds), 3 items updated, 214 evaluated
Total cache size after purge 1976460, took 00:00:00.0096885
Reloading assemblies after forced synchronous recompile.
Begin MonoManager ReloadAssembly
Native extension for WindowsStandalone target not found
Native extension for WebGL target not found
[MODES] ModeService[none].Initialize
[MODES] ModeService[none].LoadModes
ScheduleIndexationOnStartup MainProcess:True IndexOnStartup:True
Mono: successfully reloaded assembly
- Finished resetting the current domain, in  1.831 seconds
Domain Reload Profiling: 2619ms
	BeginReloadAssembly (549ms)
		DisableScriptedObjects (95ms)
		CreateAndSetChildDomain (149ms)
	RebuildCommonClasses (13ms)
	RebuildNativeTypeToScriptingClass (23ms)
	initialDomainReloadingComplete (52ms)
	LoadAllAssembliesAndSetupDomain (149ms)
		LoadAssemblies (144ms)
		AnalyzeDomain (21ms)
			TypeCache.Refresh (7ms)
			BuildScriptInfoCaches (11ms)
	FinalizeReload (1833ms)
		SetupLoadedEditorAssemblies (0ms)
			BeforeProcessingInitializeOnLoad (178ms)
			ProcessInitializeOnLoadAttributes (102ms)
			ProcessInitializeOnLoadMethodAttributes (92ms)
			AfterProcessingInitializeOnLoad (7ms)
		AwakeInstancesAfterBackupRestoration (812ms)

Asset Pipeline Refresh (id=a0b62ef8a7934ad479df913addfd96db): Total: 3.872 seconds - Initiated by RefreshV2(AllowForceSynchronousImport)
	(Values over 0.05ms)
	Summary:
		Imports: total=0 (actual=0, local cache=0, cache server=0)
		Asset DB Process Time: managed=0 ms, native=1882 ms
		Asset DB Callback time: managed=53 ms, native=59 ms
		Scripting: domain reloads=1, domain reload time=823 ms, compile time=1053 ms, other=0 ms
		Project Asset Count: scripts=135, non-scripts=91
		Asset File Changes: new=0, changed=1, moved=0, deleted=0
		Scan Filter Count: 0
	InvokePackagesCallback: 2.588ms
	ApplyChangesToAssetFolders: 0.086ms
	Scan: 7.193ms
	Collect global state as custom dependencies: 0.157ms
	ProcessAssetsWithTransientArtifactChanges: 0.977ms
	CategorizeAssets: 1.258ms
	CompileScripts: 1053.349ms
	ImportOutOfDateAssets: 1835.314ms (1833.810ms without children)
		ReloadNativeAssets: 0.406ms
		UnloadImportedAssets: 0.195ms
		ImportSchedulerStart: 0.855ms
	PostProcessAllAssets: 53.732ms
		MonoPostProcessAllAssets: 53.257ms
			WindowAssetPostprocessingWatcher.OnPostprocessAllAssets 10.741ms
			AssetChangedListener.OnPostprocessAllAssets 10.074ms
			BuilderAssetPostprocessor.OnPostprocessAllAssets 7.205ms
			AssetPostprocessor.OnPostprocessAllAssets 4.743ms
			RetainedModeAssetPostprocessor.OnPostprocessAllAssets 1.532ms
			SyncVS.PostprocessSyncProject 1.473ms
			SpeedTree9Postprocessor.OnPostprocessAllAssets 1.422ms
			EditModeScopePostprocessor.OnPostprocessAllAssets 1.137ms
			ArtifactBrowserPostProcessor.OnPostprocessAllAssets 0.773ms
			TMPro_TexturePostProcessor.OnPostprocessAllAssets 0.692ms
			TextAssetPostProcessor.OnPostprocessAllAssets 0.618ms
			AudioMixerPostprocessor.OnPostprocessAllAssets 0.517ms
			TerrainToolbarOverlayPostProcessor.OnPostprocessAllAssets 0.370ms
			ReferencedClipsPostProcessor.OnPostprocessAllAssets 0.330ms
			StyleCatalogPostProcessor.OnPostprocessAllAssets 0.296ms
			AssetEvents.OnPostprocessAllAssets 0.266ms
			SpeedTreePostProcessor.OnPostprocessAllAssets 0.258ms
			AssetDatabaseCallbacks.OnPostprocessAllAssets 0.186ms
			ConfigAssetsTracker.OnPostprocessAllAssets 0.165ms
			ScenarioDriftAssetsTracker.OnPostprocessAllAssets 0.158ms
			AudioContainerPostProcessor.OnPostprocessAllAssets 0.130ms
			RenderPipelineGlobalSettingsPostprocessor.OnPostprocessAllAssets 0.101ms
	PostAssetChangesProfiler: 58.967ms
	GenerateScriptTypeHashes: 0.392ms
	GenerateScriptTypeSerializationHashes: 0.768ms
	Untracked: 854.508ms

[Licensing::Client] Successfully resolved entitlement details
Asset Pipeline Refresh (id=aa029bae9d892dc4cb2c19a38a6772b2): Total: 0.004 seconds - Initiated by RefreshV2(AllowForceSynchronousImport)
[Worker1] Imported GUID: 6264e5f1711ac4989bd0527676f9a0f6 - Path: Assets/DMT321/SimpleDigitalTwin/Scripts/TemperatureTwinView.cs - Importer: PreviewImporter -> (ImportResultId: 'cfc03dfa737c525934d29624ce5a1f60') in 0.0067281 seconds
Reloading assemblies for play mode.
Reloading assemblies after forced synchronous recompile.
Begin MonoManager ReloadAssembly
Native extension for WindowsStandalone target not found
Native extension for WebGL target not found
ScheduleIndexationOnStartup MainProcess:True IndexOnStartup:True
[MODES] ModeService[none].Initialize
[MODES] ModeService[none].LoadModes
Mono: successfully reloaded assembly
- Finished resetting the current domain, in  1.646 seconds
Domain Reload Profiling: 2279ms
	BeginReloadAssembly (428ms)
		DisableScriptedObjects (92ms)
		CreateAndSetChildDomain (116ms)
	RebuildCommonClasses (12ms)
	RebuildNativeTypeToScriptingClass (22ms)
	initialDomainReloadingComplete (49ms)
	LoadAllAssembliesAndSetupDomain (120ms)
		LoadAssemblies (127ms)
		AnalyzeDomain (8ms)
			TypeCache.Refresh (4ms)
	FinalizeReload (1647ms)
		SetupLoadedEditorAssemblies (0ms)
			BeforeProcessingInitializeOnLoad (123ms)
			ProcessInitializeOnLoadAttributes (92ms)
			ProcessInitializeOnLoadMethodAttributes (86ms)
			AfterProcessingInitializeOnLoad (9ms)
		AwakeInstancesAfterBackupRestoration (844ms)

Asset Pipeline Refresh (id=e16f99ed61f4e6f49972399b00389c75): Total: 2.379 seconds - Initiated by StopAssetImportingV2(ForceSynchronousImport | ForceDomainReload)
	(Values over 0.05ms)
	Summary:
		Imports: total=0 (actual=0, local cache=0, cache server=0)
		Asset DB Process Time: managed=0 ms, native=1687 ms
		Asset DB Callback time: managed=23 ms, native=0 ms
		Scripting: domain reloads=1, domain reload time=665 ms, compile time=2 ms, other=0 ms
		Project Asset Count: scripts=135, non-scripts=91
		Asset File Changes: new=0, changed=0, moved=0, deleted=0
		Scan Filter Count: 0
	InvokePackagesCallback: 2.099ms
	ApplyChangesToAssetFolders: 0.069ms
	Collect global state as custom dependencies: 0.097ms
	CategorizeAssets: 1.168ms
	CompileScripts: 1.840ms
	ImportOutOfDateAssets: 1649.573ms (1648.075ms without children)
		ReloadNativeAssets: 0.418ms
		UnloadImportedAssets: 0.165ms
		ImportSchedulerStart: 0.869ms
	PostProcessAllAssets: 23.190ms
		MonoPostProcessAllAssets: 23.185ms
			AssetChangedListener.OnPostprocessAllAssets 10.074ms
			WindowAssetPostprocessingWatcher.OnPostprocessAllAssets 9.631ms
			BuilderAssetPostprocessor.OnPostprocessAllAssets 7.205ms
			AssetPostprocessor.OnPostprocessAllAssets 4.743ms
			RetainedModeAssetPostprocessor.OnPostprocessAllAssets 1.532ms
			SyncVS.PostprocessSyncProject 1.474ms
			SpeedTree9Postprocessor.OnPostprocessAllAssets 1.263ms
			ArtifactBrowserPostProcessor.OnPostprocessAllAssets 0.773ms
			TMPro_TexturePostProcessor.OnPostprocessAllAssets 0.692ms
			TextAssetPostProcessor.OnPostprocessAllAssets 0.618ms
			AudioMixerPostprocessor.OnPostprocessAllAssets 0.517ms
			ReferencedClipsPostProcessor.OnPostprocessAllAssets 0.363ms
			EditModeScopePostprocessor.OnPostprocessAllAssets 0.324ms
			StyleCatalogPostProcessor.OnPostprocessAllAssets 0.296ms
			AssetEvents.OnPostprocessAllAssets 0.266ms
			TerrainToolbarOverlayPostProcessor.OnPostprocessAllAssets 0.262ms
			SpeedTreePostProcessor.OnPostprocessAllAssets 0.258ms
			AssetDatabaseCallbacks.OnPostprocessAllAssets 0.176ms
			ConfigAssetsTracker.OnPostprocessAllAssets 0.165ms
			ScenarioDriftAssetsTracker.OnPostprocessAllAssets 0.158ms
			AudioContainerPostProcessor.OnPostprocessAllAssets 0.130ms
			RenderPipelineGlobalSettingsPostprocessor.OnPostprocessAllAssets 0.107ms
	GenerateScriptTypeHashes: 0.405ms
	GenerateScriptTypeSerializationHashes: 0.780ms
	Untracked: 695.530ms

Loaded scene 'Temp/__Backupscenes/0.backup'
	Deserialize:            3.534 ms
	Integration:            32.751 ms
	Integration of assets:  0.004 ms
	Thread Wait Time:       0.015 ms
	Total Operation Time:   36.304 ms
[Licensing::Client] Successfully resolved entitlement details
Asset Pipeline Refresh (id=0d4db8d9155cfe641959e5f68ac9ac9f): Total: 0.004 seconds - Initiated by RefreshV2(NoUpdateAssetOptions)
Unloading 0 Unused Serialized files (Serialized files now loaded: 0)
Loaded scene 'Temp/__Backupscenes/0.backup'
	Deserialize:            2.262 ms
	Integration:            15.149 ms
	Integration of assets:  0.001 ms
	Thread Wait Time:       0.052 ms
	Total Operation Time:   17.464 ms
Unloading 8 unused Assets / (29.6 MB). Loaded Objects now: 2500.
Memory consumption went from 445.6 MB to 416.0 MB.
Total: 16.043300 ms (FindLiveObjects: 0.220000 ms CreateObjectMapping: 0.050100 ms MarkObjects: 14.277400 ms  DeleteObjects: 1.494500 ms)

[Licensing::Client] Successfully resolved entitlement details
Reloading assemblies for play mode.
Reloading assemblies after forced synchronous recompile.
Begin MonoManager ReloadAssembly
Native extension for WindowsStandalone target not found
Native extension for WebGL target not found
ScheduleIndexationOnStartup MainProcess:True IndexOnStartup:True
[MODES] ModeService[none].Initialize
[MODES] ModeService[none].LoadModes
Mono: successfully reloaded assembly
- Finished resetting the current domain, in  1.641 seconds
Domain Reload Profiling: 2342ms
	BeginReloadAssembly (494ms)
		DisableScriptedObjects (101ms)
		CreateAndSetChildDomain (161ms)
	RebuildCommonClasses (12ms)
	RebuildNativeTypeToScriptingClass (23ms)
	initialDomainReloadingComplete (51ms)
	LoadAllAssembliesAndSetupDomain (119ms)
		LoadAssemblies (124ms)
		AnalyzeDomain (8ms)
			TypeCache.Refresh (4ms)
	FinalizeReload (1642ms)
		SetupLoadedEditorAssemblies (0ms)
			BeforeProcessingInitializeOnLoad (116ms)
			ProcessInitializeOnLoadAttributes (103ms)
			ProcessInitializeOnLoadMethodAttributes (91ms)
			AfterProcessingInitializeOnLoad (7ms)
		AwakeInstancesAfterBackupRestoration (802ms)

Asset Pipeline Refresh (id=e3edaff6946e2d449bc0cc8e51113192): Total: 2.446 seconds - Initiated by StopAssetImportingV2(ForceSynchronousImport | ForceDomainReload)
	(Values over 0.05ms)
	Summary:
		Imports: total=0 (actual=0, local cache=0, cache server=0)
		Asset DB Process Time: managed=0 ms, native=1685 ms
		Asset DB Callback time: managed=22 ms, native=0 ms
		Scripting: domain reloads=1, domain reload time=734 ms, compile time=2 ms, other=0 ms
		Project Asset Count: scripts=135, non-scripts=91
		Asset File Changes: new=0, changed=0, moved=0, deleted=0
		Scan Filter Count: 0
	InvokePackagesCallback: 2.244ms
	ApplyChangesToAssetFolders: 0.071ms
	Collect global state as custom dependencies: 0.099ms
	CategorizeAssets: 1.160ms
	CompileScripts: 1.861ms
	ImportOutOfDateAssets: 1644.806ms (1643.157ms without children)
		ReloadNativeAssets: 0.376ms
		UnloadImportedAssets: 0.252ms
		ImportSchedulerStart: 0.974ms
	PostProcessAllAssets: 22.438ms
		MonoPostProcessAllAssets: 22.434ms
			AssetChangedListener.OnPostprocessAllAssets 10.074ms
			WindowAssetPostprocessingWatcher.OnPostprocessAllAssets 9.719ms
			BuilderAssetPostprocessor.OnPostprocessAllAssets 7.205ms
			AssetPostprocessor.OnPostprocessAllAssets 4.743ms
			RetainedModeAssetPostprocessor.OnPostprocessAllAssets 1.532ms
			SyncVS.PostprocessSyncProject 1.340ms
			SpeedTree9Postprocessor.OnPostprocessAllAssets 0.907ms
			ArtifactBrowserPostProcessor.OnPostprocessAllAssets 0.773ms
			TMPro_TexturePostProcessor.OnPostprocessAllAssets 0.692ms
			TextAssetPostProcessor.OnPostprocessAllAssets 0.618ms
			AudioMixerPostprocessor.OnPostprocessAllAssets 0.517ms
			EditModeScopePostprocessor.OnPostprocessAllAssets 0.326ms
			ReferencedClipsPostProcessor.OnPostprocessAllAssets 0.326ms
			StyleCatalogPostProcessor.OnPostprocessAllAssets 0.296ms
			AssetEvents.OnPostprocessAllAssets 0.266ms
			SpeedTreePostProcessor.OnPostprocessAllAssets 0.258ms
			AssetDatabaseCallbacks.OnPostprocessAllAssets 0.184ms
			TerrainToolbarOverlayPostProcessor.OnPostprocessAllAssets 0.167ms
			ConfigAssetsTracker.OnPostprocessAllAssets 0.165ms
			ScenarioDriftAssetsTracker.OnPostprocessAllAssets 0.158ms
			AudioContainerPostProcessor.OnPostprocessAllAssets 0.130ms
			RenderPipelineGlobalSettingsPostprocessor.OnPostprocessAllAssets 0.092ms
	GenerateScriptTypeHashes: 0.362ms
	GenerateScriptTypeSerializationHashes: 0.704ms
	Untracked: 766.271ms

Loaded scene 'Temp/__Backupscenes/0.backup'
	Deserialize:            3.480 ms
	Integration:            31.660 ms
	Integration of assets:  0.003 ms
	Thread Wait Time:       0.019 ms
	Total Operation Time:   35.163 ms
[Licensing::Client] Successfully resolved entitlement details
[Licensing::Client] Successfully resolved entitlement details
[ScriptCompilation] Requested script compilation because: AssetDatabase observed changes in script compilation related files
Asset Pipeline Refresh (id=dcbf559d681c65a448d365660bf02174): Total: 0.056 seconds - Initiated by RefreshV2(NoUpdateAssetOptions)
Unloading 0 Unused Serialized files (Serialized files now loaded: 0)
Loaded scene 'Temp/__Backupscenes/0.backup'
	Deserialize:            3.734 ms
	Integration:            19.708 ms
	Integration of assets:  0.005 ms
	Thread Wait Time:       0.061 ms
	Total Operation Time:   23.507 ms
Unloading 3 unused Assets / (0 B). Loaded Objects now: 2505.
Memory consumption went from 416.2 MB to 416.2 MB.
Total: 15.203300 ms (FindLiveObjects: 0.193500 ms CreateObjectMapping: 0.048500 ms MarkObjects: 14.929400 ms  DeleteObjects: 0.029800 ms)

[Licensing::Client] Successfully resolved entitlement details
info: Microsoft.AspNetCore.Hosting.Diagnostics[1]
      Request starting HTTP/2 POST http://ilpp/UnityILPP.PostProcessing/Ping - application/grpc -
info: Microsoft.AspNetCore.Routing.EndpointMiddleware[0]
      Executing endpoint 'gRPC - /UnityILPP.PostProcessing/Ping'
info: Microsoft.AspNetCore.Routing.EndpointMiddleware[1]
      Executed endpoint 'gRPC - /UnityILPP.PostProcessing/Ping'
info: Microsoft.AspNetCore.Hosting.Diagnostics[2]
      Request finished HTTP/2 POST http://ilpp/UnityILPP.PostProcessing/Ping - 200 - application/grpc 0.2787ms
Starting: C:\Program Files\Unity\Hub\Editor\6000.5.3f1\Editor\Data\Tools\BuildPipeline\bee_backend.exe --ipc --defer-dag-verification --dagfile="Library/Bee/1900b0aE.dag" --continue-on-failure --profile="Library/Bee/backend1.traceevents" ScriptAssemblies
WorkingDir: C:/Users/MTA-403/Desktop/DMT321_Lab01_Unity6.5
ExitCode: 0 Duration: 0s845ms
[211/214    0s] Csc Library/Bee/artifacts/1900b0aE.dag/Assembly-CSharp.dll (+2 others)
[212/214    0s] CopyFiles Library/ScriptAssemblies/Assembly-CSharp.pdb
[213/214    0s] CopyFiles Library/ScriptAssemblies/Assembly-CSharp.dll
*** Tundra build success (0.80 seconds), 3 items updated, 214 evaluated
Total cache size 1976460
Total cache size after purge 1976460, took 00:00:00.0128782
Reloading assemblies after finishing script compilation.
Reloading assemblies after forced synchronous recompile.
Begin MonoManager ReloadAssembly
Native extension for WindowsStandalone target not found
Native extension for WebGL target not found
[MODES] ModeService[none].Initialize
[MODES] ModeService[none].LoadModes
ScheduleIndexationOnStartup MainProcess:True IndexOnStartup:True
Mono: successfully reloaded assembly
- Finished resetting the current domain, in  1.851 seconds
Domain Reload Profiling: 2612ms
	BeginReloadAssembly (521ms)
		DisableScriptedObjects (68ms)
		CreateAndSetChildDomain (151ms)
	RebuildCommonClasses (12ms)
	RebuildNativeTypeToScriptingClass (25ms)
	initialDomainReloadingComplete (51ms)
	LoadAllAssembliesAndSetupDomain (150ms)
		LoadAssemblies (142ms)
		AnalyzeDomain (21ms)
			TypeCache.Refresh (6ms)
			BuildScriptInfoCaches (11ms)
	FinalizeReload (1852ms)
		SetupLoadedEditorAssemblies (0ms)
			InitializePlatformSupportModulesInManaged (3ms)
			BeforeProcessingInitializeOnLoad (211ms)
			ProcessInitializeOnLoadAttributes (104ms)
			ProcessInitializeOnLoadMethodAttributes (91ms)
			AfterProcessingInitializeOnLoad (7ms)
		AwakeInstancesAfterBackupRestoration (810ms)

Asset Pipeline Refresh (id=018174a3c2c818c41ba074e85e552c24): Total: 2.723 seconds - Initiated by StopAssetImportingV2(ForceSynchronousImport | ForceDomainReload)
	(Values over 0.05ms)
	Summary:
		Imports: total=0 (actual=0, local cache=0, cache server=0)
		Asset DB Process Time: managed=0 ms, native=1897 ms
		Asset DB Callback time: managed=23 ms, native=0 ms
		Scripting: domain reloads=1, domain reload time=799 ms, compile time=2 ms, other=0 ms
		Project Asset Count: scripts=135, non-scripts=91
		Asset File Changes: new=0, changed=0, moved=0, deleted=0
		Scan Filter Count: 0
	InvokePackagesCallback: 2.281ms
	ApplyChangesToAssetFolders: 0.072ms
	Collect global state as custom dependencies: 0.100ms
	ProcessAssetsWithTransientArtifactChanges: 0.196ms
	CategorizeAssets: 1.433ms
	CompileScripts: 1.786ms
	ImportOutOfDateAssets: 1854.967ms (1853.295ms without children)
		ReloadNativeAssets: 0.394ms
		UnloadImportedAssets: 0.277ms
		EnsureUptoDateAssetsAreRegisteredWithGuidPM: 0.059ms
		ImportSchedulerStart: 0.940ms
	PostProcessAllAssets: 23.465ms
		MonoPostProcessAllAssets: 23.461ms
			AssetChangedListener.OnPostprocessAllAssets 11.521ms
			WindowAssetPostprocessingWatcher.OnPostprocessAllAssets 9.525ms
			BuilderAssetPostprocessor.OnPostprocessAllAssets 9.027ms
			AssetPostprocessor.OnPostprocessAllAssets 4.517ms
			SyncVS.PostprocessSyncProject 1.436ms
			RetainedModeAssetPostprocessor.OnPostprocessAllAssets 1.319ms
			EditModeScopePostprocessor.OnPostprocessAllAssets 1.097ms
			SpeedTree9Postprocessor.OnPostprocessAllAssets 0.958ms
			TMPro_TexturePostProcessor.OnPostprocessAllAssets 0.826ms
			ArtifactBrowserPostProcessor.OnPostprocessAllAssets 0.774ms
			TextAssetPostProcessor.OnPostprocessAllAssets 0.754ms
			AudioMixerPostprocessor.OnPostprocessAllAssets 0.590ms
			ReferencedClipsPostProcessor.OnPostprocessAllAssets 0.355ms
			StyleCatalogPostProcessor.OnPostprocessAllAssets 0.331ms
			AssetEvents.OnPostprocessAllAssets 0.329ms
			SpeedTreePostProcessor.OnPostprocessAllAssets 0.217ms
			ScenarioDriftAssetsTracker.OnPostprocessAllAssets 0.200ms
			AssetDatabaseCallbacks.OnPostprocessAllAssets 0.194ms
			ConfigAssetsTracker.OnPostprocessAllAssets 0.192ms
			TerrainToolbarOverlayPostProcessor.OnPostprocessAllAssets 0.172ms
			AudioContainerPostProcessor.OnPostprocessAllAssets 0.111ms
			RenderPipelineGlobalSettingsPostprocessor.OnPostprocessAllAssets 0.097ms
	GenerateScriptTypeHashes: 0.381ms
	GenerateScriptTypeSerializationHashes: 0.728ms
	Untracked: 831.841ms

[Licensing::Client] Successfully resolved entitlement details
Asset Pipeline Refresh (id=e83ed0ea56681e246ae2d585af298607): Total: 0.009 seconds - Initiated by RefreshV2(AllowForceSynchronousImport)
Reloading assemblies for play mode.
Reloading assemblies after forced synchronous recompile.
Begin MonoManager ReloadAssembly
Native extension for WindowsStandalone target not found
Native extension for WebGL target not found
ScheduleIndexationOnStartup MainProcess:True IndexOnStartup:True
[MODES] ModeService[none].Initialize
[MODES] ModeService[none].LoadModes
Mono: successfully reloaded assembly
- Finished resetting the current domain, in  1.632 seconds
Domain Reload Profiling: 2309ms
	BeginReloadAssembly (471ms)
		DisableScriptedObjects (131ms)
		CreateAndSetChildDomain (117ms)
	RebuildCommonClasses (12ms)
	RebuildNativeTypeToScriptingClass (22ms)
	initialDomainReloadingComplete (48ms)
	LoadAllAssembliesAndSetupDomain (122ms)
		LoadAssemblies (129ms)
		AnalyzeDomain (9ms)
			TypeCache.Refresh (4ms)
	FinalizeReload (1634ms)
		SetupLoadedEditorAssemblies (0ms)
			BeforeProcessingInitializeOnLoad (115ms)
			ProcessInitializeOnLoadAttributes (91ms)
			ProcessInitializeOnLoadMethodAttributes (87ms)
			AfterProcessingInitializeOnLoad (7ms)
		AwakeInstancesAfterBackupRestoration (828ms)

Asset Pipeline Refresh (id=b5dba3601b2ac6e4888b74b5aadb1fda): Total: 2.407 seconds - Initiated by StopAssetImportingV2(ForceSynchronousImport | ForceDomainReload)
	(Values over 0.05ms)
	Summary:
		Imports: total=0 (actual=0, local cache=0, cache server=0)
		Asset DB Process Time: managed=0 ms, native=1673 ms
		Asset DB Callback time: managed=22 ms, native=0 ms
		Scripting: domain reloads=1, domain reload time=708 ms, compile time=2 ms, other=0 ms
		Project Asset Count: scripts=135, non-scripts=91
		Asset File Changes: new=0, changed=0, moved=0, deleted=0
		Scan Filter Count: 0
	InvokePackagesCallback: 1.961ms
	ApplyChangesToAssetFolders: 0.068ms
	Collect global state as custom dependencies: 0.100ms
	CategorizeAssets: 1.192ms
	CompileScripts: 1.775ms
	ImportOutOfDateAssets: 1636.286ms (1634.664ms without children)
		ReloadNativeAssets: 0.398ms
		UnloadImportedAssets: 0.157ms
		ImportSchedulerStart: 1.019ms
	PostProcessAllAssets: 22.758ms
		MonoPostProcessAllAssets: 22.753ms
			AssetChangedListener.OnPostprocessAllAssets 11.521ms
			WindowAssetPostprocessingWatcher.OnPostprocessAllAssets 10.004ms
			BuilderAssetPostprocessor.OnPostprocessAllAssets 9.027ms
			AssetPostprocessor.OnPostprocessAllAssets 4.517ms
			SyncVS.PostprocessSyncProject 1.671ms
			RetainedModeAssetPostprocessor.OnPostprocessAllAssets 1.319ms
			SpeedTree9Postprocessor.OnPostprocessAllAssets 0.991ms
			TMPro_TexturePostProcessor.OnPostprocessAllAssets 0.826ms
			ArtifactBrowserPostProcessor.OnPostprocessAllAssets 0.774ms
			TextAssetPostProcessor.OnPostprocessAllAssets 0.754ms
			AudioMixerPostprocessor.OnPostprocessAllAssets 0.590ms
			ReferencedClipsPostProcessor.OnPostprocessAllAssets 0.348ms
			StyleCatalogPostProcessor.OnPostprocessAllAssets 0.331ms
			AssetEvents.OnPostprocessAllAssets 0.329ms
			EditModeScopePostprocessor.OnPostprocessAllAssets 0.314ms
			SpeedTreePostProcessor.OnPostprocessAllAssets 0.217ms
			TerrainToolbarOverlayPostProcessor.OnPostprocessAllAssets 0.200ms
			ScenarioDriftAssetsTracker.OnPostprocessAllAssets 0.200ms
			ConfigAssetsTracker.OnPostprocessAllAssets 0.192ms
			AssetDatabaseCallbacks.OnPostprocessAllAssets 0.182ms
			RenderPipelineGlobalSettingsPostprocessor.OnPostprocessAllAssets 0.121ms
			AudioContainerPostProcessor.OnPostprocessAllAssets 0.111ms
	GenerateScriptTypeHashes: 0.384ms
	GenerateScriptTypeSerializationHashes: 0.791ms
	Untracked: 737.829ms

Loaded scene 'Temp/__Backupscenes/0.backup'
	Deserialize:            3.704 ms
	Integration:            47.160 ms
	Integration of assets:  0.005 ms
	Thread Wait Time:       0.047 ms
	Total Operation Time:   50.916 ms
[Licensing::Client] Successfully resolved entitlement details
Unloading 0 Unused Serialized files (Serialized files now loaded: 0)
Loaded scene 'Temp/__Backupscenes/0.backup'
	Deserialize:            2.391 ms
	Integration:            15.183 ms
	Integration of assets:  0.003 ms
	Thread Wait Time:       0.015 ms
	Total Operation Time:   17.591 ms
Unloading 2 unused Assets / (54.3 KB). Loaded Objects now: 2507.
Memory consumption went from 417.2 MB to 417.2 MB.
Total: 13.236000 ms (FindLiveObjects: 0.301900 ms CreateObjectMapping: 0.054300 ms MarkObjects: 12.845300 ms  DeleteObjects: 0.033400 ms)

Asset Pipeline Refresh (id=90c9c80dd760d1544a063a6f588659bd): Total: 0.007 seconds - Initiated by RefreshV2(AllowForceSynchronousImport)
GetVirtualKey: Could not map char: z (122) to any virtual key
GetVirtualKey: Could not map char: y (121) to any virtual key
GetVirtualKey: Could not map char: x (120) to any virtual key
GetVirtualKey: Could not map char: c (99) to any virtual key
GetVirtualKey: Could not map char: v (118) to any virtual key
GetVirtualKey: Could not map char: V (86) to any virtual key
GetVirtualKey: Could not map char: d (100) to any virtual key
GetVirtualKey: Could not map char: f (102) to any virtual key
GetVirtualKey: Could not map char: f (102) to any virtual key
GetVirtualKey: Could not map char: a (97) to any virtual key
GetVirtualKey: Could not map char: d (100) to any virtual key
GetVirtualKey: Could not map char: c (99) to any virtual key
GetVirtualKey: Could not map char: r (114) to any virtual key
GetVirtualKey: Could not map char: i (105) to any virtual key
GetVirtualKey: Could not map char: l (108) to any virtual key
GetVirtualKey: Could not map char: f (102) to any virtual key
GetVirtualKey: Could not map char: k (107) to any virtual key
GetVirtualKey: Could not map char: p (112) to any virtual key
GetVirtualKey: Could not map char: p (112) to any virtual key
GetVirtualKey: Could not map char: p (112) to any virtual key
GetVirtualKey: Could not map char: c (99) to any virtual key
GetVirtualKey: Could not map char: r (114) to any virtual key
GetVirtualKey: Could not map char: P (80) to any virtual key
GetVirtualKey: Could not map char: n (110) to any virtual key
GetVirtualKey: Could not map char: n (110) to any virtual key
GetVirtualKey: Could not map char: g (103) to any virtual key
GetVirtualKey: Could not map char: = (61) to any virtual key
GetVirtualKey: Could not map char: f (102) to any virtual key
GetVirtualKey: Could not map char: f (102) to any virtual key
GetVirtualKey: Could not map char: a (97) to any virtual key
GetVirtualKey: Could not map char: a (97) to any virtual key
GetVirtualKey: Could not map char: n (110) to any virtual key
GetVirtualKey: Could not map char: o (111) to any virtual key
GetVirtualKey: Could not map char: s (115) to any virtual key
GetVirtualKey: Could not map char: s (115) to any virtual key
GetVirtualKey: Could not map char: b (98) to any virtual key
GetVirtualKey: Could not map char: b (98) to any virtual key
GetVirtualKey: Could not map char: c (99) to any virtual key
GetVirtualKey: Could not map char: u (117) to any virtual key
GetVirtualKey: Could not map char: x (120) to any virtual key
GetVirtualKey: Could not map char: c (99) to any virtual key
GetVirtualKey: Could not map char: v (118) to any virtual key
GetVirtualKey: Could not map char: d (100) to any virtual key
GetVirtualKey: Could not map char: n (110) to any virtual key
Asset Pipeline Refresh (id=7a65aa347167e62429f0831ee441cb52): Total: 0.004 seconds - Initiated by RefreshV2(AllowForceSynchronousImport)
Asset Pipeline Refresh (id=9727d7b769ac79a47bd6a7ad92134034): Total: 0.004 seconds - Initiated by RefreshV2(AllowForceSynchronousImport)
Reloading assemblies for play mode.
Reloading assemblies after forced synchronous recompile.
Begin MonoManager ReloadAssembly
[Licensing::Client] Successfully resolved entitlement details
Native extension for WindowsStandalone target not found
Native extension for WebGL target not found
ScheduleIndexationOnStartup MainProcess:True IndexOnStartup:True
[MODES] ModeService[none].Initialize
[MODES] ModeService[none].LoadModes
Mono: successfully reloaded assembly
- Finished resetting the current domain, in  1.643 seconds
Domain Reload Profiling: 2310ms
	BeginReloadAssembly (460ms)
		DisableScriptedObjects (106ms)
		CreateAndSetChildDomain (135ms)
	RebuildCommonClasses (12ms)
	RebuildNativeTypeToScriptingClass (22ms)
	initialDomainReloadingComplete (50ms)
	LoadAllAssembliesAndSetupDomain (121ms)
		LoadAssemblies (127ms)
		AnalyzeDomain (8ms)
			TypeCache.Refresh (4ms)
	FinalizeReload (1644ms)
		SetupLoadedEditorAssemblies (0ms)
			BeforeProcessingInitializeOnLoad (115ms)
			ProcessInitializeOnLoadAttributes (94ms)
			ProcessInitializeOnLoadMethodAttributes (101ms)
			AfterProcessingInitializeOnLoad (8ms)
		AwakeInstancesAfterBackupRestoration (806ms)

Asset Pipeline Refresh (id=fdc637ae64ac4b34da09aafc88810733): Total: 2.412 seconds - Initiated by StopAssetImportingV2(ForceSynchronousImport | ForceDomainReload)
	(Values over 0.05ms)
	Summary:
		Imports: total=0 (actual=0, local cache=0, cache server=0)
		Asset DB Process Time: managed=0 ms, native=1685 ms
		Asset DB Callback time: managed=22 ms, native=0 ms
		Scripting: domain reloads=1, domain reload time=702 ms, compile time=2 ms, other=0 ms
		Project Asset Count: scripts=135, non-scripts=91
		Asset File Changes: new=0, changed=0, moved=0, deleted=0
		Scan Filter Count: 0
	InvokePackagesCallback: 1.978ms
	ApplyChangesToAssetFolders: 0.068ms
	Collect global state as custom dependencies: 0.093ms
	CategorizeAssets: 1.231ms
	CompileScripts: 1.759ms
	ImportOutOfDateAssets: 1646.722ms (1645.145ms without children)
		ReloadNativeAssets: 0.406ms
		UnloadImportedAssets: 0.222ms
		ImportSchedulerStart: 0.904ms
	PostProcessAllAssets: 22.500ms
		MonoPostProcessAllAssets: 22.477ms
			AssetChangedListener.OnPostprocessAllAssets 11.521ms
			WindowAssetPostprocessingWatcher.OnPostprocessAllAssets 9.454ms
			BuilderAssetPostprocessor.OnPostprocessAllAssets 9.027ms
			AssetPostprocessor.OnPostprocessAllAssets 4.517ms
			SyncVS.PostprocessSyncProject 1.565ms
			RetainedModeAssetPostprocessor.OnPostprocessAllAssets 1.319ms
			SpeedTree9Postprocessor.OnPostprocessAllAssets 1.109ms
			TMPro_TexturePostProcessor.OnPostprocessAllAssets 0.826ms
			ArtifactBrowserPostProcessor.OnPostprocessAllAssets 0.774ms
			TextAssetPostProcessor.OnPostprocessAllAssets 0.754ms
			AudioMixerPostprocessor.OnPostprocessAllAssets 0.590ms
			StyleCatalogPostProcessor.OnPostprocessAllAssets 0.331ms
			AssetEvents.OnPostprocessAllAssets 0.329ms
			ReferencedClipsPostProcessor.OnPostprocessAllAssets 0.325ms
			EditModeScopePostprocessor.OnPostprocessAllAssets 0.319ms
			SpeedTreePostProcessor.OnPostprocessAllAssets 0.217ms
			ScenarioDriftAssetsTracker.OnPostprocessAllAssets 0.200ms
			TerrainToolbarOverlayPostProcessor.OnPostprocessAllAssets 0.194ms
			ConfigAssetsTracker.OnPostprocessAllAssets 0.192ms
			AssetDatabaseCallbacks.OnPostprocessAllAssets 0.175ms
			AudioContainerPostProcessor.OnPostprocessAllAssets 0.111ms
			RenderPipelineGlobalSettingsPostprocessor.OnPostprocessAllAssets 0.091ms
	GenerateScriptTypeHashes: 0.394ms
	GenerateScriptTypeSerializationHashes: 0.740ms
	Untracked: 731.923ms

Loaded scene 'Temp/__Backupscenes/0.backup'
	Deserialize:            3.412 ms
	Integration:            31.304 ms
	Integration of assets:  0.003 ms
	Thread Wait Time:       0.047 ms
	Total Operation Time:   34.766 ms
[Licensing::Client] Successfully resolved entitlement details
[ScriptCompilation] Requested script compilation because: AssetDatabase observed changes in script compilation related files
Asset Pipeline Refresh (id=8695700df195fb5408716081361c62d6): Total: 0.050 seconds - Initiated by RefreshV2(NoUpdateAssetOptions)
[Licensing::Client] Successfully resolved entitlement details
info: Microsoft.AspNetCore.Hosting.Diagnostics[1]
      Request starting HTTP/2 POST http://ilpp/UnityILPP.PostProcessing/Ping - application/grpc -
info: Microsoft.AspNetCore.Routing.EndpointMiddleware[0]
      Executing endpoint 'gRPC - /UnityILPP.PostProcessing/Ping'
info: Microsoft.AspNetCore.Routing.EndpointMiddleware[1]
      Executed endpoint 'gRPC - /UnityILPP.PostProcessing/Ping'
info: Microsoft.AspNetCore.Hosting.Diagnostics[2]
      Request finished HTTP/2 POST http://ilpp/UnityILPP.PostProcessing/Ping - 200 - application/grpc 0.4580ms
Starting: C:\Program Files\Unity\Hub\Editor\6000.5.3f1\Editor\Data\Tools\BuildPipeline\bee_backend.exe --ipc --defer-dag-verification --dagfile="Library/Bee/1900b0aE.dag" --continue-on-failure --profile="Library/Bee/backend1.traceevents" ScriptAssemblies
WorkingDir: C:/Users/MTA-403/Desktop/DMT321_Lab01_Unity6.5
Total cache size 1976460
ExitCode: 0 Duration: 0s329ms
[211/214    0s] Csc Library/Bee/artifacts/1900b0aE.dag/Assembly-CSharp.dll (+2 others)
[212/214    0s] CopyFiles Library/ScriptAssemblies/Assembly-CSharp.pdb
[213/214    0s] CopyFiles Library/ScriptAssemblies/Assembly-CSharp.dll
*** Tundra build success (0.26 seconds), 3 items updated, 214 evaluated
Total cache size after purge 1976460, took 00:00:00.0169025
Reloading assemblies after finishing script compilation.
Reloading assemblies after forced synchronous recompile.
Begin MonoManager ReloadAssembly
The referenced script (Unknown) on this Behaviour is missing!
Native extension for WindowsStandalone target not found
Native extension for WebGL target not found
[MODES] ModeService[none].Initialize
[MODES] ModeService[none].LoadModes
ScheduleIndexationOnStartup MainProcess:True IndexOnStartup:True
Mono: successfully reloaded assembly
- Finished resetting the current domain, in  1.774 seconds
Domain Reload Profiling: 2558ms
	BeginReloadAssembly (548ms)
		DisableScriptedObjects (113ms)
		CreateAndSetChildDomain (128ms)
	RebuildCommonClasses (12ms)
	RebuildNativeTypeToScriptingClass (22ms)
	initialDomainReloadingComplete (56ms)
	LoadAllAssembliesAndSetupDomain (144ms)
		LoadAssemblies (139ms)
		AnalyzeDomain (21ms)
			TypeCache.Refresh (6ms)
			BuildScriptInfoCaches (10ms)
	FinalizeReload (1776ms)
		SetupLoadedEditorAssemblies (0ms)
			InitializePlatformSupportModulesInManaged (3ms)
			BeforeProcessingInitializeOnLoad (174ms)
			ProcessInitializeOnLoadAttributes (89ms)
			ProcessInitializeOnLoadMethodAttributes (88ms)
			AfterProcessingInitializeOnLoad (7ms)
		AwakeInstancesAfterBackupRestoration (797ms)

Asset Pipeline Refresh (id=d11a8be57b16f5c4d85c377fb5ebdd95): Total: 2.667 seconds - Initiated by StopAssetImportingV2(ForceSynchronousImport | ForceDomainReload)
	(Values over 0.05ms)
	Summary:
		Imports: total=0 (actual=0, local cache=0, cache server=0)
		Asset DB Process Time: managed=0 ms, native=1815 ms
		Asset DB Callback time: managed=25 ms, native=0 ms
		Scripting: domain reloads=1, domain reload time=823 ms, compile time=2 ms, other=0 ms
		Project Asset Count: scripts=135, non-scripts=91
		Asset File Changes: new=0, changed=0, moved=0, deleted=0
		Scan Filter Count: 0
	InvokePackagesCallback: 2.321ms
	ApplyChangesToAssetFolders: 0.073ms
	Collect global state as custom dependencies: 0.100ms
	ProcessAssetsWithTransientArtifactChanges: 0.182ms
	CategorizeAssets: 1.194ms
	CompileScripts: 1.807ms
	ImportOutOfDateAssets: 1778.255ms (1776.731ms without children)
		ReloadNativeAssets: 0.407ms
		UnloadImportedAssets: 0.163ms
		ImportSchedulerStart: 0.906ms
	PostProcessAllAssets: 25.663ms
		MonoPostProcessAllAssets: 25.659ms
			WindowAssetPostprocessingWatcher.OnPostprocessAllAssets 9.765ms
			BuilderAssetPostprocessor.OnPostprocessAllAssets 7.403ms
			AssetChangedListener.OnPostprocessAllAssets 6.989ms
			AssetPostprocessor.OnPostprocessAllAssets 5.245ms
			RetainedModeAssetPostprocessor.OnPostprocessAllAssets 1.527ms
			SyncVS.PostprocessSyncProject 1.397ms
			SpeedTree9Postprocessor.OnPostprocessAllAssets 0.934ms
			TextAssetPostProcessor.OnPostprocessAllAssets 0.889ms
			TMPro_TexturePostProcessor.OnPostprocessAllAssets 0.830ms
			ArtifactBrowserPostProcessor.OnPostprocessAllAssets 0.633ms
			AudioMixerPostprocessor.OnPostprocessAllAssets 0.501ms
			EditModeScopePostprocessor.OnPostprocessAllAssets 0.375ms
			ReferencedClipsPostProcessor.OnPostprocessAllAssets 0.375ms
			SpeedTreePostProcessor.OnPostprocessAllAssets 0.300ms
			StyleCatalogPostProcessor.OnPostprocessAllAssets 0.282ms
			AssetEvents.OnPostprocessAllAssets 0.265ms
			ConfigAssetsTracker.OnPostprocessAllAssets 0.205ms
			AssetDatabaseCallbacks.OnPostprocessAllAssets 0.189ms
			ScenarioDriftAssetsTracker.OnPostprocessAllAssets 0.186ms
			TerrainToolbarOverlayPostProcessor.OnPostprocessAllAssets 0.172ms
			RenderPipelineGlobalSettingsPostprocessor.OnPostprocessAllAssets 0.097ms
			AudioContainerPostProcessor.OnPostprocessAllAssets 0.094ms
	GenerateScriptTypeHashes: 0.393ms
	GenerateScriptTypeSerializationHashes: 0.769ms
	Untracked: 853.783ms

[Licensing::Client] Successfully resolved entitlement details
Unloading 0 Unused Serialized files (Serialized files now loaded: 0)
Loaded scene 'Temp/__Backupscenes/0.backup'
	Deserialize:            3.317 ms
	Integration:            30.472 ms
	Integration of assets:  0.002 ms
	Thread Wait Time:       0.017 ms
	Total Operation Time:   33.808 ms
Unloading 8 unused Assets / (29.4 MB). Loaded Objects now: 2513.
Memory consumption went from 451.9 MB to 422.5 MB.
Total: 15.172600 ms (FindLiveObjects: 0.200700 ms CreateObjectMapping: 0.049800 ms MarkObjects: 13.612200 ms  DeleteObjects: 1.308600 ms)

[Licensing::Client] Successfully resolved entitlement details
Asset Pipeline Refresh (id=4527a1583c1af244599a954d469d4281): Total: 0.008 seconds - Initiated by RefreshV2(AllowForceSynchronousImport)
Reloading assemblies for play mode.
Reloading assemblies after forced synchronous recompile.
Begin MonoManager ReloadAssembly
Native extension for WindowsStandalone target not found
Native extension for WebGL target not found
ScheduleIndexationOnStartup MainProcess:True IndexOnStartup:True
[MODES] ModeService[none].Initialize
[MODES] ModeService[none].LoadModes
Mono: successfully reloaded assembly
- Finished resetting the current domain, in  1.679 seconds
Domain Reload Profiling: 2385ms
	BeginReloadAssembly (498ms)
		DisableScriptedObjects (125ms)
		CreateAndSetChildDomain (150ms)
	RebuildCommonClasses (14ms)
	RebuildNativeTypeToScriptingClass (22ms)
	initialDomainReloadingComplete (48ms)
	LoadAllAssembliesAndSetupDomain (122ms)
		LoadAssemblies (130ms)
		AnalyzeDomain (8ms)
			TypeCache.Refresh (4ms)
	FinalizeReload (1681ms)
		SetupLoadedEditorAssemblies (0ms)
			BeforeProcessingInitializeOnLoad (115ms)
			ProcessInitializeOnLoadAttributes (94ms)
			ProcessInitializeOnLoadMethodAttributes (86ms)
			AfterProcessingInitializeOnLoad (7ms)
		AwakeInstancesAfterBackupRestoration (856ms)

Asset Pipeline Refresh (id=edacc369855c4e046b7db8099560a374): Total: 2.486 seconds - Initiated by StopAssetImportingV2(ForceSynchronousImport | ForceDomainReload)
	(Values over 0.05ms)
	Summary:
		Imports: total=0 (actual=0, local cache=0, cache server=0)
		Asset DB Process Time: managed=0 ms, native=1720 ms
		Asset DB Callback time: managed=23 ms, native=0 ms
		Scripting: domain reloads=1, domain reload time=739 ms, compile time=2 ms, other=0 ms
		Project Asset Count: scripts=135, non-scripts=91
		Asset File Changes: new=0, changed=0, moved=0, deleted=0
		Scan Filter Count: 0
	InvokePackagesCallback: 1.970ms
	ApplyChangesToAssetFolders: 0.071ms
	Collect global state as custom dependencies: 0.116ms
	CategorizeAssets: 1.250ms
	CompileScripts: 2.091ms
	ImportOutOfDateAssets: 1683.557ms (1681.925ms without children)
		ReloadNativeAssets: 0.414ms
		UnloadImportedAssets: 0.229ms
		ImportSchedulerStart: 0.937ms
	PostProcessAllAssets: 23.863ms
		MonoPostProcessAllAssets: 23.859ms
			WindowAssetPostprocessingWatcher.OnPostprocessAllAssets 10.555ms
			BuilderAssetPostprocessor.OnPostprocessAllAssets 7.403ms
			AssetChangedListener.OnPostprocessAllAssets 6.989ms
			AssetPostprocessor.OnPostprocessAllAssets 5.245ms
			RetainedModeAssetPostprocessor.OnPostprocessAllAssets 1.527ms
			SyncVS.PostprocessSyncProject 1.489ms
			SpeedTree9Postprocessor.OnPostprocessAllAssets 0.991ms
			TextAssetPostProcessor.OnPostprocessAllAssets 0.889ms
			TMPro_TexturePostProcessor.OnPostprocessAllAssets 0.830ms
			ArtifactBrowserPostProcessor.OnPostprocessAllAssets 0.633ms
			AudioMixerPostprocessor.OnPostprocessAllAssets 0.501ms
			EditModeScopePostprocessor.OnPostprocessAllAssets 0.410ms
			ReferencedClipsPostProcessor.OnPostprocessAllAssets 0.358ms
			SpeedTreePostProcessor.OnPostprocessAllAssets 0.300ms
			StyleCatalogPostProcessor.OnPostprocessAllAssets 0.282ms
			AssetEvents.OnPostprocessAllAssets 0.265ms
			ConfigAssetsTracker.OnPostprocessAllAssets 0.205ms
			AssetDatabaseCallbacks.OnPostprocessAllAssets 0.196ms
			TerrainToolbarOverlayPostProcessor.OnPostprocessAllAssets 0.195ms
			ScenarioDriftAssetsTracker.OnPostprocessAllAssets 0.186ms
			RenderPipelineGlobalSettingsPostprocessor.OnPostprocessAllAssets 0.104ms
			AudioContainerPostProcessor.OnPostprocessAllAssets 0.094ms
	GenerateScriptTypeHashes: 0.400ms
	GenerateScriptTypeSerializationHashes: 0.784ms
	Untracked: 768.779ms

Loaded scene 'Temp/__Backupscenes/0.backup'
	Deserialize:            3.698 ms
	Integration:            44.155 ms
	Integration of assets:  0.003 ms
	Thread Wait Time:       0.018 ms
	Total Operation Time:   47.874 ms
[Licensing::Client] Successfully resolved entitlement details
Unloading 0 Unused Serialized files (Serialized files now loaded: 0)
Loaded scene 'Temp/__Backupscenes/0.backup'
	Deserialize:            2.353 ms
	Integration:            16.415 ms
	Integration of assets:  0.002 ms
	Thread Wait Time:       0.016 ms
	Total Operation Time:   18.785 ms
Unloading 3 unused Assets / (52.6 KB). Loaded Objects now: 2514.
Memory consumption went from 423.2 MB to 423.1 MB.
Total: 14.173100 ms (FindLiveObjects: 0.184500 ms CreateObjectMapping: 0.050600 ms MarkObjects: 13.879200 ms  DeleteObjects: 0.057700 ms)

Reloading assemblies for play mode.
Reloading assemblies after forced synchronous recompile.
Begin MonoManager ReloadAssembly
[Licensing::Client] Successfully resolved entitlement details
Native extension for WindowsStandalone target not found
Native extension for WebGL target not found
ScheduleIndexationOnStartup MainProcess:True IndexOnStartup:True
[MODES] ModeService[none].Initialize
[MODES] ModeService[none].LoadModes
Mono: successfully reloaded assembly
- Finished resetting the current domain, in  1.637 seconds
Domain Reload Profiling: 2309ms
	BeginReloadAssembly (455ms)
		DisableScriptedObjects (96ms)
		CreateAndSetChildDomain (139ms)
	RebuildCommonClasses (13ms)
	RebuildNativeTypeToScriptingClass (23ms)
	initialDomainReloadingComplete (51ms)
	LoadAllAssembliesAndSetupDomain (129ms)
		LoadAssemblies (134ms)
		AnalyzeDomain (9ms)
			TypeCache.Refresh (4ms)
	FinalizeReload (1638ms)
		SetupLoadedEditorAssemblies (0ms)
			BeforeProcessingInitializeOnLoad (117ms)
			ProcessInitializeOnLoadAttributes (91ms)
			ProcessInitializeOnLoadMethodAttributes (88ms)
			AfterProcessingInitializeOnLoad (7ms)
		AwakeInstancesAfterBackupRestoration (796ms)

Asset Pipeline Refresh (id=7a353d0ffd445954fa79e13920cef88e): Total: 2.414 seconds - Initiated by StopAssetImportingV2(ForceSynchronousImport | ForceDomainReload)
	(Values over 0.05ms)
	Summary:
		Imports: total=0 (actual=0, local cache=0, cache server=0)
		Asset DB Process Time: managed=0 ms, native=1682 ms
		Asset DB Callback time: managed=22 ms, native=0 ms
		Scripting: domain reloads=1, domain reload time=707 ms, compile time=2 ms, other=0 ms
		Project Asset Count: scripts=135, non-scripts=91
		Asset File Changes: new=0, changed=0, moved=0, deleted=0
		Scan Filter Count: 0
	InvokePackagesCallback: 2.109ms
	ApplyChangesToAssetFolders: 0.083ms
	Collect global state as custom dependencies: 0.100ms
	CategorizeAssets: 1.258ms
	CompileScripts: 1.779ms
	ImportOutOfDateAssets: 1640.994ms (1639.384ms without children)
		ReloadNativeAssets: 0.393ms
		UnloadImportedAssets: 0.231ms
		ImportSchedulerStart: 0.937ms
	PostProcessAllAssets: 22.236ms
		MonoPostProcessAllAssets: 22.232ms
			WindowAssetPostprocessingWatcher.OnPostprocessAllAssets 9.753ms
			BuilderAssetPostprocessor.OnPostprocessAllAssets 7.403ms
			AssetChangedListener.OnPostprocessAllAssets 6.989ms
			AssetPostprocessor.OnPostprocessAllAssets 5.245ms
			RetainedModeAssetPostprocessor.OnPostprocessAllAssets 1.527ms
			SyncVS.PostprocessSyncProject 1.358ms
			SpeedTree9Postprocessor.OnPostprocessAllAssets 0.927ms
			TextAssetPostProcessor.OnPostprocessAllAssets 0.889ms
			TMPro_TexturePostProcessor.OnPostprocessAllAssets 0.830ms
			ArtifactBrowserPostProcessor.OnPostprocessAllAssets 0.633ms
			AudioMixerPostprocessor.OnPostprocessAllAssets 0.501ms
			EditModeScopePostprocessor.OnPostprocessAllAssets 0.342ms
			ReferencedClipsPostProcessor.OnPostprocessAllAssets 0.328ms
			SpeedTreePostProcessor.OnPostprocessAllAssets 0.300ms
			StyleCatalogPostProcessor.OnPostprocessAllAssets 0.282ms
			AssetEvents.OnPostprocessAllAssets 0.265ms
			ConfigAssetsTracker.OnPostprocessAllAssets 0.205ms
			ScenarioDriftAssetsTracker.OnPostprocessAllAssets 0.186ms
			AssetDatabaseCallbacks.OnPostprocessAllAssets 0.177ms
			TerrainToolbarOverlayPostProcessor.OnPostprocessAllAssets 0.169ms
			AudioContainerPostProcessor.OnPostprocessAllAssets 0.094ms
			RenderPipelineGlobalSettingsPostprocessor.OnPostprocessAllAssets 0.092ms
	UnloadStreamsBegin: 0.130ms
	GenerateScriptTypeHashes: 0.381ms
	GenerateScriptTypeSerializationHashes: 0.722ms
	Untracked: 738.879ms

Loaded scene 'Temp/__Backupscenes/0.backup'
	Deserialize:            3.672 ms
	Integration:            33.030 ms
	Integration of assets:  0.003 ms
	Thread Wait Time:       0.017 ms
	Total Operation Time:   36.722 ms
[Licensing::Client] Successfully resolved entitlement details
Component Transform has PrefabInstance different from its game object 'World'. Fixing by setting PrefabInstance to None
UnityEngine.Debug:ExtractStackTraceNoAlloc (byte*,int,string)
UnityEngine.StackTraceUtility:ExtractStackTrace ()
UnityEditor.EditorApplication:ExecuteMenuItemInternal (string,bool)
UnityEditor.EditorApplication:ExecuteMenuItem (string)
UnityEditor.ShortcutManagement.MenuItemEntryDiscoveryInfo:<.ctor>b__7_0 (UnityEditor.ShortcutManagement.ShortcutArguments)
UnityEditor.ShortcutManagement.Trigger:ExecuteShortcut (UnityEditor.ShortcutManagement.ShortcutEntry,UnityEditor.ShortcutManagement.ShortcutStage,object,bool)
UnityEditor.ShortcutManagement.Trigger:HandleKeyEvent (UnityEngine.Event,UnityEditor.ShortcutManagement.IContextManager)
UnityEditor.ShortcutManagement.ShortcutController:HandleKeyEvent (UnityEngine.Event)
UnityEditor.ShortcutManagement.ShortcutIntegration:EventHandler ()
UnityEditor.EditorApplication:Internal_CallGlobalEventHandler ()

[C:\build\output\unity\unity\Runtime\BaseClasses\ErrorsAndWarningsCapture.h line 36]

Unloading 0 Unused Serialized files (Serialized files now loaded: 0)
Loaded scene 'Temp/__Backupscenes/0.backup'
	Deserialize:            2.307 ms
	Integration:            18.736 ms
	Integration of assets:  0.002 ms
	Thread Wait Time:       0.016 ms
	Total Operation Time:   21.061 ms
Unloading 7 unused Assets / (29.5 MB). Loaded Objects now: 2519.
Memory consumption went from 457.0 MB to 427.4 MB.
Total: 14.620700 ms (FindLiveObjects: 0.201500 ms CreateObjectMapping: 0.055800 ms MarkObjects: 12.827800 ms  DeleteObjects: 1.534300 ms)

[Licensing::Client] Successfully resolved entitlement details
EditorHelper: Unable to use the external script editor. Trying the internal script editor now.
EditorHelper: Unable to use the external script editor. Trying the internal script editor now.
[ScriptCompilation] Requested script compilation because: AssetDatabase observed changes in script compilation related files
[Licensing::Client] Successfully resolved entitlement details
info: Microsoft.AspNetCore.Hosting.Diagnostics[1]
      Request starting HTTP/2 POST http://ilpp/UnityILPP.PostProcessing/Ping - application/grpc -
info: Microsoft.AspNetCore.Routing.EndpointMiddleware[0]
      Executing endpoint 'gRPC - /UnityILPP.PostProcessing/Ping'
info: Microsoft.AspNetCore.Routing.EndpointMiddleware[1]
      Executed endpoint 'gRPC - /UnityILPP.PostProcessing/Ping'
info: Microsoft.AspNetCore.Hosting.Diagnostics[2]
      Request finished HTTP/2 POST http://ilpp/UnityILPP.PostProcessing/Ping - 200 - application/grpc 0.3360ms
Starting: C:\Program Files\Unity\Hub\Editor\6000.5.3f1\Editor\Data\Tools\BuildPipeline\bee_backend.exe --ipc --defer-dag-verification --dagfile="Library/Bee/1900b0aE.dag" --continue-on-failure --profile="Library/Bee/backend1.traceevents" ScriptAssemblies
WorkingDir: C:/Users/MTA-403/Desktop/DMT321_Lab01_Unity6.5
ExitCode: 0 Duration: 0s286ms
[211/214    0s] Csc Library/Bee/artifacts/1900b0aE.dag/Assembly-CSharp.dll (+2 others)
[212/214    0s] CopyFiles Library/ScriptAssemblies/Assembly-CSharp.pdb
[213/214    0s] CopyFiles Library/ScriptAssemblies/Assembly-CSharp.dll
*** Tundra build success (0.24 seconds), 3 items updated, 214 evaluated
Total cache size 1976460
Total cache size after purge 1976460, took 00:00:00.0157726
Reloading assemblies after forced synchronous recompile.
Begin MonoManager ReloadAssembly
Native extension for WindowsStandalone target not found
Native extension for WebGL target not found
[MODES] ModeService[none].Initialize
[MODES] ModeService[none].LoadModes
ScheduleIndexationOnStartup MainProcess:True IndexOnStartup:True
Mono: successfully reloaded assembly
- Finished resetting the current domain, in  1.776 seconds
Domain Reload Profiling: 2493ms
	BeginReloadAssembly (479ms)
		DisableScriptedObjects (83ms)
		CreateAndSetChildDomain (128ms)
	RebuildCommonClasses (14ms)
	RebuildNativeTypeToScriptingClass (24ms)
	initialDomainReloadingComplete (53ms)
	LoadAllAssembliesAndSetupDomain (146ms)
		LoadAssemblies (134ms)
		AnalyzeDomain (21ms)
			TypeCache.Refresh (6ms)
			BuildScriptInfoCaches (11ms)
	FinalizeReload (1777ms)
		SetupLoadedEditorAssemblies (0ms)
			InitializePlatformSupportModulesInManaged (3ms)
			BeforeProcessingInitializeOnLoad (176ms)
			ProcessInitializeOnLoadAttributes (103ms)
			ProcessInitializeOnLoadMethodAttributes (91ms)
			AfterProcessingInitializeOnLoad (7ms)
		AwakeInstancesAfterBackupRestoration (770ms)

Asset Pipeline Refresh (id=18e73590a9596d94eb429d2beffcb9f4): Total: 3.146 seconds - Initiated by RefreshV2(AllowForceSynchronousImport)
	(Values over 0.05ms)
	Summary:
		Imports: total=0 (actual=0, local cache=0, cache server=0)
		Asset DB Process Time: managed=0 ms, native=1837 ms
		Asset DB Callback time: managed=51 ms, native=5 ms
		Scripting: domain reloads=1, domain reload time=750 ms, compile time=501 ms, other=0 ms
		Project Asset Count: scripts=135, non-scripts=91
		Asset File Changes: new=0, changed=1, moved=0, deleted=0
		Scan Filter Count: 0
	InvokePackagesCallback: 4.932ms
	ApplyChangesToAssetFolders: 0.319ms
	Scan: 8.998ms
	Collect global state as custom dependencies: 0.191ms
	OnSourceAssetsModified: 1.144ms
	ProcessAssetsWithTransientArtifactChanges: 0.998ms
	CategorizeAssets: 1.175ms
	CompileScripts: 501.113ms
	ImportOutOfDateAssets: 1779.283ms (1777.850ms without children)
		ReloadNativeAssets: 0.382ms
		UnloadImportedAssets: 0.160ms
		ImportSchedulerStart: 0.846ms
	PostProcessAllAssets: 51.027ms
		MonoPostProcessAllAssets: 50.555ms
			WindowAssetPostprocessingWatcher.OnPostprocessAllAssets 10.454ms
			AssetChangedListener.OnPostprocessAllAssets 9.040ms
			BuilderAssetPostprocessor.OnPostprocessAllAssets 7.080ms
			AssetPostprocessor.OnPostprocessAllAssets 5.086ms
			SpeedTree9Postprocessor.OnPostprocessAllAssets 1.631ms
			RetainedModeAssetPostprocessor.OnPostprocessAllAssets 1.443ms
			SyncVS.PostprocessSyncProject 1.406ms
			EditModeScopePostprocessor.OnPostprocessAllAssets 1.140ms
			ArtifactBrowserPostProcessor.OnPostprocessAllAssets 0.686ms
			TMPro_TexturePostProcessor.OnPostprocessAllAssets 0.660ms
			AudioMixerPostprocessor.OnPostprocessAllAssets 0.411ms
			TextAssetPostProcessor.OnPostprocessAllAssets 0.408ms
			ReferencedClipsPostProcessor.OnPostprocessAllAssets 0.337ms
			StyleCatalogPostProcessor.OnPostprocessAllAssets 0.297ms
			AssetEvents.OnPostprocessAllAssets 0.294ms
			SpeedTreePostProcessor.OnPostprocessAllAssets 0.261ms
			TerrainToolbarOverlayPostProcessor.OnPostprocessAllAssets 0.247ms
			AssetDatabaseCallbacks.OnPostprocessAllAssets 0.189ms
			ConfigAssetsTracker.OnPostprocessAllAssets 0.173ms
			ScenarioDriftAssetsTracker.OnPostprocessAllAssets 0.166ms
			RenderPipelineGlobalSettingsPostprocessor.OnPostprocessAllAssets 0.100ms
			AudioContainerPostProcessor.OnPostprocessAllAssets 0.100ms
	PostAssetChangesProfiler: 3.287ms
	GatherAllCurrentPrimaryImportResultRevisions: 0.059ms
	UnloadStreamsBegin: 0.428ms
	GenerateScriptTypeHashes: 0.370ms
	GenerateScriptTypeSerializationHashes: 0.720ms
	Untracked: 786.703ms

[Licensing::Client] Successfully resolved entitlement details
Reloading assemblies for play mode.
Reloading assemblies after forced synchronous recompile.
Begin MonoManager ReloadAssembly
Native extension for WindowsStandalone target not found
Native extension for WebGL target not found
ScheduleIndexationOnStartup MainProcess:True IndexOnStartup:True
[MODES] ModeService[none].Initialize
[MODES] ModeService[none].LoadModes
Mono: successfully reloaded assembly
- Finished resetting the current domain, in  1.632 seconds
Domain Reload Profiling: 2275ms
	BeginReloadAssembly (436ms)
		DisableScriptedObjects (108ms)
		CreateAndSetChildDomain (111ms)
	RebuildCommonClasses (12ms)
	RebuildNativeTypeToScriptingClass (22ms)
	initialDomainReloadingComplete (51ms)
	LoadAllAssembliesAndSetupDomain (120ms)
		LoadAssemblies (124ms)
		AnalyzeDomain (8ms)
			TypeCache.Refresh (4ms)
	FinalizeReload (1633ms)
		SetupLoadedEditorAssemblies (0ms)
			InitializePlatformSupportModulesInManaged (3ms)
			BeforeProcessingInitializeOnLoad (113ms)
			ProcessInitializeOnLoadAttributes (93ms)
			ProcessInitializeOnLoadMethodAttributes (102ms)
			AfterProcessingInitializeOnLoad (8ms)
		AwakeInstancesAfterBackupRestoration (795ms)

Asset Pipeline Refresh (id=398b1b450d8469640a7731be6ed84b22): Total: 2.376 seconds - Initiated by StopAssetImportingV2(ForceSynchronousImport | ForceDomainReload)
	(Values over 0.05ms)
	Summary:
		Imports: total=0 (actual=0, local cache=0, cache server=0)
		Asset DB Process Time: managed=0 ms, native=1674 ms
		Asset DB Callback time: managed=22 ms, native=0 ms
		Scripting: domain reloads=1, domain reload time=676 ms, compile time=2 ms, other=0 ms
		Project Asset Count: scripts=135, non-scripts=91
		Asset File Changes: new=0, changed=0, moved=0, deleted=0
		Scan Filter Count: 0
	InvokePackagesCallback: 2.221ms
	ApplyChangesToAssetFolders: 0.078ms
	Collect global state as custom dependencies: 0.108ms
	CategorizeAssets: 1.168ms
	CompileScripts: 1.824ms
	ImportOutOfDateAssets: 1636.064ms (1634.392ms without children)
		ReloadNativeAssets: 0.386ms
		UnloadImportedAssets: 0.154ms
		ImportSchedulerStart: 1.086ms
	PostProcessAllAssets: 22.384ms
		MonoPostProcessAllAssets: 22.380ms
			WindowAssetPostprocessingWatcher.OnPostprocessAllAssets 9.659ms
			AssetChangedListener.OnPostprocessAllAssets 9.040ms
			BuilderAssetPostprocessor.OnPostprocessAllAssets 7.080ms
			AssetPostprocessor.OnPostprocessAllAssets 5.086ms
			RetainedModeAssetPostprocessor.OnPostprocessAllAssets 1.443ms
			SyncVS.PostprocessSyncProject 1.293ms
			SpeedTree9Postprocessor.OnPostprocessAllAssets 0.911ms
			ArtifactBrowserPostProcessor.OnPostprocessAllAssets 0.686ms
			TMPro_TexturePostProcessor.OnPostprocessAllAssets 0.660ms
			AudioMixerPostprocessor.OnPostprocessAllAssets 0.411ms
			TextAssetPostProcessor.OnPostprocessAllAssets 0.408ms
			EditModeScopePostprocessor.OnPostprocessAllAssets 0.364ms
			ReferencedClipsPostProcessor.OnPostprocessAllAssets 0.338ms
			StyleCatalogPostProcessor.OnPostprocessAllAssets 0.297ms
			AssetEvents.OnPostprocessAllAssets 0.294ms
			SpeedTreePostProcessor.OnPostprocessAllAssets 0.261ms
			AssetDatabaseCallbacks.OnPostprocessAllAssets 0.192ms
			ConfigAssetsTracker.OnPostprocessAllAssets 0.173ms
			TerrainToolbarOverlayPostProcessor.OnPostprocessAllAssets 0.169ms
			ScenarioDriftAssetsTracker.OnPostprocessAllAssets 0.166ms
			AudioContainerPostProcessor.OnPostprocessAllAssets 0.100ms
			RenderPipelineGlobalSettingsPostprocessor.OnPostprocessAllAssets 0.092ms
	GenerateScriptTypeHashes: 0.374ms
	GenerateScriptTypeSerializationHashes: 0.716ms
	Untracked: 706.645ms

Loaded scene 'Temp/__Backupscenes/0.backup'
	Deserialize:            3.536 ms
	Integration:            31.746 ms
	Integration of assets:  0.003 ms
	Thread Wait Time:       0.048 ms
	Total Operation Time:   35.333 ms
[Licensing::Client] Successfully resolved entitlement details
[ScriptCompilation] Requested script compilation because: AssetDatabase observed changes in script compilation related files
Asset Pipeline Refresh (id=4fc54b1748ed20a48a7d9cf8a8320c3d): Total: 0.054 seconds - Initiated by RefreshV2(NoUpdateAssetOptions)
[Licensing::Client] Successfully resolved entitlement details
info: Microsoft.AspNetCore.Hosting.Diagnostics[1]
      Request starting HTTP/2 POST http://ilpp/UnityILPP.PostProcessing/Ping - application/grpc -
info: Microsoft.AspNetCore.Routing.EndpointMiddleware[0]
      Executing endpoint 'gRPC - /UnityILPP.PostProcessing/Ping'
info: Microsoft.AspNetCore.Routing.EndpointMiddleware[1]
      Executed endpoint 'gRPC - /UnityILPP.PostProcessing/Ping'
info: Microsoft.AspNetCore.Hosting.Diagnostics[2]
      Request finished HTTP/2 POST http://ilpp/UnityILPP.PostProcessing/Ping - 200 - application/grpc 0.2405ms
Starting: C:\Program Files\Unity\Hub\Editor\6000.5.3f1\Editor\Data\Tools\BuildPipeline\bee_backend.exe --ipc --defer-dag-verification --dagfile="Library/Bee/1900b0aE.dag" --continue-on-failure --profile="Library/Bee/backend1.traceevents" ScriptAssemblies
WorkingDir: C:/Users/MTA-403/Desktop/DMT321_Lab01_Unity6.5
Unloading 0 Unused Serialized files (Serialized files now loaded: 0)
Loaded scene 'Temp/__Backupscenes/0.backup'
	Deserialize:            2.492 ms
	Integration:            14.166 ms
	Integration of assets:  0.002 ms
	Thread Wait Time:       0.016 ms
	Total Operation Time:   16.677 ms
Unloading 7 unused Assets / (29.4 MB). Loaded Objects now: 2510.
Memory consumption went from 461.4 MB to 432.0 MB.
Total: 17.699000 ms (FindLiveObjects: 0.188100 ms CreateObjectMapping: 0.050200 ms MarkObjects: 16.092700 ms  DeleteObjects: 1.367000 ms)

[Licensing::Client] Successfully resolved entitlement details
ExitCode: 0 Duration: 0s265ms
[211/214    0s] Csc Library/Bee/artifacts/1900b0aE.dag/Assembly-CSharp.dll (+2 others)
[212/214    0s] CopyFiles Library/ScriptAssemblies/Assembly-CSharp.dll
[213/214    0s] CopyFiles Library/ScriptAssemblies/Assembly-CSharp.pdb
*** Tundra build success (0.22 seconds), 3 items updated, 214 evaluated
Total cache size 1976460
Reloading assemblies after finishing script compilation.
Reloading assemblies after forced synchronous recompile.
Total cache size after purge 1976460, took 00:00:00.0120865
Begin MonoManager ReloadAssembly
Native extension for WindowsStandalone target not found
Native extension for WebGL target not found
[MODES] ModeService[none].Initialize
[MODES] ModeService[none].LoadModes
ScheduleIndexationOnStartup MainProcess:True IndexOnStartup:True
Mono: successfully reloaded assembly
- Finished resetting the current domain, in  1.800 seconds
Domain Reload Profiling: 2565ms
	BeginReloadAssembly (527ms)
		DisableScriptedObjects (93ms)
		CreateAndSetChildDomain (134ms)
	RebuildCommonClasses (14ms)
	RebuildNativeTypeToScriptingClass (24ms)
	initialDomainReloadingComplete (53ms)
	LoadAllAssembliesAndSetupDomain (146ms)
		LoadAssemblies (146ms)
		AnalyzeDomain (22ms)
			TypeCache.Refresh (7ms)
			BuildScriptInfoCaches (11ms)
	FinalizeReload (1802ms)
		SetupLoadedEditorAssemblies (0ms)
			InitializePlatformSupportModulesInManaged (3ms)
			BeforeProcessingInitializeOnLoad (188ms)
			ProcessInitializeOnLoadAttributes (108ms)
			ProcessInitializeOnLoadMethodAttributes (94ms)
			AfterProcessingInitializeOnLoad (7ms)
		AwakeInstancesAfterBackupRestoration (764ms)

Asset Pipeline Refresh (id=4f5a2fcfacbfc2b4b92c620da31af6f2): Total: 2.675 seconds - Initiated by StopAssetImportingV2(ForceSynchronousImport | ForceDomainReload)
	(Values over 0.05ms)
	Summary:
		Imports: total=0 (actual=0, local cache=0, cache server=0)
		Asset DB Process Time: managed=0 ms, native=1846 ms
		Asset DB Callback time: managed=28 ms, native=0 ms
		Scripting: domain reloads=1, domain reload time=798 ms, compile time=2 ms, other=0 ms
		Project Asset Count: scripts=135, non-scripts=91
		Asset File Changes: new=0, changed=0, moved=0, deleted=0
		Scan Filter Count: 0
	InvokePackagesCallback: 2.030ms
	ApplyChangesToAssetFolders: 0.074ms
	Collect global state as custom dependencies: 0.102ms
	ProcessAssetsWithTransientArtifactChanges: 0.239ms
	CategorizeAssets: 1.232ms
	CompileScripts: 1.746ms
	ImportOutOfDateAssets: 1804.419ms (1802.752ms without children)
		ReloadNativeAssets: 0.401ms
		UnloadImportedAssets: 0.303ms
		ImportSchedulerStart: 0.913ms
	PostProcessAllAssets: 28.033ms
		MonoPostProcessAllAssets: 28.028ms
			WindowAssetPostprocessingWatcher.OnPostprocessAllAssets 9.853ms
			AssetChangedListener.OnPostprocessAllAssets 9.738ms
			BuilderAssetPostprocessor.OnPostprocessAllAssets 7.231ms
			AssetPostprocessor.OnPostprocessAllAssets 4.627ms
			RetainedModeAssetPostprocessor.OnPostprocessAllAssets 2.039ms
			SyncVS.PostprocessSyncProject 1.527ms
			EditModeScopePostprocessor.OnPostprocessAllAssets 1.176ms
			TextAssetPostProcessor.OnPostprocessAllAssets 0.966ms
			SpeedTree9Postprocessor.OnPostprocessAllAssets 0.909ms
			TMPro_TexturePostProcessor.OnPostprocessAllAssets 0.804ms
			ArtifactBrowserPostProcessor.OnPostprocessAllAssets 0.624ms
			AudioMixerPostprocessor.OnPostprocessAllAssets 0.456ms
			ReferencedClipsPostProcessor.OnPostprocessAllAssets 0.329ms
			TerrainToolbarOverlayPostProcessor.OnPostprocessAllAssets 0.305ms
			StyleCatalogPostProcessor.OnPostprocessAllAssets 0.291ms
			AssetEvents.OnPostprocessAllAssets 0.269ms
			AssetDatabaseCallbacks.OnPostprocessAllAssets 0.204ms
			SpeedTreePostProcessor.OnPostprocessAllAssets 0.201ms
			ScenarioDriftAssetsTracker.OnPostprocessAllAssets 0.186ms
			ConfigAssetsTracker.OnPostprocessAllAssets 0.179ms
			AudioContainerPostProcessor.OnPostprocessAllAssets 0.094ms
			RenderPipelineGlobalSettingsPostprocessor.OnPostprocessAllAssets 0.092ms
	GenerateScriptTypeHashes: 0.388ms
	GenerateScriptTypeSerializationHashes: 0.753ms
	Untracked: 829.133ms

[Licensing::Client] Successfully resolved entitlement details
Reloading assemblies for play mode.
Reloading assemblies after forced synchronous recompile.
Begin MonoManager ReloadAssembly
Native extension for WindowsStandalone target not found
Native extension for WebGL target not found
ScheduleIndexationOnStartup MainProcess:True IndexOnStartup:True
[MODES] ModeService[none].Initialize
[MODES] ModeService[none].LoadModes
Mono: successfully reloaded assembly
- Finished resetting the current domain, in  1.618 seconds
Domain Reload Profiling: 2316ms
	BeginReloadAssembly (479ms)
		DisableScriptedObjects (115ms)
		CreateAndSetChildDomain (123ms)
	RebuildCommonClasses (13ms)
	RebuildNativeTypeToScriptingClass (24ms)
	initialDomainReloadingComplete (47ms)
	LoadAllAssembliesAndSetupDomain (134ms)
		LoadAssemblies (131ms)
		AnalyzeDomain (9ms)
			TypeCache.Refresh (4ms)
	FinalizeReload (1620ms)
		SetupLoadedEditorAssemblies (0ms)
			BeforeProcessingInitializeOnLoad (115ms)
			ProcessInitializeOnLoadAttributes (95ms)
			ProcessInitializeOnLoadMethodAttributes (89ms)
			AfterProcessingInitializeOnLoad (7ms)
			EditorAssembliesLoaded (3ms)
		AwakeInstancesAfterBackupRestoration (778ms)

Asset Pipeline Refresh (id=81f97c5f047f5c944aef68c5a06a2f43): Total: 2.426 seconds - Initiated by StopAssetImportingV2(ForceSynchronousImport | ForceDomainReload)
	(Values over 0.05ms)
	Summary:
		Imports: total=0 (actual=0, local cache=0, cache server=0)
		Asset DB Process Time: managed=0 ms, native=1663 ms
		Asset DB Callback time: managed=27 ms, native=0 ms
		Scripting: domain reloads=1, domain reload time=732 ms, compile time=2 ms, other=0 ms
		Project Asset Count: scripts=135, non-scripts=91
		Asset File Changes: new=0, changed=0, moved=0, deleted=0
		Scan Filter Count: 0
	InvokePackagesCallback: 2.351ms
	ApplyChangesToAssetFolders: 0.082ms
	Collect global state as custom dependencies: 0.112ms
	CategorizeAssets: 1.220ms
	CompileScripts: 1.884ms
	ImportOutOfDateAssets: 1622.336ms (1620.716ms without children)
		ReloadNativeAssets: 0.396ms
		UnloadImportedAssets: 0.214ms
		ImportSchedulerStart: 0.962ms
	PostProcessAllAssets: 27.969ms
		MonoPostProcessAllAssets: 27.964ms
			AssetChangedListener.OnPostprocessAllAssets 9.738ms
			WindowAssetPostprocessingWatcher.OnPostprocessAllAssets 9.687ms
			BuilderAssetPostprocessor.OnPostprocessAllAssets 7.231ms
			AssetPostprocessor.OnPostprocessAllAssets 4.627ms
			RetainedModeAssetPostprocessor.OnPostprocessAllAssets 2.039ms
			SyncVS.PostprocessSyncProject 1.439ms
			TextAssetPostProcessor.OnPostprocessAllAssets 0.966ms
			SpeedTree9Postprocessor.OnPostprocessAllAssets 0.912ms
			TMPro_TexturePostProcessor.OnPostprocessAllAssets 0.804ms
			ArtifactBrowserPostProcessor.OnPostprocessAllAssets 0.624ms
			AudioMixerPostprocessor.OnPostprocessAllAssets 0.456ms
			EditModeScopePostprocessor.OnPostprocessAllAssets 0.390ms
			ReferencedClipsPostProcessor.OnPostprocessAllAssets 0.339ms
			StyleCatalogPostProcessor.OnPostprocessAllAssets 0.291ms
			AssetEvents.OnPostprocessAllAssets 0.269ms
			SpeedTreePostProcessor.OnPostprocessAllAssets 0.201ms
			ScenarioDriftAssetsTracker.OnPostprocessAllAssets 0.186ms
			AssetDatabaseCallbacks.OnPostprocessAllAssets 0.183ms
			ConfigAssetsTracker.OnPostprocessAllAssets 0.179ms
			TerrainToolbarOverlayPostProcessor.OnPostprocessAllAssets 0.166ms
			AudioContainerPostProcessor.OnPostprocessAllAssets 0.094ms
			RenderPipelineGlobalSettingsPostprocessor.OnPostprocessAllAssets 0.093ms
	GenerateScriptTypeHashes: 0.383ms
	GenerateScriptTypeSerializationHashes: 0.730ms
	Untracked: 764.180ms

Loaded scene 'Temp/__Backupscenes/0.backup'
	Deserialize:            3.731 ms
	Integration:            34.086 ms
	Integration of assets:  0.004 ms
	Thread Wait Time:       0.050 ms
	Total Operation Time:   37.872 ms
[Licensing::Client] Successfully resolved entitlement details
Unloading 2 Unused Serialized files (Serialized files now loaded: 1)
Loaded scene 'Temp/__Backupscenes/0.backup'
	Deserialize:            2.385 ms
	Integration:            16.168 ms
	Integration of assets:  0.003 ms
	Thread Wait Time:       0.015 ms
	Total Operation Time:   18.572 ms
Unloading 7 unused Assets / (29.6 MB). Loaded Objects now: 2538.
Memory consumption went from 469.9 MB to 440.3 MB.
Total: 21.415100 ms (FindLiveObjects: 0.224900 ms CreateObjectMapping: 0.062100 ms MarkObjects: 19.757700 ms  DeleteObjects: 1.369100 ms)

[Licensing::Client] Successfully resolved entitlement details
Reloading assemblies for play mode.
Reloading assemblies after forced synchronous recompile.
Begin MonoManager ReloadAssembly
Native extension for WindowsStandalone target not found
Native extension for WebGL target not found
ScheduleIndexationOnStartup MainProcess:True IndexOnStartup:True
[MODES] ModeService[none].Initialize
[MODES] ModeService[none].LoadModes
Mono: successfully reloaded assembly
- Finished resetting the current domain, in  1.773 seconds
Domain Reload Profiling: 2513ms
	BeginReloadAssembly (516ms)
		DisableScriptedObjects (98ms)
		CreateAndSetChildDomain (149ms)
	RebuildCommonClasses (13ms)
	RebuildNativeTypeToScriptingClass (23ms)
	initialDomainReloadingComplete (49ms)
	LoadAllAssembliesAndSetupDomain (139ms)
		LoadAssemblies (148ms)
		AnalyzeDomain (9ms)
			TypeCache.Refresh (5ms)
	FinalizeReload (1774ms)
		SetupLoadedEditorAssemblies (0ms)
			InitializePlatformSupportModulesInManaged (3ms)
			BeforeProcessingInitializeOnLoad (117ms)
			ProcessInitializeOnLoadAttributes (112ms)
			ProcessInitializeOnLoadMethodAttributes (95ms)
			AfterProcessingInitializeOnLoad (7ms)
		AwakeInstancesAfterBackupRestoration (891ms)

Asset Pipeline Refresh (id=05fc69be439359b4d91d042e79e6abe3): Total: 2.622 seconds - Initiated by StopAssetImportingV2(ForceSynchronousImport | ForceDomainReload)
	(Values over 0.05ms)
	Summary:
		Imports: total=0 (actual=0, local cache=0, cache server=0)
		Asset DB Process Time: managed=0 ms, native=1819 ms
		Asset DB Callback time: managed=26 ms, native=0 ms
		Scripting: domain reloads=1, domain reload time=774 ms, compile time=2 ms, other=0 ms
		Project Asset Count: scripts=135, non-scripts=91
		Asset File Changes: new=0, changed=0, moved=0, deleted=0
		Scan Filter Count: 0
	InvokePackagesCallback: 2.257ms
	ApplyChangesToAssetFolders: 0.086ms
	Collect global state as custom dependencies: 0.114ms
	CategorizeAssets: 1.233ms
	CompileScripts: 1.870ms
	ImportOutOfDateAssets: 1776.648ms (1774.923ms without children)
		ReloadNativeAssets: 0.451ms
		UnloadImportedAssets: 0.248ms
		EnsureUptoDateAssetsAreRegisteredWithGuidPM: 0.063ms
		ImportSchedulerStart: 0.961ms
	PostProcessAllAssets: 26.331ms
		MonoPostProcessAllAssets: 26.326ms
			WindowAssetPostprocessingWatcher.OnPostprocessAllAssets 12.359ms
			AssetChangedListener.OnPostprocessAllAssets 9.738ms
			BuilderAssetPostprocessor.OnPostprocessAllAssets 7.231ms
			AssetPostprocessor.OnPostprocessAllAssets 4.627ms
			RetainedModeAssetPostprocessor.OnPostprocessAllAssets 2.039ms
			SyncVS.PostprocessSyncProject 1.795ms
			SpeedTree9Postprocessor.OnPostprocessAllAssets 1.218ms
			TextAssetPostProcessor.OnPostprocessAllAssets 0.966ms
			TMPro_TexturePostProcessor.OnPostprocessAllAssets 0.804ms
			ArtifactBrowserPostProcessor.OnPostprocessAllAssets 0.624ms
			AudioMixerPostprocessor.OnPostprocessAllAssets 0.456ms
			ReferencedClipsPostProcessor.OnPostprocessAllAssets 0.448ms
			EditModeScopePostprocessor.OnPostprocessAllAssets 0.324ms
			StyleCatalogPostProcessor.OnPostprocessAllAssets 0.291ms
			AssetEvents.OnPostprocessAllAssets 0.269ms
			TerrainToolbarOverlayPostProcessor.OnPostprocessAllAssets 0.247ms
			AssetDatabaseCallbacks.OnPostprocessAllAssets 0.247ms
			SpeedTreePostProcessor.OnPostprocessAllAssets 0.201ms
			ScenarioDriftAssetsTracker.OnPostprocessAllAssets 0.186ms
			ConfigAssetsTracker.OnPostprocessAllAssets 0.179ms
			RenderPipelineGlobalSettingsPostprocessor.OnPostprocessAllAssets 0.121ms
			AudioContainerPostProcessor.OnPostprocessAllAssets 0.094ms
	UnloadStreamsBegin: 2.572ms
	GenerateScriptTypeHashes: 0.436ms
	GenerateScriptTypeSerializationHashes: 0.790ms
	Untracked: 805.666ms

Loaded scene 'Temp/__Backupscenes/0.backup'
	Deserialize:            4.682 ms
	Integration:            49.373 ms
	Integration of assets:  0.007 ms
	Thread Wait Time:       0.033 ms
	Total Operation Time:   54.094 ms
[Licensing::Client] Successfully resolved entitlement details
Unloading 0 Unused Serialized files (Serialized files now loaded: 0)
Loaded scene 'Temp/__Backupscenes/0.backup'
	Deserialize:            2.353 ms
	Integration:            14.949 ms
	Integration of assets:  0.002 ms
	Thread Wait Time:       0.016 ms
	Total Operation Time:   17.319 ms
Unloading 3 unused Assets / (39.4 KB). Loaded Objects now: 2539.
Memory consumption went from 434.9 MB to 434.8 MB.
Total: 13.204800 ms (FindLiveObjects: 0.200000 ms CreateObjectMapping: 0.052600 ms MarkObjects: 12.900600 ms  DeleteObjects: 0.050200 ms)

Importing 'GUID: 819e0345fc0eddd4a99f4b0c5050492e - Path: Assets/material/New Material.mat' with importer (NativeFormatImporter)
Imported 'GUID: 819e0345fc0eddd4a99f4b0c5050492e' -> (Import Result ID: '9746b058d0fec1499af16737f2c4f3d8') in 0.005 seconds [static dependencies only]. Details - ImportResultOutputID=18d35e1ab01eaf1806be58a4daf4a3f5 DependenciesID=5fdf27f1d76cf67b74c2e633f8382102 StaticDependenciesID=239aa2878d590aea93cff0baf230fe74 
Importing 'GUID: 8f586378b4e144a9851e7b34d9b748ee - Path: Assets/TextMesh Pro/Resources/Fonts & Materials/LiberationSans SDF.asset' with importer (NativeFormatImporter)
Imported 'GUID: 8f586378b4e144a9851e7b34d9b748ee' -> (Import Result ID: '10c656fbbab0e14b5d655e1240ee4a51') in 0.006 seconds [static dependencies only]. Details - ImportResultOutputID=240fd601d528dfe2404501a6b4c703ff DependenciesID=edf1dc1723315f731540bcee0788c6d8 StaticDependenciesID=2662c88cdc6caf43dcf3e96bb407d19a 
Asset Pipeline Refresh (id=c7648fdd5811923428272f84c90ef37a): Total: 0.062 seconds - Initiated by StopAssetImportingV2(NoUpdateAssetOptions)
Importing 'GUID: ac02f115d5943413b883cec70d47e7dc - Path: Assets/DMT321/SimpleDigitalTwin/Scenes/L01_StartHere.unity' with importer (DefaultImporter)
Imported 'GUID: ac02f115d5943413b883cec70d47e7dc' -> (Import Result ID: 'eeafc6e42b0c086e63fa0493e1b80060') in 0.001 seconds [static dependencies only]. Details - ImportResultOutputID=c8c3e4e2c7530f61277b990a98ec0c01 DependenciesID=3ba784d8b23c5eb43bbeb7dc4fe3daa4 StaticDependenciesID=6b52f85ad3193ea1d37b4e7199b5309c 
Asset Pipeline Refresh (id=115b20f656ea4b5408d2eeb933fbe27b): Total: 0.021 seconds - Initiated by StopAssetImportingV2(NoUpdateAssetOptions)
[Worker0] Imported GUID: ac02f115d5943413b883cec70d47e7dc - Path: Assets/DMT321/SimpleDigitalTwin/Scenes/L01_StartHere.unity - Importer: PreviewImporter -> (ImportResultId: 'dd5445b8902305cb14f14056e86db993') in 0.003603 seconds
Opening scene 'Assets/DMT321/SimpleDigitalTwin/Scenes/L01_StartHere.unity'
Unloading 1 Unused Serialized files (Serialized files now loaded: 0)
Loaded scene 'Assets/DMT321/SimpleDigitalTwin/Scenes/L01_StartHere.unity'
	Deserialize:            3.664 ms
	Integration:            18.234 ms
	Integration of assets:  0.002 ms
	Thread Wait Time:       0.017 ms
	Total Operation Time:   21.917 ms
Unloading 3 unused Assets / (55.2 KB). Loaded Objects now: 2526.
Memory consumption went from 434.5 MB to 434.5 MB.
Total: 12.858700 ms (FindLiveObjects: 0.261800 ms CreateObjectMapping: 0.053900 ms MarkObjects: 12.463200 ms  DeleteObjects: 0.078500 ms)

[Worker0] Imported GUID: c8d601fc07ce30a48aedac6b5c465b55 - Path: Assets/DMT321/SimpleDigitalTwin/Scenes/World.prefab - Importer: PreviewImporter -> (ImportResultId: 'aa638c6dc0c18002333dfaab3bbe5792') in 0.1384931 seconds
[Worker0] Imported GUID: 6264e5f1711ac4989bd0527676f9a0f6 - Path: Assets/DMT321/SimpleDigitalTwin/Scripts/TemperatureTwinView.cs - Importer: ScriptedImporter/UnityEditor.QuickSearchModule:UnityEditor.Search:ASIAI0B -> (ImportResultId: '4e000b0f9069978b816ff13e05a5a85d') in 0.1007268 seconds
[Worker0] Imported GUID: ac02f115d5943413b883cec70d47e7dc - Path: Assets/DMT321/SimpleDigitalTwin/Scenes/L01_StartHere.unity - Importer: ScriptedImporter/UnityEditor.QuickSearchModule:UnityEditor.Search:ASIAI0B -> (ImportResultId: 'b0c69a3e07fdac7c470e64ccdd9659ca') in 0.0096959 seconds
[Worker0] Imported GUID: 819e0345fc0eddd4a99f4b0c5050492e - Path: Assets/material/New Material.mat - Importer: ScriptedImporter/UnityEditor.QuickSearchModule:UnityEditor.Search:ASIAI0B -> (ImportResultId: '1420b6858802cdce185e4c64cdd93768') in 0.0143227 seconds
[Worker1] Imported GUID: 8f586378b4e144a9851e7b34d9b748ee - Path: Assets/TextMesh Pro/Resources/Fonts & Materials/LiberationSans SDF.asset - Importer: ScriptedImporter/UnityEditor.QuickSearchModule:UnityEditor.Search:ASIAI0B -> (ImportResultId: 'd1c15dc616eb3caa7562100401021b22') in 0.2056674 seconds
Asset Pipeline Refresh (id=337a469a451ec0141833889f6892722e): Total: 0.017 seconds - Initiated by RefreshV2(AllowForceSynchronousImport)
Reloading assemblies for play mode.
Reloading assemblies after forced synchronous recompile.
Begin MonoManager ReloadAssembly
[Licensing::Client] Successfully resolved entitlement details
Native extension for WindowsStandalone target not found
Native extension for WebGL target not found
ScheduleIndexationOnStartup MainProcess:True IndexOnStartup:True
[MODES] ModeService[none].Initialize
[MODES] ModeService[none].LoadModes
Mono: successfully reloaded assembly
- Finished resetting the current domain, in  1.681 seconds
Domain Reload Profiling: 2384ms
	BeginReloadAssembly (487ms)
		DisableScriptedObjects (106ms)
		CreateAndSetChildDomain (153ms)
	RebuildCommonClasses (12ms)
	RebuildNativeTypeToScriptingClass (22ms)
	initialDomainReloadingComplete (52ms)
	LoadAllAssembliesAndSetupDomain (128ms)
		LoadAssemblies (133ms)
		AnalyzeDomain (9ms)
			TypeCache.Refresh (5ms)
	FinalizeReload (1682ms)
		SetupLoadedEditorAssemblies (0ms)
			BeforeProcessingInitializeOnLoad (129ms)
			ProcessInitializeOnLoadAttributes (103ms)
			ProcessInitializeOnLoadMethodAttributes (90ms)
			AfterProcessingInitializeOnLoad (7ms)
		AwakeInstancesAfterBackupRestoration (827ms)

Asset Pipeline Refresh (id=57d48c77fe0ceb9479c198c8e485962e): Total: 2.493 seconds - Initiated by StopAssetImportingV2(ForceSynchronousImport | ForceDomainReload)
	(Values over 0.05ms)
	Summary:
		Imports: total=0 (actual=0, local cache=0, cache server=0)
		Asset DB Process Time: managed=0 ms, native=1726 ms
		Asset DB Callback time: managed=24 ms, native=0 ms
		Scripting: domain reloads=1, domain reload time=739 ms, compile time=2 ms, other=0 ms
		Project Asset Count: scripts=135, non-scripts=91
		Asset File Changes: new=0, changed=0, moved=0, deleted=0
		Scan Filter Count: 0
	InvokePackagesCallback: 2.193ms
	ApplyChangesToAssetFolders: 0.092ms
	Collect global state as custom dependencies: 0.149ms
	CategorizeAssets: 1.237ms
	CompileScripts: 1.812ms
	ImportOutOfDateAssets: 1685.097ms (1683.490ms without children)
		ReloadNativeAssets: 0.403ms
		UnloadImportedAssets: 0.227ms
		ImportSchedulerStart: 0.932ms
	PostProcessAllAssets: 24.119ms
		MonoPostProcessAllAssets: 24.116ms
			WindowAssetPostprocessingWatcher.OnPostprocessAllAssets 10.545ms
			SyncVS.PostprocessSyncProject 1.372ms
			SpeedTree9Postprocessor.OnPostprocessAllAssets 0.998ms
			EditModeScopePostprocessor.OnPostprocessAllAssets 0.385ms
			ReferencedClipsPostProcessor.OnPostprocessAllAssets 0.335ms
			AssetChangedListener.OnPostprocessAllAssets 0.194ms
			AssetDatabaseCallbacks.OnPostprocessAllAssets 0.179ms
			TerrainToolbarOverlayPostProcessor.OnPostprocessAllAssets 0.171ms
			RenderPipelineGlobalSettingsPostprocessor.OnPostprocessAllAssets 0.091ms
			AssetPostprocessor.OnPostprocessAllAssets 0.053ms
	UnloadStreamsBegin: 2.165ms
	GenerateScriptTypeHashes: 0.389ms
	GenerateScriptTypeSerializationHashes: 0.742ms
	Untracked: 770.586ms

Loaded scene 'Temp/__Backupscenes/0.backup'
	Deserialize:            3.581 ms
	Integration:            33.034 ms
	Integration of assets:  0.004 ms
	Thread Wait Time:       0.055 ms
	Total Operation Time:   36.673 ms
[Licensing::Client] Successfully resolved entitlement details
Unloading 0 Unused Serialized files (Serialized files now loaded: 0)
Loaded scene 'Temp/__Backupscenes/0.backup'
	Deserialize:            2.316 ms
	Integration:            15.497 ms
	Integration of assets:  0.002 ms
	Thread Wait Time:       0.050 ms
	Total Operation Time:   17.865 ms
Unloading 10 unused Assets / (126.1 KB). Loaded Objects now: 2549.
Memory consumption went from 445.0 MB to 444.9 MB.
Total: 13.746100 ms (FindLiveObjects: 0.204000 ms CreateObjectMapping: 0.052900 ms MarkObjects: 13.416500 ms  DeleteObjects: 0.071500 ms)

[Licensing::Client] Successfully resolved entitlement details
Reloading assemblies for play mode.
Reloading assemblies after forced synchronous recompile.
Begin MonoManager ReloadAssembly
Native extension for WindowsStandalone target not found
Native extension for WebGL target not found
ScheduleIndexationOnStartup MainProcess:True IndexOnStartup:True
[MODES] ModeService[none].Initialize
[MODES] ModeService[none].LoadModes
Mono: successfully reloaded assembly
- Finished resetting the current domain, in  1.682 seconds
Domain Reload Profiling: 2381ms
	BeginReloadAssembly (492ms)
		DisableScriptedObjects (107ms)
		CreateAndSetChildDomain (147ms)
	RebuildCommonClasses (12ms)
	RebuildNativeTypeToScriptingClass (23ms)
	initialDomainReloadingComplete (49ms)
	LoadAllAssembliesAndSetupDomain (122ms)
		LoadAssemblies (125ms)
		AnalyzeDomain (9ms)
			TypeCache.Refresh (4ms)
	FinalizeReload (1683ms)
		SetupLoadedEditorAssemblies (0ms)
			InitializePlatformSupportModulesInManaged (3ms)
			BeforeProcessingInitializeOnLoad (115ms)
			ProcessInitializeOnLoadAttributes (100ms)
			ProcessInitializeOnLoadMethodAttributes (96ms)
			AfterProcessingInitializeOnLoad (7ms)
		AwakeInstancesAfterBackupRestoration (832ms)

Asset Pipeline Refresh (id=7bb510ee0afbc5841acac82bedb58092): Total: 2.482 seconds - Initiated by StopAssetImportingV2(ForceSynchronousImport | ForceDomainReload)
	(Values over 0.05ms)
	Summary:
		Imports: total=0 (actual=0, local cache=0, cache server=0)
		Asset DB Process Time: managed=0 ms, native=1725 ms
		Asset DB Callback time: managed=23 ms, native=0 ms
		Scripting: domain reloads=1, domain reload time=731 ms, compile time=2 ms, other=0 ms
		Project Asset Count: scripts=135, non-scripts=91
		Asset File Changes: new=0, changed=0, moved=0, deleted=0
		Scan Filter Count: 0
	InvokePackagesCallback: 2.100ms
	ApplyChangesToAssetFolders: 0.064ms
	Collect global state as custom dependencies: 0.095ms
	CategorizeAssets: 1.190ms
	CompileScripts: 1.780ms
	ImportOutOfDateAssets: 1685.983ms (1683.872ms without children)
		ReloadNativeAssets: 0.440ms
		UnloadImportedAssets: 0.259ms
		ImportSchedulerStart: 1.366ms
	PostProcessAllAssets: 23.074ms
		MonoPostProcessAllAssets: 23.069ms
			WindowAssetPostprocessingWatcher.OnPostprocessAllAssets 10.283ms
			SyncVS.PostprocessSyncProject 1.354ms
			SpeedTree9Postprocessor.OnPostprocessAllAssets 0.919ms
			ReferencedClipsPostProcessor.OnPostprocessAllAssets 0.332ms
			EditModeScopePostprocessor.OnPostprocessAllAssets 0.314ms
			AssetChangedListener.OnPostprocessAllAssets 0.194ms
			AssetDatabaseCallbacks.OnPostprocessAllAssets 0.178ms
			TerrainToolbarOverlayPostProcessor.OnPostprocessAllAssets 0.172ms
			RenderPipelineGlobalSettingsPostprocessor.OnPostprocessAllAssets 0.091ms
			AssetPostprocessor.OnPostprocessAllAssets 0.053ms
	GenerateScriptTypeHashes: 0.427ms
	GenerateScriptTypeSerializationHashes: 0.835ms
	Untracked: 760.705ms

Loaded scene 'Temp/__Backupscenes/0.backup'
	Deserialize:            3.535 ms
	Integration:            45.539 ms
	Integration of assets:  0.004 ms
	Thread Wait Time:       0.019 ms
	Total Operation Time:   49.097 ms
[Licensing::Client] Successfully resolved entitlement details
Unloading 0 Unused Serialized files (Serialized files now loaded: 0)
Loaded scene 'Temp/__Backupscenes/0.backup'
	Deserialize:            2.304 ms
	Integration:            15.123 ms
	Integration of assets:  0.003 ms
	Thread Wait Time:       0.014 ms
	Total Operation Time:   17.445 ms
Unloading 5 unused Assets / (53.5 KB). Loaded Objects now: 2552.
Memory consumption went from 445.3 MB to 445.3 MB.
Total: 12.767000 ms (FindLiveObjects: 0.202900 ms CreateObjectMapping: 0.053200 ms MarkObjects: 12.454200 ms  DeleteObjects: 0.055600 ms)

Reloading assemblies for play mode.
Reloading assemblies after forced synchronous recompile.
Begin MonoManager ReloadAssembly
[Licensing::Client] Successfully resolved entitlement details
Native extension for WindowsStandalone target not found
Native extension for WebGL target not found
ScheduleIndexationOnStartup MainProcess:True IndexOnStartup:True
[MODES] ModeService[none].Initialize
[MODES] ModeService[none].LoadModes
Mono: successfully reloaded assembly
- Finished resetting the current domain, in  1.684 seconds
Domain Reload Profiling: 2432ms
	BeginReloadAssembly (538ms)
		DisableScriptedObjects (157ms)
		CreateAndSetChildDomain (135ms)
	RebuildCommonClasses (12ms)
	RebuildNativeTypeToScriptingClass (25ms)
	initialDomainReloadingComplete (50ms)
	LoadAllAssembliesAndSetupDomain (123ms)
		LoadAssemblies (130ms)
		AnalyzeDomain (9ms)
			TypeCache.Refresh (5ms)
	FinalizeReload (1685ms)
		SetupLoadedEditorAssemblies (0ms)
			InitializePlatformSupportModulesInManaged (3ms)
			BeforeProcessingInitializeOnLoad (119ms)
			ProcessInitializeOnLoadAttributes (108ms)
			ProcessInitializeOnLoadMethodAttributes (92ms)
			AfterProcessingInitializeOnLoad (7ms)
		AwakeInstancesAfterBackupRestoration (830ms)

Asset Pipeline Refresh (id=98144daf173f42f449d9133634a7ad92): Total: 2.532 seconds - Initiated by StopAssetImportingV2(ForceSynchronousImport | ForceDomainReload)
	(Values over 0.05ms)
	Summary:
		Imports: total=0 (actual=0, local cache=0, cache server=0)
		Asset DB Process Time: managed=0 ms, native=1727 ms
		Asset DB Callback time: managed=22 ms, native=0 ms
		Scripting: domain reloads=1, domain reload time=779 ms, compile time=2 ms, other=0 ms
		Project Asset Count: scripts=135, non-scripts=91
		Asset File Changes: new=0, changed=0, moved=0, deleted=0
		Scan Filter Count: 0
	InvokePackagesCallback: 2.147ms
	ApplyChangesToAssetFolders: 0.070ms
	Collect global state as custom dependencies: 0.106ms
	CategorizeAssets: 1.209ms
	CompileScripts: 1.928ms
	ImportOutOfDateAssets: 1687.484ms (1685.788ms without children)
		ReloadNativeAssets: 0.376ms
		UnloadImportedAssets: 0.301ms
		ImportSchedulerStart: 0.970ms
	PostProcessAllAssets: 22.628ms
		MonoPostProcessAllAssets: 22.623ms
			WindowAssetPostprocessingWatcher.OnPostprocessAllAssets 10.022ms
			SyncVS.PostprocessSyncProject 1.399ms
			SpeedTree9Postprocessor.OnPostprocessAllAssets 0.927ms
			ReferencedClipsPostProcessor.OnPostprocessAllAssets 0.344ms
			EditModeScopePostprocessor.OnPostprocessAllAssets 0.319ms
			AssetChangedListener.OnPostprocessAllAssets 0.194ms
			AssetDatabaseCallbacks.OnPostprocessAllAssets 0.179ms
			TerrainToolbarOverlayPostProcessor.OnPostprocessAllAssets 0.170ms
			RenderPipelineGlobalSettingsPostprocessor.OnPostprocessAllAssets 0.090ms
			AssetPostprocessor.OnPostprocessAllAssets 0.053ms
	GenerateScriptTypeHashes: 0.363ms
	GenerateScriptTypeSerializationHashes: 0.703ms
	Untracked: 809.280ms

Loaded scene 'Temp/__Backupscenes/0.backup'
	Deserialize:            3.465 ms
	Integration:            32.122 ms
	Integration of assets:  0.003 ms
	Thread Wait Time:       0.013 ms
	Total Operation Time:   35.603 ms
[Licensing::Client] Successfully resolved entitlement details
Unloading 0 Unused Serialized files (Serialized files now loaded: 0)
Loaded scene 'Temp/__Backupscenes/0.backup'
	Deserialize:            2.353 ms
	Integration:            15.809 ms
	Integration of assets:  0.002 ms
	Thread Wait Time:       0.016 ms
	Total Operation Time:   18.180 ms
Unloading 5 unused Assets / (10.1 KB). Loaded Objects now: 2555.
Memory consumption went from 445.6 MB to 445.6 MB.
Total: 13.246100 ms (FindLiveObjects: 0.241800 ms CreateObjectMapping: 0.052800 ms MarkObjects: 12.899500 ms  DeleteObjects: 0.050800 ms)

[Licensing::Client] Successfully resolved entitlement details
Reloading assemblies for play mode.
Reloading assemblies after forced synchronous recompile.
Begin MonoManager ReloadAssembly
Native extension for WindowsStandalone target not found
Native extension for WebGL target not found
ScheduleIndexationOnStartup MainProcess:True IndexOnStartup:True
[MODES] ModeService[none].Initialize
[MODES] ModeService[none].LoadModes
Mono: successfully reloaded assembly
- Finished resetting the current domain, in  1.688 seconds
Domain Reload Profiling: 2413ms
	BeginReloadAssembly (515ms)
		DisableScriptedObjects (118ms)
		CreateAndSetChildDomain (154ms)
	RebuildCommonClasses (12ms)
	RebuildNativeTypeToScriptingClass (23ms)
	initialDomainReloadingComplete (48ms)
	LoadAllAssembliesAndSetupDomain (125ms)
		LoadAssemblies (126ms)
		AnalyzeDomain (9ms)
			TypeCache.Refresh (4ms)
	FinalizeReload (1690ms)
		SetupLoadedEditorAssemblies (0ms)
			InitializePlatformSupportModulesInManaged (3ms)
			BeforeProcessingInitializeOnLoad (123ms)
			ProcessInitializeOnLoadAttributes (107ms)
			ProcessInitializeOnLoadMethodAttributes (99ms)
			AfterProcessingInitializeOnLoad (7ms)
		AwakeInstancesAfterBackupRestoration (835ms)

Asset Pipeline Refresh (id=a3f1f034cd8d19a4c8595e6c26f39dc5): Total: 2.514 seconds - Initiated by StopAssetImportingV2(ForceSynchronousImport | ForceDomainReload)
	(Values over 0.05ms)
	Summary:
		Imports: total=0 (actual=0, local cache=0, cache server=0)
		Asset DB Process Time: managed=0 ms, native=1732 ms
		Asset DB Callback time: managed=22 ms, native=0 ms
		Scripting: domain reloads=1, domain reload time=756 ms, compile time=2 ms, other=0 ms
		Project Asset Count: scripts=135, non-scripts=91
		Asset File Changes: new=0, changed=0, moved=0, deleted=0
		Scan Filter Count: 0
	InvokePackagesCallback: 2.034ms
	ApplyChangesToAssetFolders: 0.076ms
	Collect global state as custom dependencies: 0.092ms
	CategorizeAssets: 1.144ms
	CompileScripts: 1.791ms
	ImportOutOfDateAssets: 1692.299ms (1690.622ms without children)
		ReloadNativeAssets: 0.433ms
		UnloadImportedAssets: 0.248ms
		ImportSchedulerStart: 0.947ms
	PostProcessAllAssets: 22.862ms
		MonoPostProcessAllAssets: 22.858ms
			WindowAssetPostprocessingWatcher.OnPostprocessAllAssets 9.893ms
			SyncVS.PostprocessSyncProject 1.313ms
			SpeedTree9Postprocessor.OnPostprocessAllAssets 0.912ms
			ReferencedClipsPostProcessor.OnPostprocessAllAssets 0.331ms
			EditModeScopePostprocessor.OnPostprocessAllAssets 0.320ms
			AssetChangedListener.OnPostprocessAllAssets 0.194ms
			TerrainToolbarOverlayPostProcessor.OnPostprocessAllAssets 0.182ms
			AssetDatabaseCallbacks.OnPostprocessAllAssets 0.179ms
			RenderPipelineGlobalSettingsPostprocessor.OnPostprocessAllAssets 0.090ms
			AssetPostprocessor.OnPostprocessAllAssets 0.053ms
	GenerateScriptTypeHashes: 0.420ms
	GenerateScriptTypeSerializationHashes: 0.782ms
	Untracked: 786.909ms

Loaded scene 'Temp/__Backupscenes/0.backup'
	Deserialize:            3.526 ms
	Integration:            33.263 ms
	Integration of assets:  0.003 ms
	Thread Wait Time:       0.114 ms
	Total Operation Time:   36.906 ms
[Licensing::Client] Successfully resolved entitlement details
Unloading 0 Unused Serialized files (Serialized files now loaded: 0)
Loaded scene 'Temp/__Backupscenes/0.backup'
	Deserialize:            2.283 ms
	Integration:            15.626 ms
	Integration of assets:  0.002 ms
	Thread Wait Time:       0.049 ms
	Total Operation Time:   17.960 ms
Unloading 5 unused Assets / (68.6 KB). Loaded Objects now: 2558.
Memory consumption went from 445.8 MB to 445.7 MB.
Total: 12.424900 ms (FindLiveObjects: 0.208700 ms CreateObjectMapping: 0.052500 ms MarkObjects: 12.115800 ms  DeleteObjects: 0.046300 ms)

Reloading assemblies for play mode.
Reloading assemblies after forced synchronous recompile.
Begin MonoManager ReloadAssembly
Native extension for WindowsStandalone target not found
Native extension for WebGL target not found
ScheduleIndexationOnStartup MainProcess:True IndexOnStartup:True
[MODES] ModeService[none].Initialize
[MODES] ModeService[none].LoadModes
Mono: successfully reloaded assembly
- Finished resetting the current domain, in  1.668 seconds
Domain Reload Profiling: 2377ms
	BeginReloadAssembly (483ms)
		DisableScriptedObjects (100ms)
		CreateAndSetChildDomain (141ms)
	RebuildCommonClasses (12ms)
	RebuildNativeTypeToScriptingClass (25ms)
	initialDomainReloadingComplete (49ms)
	LoadAllAssembliesAndSetupDomain (139ms)
		LoadAssemblies (129ms)
		AnalyzeDomain (9ms)
			TypeCache.Refresh (4ms)
	FinalizeReload (1669ms)
		SetupLoadedEditorAssemblies (0ms)
			BeforeProcessingInitializeOnLoad (119ms)
			ProcessInitializeOnLoadAttributes (95ms)
			ProcessInitializeOnLoadMethodAttributes (88ms)
			AfterProcessingInitializeOnLoad (7ms)
		AwakeInstancesAfterBackupRestoration (826ms)

Asset Pipeline Refresh (id=34d3880317a533a45b82d1a676244743): Total: 2.478 seconds - Initiated by StopAssetImportingV2(ForceSynchronousImport | ForceDomainReload)
	(Values over 0.05ms)
	Summary:
		Imports: total=0 (actual=0, local cache=0, cache server=0)
		Asset DB Process Time: managed=0 ms, native=1712 ms
		Asset DB Callback time: managed=22 ms, native=0 ms
		Scripting: domain reloads=1, domain reload time=740 ms, compile time=2 ms, other=0 ms
		Project Asset Count: scripts=135, non-scripts=91
		Asset File Changes: new=0, changed=0, moved=0, deleted=0
		Scan Filter Count: 0
	InvokePackagesCallback: 2.051ms
	ApplyChangesToAssetFolders: 0.066ms
	Collect global state as custom dependencies: 0.141ms
	CategorizeAssets: 1.144ms
	CompileScripts: 1.836ms
	ImportOutOfDateAssets: 1671.797ms (1670.153ms without children)
		ReloadNativeAssets: 0.373ms
		UnloadImportedAssets: 0.256ms
		ImportSchedulerStart: 0.968ms
	PostProcessAllAssets: 22.868ms
		MonoPostProcessAllAssets: 22.864ms
			WindowAssetPostprocessingWatcher.OnPostprocessAllAssets 9.794ms
			SyncVS.PostprocessSyncProject 1.301ms
			SpeedTree9Postprocessor.OnPostprocessAllAssets 1.001ms
			EditModeScopePostprocessor.OnPostprocessAllAssets 0.335ms
			ReferencedClipsPostProcessor.OnPostprocessAllAssets 0.326ms
			TerrainToolbarOverlayPostProcessor.OnPostprocessAllAssets 0.218ms
			AssetChangedListener.OnPostprocessAllAssets 0.194ms
			AssetDatabaseCallbacks.OnPostprocessAllAssets 0.179ms
			RenderPipelineGlobalSettingsPostprocessor.OnPostprocessAllAssets 0.090ms
			AssetPostprocessor.OnPostprocessAllAssets 0.053ms
	GenerateScriptTypeHashes: 0.359ms
	GenerateScriptTypeSerializationHashes: 0.699ms
	Untracked: 771.554ms

Loaded scene 'Temp/__Backupscenes/0.backup'
	Deserialize:            3.669 ms
	Integration:            33.457 ms
	Integration of assets:  0.004 ms
	Thread Wait Time:       0.021 ms
	Total Operation Time:   37.150 ms
[Licensing::Client] Successfully resolved entitlement details
Asset Pipeline Refresh (id=4fcac517cd5efeb45b471cd3110d96b4): Total: 0.017 seconds - Initiated by RefreshV2(NoUpdateAssetOptions)
Unloading 0 Unused Serialized files (Serialized files now loaded: 0)
Loaded scene 'Temp/__Backupscenes/0.backup'
	Deserialize:            2.393 ms
	Integration:            15.540 ms
	Integration of assets:  0.003 ms
	Thread Wait Time:       0.047 ms
	Total Operation Time:   17.983 ms
Unloading 5 unused Assets / (1.6 KB). Loaded Objects now: 2561.
Memory consumption went from 445.2 MB to 445.2 MB.
Total: 13.481300 ms (FindLiveObjects: 0.193600 ms CreateObjectMapping: 0.052400 ms MarkObjects: 13.184400 ms  DeleteObjects: 0.049500 ms)

[Licensing::Client] Successfully resolved entitlement details
[ScriptCompilation] Requested script compilation because: AssetDatabase observed changes in script compilation related files
info: Microsoft.AspNetCore.Hosting.Diagnostics[1]
      Request starting HTTP/2 POST http://ilpp/UnityILPP.PostProcessing/Ping - application/grpc -
info: Microsoft.AspNetCore.Routing.EndpointMiddleware[0]
      Executing endpoint 'gRPC - /UnityILPP.PostProcessing/Ping'
info: Microsoft.AspNetCore.Routing.EndpointMiddleware[1]
      Executed endpoint 'gRPC - /UnityILPP.PostProcessing/Ping'
info: Microsoft.AspNetCore.Hosting.Diagnostics[2]
      Request finished HTTP/2 POST http://ilpp/UnityILPP.PostProcessing/Ping - 200 - application/grpc 0.3475ms
Starting: C:\Program Files\Unity\Hub\Editor\6000.5.3f1\Editor\Data\Tools\BuildPipeline\bee_backend.exe --ipc --defer-dag-verification --dagfile="Library/Bee/1900b0aE.dag" --continue-on-failure --profile="Library/Bee/backend1.traceevents" ScriptAssemblies
WorkingDir: C:/Users/MTA-403/Desktop/DMT321_Lab01_Unity6.5
ExitCode: 0 Duration: 1s622ms
[211/214    1s] Csc Library/Bee/artifacts/1900b0aE.dag/Assembly-CSharp.dll (+2 others)
[212/214    0s] CopyFiles Library/ScriptAssemblies/Assembly-CSharp.pdb
[213/214    0s] CopyFiles Library/ScriptAssemblies/Assembly-CSharp.dll
*** Tundra build success (1.59 seconds), 3 items updated, 214 evaluated
Total cache size 1976460
Total cache size after purge 1976460, took 00:00:00.0151116
Reloading assemblies after forced synchronous recompile.
Begin MonoManager ReloadAssembly
Native extension for WindowsStandalone target not found
Native extension for WebGL target not found
[MODES] ModeService[none].Initialize
[MODES] ModeService[none].LoadModes
ScheduleIndexationOnStartup MainProcess:True IndexOnStartup:True
Mono: successfully reloaded assembly
- Finished resetting the current domain, in  2.206 seconds
Domain Reload Profiling: 2978ms
	BeginReloadAssembly (546ms)
		DisableScriptedObjects (137ms)
		CreateAndSetChildDomain (119ms)
	RebuildCommonClasses (13ms)
	RebuildNativeTypeToScriptingClass (23ms)
	initialDomainReloadingComplete (48ms)
	LoadAllAssembliesAndSetupDomain (141ms)
		LoadAssemblies (133ms)
		AnalyzeDomain (20ms)
			TypeCache.Refresh (6ms)
			BuildScriptInfoCaches (10ms)
	FinalizeReload (2208ms)
		SetupLoadedEditorAssemblies (0ms)
			InitializePlatformSupportModulesInManaged (3ms)
			BeforeProcessingInitializeOnLoad (179ms)
			ProcessInitializeOnLoadAttributes (99ms)
			ProcessInitializeOnLoadMethodAttributes (85ms)
			AfterProcessingInitializeOnLoad (7ms)
		AwakeInstancesAfterBackupRestoration (845ms)

Asset Pipeline Refresh (id=1ffba5f79e2eea448985338170ef6bcc): Total: 4.973 seconds - Initiated by RefreshV2(AllowForceSynchronousImport)
	(Values over 0.05ms)
	Summary:
		Imports: total=0 (actual=0, local cache=0, cache server=0)
		Asset DB Process Time: managed=0 ms, native=2260 ms
		Asset DB Callback time: managed=61 ms, native=5 ms
		Scripting: domain reloads=1, domain reload time=803 ms, compile time=1843 ms, other=0 ms
		Project Asset Count: scripts=135, non-scripts=91
		Asset File Changes: new=0, changed=1, moved=0, deleted=0
		Scan Filter Count: 0
	InvokePackagesCallback: 2.539ms
	ApplyChangesToAssetFolders: 0.089ms
	Scan: 8.321ms
	Collect global state as custom dependencies: 0.155ms
	OnSourceAssetsModified: 0.894ms
	ProcessAssetsWithTransientArtifactChanges: 0.984ms
	CategorizeAssets: 1.283ms
	CompileScripts: 1842.916ms
	ImportOutOfDateAssets: 2210.354ms (2208.615ms without children)
		ReloadNativeAssets: 0.537ms
		UnloadImportedAssets: 0.211ms
		ImportSchedulerStart: 0.943ms
	PostProcessAllAssets: 61.041ms
		MonoPostProcessAllAssets: 60.504ms
			WindowAssetPostprocessingWatcher.OnPostprocessAllAssets 10.115ms
			AssetChangedListener.OnPostprocessAllAssets 9.944ms
			BuilderAssetPostprocessor.OnPostprocessAllAssets 7.410ms
			AssetPostprocessor.OnPostprocessAllAssets 5.484ms
			SyncVS.PostprocessSyncProject 1.794ms
			SpeedTree9Postprocessor.OnPostprocessAllAssets 1.654ms
			RetainedModeAssetPostprocessor.OnPostprocessAllAssets 1.455ms
			EditModeScopePostprocessor.OnPostprocessAllAssets 1.217ms
			ArtifactBrowserPostProcessor.OnPostprocessAllAssets 0.655ms
			TMPro_TexturePostProcessor.OnPostprocessAllAssets 0.613ms
			TextAssetPostProcessor.OnPostprocessAllAssets 0.487ms
			AudioMixerPostprocessor.OnPostprocessAllAssets 0.451ms
			ReferencedClipsPostProcessor.OnPostprocessAllAssets 0.346ms
			AssetEvents.OnPostprocessAllAssets 0.293ms
			StyleCatalogPostProcessor.OnPostprocessAllAssets 0.273ms
			TerrainToolbarOverlayPostProcessor.OnPostprocessAllAssets 0.271ms
			SpeedTreePostProcessor.OnPostprocessAllAssets 0.258ms
			AssetDatabaseCallbacks.OnPostprocessAllAssets 0.200ms
			ConfigAssetsTracker.OnPostprocessAllAssets 0.185ms
			ScenarioDriftAssetsTracker.OnPostprocessAllAssets 0.184ms
			RenderPipelineGlobalSettingsPostprocessor.OnPostprocessAllAssets 0.095ms
			AudioContainerPostProcessor.OnPostprocessAllAssets 0.091ms
	PostAssetChangesProfiler: 4.434ms
	GenerateScriptTypeHashes: 0.519ms
	GenerateScriptTypeSerializationHashes: 1.043ms
	Untracked: 833.422ms

[Licensing::Client] Successfully resolved entitlement details
Reloading assemblies for play mode.
Reloading assemblies after forced synchronous recompile.
Begin MonoManager ReloadAssembly
Native extension for WindowsStandalone target not found
Native extension for WebGL target not found
ScheduleIndexationOnStartup MainProcess:True IndexOnStartup:True
[MODES] ModeService[none].Initialize
[MODES] ModeService[none].LoadModes
Mono: successfully reloaded assembly
- Finished resetting the current domain, in  1.639 seconds
Domain Reload Profiling: 2288ms
	BeginReloadAssembly (442ms)
		DisableScriptedObjects (117ms)
		CreateAndSetChildDomain (116ms)
	RebuildCommonClasses (13ms)
	RebuildNativeTypeToScriptingClass (24ms)
	initialDomainReloadingComplete (49ms)
	LoadAllAssembliesAndSetupDomain (120ms)
		LoadAssemblies (124ms)
		AnalyzeDomain (8ms)
			TypeCache.Refresh (4ms)
	FinalizeReload (1640ms)
		SetupLoadedEditorAssemblies (0ms)
			InitializePlatformSupportModulesInManaged (3ms)
			BeforeProcessingInitializeOnLoad (119ms)
			ProcessInitializeOnLoadAttributes (93ms)
			ProcessInitializeOnLoadMethodAttributes (100ms)
			AfterProcessingInitializeOnLoad (7ms)
		AwakeInstancesAfterBackupRestoration (809ms)

Asset Pipeline Refresh (id=e22a8854d0421834897f397ab98b648c): Total: 2.388 seconds - Initiated by StopAssetImportingV2(ForceSynchronousImport | ForceDomainReload)
	(Values over 0.05ms)
	Summary:
		Imports: total=0 (actual=0, local cache=0, cache server=0)
		Asset DB Process Time: managed=0 ms, native=1681 ms
		Asset DB Callback time: managed=22 ms, native=0 ms
		Scripting: domain reloads=1, domain reload time=681 ms, compile time=2 ms, other=0 ms
		Project Asset Count: scripts=135, non-scripts=91
		Asset File Changes: new=0, changed=0, moved=0, deleted=0
		Scan Filter Count: 0
	InvokePackagesCallback: 2.169ms
	ApplyChangesToAssetFolders: 0.082ms
	Collect global state as custom dependencies: 0.094ms
	CategorizeAssets: 1.176ms
	CompileScripts: 1.788ms
	ImportOutOfDateAssets: 1642.710ms (1641.217ms without children)
		ReloadNativeAssets: 0.435ms
		UnloadImportedAssets: 0.157ms
		ImportSchedulerStart: 0.853ms
	PostProcessAllAssets: 22.492ms
		MonoPostProcessAllAssets: 22.488ms
			AssetChangedListener.OnPostprocessAllAssets 9.944ms
			WindowAssetPostprocessingWatcher.OnPostprocessAllAssets 9.575ms
			BuilderAssetPostprocessor.OnPostprocessAllAssets 7.410ms
			AssetPostprocessor.OnPostprocessAllAssets 5.484ms
			SyncVS.PostprocessSyncProject 1.525ms
			RetainedModeAssetPostprocessor.OnPostprocessAllAssets 1.455ms
			SpeedTree9Postprocessor.OnPostprocessAllAssets 0.908ms
			ArtifactBrowserPostProcessor.OnPostprocessAllAssets 0.655ms
			TMPro_TexturePostProcessor.OnPostprocessAllAssets 0.613ms
			TextAssetPostProcessor.OnPostprocessAllAssets 0.487ms
			AudioMixerPostprocessor.OnPostprocessAllAssets 0.451ms
			ReferencedClipsPostProcessor.OnPostprocessAllAssets 0.333ms
			EditModeScopePostprocessor.OnPostprocessAllAssets 0.318ms
			AssetEvents.OnPostprocessAllAssets 0.293ms
			StyleCatalogPostProcessor.OnPostprocessAllAssets 0.273ms
			SpeedTreePostProcessor.OnPostprocessAllAssets 0.258ms
			TerrainToolbarOverlayPostProcessor.OnPostprocessAllAssets 0.256ms
			AssetDatabaseCallbacks.OnPostprocessAllAssets 0.205ms
			ConfigAssetsTracker.OnPostprocessAllAssets 0.185ms
			ScenarioDriftAssetsTracker.OnPostprocessAllAssets 0.184ms
			RenderPipelineGlobalSettingsPostprocessor.OnPostprocessAllAssets 0.092ms
			AudioContainerPostProcessor.OnPostprocessAllAssets 0.091ms
	GenerateScriptTypeHashes: 0.420ms
	GenerateScriptTypeSerializationHashes: 0.779ms
	Untracked: 712.300ms

Loaded scene 'Temp/__Backupscenes/0.backup'
	Deserialize:            3.484 ms
	Integration:            45.302 ms
	Integration of assets:  0.003 ms
	Thread Wait Time:       0.055 ms
	Total Operation Time:   48.844 ms
[Licensing::Client] Successfully resolved entitlement details
[ScriptCompilation] Requested script compilation because: AssetDatabase observed changes in script compilation related files
Asset Pipeline Refresh (id=c47f35a55d1f1f440916be4da044989d): Total: 0.050 seconds - Initiated by RefreshV2(NoUpdateAssetOptions)
[Licensing::Client] Successfully resolved entitlement details
info: Microsoft.AspNetCore.Hosting.Diagnostics[1]
      Request starting HTTP/2 POST http://ilpp/UnityILPP.PostProcessing/Ping - application/grpc -
info: Microsoft.AspNetCore.Routing.EndpointMiddleware[0]
      Executing endpoint 'gRPC - /UnityILPP.PostProcessing/Ping'
info: Microsoft.AspNetCore.Routing.EndpointMiddleware[1]
      Executed endpoint 'gRPC - /UnityILPP.PostProcessing/Ping'
info: Microsoft.AspNetCore.Hosting.Diagnostics[2]
      Request finished HTTP/2 POST http://ilpp/UnityILPP.PostProcessing/Ping - 200 - application/grpc 0.6518ms
Starting: C:\Program Files\Unity\Hub\Editor\6000.5.3f1\Editor\Data\Tools\BuildPipeline\bee_backend.exe --ipc --defer-dag-verification --dagfile="Library/Bee/1900b0aE.dag" --continue-on-failure --profile="Library/Bee/backend1.traceevents" ScriptAssemblies
WorkingDir: C:/Users/MTA-403/Desktop/DMT321_Lab01_Unity6.5
ExitCode: 0 Duration: 0s314ms
[211/214    0s] Csc Library/Bee/artifacts/1900b0aE.dag/Assembly-CSharp.dll (+2 others)
[212/214    0s] CopyFiles Library/ScriptAssemblies/Assembly-CSharp.dll
[213/214    0s] CopyFiles Library/ScriptAssemblies/Assembly-CSharp.pdb
*** Tundra build success (0.27 seconds), 3 items updated, 214 evaluated
Total cache size 1976460
Reloading assemblies after finishing script compilation.
Reloading assemblies after forced synchronous recompile.
Total cache size after purge 1976460, took 00:00:00.0147825
Begin MonoManager ReloadAssembly
The referenced script (Unknown) on this Behaviour is missing!
Native extension for WindowsStandalone target not found
Native extension for WebGL target not found
[MODES] ModeService[none].Initialize
[MODES] ModeService[none].LoadModes
ScheduleIndexationOnStartup MainProcess:True IndexOnStartup:True
Mono: successfully reloaded assembly
- Finished resetting the current domain, in  1.796 seconds
Domain Reload Profiling: 2613ms
	BeginReloadAssembly (566ms)
		DisableScriptedObjects (111ms)
		CreateAndSetChildDomain (154ms)
	RebuildCommonClasses (13ms)
	RebuildNativeTypeToScriptingClass (24ms)
	initialDomainReloadingComplete (54ms)
	LoadAllAssembliesAndSetupDomain (159ms)
		LoadAssemblies (145ms)
		AnalyzeDomain (24ms)
			TypeCache.Refresh (7ms)
			BuildScriptInfoCaches (13ms)
	FinalizeReload (1797ms)
		SetupLoadedEditorAssemblies (0ms)
			InitializePlatformSupportModulesInManaged (3ms)
			BeforeProcessingInitializeOnLoad (184ms)
			ProcessInitializeOnLoadAttributes (91ms)
			ProcessInitializeOnLoadMethodAttributes (88ms)
			AfterProcessingInitializeOnLoad (7ms)
		AwakeInstancesAfterBackupRestoration (793ms)

Asset Pipeline Refresh (id=761eb709b237833428e655523bcb5d32): Total: 2.715 seconds - Initiated by StopAssetImportingV2(ForceSynchronousImport | ForceDomainReload)
	(Values over 0.05ms)
	Summary:
		Imports: total=0 (actual=0, local cache=0, cache server=0)
		Asset DB Process Time: managed=0 ms, native=1838 ms
		Asset DB Callback time: managed=23 ms, native=0 ms
		Scripting: domain reloads=1, domain reload time=850 ms, compile time=2 ms, other=0 ms
		Project Asset Count: scripts=135, non-scripts=91
		Asset File Changes: new=0, changed=0, moved=0, deleted=0
		Scan Filter Count: 0
	InvokePackagesCallback: 2.057ms
	ApplyChangesToAssetFolders: 0.073ms
	Collect global state as custom dependencies: 0.101ms
	ProcessAssetsWithTransientArtifactChanges: 0.220ms
	CategorizeAssets: 1.194ms
	CompileScripts: 1.786ms
	ImportOutOfDateAssets: 1799.867ms (1798.228ms without children)
		ReloadNativeAssets: 0.385ms
		UnloadImportedAssets: 0.202ms
		ImportSchedulerStart: 1.005ms
	PostProcessAllAssets: 23.881ms
		MonoPostProcessAllAssets: 23.878ms
			WindowAssetPostprocessingWatcher.OnPostprocessAllAssets 10.628ms
			AssetChangedListener.OnPostprocessAllAssets 9.257ms
			BuilderAssetPostprocessor.OnPostprocessAllAssets 7.280ms
			AssetPostprocessor.OnPostprocessAllAssets 4.647ms
			RetainedModeAssetPostprocessor.OnPostprocessAllAssets 2.051ms
			SyncVS.PostprocessSyncProject 1.402ms
			SpeedTree9Postprocessor.OnPostprocessAllAssets 0.938ms
			TMPro_TexturePostProcessor.OnPostprocessAllAssets 0.776ms
			TextAssetPostProcessor.OnPostprocessAllAssets 0.682ms
			ArtifactBrowserPostProcessor.OnPostprocessAllAssets 0.650ms
			AudioMixerPostprocessor.OnPostprocessAllAssets 0.427ms
			ReferencedClipsPostProcessor.OnPostprocessAllAssets 0.426ms
			SpeedTreePostProcessor.OnPostprocessAllAssets 0.392ms
			EditModeScopePostprocessor.OnPostprocessAllAssets 0.322ms
			StyleCatalogPostProcessor.OnPostprocessAllAssets 0.303ms
			AssetEvents.OnPostprocessAllAssets 0.267ms
			ConfigAssetsTracker.OnPostprocessAllAssets 0.193ms
			AssetDatabaseCallbacks.OnPostprocessAllAssets 0.183ms
			ScenarioDriftAssetsTracker.OnPostprocessAllAssets 0.172ms
			TerrainToolbarOverlayPostProcessor.OnPostprocessAllAssets 0.168ms
			AudioContainerPostProcessor.OnPostprocessAllAssets 0.095ms
			RenderPipelineGlobalSettingsPostprocessor.OnPostprocessAllAssets 0.094ms
	GenerateScriptTypeHashes: 0.371ms
	GenerateScriptTypeSerializationHashes: 0.717ms
	Untracked: 882.248ms

[Licensing::Client] Successfully resolved entitlement details
Unloading 0 Unused Serialized files (Serialized files now loaded: 0)
Loaded scene 'Temp/__Backupscenes/0.backup'
	Deserialize:            3.470 ms
	Integration:            21.348 ms
	Integration of assets:  0.003 ms
	Thread Wait Time:       0.016 ms
	Total Operation Time:   24.838 ms
Unloading 6 unused Assets / (1.6 KB). Loaded Objects now: 2544.
Memory consumption went from 448.3 MB to 448.3 MB.
Total: 16.876700 ms (FindLiveObjects: 0.191300 ms CreateObjectMapping: 0.051400 ms MarkObjects: 16.583500 ms  DeleteObjects: 0.048900 ms)

[Licensing::Client] Successfully resolved entitlement details
Reloading assemblies for play mode.
Reloading assemblies after forced synchronous recompile.
Begin MonoManager ReloadAssembly
Native extension for WindowsStandalone target not found
Native extension for WebGL target not found
ScheduleIndexationOnStartup MainProcess:True IndexOnStartup:True
[MODES] ModeService[none].Initialize
[MODES] ModeService[none].LoadModes
Mono: successfully reloaded assembly
- Finished resetting the current domain, in  1.652 seconds
Domain Reload Profiling: 2323ms
	BeginReloadAssembly (464ms)
		DisableScriptedObjects (102ms)
		CreateAndSetChildDomain (139ms)
	RebuildCommonClasses (13ms)
	RebuildNativeTypeToScriptingClass (23ms)
	initialDomainReloadingComplete (48ms)
	LoadAllAssembliesAndSetupDomain (121ms)
		LoadAssemblies (130ms)
		AnalyzeDomain (9ms)
			TypeCache.Refresh (4ms)
	FinalizeReload (1653ms)
		SetupLoadedEditorAssemblies (0ms)
			InitializePlatformSupportModulesInManaged (3ms)
			BeforeProcessingInitializeOnLoad (120ms)
			ProcessInitializeOnLoadAttributes (96ms)
			ProcessInitializeOnLoadMethodAttributes (104ms)
			AfterProcessingInitializeOnLoad (7ms)
		AwakeInstancesAfterBackupRestoration (798ms)

Asset Pipeline Refresh (id=1edd249b54a9dc740a4c3aa0e62d70aa): Total: 2.425 seconds - Initiated by StopAssetImportingV2(ForceSynchronousImport | ForceDomainReload)
	(Values over 0.05ms)
	Summary:
		Imports: total=0 (actual=0, local cache=0, cache server=0)
		Asset DB Process Time: managed=0 ms, native=1696 ms
		Asset DB Callback time: managed=23 ms, native=0 ms
		Scripting: domain reloads=1, domain reload time=703 ms, compile time=2 ms, other=0 ms
		Project Asset Count: scripts=135, non-scripts=91
		Asset File Changes: new=0, changed=0, moved=0, deleted=0
		Scan Filter Count: 0
	InvokePackagesCallback: 2.074ms
	ApplyChangesToAssetFolders: 0.072ms
	Collect global state as custom dependencies: 0.120ms
	CategorizeAssets: 1.282ms
	CompileScripts: 1.807ms
	ImportOutOfDateAssets: 1655.802ms (1654.172ms without children)
		ReloadNativeAssets: 0.432ms
		UnloadImportedAssets: 0.276ms
		ImportSchedulerStart: 0.872ms
	PostProcessAllAssets: 23.110ms
		MonoPostProcessAllAssets: 23.105ms
			WindowAssetPostprocessingWatcher.OnPostprocessAllAssets 10.412ms
			AssetChangedListener.OnPostprocessAllAssets 9.257ms
			BuilderAssetPostprocessor.OnPostprocessAllAssets 7.280ms
			AssetPostprocessor.OnPostprocessAllAssets 4.647ms
			RetainedModeAssetPostprocessor.OnPostprocessAllAssets 2.051ms
			SyncVS.PostprocessSyncProject 1.376ms
			SpeedTree9Postprocessor.OnPostprocessAllAssets 0.900ms
			TMPro_TexturePostProcessor.OnPostprocessAllAssets 0.776ms
			TextAssetPostProcessor.OnPostprocessAllAssets 0.682ms
			ArtifactBrowserPostProcessor.OnPostprocessAllAssets 0.650ms
			AudioMixerPostprocessor.OnPostprocessAllAssets 0.427ms
			SpeedTreePostProcessor.OnPostprocessAllAssets 0.392ms
			ReferencedClipsPostProcessor.OnPostprocessAllAssets 0.375ms
			EditModeScopePostprocessor.OnPostprocessAllAssets 0.319ms
			StyleCatalogPostProcessor.OnPostprocessAllAssets 0.303ms
			AssetEvents.OnPostprocessAllAssets 0.267ms
			TerrainToolbarOverlayPostProcessor.OnPostprocessAllAssets 0.227ms
			ConfigAssetsTracker.OnPostprocessAllAssets 0.193ms
			AssetDatabaseCallbacks.OnPostprocessAllAssets 0.191ms
			ScenarioDriftAssetsTracker.OnPostprocessAllAssets 0.172ms
			AudioContainerPostProcessor.OnPostprocessAllAssets 0.095ms
			RenderPipelineGlobalSettingsPostprocessor.OnPostprocessAllAssets 0.094ms
	GenerateScriptTypeHashes: 0.419ms
	GenerateScriptTypeSerializationHashes: 0.855ms
	Untracked: 734.312ms

Loaded scene 'Temp/__Backupscenes/0.backup'
	Deserialize:            3.475 ms
	Integration:            32.669 ms
	Integration of assets:  0.003 ms
	Thread Wait Time:       0.019 ms
	Total Operation Time:   36.165 ms
[Licensing::Client] Successfully resolved entitlement details
Unloading 16 Unused Serialized files (Serialized files now loaded: 0)
Loaded scene 'Temp/__Backupscenes/0.backup'
	Deserialize:            2.308 ms
	Integration:            15.661 ms
	Integration of assets:  0.002 ms
	Thread Wait Time:       0.016 ms
	Total Operation Time:   17.988 ms
Unloading 7 unused Assets / (118.1 KB). Loaded Objects now: 2557.
Memory consumption went from 451.4 MB to 451.3 MB.
Total: 12.541500 ms (FindLiveObjects: 0.191900 ms CreateObjectMapping: 0.050900 ms MarkObjects: 12.221300 ms  DeleteObjects: 0.076500 ms)

Reloading assemblies for play mode.
Reloading assemblies after forced synchronous recompile.
Begin MonoManager ReloadAssembly
Native extension for WindowsStandalone target not found
Native extension for WebGL target not found
ScheduleIndexationOnStartup MainProcess:True IndexOnStartup:True
[MODES] ModeService[none].Initialize
[MODES] ModeService[none].LoadModes
Mono: successfully reloaded assembly
- Finished resetting the current domain, in  1.653 seconds
Domain Reload Profiling: 2372ms
	BeginReloadAssembly (510ms)
		DisableScriptedObjects (119ms)
		CreateAndSetChildDomain (147ms)
	RebuildCommonClasses (13ms)
	RebuildNativeTypeToScriptingClass (23ms)
	initialDomainReloadingComplete (51ms)
	LoadAllAssembliesAndSetupDomain (122ms)
		LoadAssemblies (125ms)
		AnalyzeDomain (8ms)
			TypeCache.Refresh (4ms)
	FinalizeReload (1654ms)
		SetupLoadedEditorAssemblies (0ms)
			InitializePlatformSupportModulesInManaged (3ms)
			BeforeProcessingInitializeOnLoad (116ms)
			ProcessInitializeOnLoadAttributes (108ms)
			ProcessInitializeOnLoadMethodAttributes (95ms)
			AfterProcessingInitializeOnLoad (7ms)
		AwakeInstancesAfterBackupRestoration (797ms)

Asset Pipeline Refresh (id=d5f25b0641f74884ea9e5e22e85c68f0): Total: 2.475 seconds - Initiated by StopAssetImportingV2(ForceSynchronousImport | ForceDomainReload)
	(Values over 0.05ms)
	Summary:
		Imports: total=0 (actual=0, local cache=0, cache server=0)
		Asset DB Process Time: managed=0 ms, native=1697 ms
		Asset DB Callback time: managed=23 ms, native=0 ms
		Scripting: domain reloads=1, domain reload time=751 ms, compile time=2 ms, other=0 ms
		Project Asset Count: scripts=135, non-scripts=91
		Asset File Changes: new=0, changed=0, moved=0, deleted=0
		Scan Filter Count: 0
	InvokePackagesCallback: 2.133ms
	ApplyChangesToAssetFolders: 0.068ms
	Collect global state as custom dependencies: 0.125ms
	CategorizeAssets: 1.155ms
	CompileScripts: 1.808ms
	ImportOutOfDateAssets: 1656.959ms (1655.340ms without children)
		ReloadNativeAssets: 0.421ms
		UnloadImportedAssets: 0.227ms
		ImportSchedulerStart: 0.916ms
	PostProcessAllAssets: 23.602ms
		MonoPostProcessAllAssets: 23.598ms
			WindowAssetPostprocessingWatcher.OnPostprocessAllAssets 10.543ms
			AssetChangedListener.OnPostprocessAllAssets 9.257ms
			BuilderAssetPostprocessor.OnPostprocessAllAssets 7.280ms
			AssetPostprocessor.OnPostprocessAllAssets 4.647ms
			RetainedModeAssetPostprocessor.OnPostprocessAllAssets 2.051ms
			SyncVS.PostprocessSyncProject 1.441ms
			SpeedTree9Postprocessor.OnPostprocessAllAssets 0.956ms
			TMPro_TexturePostProcessor.OnPostprocessAllAssets 0.776ms
			TextAssetPostProcessor.OnPostprocessAllAssets 0.682ms
			ArtifactBrowserPostProcessor.OnPostprocessAllAssets 0.650ms
			AudioMixerPostprocessor.OnPostprocessAllAssets 0.427ms
			SpeedTreePostProcessor.OnPostprocessAllAssets 0.392ms
			EditModeScopePostprocessor.OnPostprocessAllAssets 0.374ms
			ReferencedClipsPostProcessor.OnPostprocessAllAssets 0.329ms
			StyleCatalogPostProcessor.OnPostprocessAllAssets 0.303ms
			AssetEvents.OnPostprocessAllAssets 0.267ms
			TerrainToolbarOverlayPostProcessor.OnPostprocessAllAssets 0.198ms
			ConfigAssetsTracker.OnPostprocessAllAssets 0.193ms
			AssetDatabaseCallbacks.OnPostprocessAllAssets 0.180ms
			ScenarioDriftAssetsTracker.OnPostprocessAllAssets 0.172ms
			AudioContainerPostProcessor.OnPostprocessAllAssets 0.095ms
			RenderPipelineGlobalSettingsPostprocessor.OnPostprocessAllAssets 0.094ms
	GenerateScriptTypeHashes: 0.408ms
	GenerateScriptTypeSerializationHashes: 0.789ms
	Untracked: 782.848ms

Loaded scene 'Temp/__Backupscenes/0.backup'
	Deserialize:            3.634 ms
	Integration:            45.044 ms
	Integration of assets:  0.005 ms
	Thread Wait Time:       0.048 ms
	Total Operation Time:   48.730 ms
[Licensing::Client] Successfully resolved entitlement details
Unloading 0 Unused Serialized files (Serialized files now loaded: 1)
Loaded scene 'Temp/__Backupscenes/0.backup'
	Deserialize:            2.302 ms
	Integration:            14.753 ms
	Integration of assets:  0.001 ms
	Thread Wait Time:       0.019 ms
	Total Operation Time:   17.075 ms
Unloading 18 unused Assets / (101.4 KB). Loaded Objects now: 2547.
Memory consumption went from 457.4 MB to 457.3 MB.
Total: 13.882200 ms (FindLiveObjects: 0.189900 ms CreateObjectMapping: 0.064500 ms MarkObjects: 13.513300 ms  DeleteObjects: 0.113300 ms)

[Licensing::Client] Successfully resolved entitlement details
[ScriptCompilation] Requested script compilation because: AssetDatabase observed changes in script compilation related files
info: Microsoft.AspNetCore.Hosting.Diagnostics[1]
      Request starting HTTP/2 POST http://ilpp/UnityILPP.PostProcessing/Ping - application/grpc -
info: Microsoft.AspNetCore.Routing.EndpointMiddleware[0]
      Executing endpoint 'gRPC - /UnityILPP.PostProcessing/Ping'
info: Microsoft.AspNetCore.Routing.EndpointMiddleware[1]
      Executed endpoint 'gRPC - /UnityILPP.PostProcessing/Ping'
info: Microsoft.AspNetCore.Hosting.Diagnostics[2]
      Request finished HTTP/2 POST http://ilpp/UnityILPP.PostProcessing/Ping - 200 - application/grpc 0.2306ms
Starting: C:\Program Files\Unity\Hub\Editor\6000.5.3f1\Editor\Data\Tools\BuildPipeline\bee_backend.exe --ipc --defer-dag-verification --dagfile="Library/Bee/1900b0aE.dag" --continue-on-failure --profile="Library/Bee/backend1.traceevents" ScriptAssemblies
WorkingDir: C:/Users/MTA-403/Desktop/DMT321_Lab01_Unity6.5
ExitCode: 0 Duration: 0s312ms
[211/214    0s] Csc Library/Bee/artifacts/1900b0aE.dag/Assembly-CSharp.dll (+2 others)
[212/214    0s] CopyFiles Library/ScriptAssemblies/Assembly-CSharp.pdb
[213/214    0s] CopyFiles Library/ScriptAssemblies/Assembly-CSharp.dll
*** Tundra build success (0.27 seconds), 3 items updated, 214 evaluated
Total cache size 1976460
Total cache size after purge 1976460, took 00:00:00.0154761
Reloading assemblies after forced synchronous recompile.
Begin MonoManager ReloadAssembly
Native extension for WindowsStandalone target not found
Native extension for WebGL target not found
[MODES] ModeService[none].Initialize
[MODES] ModeService[none].LoadModes
ScheduleIndexationOnStartup MainProcess:True IndexOnStartup:True
Mono: successfully reloaded assembly
- Finished resetting the current domain, in  1.803 seconds
Domain Reload Profiling: 2595ms
	BeginReloadAssembly (550ms)
		DisableScriptedObjects (125ms)
		CreateAndSetChildDomain (141ms)
	RebuildCommonClasses (15ms)
	RebuildNativeTypeToScriptingClass (24ms)
	initialDomainReloadingComplete (56ms)
	LoadAllAssembliesAndSetupDomain (147ms)
		LoadAssemblies (144ms)
		AnalyzeDomain (22ms)
			TypeCache.Refresh (7ms)
			BuildScriptInfoCaches (11ms)
	FinalizeReload (1804ms)
		SetupLoadedEditorAssemblies (0ms)
			InitializePlatformSupportModulesInManaged (3ms)
			BeforeProcessingInitializeOnLoad (187ms)
			ProcessInitializeOnLoadAttributes (102ms)
			ProcessInitializeOnLoadMethodAttributes (89ms)
			AfterProcessingInitializeOnLoad (7ms)
		AwakeInstancesAfterBackupRestoration (790ms)

Asset Pipeline Refresh (id=5af7a52d7c1932540be83ad7c6c6f803): Total: 3.277 seconds - Initiated by RefreshV2(AllowForceSynchronousImport)
	(Values over 0.05ms)
	Summary:
		Imports: total=0 (actual=0, local cache=0, cache server=0)
		Asset DB Process Time: managed=0 ms, native=1867 ms
		Asset DB Callback time: managed=52 ms, native=5 ms
		Scripting: domain reloads=1, domain reload time=828 ms, compile time=523 ms, other=0 ms
		Project Asset Count: scripts=135, non-scripts=91
		Asset File Changes: new=0, changed=1, moved=0, deleted=0
		Scan Filter Count: 0
	InvokePackagesCallback: 3.387ms
	ApplyChangesToAssetFolders: 0.107ms
	Scan: 8.089ms
	Collect global state as custom dependencies: 0.165ms
	OnSourceAssetsModified: 0.937ms
	ProcessAssetsWithTransientArtifactChanges: 1.082ms
	CategorizeAssets: 1.176ms
	CompileScripts: 522.929ms
	ImportOutOfDateAssets: 1806.218ms (1804.788ms without children)
		ReloadNativeAssets: 0.371ms
		UnloadImportedAssets: 0.165ms
		ImportSchedulerStart: 0.849ms
	PostProcessAllAssets: 52.302ms
		MonoPostProcessAllAssets: 51.809ms
			WindowAssetPostprocessingWatcher.OnPostprocessAllAssets 10.101ms
			AssetChangedListener.OnPostprocessAllAssets 9.468ms
			BuilderAssetPostprocessor.OnPostprocessAllAssets 7.388ms
			AssetPostprocessor.OnPostprocessAllAssets 4.923ms
			SyncVS.PostprocessSyncProject 1.685ms
			SpeedTree9Postprocessor.OnPostprocessAllAssets 1.561ms
			RetainedModeAssetPostprocessor.OnPostprocessAllAssets 1.441ms
			EditModeScopePostprocessor.OnPostprocessAllAssets 1.200ms
			ArtifactBrowserPostProcessor.OnPostprocessAllAssets 0.826ms
			TMPro_TexturePostProcessor.OnPostprocessAllAssets 0.738ms
			TextAssetPostProcessor.OnPostprocessAllAssets 0.480ms
			AudioMixerPostprocessor.OnPostprocessAllAssets 0.398ms
			ReferencedClipsPostProcessor.OnPostprocessAllAssets 0.336ms
			StyleCatalogPostProcessor.OnPostprocessAllAssets 0.326ms
			SpeedTreePostProcessor.OnPostprocessAllAssets 0.292ms
			AssetEvents.OnPostprocessAllAssets 0.267ms
			TerrainToolbarOverlayPostProcessor.OnPostprocessAllAssets 0.248ms
			AssetDatabaseCallbacks.OnPostprocessAllAssets 0.207ms
			ConfigAssetsTracker.OnPostprocessAllAssets 0.170ms
			ScenarioDriftAssetsTracker.OnPostprocessAllAssets 0.152ms
			AudioContainerPostProcessor.OnPostprocessAllAssets 0.136ms
			RenderPipelineGlobalSettingsPostprocessor.OnPostprocessAllAssets 0.092ms
	PostAssetChangesProfiler: 3.854ms
	UnloadStreamsBegin: 3.819ms
	GenerateScriptTypeHashes: 0.358ms
	GenerateScriptTypeSerializationHashes: 0.693ms
	Untracked: 866.051ms

[Licensing::Client] Successfully resolved entitlement details
Reloading assemblies for play mode.
Reloading assemblies after forced synchronous recompile.
Begin MonoManager ReloadAssembly
Native extension for WindowsStandalone target not found
Native extension for WebGL target not found
ScheduleIndexationOnStartup MainProcess:True IndexOnStartup:True
[MODES] ModeService[none].Initialize
[MODES] ModeService[none].LoadModes
Mono: successfully reloaded assembly
- Finished resetting the current domain, in  1.651 seconds
Domain Reload Profiling: 2297ms
	BeginReloadAssembly (436ms)
		DisableScriptedObjects (105ms)
		CreateAndSetChildDomain (112ms)
	RebuildCommonClasses (13ms)
	RebuildNativeTypeToScriptingClass (22ms)
	initialDomainReloadingComplete (50ms)
	LoadAllAssembliesAndSetupDomain (124ms)
		LoadAssemblies (126ms)
		AnalyzeDomain (9ms)
			TypeCache.Refresh (4ms)
	FinalizeReload (1652ms)
		SetupLoadedEditorAssemblies (0ms)
			InitializePlatformSupportModulesInManaged (3ms)
			BeforeProcessingInitializeOnLoad (115ms)
			ProcessInitializeOnLoadAttributes (95ms)
			ProcessInitializeOnLoadMethodAttributes (96ms)
			AfterProcessingInitializeOnLoad (7ms)
		AwakeInstancesAfterBackupRestoration (810ms)

Asset Pipeline Refresh (id=5d3f1b11d329c91448bde7c9687edaba): Total: 2.398 seconds - Initiated by StopAssetImportingV2(ForceSynchronousImport | ForceDomainReload)
	(Values over 0.05ms)
	Summary:
		Imports: total=0 (actual=0, local cache=0, cache server=0)
		Asset DB Process Time: managed=0 ms, native=1693 ms
		Asset DB Callback time: managed=22 ms, native=0 ms
		Scripting: domain reloads=1, domain reload time=678 ms, compile time=2 ms, other=0 ms
		Project Asset Count: scripts=135, non-scripts=91
		Asset File Changes: new=0, changed=0, moved=0, deleted=0
		Scan Filter Count: 0
	InvokePackagesCallback: 2.130ms
	ApplyChangesToAssetFolders: 0.074ms
	Collect global state as custom dependencies: 0.115ms
	CategorizeAssets: 1.155ms
	CompileScripts: 1.879ms
	ImportOutOfDateAssets: 1654.815ms (1653.340ms without children)
		ReloadNativeAssets: 0.387ms
		UnloadImportedAssets: 0.197ms
		ImportSchedulerStart: 0.844ms
	PostProcessAllAssets: 22.961ms
		MonoPostProcessAllAssets: 22.957ms
			WindowAssetPostprocessingWatcher.OnPostprocessAllAssets 9.874ms
			AssetChangedListener.OnPostprocessAllAssets 9.468ms
			BuilderAssetPostprocessor.OnPostprocessAllAssets 7.388ms
			AssetPostprocessor.OnPostprocessAllAssets 4.923ms
			SyncVS.PostprocessSyncProject 1.482ms
			RetainedModeAssetPostprocessor.OnPostprocessAllAssets 1.441ms
			SpeedTree9Postprocessor.OnPostprocessAllAssets 0.953ms
			ArtifactBrowserPostProcessor.OnPostprocessAllAssets 0.826ms
			TMPro_TexturePostProcessor.OnPostprocessAllAssets 0.738ms
			TextAssetPostProcessor.OnPostprocessAllAssets 0.480ms
			ReferencedClipsPostProcessor.OnPostprocessAllAssets 0.430ms
			AudioMixerPostprocessor.OnPostprocessAllAssets 0.398ms
			EditModeScopePostprocessor.OnPostprocessAllAssets 0.331ms
			StyleCatalogPostProcessor.OnPostprocessAllAssets 0.326ms
			SpeedTreePostProcessor.OnPostprocessAllAssets 0.292ms
			AssetEvents.OnPostprocessAllAssets 0.267ms
			AssetDatabaseCallbacks.OnPostprocessAllAssets 0.178ms
			ConfigAssetsTracker.OnPostprocessAllAssets 0.170ms
			TerrainToolbarOverlayPostProcessor.OnPostprocessAllAssets 0.168ms
			ScenarioDriftAssetsTracker.OnPostprocessAllAssets 0.152ms
			AudioContainerPostProcessor.OnPostprocessAllAssets 0.136ms
			RenderPipelineGlobalSettingsPostprocessor.OnPostprocessAllAssets 0.094ms
	GenerateScriptTypeHashes: 0.364ms
	GenerateScriptTypeSerializationHashes: 0.708ms
	Untracked: 709.696ms

Loaded scene 'Temp/__Backupscenes/0.backup'
	Deserialize:            6.933 ms
	Integration:            39.279 ms
	Integration of assets:  0.006 ms
	Thread Wait Time:       0.047 ms
	Total Operation Time:   46.265 ms
[Licensing::Client] Successfully resolved entitlement details
Unloading 0 Unused Serialized files (Serialized files now loaded: 0)
Loaded scene 'Temp/__Backupscenes/0.backup'
	Deserialize:            2.284 ms
	Integration:            14.307 ms
	Integration of assets:  0.003 ms
	Thread Wait Time:       0.053 ms
	Total Operation Time:   16.647 ms
Unloading 5 unused Assets / (0 B). Loaded Objects now: 2551.
Memory consumption went from 455.4 MB to 455.4 MB.
Total: 13.155000 ms (FindLiveObjects: 0.203100 ms CreateObjectMapping: 0.048500 ms MarkObjects: 12.875700 ms  DeleteObjects: 0.026600 ms)

Reloading assemblies for play mode.
Reloading assemblies after forced synchronous recompile.
Begin MonoManager ReloadAssembly
Native extension for WindowsStandalone target not found
Native extension for WebGL target not found
ScheduleIndexationOnStartup MainProcess:True IndexOnStartup:True
[MODES] ModeService[none].Initialize
[MODES] ModeService[none].LoadModes
Mono: successfully reloaded assembly
- Finished resetting the current domain, in  1.664 seconds
Domain Reload Profiling: 2339ms
	BeginReloadAssembly (462ms)
		DisableScriptedObjects (96ms)
		CreateAndSetChildDomain (127ms)
	RebuildCommonClasses (13ms)
	RebuildNativeTypeToScriptingClass (23ms)
	initialDomainReloadingComplete (51ms)
	LoadAllAssembliesAndSetupDomain (124ms)
		LoadAssemblies (126ms)
		AnalyzeDomain (9ms)
			TypeCache.Refresh (4ms)
	FinalizeReload (1666ms)
		SetupLoadedEditorAssemblies (0ms)
			InitializePlatformSupportModulesInManaged (3ms)
			BeforeProcessingInitializeOnLoad (115ms)
			ProcessInitializeOnLoadAttributes (94ms)
			ProcessInitializeOnLoadMethodAttributes (103ms)
			AfterProcessingInitializeOnLoad (8ms)
		AwakeInstancesAfterBackupRestoration (811ms)

Asset Pipeline Refresh (id=69412dcd8664757428e6e01687ca6b4f): Total: 2.442 seconds - Initiated by StopAssetImportingV2(ForceSynchronousImport | ForceDomainReload)
	(Values over 0.05ms)
	Summary:
		Imports: total=0 (actual=0, local cache=0, cache server=0)
		Asset DB Process Time: managed=0 ms, native=1707 ms
		Asset DB Callback time: managed=23 ms, native=0 ms
		Scripting: domain reloads=1, domain reload time=709 ms, compile time=2 ms, other=0 ms
		Project Asset Count: scripts=135, non-scripts=91
		Asset File Changes: new=0, changed=0, moved=0, deleted=0
		Scan Filter Count: 0
	InvokePackagesCallback: 1.983ms
	ApplyChangesToAssetFolders: 0.064ms
	Collect global state as custom dependencies: 0.103ms
	CategorizeAssets: 1.164ms
	CompileScripts: 1.882ms
	ImportOutOfDateAssets: 1668.048ms (1666.491ms without children)
		ReloadNativeAssets: 0.370ms
		UnloadImportedAssets: 0.231ms
		ImportSchedulerStart: 0.911ms
	PostProcessAllAssets: 23.453ms
		MonoPostProcessAllAssets: 23.448ms
			WindowAssetPostprocessingWatcher.OnPostprocessAllAssets 9.718ms
			AssetChangedListener.OnPostprocessAllAssets 9.468ms
			BuilderAssetPostprocessor.OnPostprocessAllAssets 7.388ms
			AssetPostprocessor.OnPostprocessAllAssets 4.923ms
			SyncVS.PostprocessSyncProject 1.471ms
			RetainedModeAssetPostprocessor.OnPostprocessAllAssets 1.441ms
			SpeedTree9Postprocessor.OnPostprocessAllAssets 0.968ms
			ArtifactBrowserPostProcessor.OnPostprocessAllAssets 0.826ms
			TMPro_TexturePostProcessor.OnPostprocessAllAssets 0.738ms
			TextAssetPostProcessor.OnPostprocessAllAssets 0.480ms
			AudioMixerPostprocessor.OnPostprocessAllAssets 0.398ms
			ReferencedClipsPostProcessor.OnPostprocessAllAssets 0.327ms
			StyleCatalogPostProcessor.OnPostprocessAllAssets 0.326ms
			EditModeScopePostprocessor.OnPostprocessAllAssets 0.325ms
			SpeedTreePostProcessor.OnPostprocessAllAssets 0.292ms
			AssetEvents.OnPostprocessAllAssets 0.267ms
			TerrainToolbarOverlayPostProcessor.OnPostprocessAllAssets 0.247ms
			AssetDatabaseCallbacks.OnPostprocessAllAssets 0.178ms
			ConfigAssetsTracker.OnPostprocessAllAssets 0.170ms
			ScenarioDriftAssetsTracker.OnPostprocessAllAssets 0.152ms
			AudioContainerPostProcessor.OnPostprocessAllAssets 0.136ms
			RenderPipelineGlobalSettingsPostprocessor.OnPostprocessAllAssets 0.092ms
	GenerateScriptTypeHashes: 0.358ms
	GenerateScriptTypeSerializationHashes: 0.695ms
	Untracked: 738.764ms

Loaded scene 'Temp/__Backupscenes/0.backup'
	Deserialize:            3.775 ms
	Integration:            33.555 ms
	Integration of assets:  0.004 ms
	Thread Wait Time:       0.017 ms
	Total Operation Time:   37.351 ms
[Licensing::Client] Successfully resolved entitlement details
Unloading 0 Unused Serialized files (Serialized files now loaded: 0)
Loaded scene 'Temp/__Backupscenes/0.backup'
	Deserialize:            3.211 ms
	Integration:            15.626 ms
	Integration of assets:  0.004 ms
	Thread Wait Time:       0.021 ms
	Total Operation Time:   18.861 ms
Unloading 4 unused Assets / (0 B). Loaded Objects now: 2553.
Memory consumption went from 455.5 MB to 455.5 MB.
Total: 12.421100 ms (FindLiveObjects: 0.207700 ms CreateObjectMapping: 0.051000 ms MarkObjects: 12.133400 ms  DeleteObjects: 0.027900 ms)

[Licensing::Client] Successfully resolved entitlement details
Asset Pipeline Refresh (id=b08e45e4df689864db46a7128331cfde): Total: 0.007 seconds - Initiated by RefreshV2(AllowForceSynchronousImport)
Reloading assemblies for play mode.
Reloading assemblies after forced synchronous recompile.
Begin MonoManager ReloadAssembly
[Licensing::Client] Successfully resolved entitlement details
Native extension for WindowsStandalone target not found
Native extension for WebGL target not found
ScheduleIndexationOnStartup MainProcess:True IndexOnStartup:True
[MODES] ModeService[none].Initialize
[MODES] ModeService[none].LoadModes
Mono: successfully reloaded assembly
- Finished resetting the current domain, in  1.651 seconds
Domain Reload Profiling: 2312ms
	BeginReloadAssembly (451ms)
		DisableScriptedObjects (80ms)
		CreateAndSetChildDomain (127ms)
	RebuildCommonClasses (13ms)
	RebuildNativeTypeToScriptingClass (22ms)
	initialDomainReloadingComplete (51ms)
	LoadAllAssembliesAndSetupDomain (123ms)
		LoadAssemblies (127ms)
		AnalyzeDomain (10ms)
			TypeCache.Refresh (5ms)
	FinalizeReload (1653ms)
		SetupLoadedEditorAssemblies (0ms)
			InitializePlatformSupportModulesInManaged (3ms)
			BeforeProcessingInitializeOnLoad (121ms)
			ProcessInitializeOnLoadAttributes (97ms)
			ProcessInitializeOnLoadMethodAttributes (97ms)
			AfterProcessingInitializeOnLoad (7ms)
		AwakeInstancesAfterBackupRestoration (807ms)

Asset Pipeline Refresh (id=db267a3e392342741aa8779b506a2258): Total: 2.411 seconds - Initiated by StopAssetImportingV2(ForceSynchronousImport | ForceDomainReload)
	(Values over 0.05ms)
	Summary:
		Imports: total=0 (actual=0, local cache=0, cache server=0)
		Asset DB Process Time: managed=0 ms, native=1692 ms
		Asset DB Callback time: managed=22 ms, native=0 ms
		Scripting: domain reloads=1, domain reload time=693 ms, compile time=2 ms, other=0 ms
		Project Asset Count: scripts=135, non-scripts=91
		Asset File Changes: new=0, changed=0, moved=0, deleted=0
		Scan Filter Count: 0
	InvokePackagesCallback: 2.294ms
	ApplyChangesToAssetFolders: 0.066ms
	Collect global state as custom dependencies: 0.095ms
	CategorizeAssets: 1.179ms
	CompileScripts: 1.812ms
	ImportOutOfDateAssets: 1655.201ms (1653.615ms without children)
		ReloadNativeAssets: 0.406ms
		UnloadImportedAssets: 0.232ms
		ImportSchedulerStart: 0.902ms
	PostProcessAllAssets: 22.978ms
		MonoPostProcessAllAssets: 22.974ms
			WindowAssetPostprocessingWatcher.OnPostprocessAllAssets 9.950ms
			AssetChangedListener.OnPostprocessAllAssets 9.468ms
			BuilderAssetPostprocessor.OnPostprocessAllAssets 7.388ms
			AssetPostprocessor.OnPostprocessAllAssets 4.923ms
			SyncVS.PostprocessSyncProject 1.545ms
			RetainedModeAssetPostprocessor.OnPostprocessAllAssets 1.441ms
			SpeedTree9Postprocessor.OnPostprocessAllAssets 1.088ms
			ArtifactBrowserPostProcessor.OnPostprocessAllAssets 0.826ms
			TMPro_TexturePostProcessor.OnPostprocessAllAssets 0.738ms
			TextAssetPostProcessor.OnPostprocessAllAssets 0.480ms
			AudioMixerPostprocessor.OnPostprocessAllAssets 0.398ms
			ReferencedClipsPostProcessor.OnPostprocessAllAssets 0.330ms
			StyleCatalogPostProcessor.OnPostprocessAllAssets 0.326ms
			EditModeScopePostprocessor.OnPostprocessAllAssets 0.323ms
			SpeedTreePostProcessor.OnPostprocessAllAssets 0.292ms
			AssetEvents.OnPostprocessAllAssets 0.267ms
			TerrainToolbarOverlayPostProcessor.OnPostprocessAllAssets 0.226ms
			AssetDatabaseCallbacks.OnPostprocessAllAssets 0.186ms
			ConfigAssetsTracker.OnPostprocessAllAssets 0.170ms
			ScenarioDriftAssetsTracker.OnPostprocessAllAssets 0.152ms
			AudioContainerPostProcessor.OnPostprocessAllAssets 0.136ms
			RenderPipelineGlobalSettingsPostprocessor.OnPostprocessAllAssets 0.094ms
	GenerateScriptTypeHashes: 0.392ms
	GenerateScriptTypeSerializationHashes: 0.733ms
	Untracked: 722.325ms

Loaded scene 'Temp/__Backupscenes/0.backup'
	Deserialize:            3.528 ms
	Integration:            32.289 ms
	Integration of assets:  0.004 ms
	Thread Wait Time:       0.019 ms
	Total Operation Time:   35.839 ms
[Licensing::Client] Successfully resolved entitlement details
Unloading 0 Unused Serialized files (Serialized files now loaded: 0)
Loaded scene 'Temp/__Backupscenes/0.backup'
	Deserialize:            2.348 ms
	Integration:            15.315 ms
	Integration of assets:  0.002 ms
	Thread Wait Time:       0.015 ms
	Total Operation Time:   17.681 ms
Unloading 4 unused Assets / (123.3 KB). Loaded Objects now: 2558.
Memory consumption went from 455.9 MB to 455.8 MB.
Total: 15.208200 ms (FindLiveObjects: 0.199900 ms CreateObjectMapping: 0.062200 ms MarkObjects: 14.884200 ms  DeleteObjects: 0.060600 ms)

[Licensing::Client] Successfully resolved entitlement details
Importing 'GUID: ac02f115d5943413b883cec70d47e7dc - Path: Assets/DMT321/SimpleDigitalTwin/Scenes/L01_StartHere.unity' with importer (DefaultImporter)
Imported 'GUID: ac02f115d5943413b883cec70d47e7dc' -> (Import Result ID: 'b0ae93afe58d90d636fe83ccab25778c') in 0.004 seconds [static dependencies only]. Details - ImportResultOutputID=c8c3e4e2c7530f61277b990a98ec0c01 DependenciesID=89d8e422a5b8246f4ab9b30e0dc4d061 StaticDependenciesID=52e58ef67d3a9980c6094de0ece58abf 
Asset Pipeline Refresh (id=b2af512bd573a5447844ab1ce55851ab): Total: 0.058 seconds - Initiated by StopAssetImportingV2(NoUpdateAssetOptions)
[Worker0] Imported GUID: ac02f115d5943413b883cec70d47e7dc - Path: Assets/DMT321/SimpleDigitalTwin/Scenes/L01_StartHere.unity - Importer: PreviewImporter -> (ImportResultId: '03a0acbfceb8e87b642629505d1f9b5f') in 0.0021824 seconds
Some assets listed have dependencies that are part of Package Manager packages and these cannot be exported, so those references will be lost if those packages are not present in the importing project.
Dependency asset Packages/com.unity.ugui/Runtime/UGUI/UI/Core/Slider.cs is in package uGUI.
Dependency asset Packages/com.unity.ugui/Runtime/UGUI/UI/Core/Layout/CanvasScaler.cs is in package uGUI.
Dependency asset Packages/com.unity.ugui/Editor Resources/Gizmos/TMP - Font Asset Icon.psd is in package uGUI.
Dependency asset Packages/com.unity.ugui/Runtime/TMP/TextMeshProUGUI.cs is in package uGUI.
Dependency asset Packages/com.unity.ugui/Editor Resources/Gizmos/TMP - Text Component Icon.psd is in package uGUI.
Dependency asset Packages/com.unity.ugui/Runtime/UGUI/UI/Core/GraphicRaycaster.cs is in package uGUI.
Dependency asset Packages/com.unity.ugui/Runtime/UGUI/UI/Core/Button.cs is in package uGUI.
Dependency asset Packages/com.unity.ugui/Runtime/UGUI/EventSystem/InputModules/StandaloneInputModule.cs is in package uGUI.
Dependency asset Packages/com.unity.ugui/Runtime/UGUI/EventSystem/EventSystem.cs is in package uGUI.
Dependency asset Packages/com.unity.ugui/Runtime/UGUI/UI/Core/Image.cs is in package uGUI.
Dependency asset Packages/com.unity.ugui/Runtime/TMP/TMP_FontAsset.cs is in package uGUI.
[Worker1] Imported GUID: ac02f115d5943413b883cec70d47e7dc - Path: Assets/DMT321/SimpleDigitalTwin/Scenes/L01_StartHere.unity - Importer: ScriptedImporter/UnityEditor.QuickSearchModule:UnityEditor.Search:ASIAI0B -> (ImportResultId: '52d65cbfb28b31c12ed798556059bee7') in 0.0905558 seconds
[Worker0] Imported GUID: 6264e5f1711ac4989bd0527676f9a0f6 - Path: Assets/DMT321/SimpleDigitalTwin/Scripts/TemperatureTwinView.cs - Importer: ScriptedImporter/UnityEditor.QuickSearchModule:UnityEditor.Search:ASIAI0B -> (ImportResultId: '6d99e5a5a66bbc6e26c5d6f68826bc66') in 0.1048432 seconds
[Worker1] Imported GUID: 1faf76e0d35834819a1668003f82d5b9 - Path: Assets/DMT321/SimpleDigitalTwin/Scripts/MockTemperatureSensor.cs - Importer: ScriptedImporter/UnityEditor.QuickSearchModule:UnityEditor.Search:ASIAI0B -> (ImportResultId: 'b740a8437673082a2c751e530e6f99e0') in 0.0251096 seconds
[Worker0] Imported GUID: 8f586378b4e144a9851e7b34d9b748ee - Path: Assets/TextMesh Pro/Resources/Fonts & Materials/LiberationSans SDF.asset - Importer: PreviewImporter -> (ImportResultId: 'f6e6a7596c6b0a91514772ff50f9a4a0') in 0.1174653 seconds
[Worker0] Imported GUID: 6264e5f1711ac4989bd0527676f9a0f6 - Path: Assets/DMT321/SimpleDigitalTwin/Scripts/TemperatureTwinView.cs - Importer: PreviewImporter -> (ImportResultId: 'ef21f47a513609396f51d5093a85d088') in 0.0014101 seconds
[Worker0] Imported GUID: 819e0345fc0eddd4a99f4b0c5050492e - Path: Assets/material/New Material.mat - Importer: PreviewImporter -> (ImportResultId: 'aae9e39e637f35ceb6f6b8e63e04f6d0') in 0.0166741 seconds
[Worker0] Imported GUID: 1faf76e0d35834819a1668003f82d5b9 - Path: Assets/DMT321/SimpleDigitalTwin/Scripts/MockTemperatureSensor.cs - Importer: PreviewImporter -> (ImportResultId: '60294449cd2d961a0f0abb5a5cc6a7b0') in 0.0008725 seconds
Asset Pipeline Refresh (id=1d4113d24eb732d43a6b0e7c5e4cc443): Total: 0.016 seconds - Initiated by RefreshV2(AllowForceSynchronousImport)
Reloading assemblies for play mode.
Reloading assemblies after forced synchronous recompile.
Begin MonoManager ReloadAssembly
Native extension for WindowsStandalone target not found
Native extension for WebGL target not found
ScheduleIndexationOnStartup MainProcess:True IndexOnStartup:True
[MODES] ModeService[none].Initialize
[MODES] ModeService[none].LoadModes
Mono: successfully reloaded assembly
- Finished resetting the current domain, in  1.655 seconds
Domain Reload Profiling: 2326ms
	BeginReloadAssembly (455ms)
		DisableScriptedObjects (95ms)
		CreateAndSetChildDomain (142ms)
	RebuildCommonClasses (13ms)
	RebuildNativeTypeToScriptingClass (23ms)
	initialDomainReloadingComplete (53ms)
	LoadAllAssembliesAndSetupDomain (126ms)
		LoadAssemblies (127ms)
		AnalyzeDomain (9ms)
			TypeCache.Refresh (5ms)
	FinalizeReload (1657ms)
		SetupLoadedEditorAssemblies (0ms)
			InitializePlatformSupportModulesInManaged (3ms)
			BeforeProcessingInitializeOnLoad (124ms)
			ProcessInitializeOnLoadAttributes (98ms)
			ProcessInitializeOnLoadMethodAttributes (88ms)
			AfterProcessingInitializeOnLoad (7ms)
		AwakeInstancesAfterBackupRestoration (796ms)

Asset Pipeline Refresh (id=7825b399c77628c4a9c48fccb912db99): Total: 2.428 seconds - Initiated by StopAssetImportingV2(ForceSynchronousImport | ForceDomainReload)
	(Values over 0.05ms)
	Summary:
		Imports: total=0 (actual=0, local cache=0, cache server=0)
		Asset DB Process Time: managed=0 ms, native=1698 ms
		Asset DB Callback time: managed=24 ms, native=0 ms
		Scripting: domain reloads=1, domain reload time=703 ms, compile time=2 ms, other=0 ms
		Project Asset Count: scripts=135, non-scripts=91
		Asset File Changes: new=0, changed=0, moved=0, deleted=0
		Scan Filter Count: 0
	InvokePackagesCallback: 2.121ms
	ApplyChangesToAssetFolders: 0.068ms
	Collect global state as custom dependencies: 0.110ms
	CategorizeAssets: 1.241ms
	CompileScripts: 1.807ms
	ImportOutOfDateAssets: 1659.284ms (1657.594ms without children)
		ReloadNativeAssets: 0.480ms
		UnloadImportedAssets: 0.270ms
		ImportSchedulerStart: 0.892ms
	PostProcessAllAssets: 24.168ms
		MonoPostProcessAllAssets: 24.164ms
			WindowAssetPostprocessingWatcher.OnPostprocessAllAssets 10.887ms
			AssetChangedListener.OnPostprocessAllAssets 10.319ms
			BuilderAssetPostprocessor.OnPostprocessAllAssets 7.018ms
			AssetPostprocessor.OnPostprocessAllAssets 4.582ms
			SyncVS.PostprocessSyncProject 1.400ms
			RetainedModeAssetPostprocessor.OnPostprocessAllAssets 1.333ms
			SpeedTree9Postprocessor.OnPostprocessAllAssets 0.980ms
			TMPro_TexturePostProcessor.OnPostprocessAllAssets 0.679ms
			TextAssetPostProcessor.OnPostprocessAllAssets 0.657ms
			ArtifactBrowserPostProcessor.OnPostprocessAllAssets 0.572ms
			AudioMixerPostprocessor.OnPostprocessAllAssets 0.424ms
			ReferencedClipsPostProcessor.OnPostprocessAllAssets 0.333ms
			StyleCatalogPostProcessor.OnPostprocessAllAssets 0.328ms
			EditModeScopePostprocessor.OnPostprocessAllAssets 0.324ms
			AssetEvents.OnPostprocessAllAssets 0.253ms
			SpeedTreePostProcessor.OnPostprocessAllAssets 0.241ms
			AssetDatabaseCallbacks.OnPostprocessAllAssets 0.237ms
			ScenarioDriftAssetsTracker.OnPostprocessAllAssets 0.180ms
			ConfigAssetsTracker.OnPostprocessAllAssets 0.176ms
			TerrainToolbarOverlayPostProcessor.OnPostprocessAllAssets 0.172ms
			RenderPipelineGlobalSettingsPostprocessor.OnPostprocessAllAssets 0.094ms
			AudioContainerPostProcessor.OnPostprocessAllAssets 0.080ms
	GenerateScriptTypeHashes: 0.452ms
	GenerateScriptTypeSerializationHashes: 0.826ms
	Untracked: 734.527ms

Loaded scene 'Temp/__Backupscenes/0.backup'
	Deserialize:            3.701 ms
	Integration:            32.843 ms
	Integration of assets:  0.004 ms
	Thread Wait Time:       0.052 ms
	Total Operation Time:   36.600 ms
[Licensing::Client] Successfully resolved entitlement details
Asset Pipeline Refresh (id=c5b9a6b31efd17e45934bde06aa23145): Total: 0.006 seconds - Initiated by RefreshV2(NoUpdateAssetOptions)
Unloading 0 Unused Serialized files (Serialized files now loaded: 0)
Loaded scene 'Temp/__Backupscenes/0.backup'
	Deserialize:            2.423 ms
	Integration:            14.518 ms
	Integration of assets:  0.002 ms
	Thread Wait Time:       0.046 ms
	Total Operation Time:   16.989 ms
Unloading 3 unused Assets / (1.6 KB). Loaded Objects now: 2571.
Memory consumption went from 464.7 MB to 464.7 MB.
Total: 13.846100 ms (FindLiveObjects: 0.221500 ms CreateObjectMapping: 0.049100 ms MarkObjects: 13.530000 ms  DeleteObjects: 0.044500 ms)

[Licensing::Client] Successfully resolved entitlement details
Asset Pipeline Refresh (id=33ed5df4a59dd094dba874819c8e8d10): Total: 0.007 seconds - Initiated by RefreshV2(AllowForceSynchronousImport)
Asset Pipeline Refresh (id=c4d469a03ccae844c916ec574147f081): Total: 0.004 seconds - Initiated by RefreshV2(AllowForceSynchronousImport)
[ScriptCompilation] Requested script compilation because: AssetDatabase observed changes in script compilation related files
[Licensing::Client] Successfully resolved entitlement details
info: Microsoft.AspNetCore.Hosting.Diagnostics[1]
      Request starting HTTP/2 POST http://ilpp/UnityILPP.PostProcessing/Ping - application/grpc -
info: Microsoft.AspNetCore.Routing.EndpointMiddleware[0]
      Executing endpoint 'gRPC - /UnityILPP.PostProcessing/Ping'
info: Microsoft.AspNetCore.Routing.EndpointMiddleware[1]
      Executed endpoint 'gRPC - /UnityILPP.PostProcessing/Ping'
info: Microsoft.AspNetCore.Hosting.Diagnostics[2]
      Request finished HTTP/2 POST http://ilpp/UnityILPP.PostProcessing/Ping - 200 - application/grpc 0.7922ms
Starting: C:\Program Files\Unity\Hub\Editor\6000.5.3f1\Editor\Data\Tools\BuildPipeline\bee_backend.exe --ipc --defer-dag-verification --dagfile="Library/Bee/1900b0aE.dag" --continue-on-failure --profile="Library/Bee/backend1.traceevents" ScriptAssemblies
WorkingDir: C:/Users/MTA-403/Desktop/DMT321_Lab01_Unity6.5
ExitCode: 0 Duration: 0s283ms
[211/214    0s] Csc Library/Bee/artifacts/1900b0aE.dag/Assembly-CSharp.dll (+2 others)
[212/214    0s] CopyFiles Library/ScriptAssemblies/Assembly-CSharp.pdb
[213/214    0s] CopyFiles Library/ScriptAssemblies/Assembly-CSharp.dll
*** Tundra build success (0.24 seconds), 3 items updated, 214 evaluated
Total cache size 1976460
Total cache size after purge 1976460, took 00:00:00.0157065
Reloading assemblies after forced synchronous recompile.
Begin MonoManager ReloadAssembly
Native extension for WindowsStandalone target not found
Native extension for WebGL target not found
[MODES] ModeService[none].Initialize
[MODES] ModeService[none].LoadModes
ScheduleIndexationOnStartup MainProcess:True IndexOnStartup:True
Mono: successfully reloaded assembly
- Finished resetting the current domain, in  1.827 seconds
Domain Reload Profiling: 2588ms
	BeginReloadAssembly (522ms)
		DisableScriptedObjects (103ms)
		CreateAndSetChildDomain (121ms)
	RebuildCommonClasses (14ms)
	RebuildNativeTypeToScriptingClass (25ms)
	initialDomainReloadingComplete (54ms)
	LoadAllAssembliesAndSetupDomain (146ms)
		LoadAssemblies (143ms)
		AnalyzeDomain (23ms)
			TypeCache.Refresh (6ms)
			BuildScriptInfoCaches (12ms)
	FinalizeReload (1828ms)
		SetupLoadedEditorAssemblies (0ms)
			BeforeProcessingInitializeOnLoad (181ms)
			ProcessInitializeOnLoadAttributes (102ms)
			ProcessInitializeOnLoadMethodAttributes (87ms)
			AfterProcessingInitializeOnLoad (8ms)
		AwakeInstancesAfterBackupRestoration (811ms)

Asset Pipeline Refresh (id=6a822263228116b458641ce29a1dfa2a): Total: 3.253 seconds - Initiated by RefreshV2(AllowForceSynchronousImport)
	(Values over 0.05ms)
	Summary:
		Imports: total=0 (actual=0, local cache=0, cache server=0)
		Asset DB Process Time: managed=0 ms, native=1875 ms
		Asset DB Callback time: managed=53 ms, native=4 ms
		Scripting: domain reloads=1, domain reload time=796 ms, compile time=523 ms, other=0 ms
		Project Asset Count: scripts=135, non-scripts=91
		Asset File Changes: new=0, changed=1, moved=0, deleted=0
		Scan Filter Count: 0
	InvokePackagesCallback: 2.700ms
	ApplyChangesToAssetFolders: 0.089ms
	Scan: 8.642ms
	Collect global state as custom dependencies: 0.142ms
	OnSourceAssetsModified: 1.107ms
	ProcessAssetsWithTransientArtifactChanges: 1.023ms
	CategorizeAssets: 1.230ms
	CompileScripts: 522.623ms
	ImportOutOfDateAssets: 1831.047ms (1829.228ms without children)
		ReloadNativeAssets: 0.443ms
		UnloadImportedAssets: 0.180ms
		ImportSchedulerStart: 1.146ms
	PostProcessAllAssets: 52.475ms
		MonoPostProcessAllAssets: 51.924ms
			WindowAssetPostprocessingWatcher.OnPostprocessAllAssets 10.299ms
			AssetChangedListener.OnPostprocessAllAssets 9.047ms
			BuilderAssetPostprocessor.OnPostprocessAllAssets 7.306ms
			AssetPostprocessor.OnPostprocessAllAssets 5.240ms
			SpeedTree9Postprocessor.OnPostprocessAllAssets 1.689ms
			RetainedModeAssetPostprocessor.OnPostprocessAllAssets 1.635ms
			SyncVS.PostprocessSyncProject 1.510ms
			EditModeScopePostprocessor.OnPostprocessAllAssets 1.086ms
			ArtifactBrowserPostProcessor.OnPostprocessAllAssets 0.745ms
			TMPro_TexturePostProcessor.OnPostprocessAllAssets 0.620ms
			TextAssetPostProcessor.OnPostprocessAllAssets 0.510ms
			AudioMixerPostprocessor.OnPostprocessAllAssets 0.413ms
			SpeedTreePostProcessor.OnPostprocessAllAssets 0.367ms
			ReferencedClipsPostProcessor.OnPostprocessAllAssets 0.342ms
			AssetEvents.OnPostprocessAllAssets 0.280ms
			StyleCatalogPostProcessor.OnPostprocessAllAssets 0.269ms
			TerrainToolbarOverlayPostProcessor.OnPostprocessAllAssets 0.222ms
			AssetDatabaseCallbacks.OnPostprocessAllAssets 0.181ms
			ConfigAssetsTracker.OnPostprocessAllAssets 0.170ms
			ScenarioDriftAssetsTracker.OnPostprocessAllAssets 0.151ms
			RenderPipelineGlobalSettingsPostprocessor.OnPostprocessAllAssets 0.118ms
			AudioContainerPostProcessor.OnPostprocessAllAssets 0.092ms
	PostAssetChangesProfiler: 3.348ms
	GenerateScriptTypeHashes: 0.427ms
	GenerateScriptTypeSerializationHashes: 0.829ms
	Untracked: 825.165ms

[Licensing::Client] Successfully resolved entitlement details
Reloading assemblies for play mode.
Reloading assemblies after forced synchronous recompile.
Begin MonoManager ReloadAssembly
GetVirtualKey: Could not map char: z (122) to any virtual key
GetVirtualKey: Could not map char: y (121) to any virtual key
GetVirtualKey: Could not map char: x (120) to any virtual key
GetVirtualKey: Could not map char: c (99) to any virtual key
GetVirtualKey: Could not map char: v (118) to any virtual key
GetVirtualKey: Could not map char: V (86) to any virtual key
GetVirtualKey: Could not map char: d (100) to any virtual key
GetVirtualKey: Could not map char: f (102) to any virtual key
GetVirtualKey: Could not map char: f (102) to any virtual key
GetVirtualKey: Could not map char: a (97) to any virtual key
GetVirtualKey: Could not map char: d (100) to any virtual key
GetVirtualKey: Could not map char: c (99) to any virtual key
GetVirtualKey: Could not map char: r (114) to any virtual key
GetVirtualKey: Could not map char: i (105) to any virtual key
GetVirtualKey: Could not map char: l (108) to any virtual key
GetVirtualKey: Could not map char: f (102) to any virtual key
GetVirtualKey: Could not map char: k (107) to any virtual key
GetVirtualKey: Could not map char: p (112) to any virtual key
GetVirtualKey: Could not map char: p (112) to any virtual key
GetVirtualKey: Could not map char: p (112) to any virtual key
GetVirtualKey: Could not map char: c (99) to any virtual key
GetVirtualKey: Could not map char: r (114) to any virtual key
GetVirtualKey: Could not map char: P (80) to any virtual key
GetVirtualKey: Could not map char: n (110) to any virtual key
GetVirtualKey: Could not map char: n (110) to any virtual key
GetVirtualKey: Could not map char: g (103) to any virtual key
GetVirtualKey: Could not map char: = (61) to any virtual key
GetVirtualKey: Could not map char: f (102) to any virtual key
GetVirtualKey: Could not map char: f (102) to any virtual key
GetVirtualKey: Could not map char: a (97) to any virtual key
GetVirtualKey: Could not map char: a (97) to any virtual key
GetVirtualKey: Could not map char: c (99) to any virtual key
GetVirtualKey: Could not map char: u (117) to any virtual key
GetVirtualKey: Could not map char: n (110) to any virtual key
GetVirtualKey: Could not map char: o (111) to any virtual key
GetVirtualKey: Could not map char: s (115) to any virtual key
GetVirtualKey: Could not map char: s (115) to any virtual key
GetVirtualKey: Could not map char: b (98) to any virtual key
GetVirtualKey: Could not map char: b (98) to any virtual key
Native extension for WindowsStandalone target not found
Native extension for WebGL target not found
ScheduleIndexationOnStartup MainProcess:True IndexOnStartup:True
[MODES] ModeService[none].Initialize
[MODES] ModeService[none].LoadModes
Mono: successfully reloaded assembly
- Finished resetting the current domain, in  1.667 seconds
Domain Reload Profiling: 2365ms
	BeginReloadAssembly (488ms)
		DisableScriptedObjects (137ms)
		CreateAndSetChildDomain (129ms)
	RebuildCommonClasses (13ms)
	RebuildNativeTypeToScriptingClass (23ms)
	initialDomainReloadingComplete (48ms)
	LoadAllAssembliesAndSetupDomain (125ms)
		LoadAssemblies (127ms)
		AnalyzeDomain (9ms)
			TypeCache.Refresh (4ms)
	FinalizeReload (1668ms)
		SetupLoadedEditorAssemblies (0ms)
			InitializePlatformSupportModulesInManaged (3ms)
			BeforeProcessingInitializeOnLoad (118ms)
			ProcessInitializeOnLoadAttributes (97ms)
			ProcessInitializeOnLoadMethodAttributes (96ms)
			AfterProcessingInitializeOnLoad (7ms)
		AwakeInstancesAfterBackupRestoration (826ms)

Asset Pipeline Refresh (id=d5c1be9b2987e864fb432abac5ab6db0): Total: 2.466 seconds - Initiated by StopAssetImportingV2(ForceSynchronousImport | ForceDomainReload)
	(Values over 0.05ms)
	Summary:
		Imports: total=0 (actual=0, local cache=0, cache server=0)
		Asset DB Process Time: managed=0 ms, native=1709 ms
		Asset DB Callback time: managed=23 ms, native=0 ms
		Scripting: domain reloads=1, domain reload time=730 ms, compile time=2 ms, other=0 ms
		Project Asset Count: scripts=135, non-scripts=91
		Asset File Changes: new=0, changed=0, moved=0, deleted=0
		Scan Filter Count: 0
	InvokePackagesCallback: 2.087ms
	ApplyChangesToAssetFolders: 0.072ms
	Collect global state as custom dependencies: 0.099ms
	CategorizeAssets: 1.168ms
	CompileScripts: 2.102ms
	ImportOutOfDateAssets: 1671.329ms (1669.135ms without children)
		ReloadNativeAssets: 0.404ms
		UnloadImportedAssets: 0.158ms
		EnsureUptoDateAssetsAreRegisteredWithGuidPM: 0.057ms
		ImportSchedulerStart: 1.572ms
	PostProcessAllAssets: 23.611ms
		MonoPostProcessAllAssets: 23.606ms
			WindowAssetPostprocessingWatcher.OnPostprocessAllAssets 10.137ms
			AssetChangedListener.OnPostprocessAllAssets 9.047ms
			BuilderAssetPostprocessor.OnPostprocessAllAssets 7.306ms
			AssetPostprocessor.OnPostprocessAllAssets 5.240ms
			RetainedModeAssetPostprocessor.OnPostprocessAllAssets 1.635ms
			SyncVS.PostprocessSyncProject 1.567ms
			SpeedTree9Postprocessor.OnPostprocessAllAssets 0.937ms
			ArtifactBrowserPostProcessor.OnPostprocessAllAssets 0.745ms
			TMPro_TexturePostProcessor.OnPostprocessAllAssets 0.620ms
			TextAssetPostProcessor.OnPostprocessAllAssets 0.510ms
			AudioMixerPostprocessor.OnPostprocessAllAssets 0.413ms
			SpeedTreePostProcessor.OnPostprocessAllAssets 0.367ms
			ReferencedClipsPostProcessor.OnPostprocessAllAssets 0.338ms
			EditModeScopePostprocessor.OnPostprocessAllAssets 0.328ms
			AssetEvents.OnPostprocessAllAssets 0.280ms
			StyleCatalogPostProcessor.OnPostprocessAllAssets 0.269ms
			AssetDatabaseCallbacks.OnPostprocessAllAssets 0.182ms
			TerrainToolbarOverlayPostProcessor.OnPostprocessAllAssets 0.173ms
			ConfigAssetsTracker.OnPostprocessAllAssets 0.170ms
			ScenarioDriftAssetsTracker.OnPostprocessAllAssets 0.151ms
			RenderPipelineGlobalSettingsPostprocessor.OnPostprocessAllAssets 0.095ms
			AudioContainerPostProcessor.OnPostprocessAllAssets 0.092ms
	GenerateScriptTypeHashes: 0.391ms
	GenerateScriptTypeSerializationHashes: 0.766ms
	Untracked: 760.368ms

Loaded scene 'Temp/__Backupscenes/0.backup'
	Deserialize:            7.184 ms
	Integration:            42.463 ms
	Integration of assets:  0.006 ms
	Thread Wait Time:       0.011 ms
	Total Operation Time:   49.664 ms
[Licensing::Client] Successfully resolved entitlement details
Unloading 16 Unused Serialized files (Serialized files now loaded: 0)
Loaded scene 'Temp/__Backupscenes/0.backup'
	Deserialize:            2.306 ms
	Integration:            16.960 ms
	Integration of assets:  0.002 ms
	Thread Wait Time:       0.017 ms
	Total Operation Time:   19.285 ms
Unloading 9 unused Assets / (116.3 KB). Loaded Objects now: 2589.
Memory consumption went from 470.7 MB to 470.5 MB.
Total: 13.219500 ms (FindLiveObjects: 0.195700 ms CreateObjectMapping: 0.054200 ms MarkObjects: 12.881700 ms  DeleteObjects: 0.086900 ms)

[Licensing::Client] Successfully resolved entitlement details
Reloading assemblies for play mode.
Reloading assemblies after forced synchronous recompile.
Begin MonoManager ReloadAssembly
GetVirtualKey: Could not map char: z (122) to any virtual key
GetVirtualKey: Could not map char: y (121) to any virtual key
GetVirtualKey: Could not map char: x (120) to any virtual key
GetVirtualKey: Could not map char: c (99) to any virtual key
GetVirtualKey: Could not map char: v (118) to any virtual key
GetVirtualKey: Could not map char: V (86) to any virtual key
GetVirtualKey: Could not map char: d (100) to any virtual key
GetVirtualKey: Could not map char: f (102) to any virtual key
GetVirtualKey: Could not map char: f (102) to any virtual key
GetVirtualKey: Could not map char: a (97) to any virtual key
GetVirtualKey: Could not map char: d (100) to any virtual key
GetVirtualKey: Could not map char: c (99) to any virtual key
GetVirtualKey: Could not map char: r (114) to any virtual key
GetVirtualKey: Could not map char: i (105) to any virtual key
GetVirtualKey: Could not map char: l (108) to any virtual key
GetVirtualKey: Could not map char: f (102) to any virtual key
GetVirtualKey: Could not map char: k (107) to any virtual key
GetVirtualKey: Could not map char: p (112) to any virtual key
GetVirtualKey: Could not map char: p (112) to any virtual key
GetVirtualKey: Could not map char: p (112) to any virtual key
GetVirtualKey: Could not map char: c (99) to any virtual key
GetVirtualKey: Could not map char: r (114) to any virtual key
GetVirtualKey: Could not map char: P (80) to any virtual key
GetVirtualKey: Could not map char: n (110) to any virtual key
GetVirtualKey: Could not map char: n (110) to any virtual key
GetVirtualKey: Could not map char: g (103) to any virtual key
GetVirtualKey: Could not map char: = (61) to any virtual key
GetVirtualKey: Could not map char: f (102) to any virtual key
GetVirtualKey: Could not map char: f (102) to any virtual key
GetVirtualKey: Could not map char: a (97) to any virtual key
GetVirtualKey: Could not map char: a (97) to any virtual key
GetVirtualKey: Could not map char: n (110) to any virtual key
GetVirtualKey: Could not map char: o (111) to any virtual key
GetVirtualKey: Could not map char: s (115) to any virtual key
GetVirtualKey: Could not map char: s (115) to any virtual key
GetVirtualKey: Could not map char: b (98) to any virtual key
GetVirtualKey: Could not map char: b (98) to any virtual key
GetVirtualKey: Could not map char: c (99) to any virtual key
GetVirtualKey: Could not map char: u (117) to any virtual key
Native extension for WindowsStandalone target not found
Native extension for WebGL target not found
ScheduleIndexationOnStartup MainProcess:True IndexOnStartup:True
[MODES] ModeService[none].Initialize
[MODES] ModeService[none].LoadModes
Mono: successfully reloaded assembly
- Finished resetting the current domain, in  1.701 seconds
Domain Reload Profiling: 2420ms
	BeginReloadAssembly (477ms)
		DisableScriptedObjects (107ms)
		CreateAndSetChildDomain (131ms)
	RebuildCommonClasses (14ms)
	RebuildNativeTypeToScriptingClass (24ms)
	initialDomainReloadingComplete (55ms)
	LoadAllAssembliesAndSetupDomain (148ms)
		LoadAssemblies (128ms)
		AnalyzeDomain (12ms)
			TypeCache.Refresh (6ms)
			ResolveRequiredComponents (3ms)
	FinalizeReload (1702ms)
		SetupLoadedEditorAssemblies (0ms)
			InitializePlatformSupportModulesInManaged (3ms)
			BeforeProcessingInitializeOnLoad (117ms)
			ProcessInitializeOnLoadAttributes (100ms)
			ProcessInitializeOnLoadMethodAttributes (95ms)
			AfterProcessingInitializeOnLoad (7ms)
		AwakeInstancesAfterBackupRestoration (849ms)

Asset Pipeline Refresh (id=8ccf30146d336cb41b3904632c374327): Total: 2.523 seconds - Initiated by StopAssetImportingV2(ForceSynchronousImport | ForceDomainReload)
	(Values over 0.05ms)
	Summary:
		Imports: total=0 (actual=0, local cache=0, cache server=0)
		Asset DB Process Time: managed=0 ms, native=1743 ms
		Asset DB Callback time: managed=23 ms, native=0 ms
		Scripting: domain reloads=1, domain reload time=752 ms, compile time=2 ms, other=0 ms
		Project Asset Count: scripts=135, non-scripts=91
		Asset File Changes: new=0, changed=0, moved=0, deleted=0
		Scan Filter Count: 0
	InvokePackagesCallback: 1.986ms
	ApplyChangesToAssetFolders: 0.065ms
	Collect global state as custom dependencies: 0.090ms
	CategorizeAssets: 1.157ms
	CompileScripts: 1.832ms
	ImportOutOfDateAssets: 1704.875ms (1703.275ms without children)
		ReloadNativeAssets: 0.442ms
		UnloadImportedAssets: 0.244ms
		EnsureUptoDateAssetsAreRegisteredWithGuidPM: 0.054ms
		ImportSchedulerStart: 0.858ms
	PostProcessAllAssets: 23.927ms
		MonoPostProcessAllAssets: 23.923ms
			WindowAssetPostprocessingWatcher.OnPostprocessAllAssets 10.874ms
			AssetChangedListener.OnPostprocessAllAssets 9.047ms
			BuilderAssetPostprocessor.OnPostprocessAllAssets 7.306ms
			AssetPostprocessor.OnPostprocessAllAssets 5.240ms
			RetainedModeAssetPostprocessor.OnPostprocessAllAssets 1.635ms
			SyncVS.PostprocessSyncProject 1.315ms
			SpeedTree9Postprocessor.OnPostprocessAllAssets 0.957ms
			ArtifactBrowserPostProcessor.OnPostprocessAllAssets 0.745ms
			TMPro_TexturePostProcessor.OnPostprocessAllAssets 0.620ms
			TextAssetPostProcessor.OnPostprocessAllAssets 0.510ms
			EditModeScopePostprocessor.OnPostprocessAllAssets 0.434ms
			AudioMixerPostprocessor.OnPostprocessAllAssets 0.413ms
			SpeedTreePostProcessor.OnPostprocessAllAssets 0.367ms
			ReferencedClipsPostProcessor.OnPostprocessAllAssets 0.341ms
			AssetEvents.OnPostprocessAllAssets 0.280ms
			StyleCatalogPostProcessor.OnPostprocessAllAssets 0.269ms
			AssetDatabaseCallbacks.OnPostprocessAllAssets 0.179ms
			TerrainToolbarOverlayPostProcessor.OnPostprocessAllAssets 0.171ms
			ConfigAssetsTracker.OnPostprocessAllAssets 0.170ms
			ScenarioDriftAssetsTracker.OnPostprocessAllAssets 0.151ms
			RenderPipelineGlobalSettingsPostprocessor.OnPostprocessAllAssets 0.095ms
			AudioContainerPostProcessor.OnPostprocessAllAssets 0.092ms
	GenerateScriptTypeHashes: 0.419ms
	GenerateScriptTypeSerializationHashes: 0.792ms
	Untracked: 782.536ms

Loaded scene 'Temp/__Backupscenes/0.backup'
	Deserialize:            3.505 ms
	Integration:            33.568 ms
	Integration of assets:  0.003 ms
	Thread Wait Time:       0.044 ms
	Total Operation Time:   37.120 ms
[Licensing::Client] Successfully resolved entitlement details
Unloading 0 Unused Serialized files (Serialized files now loaded: 0)
Loaded scene 'Temp/__Backupscenes/0.backup'
	Deserialize:            2.547 ms
	Integration:            15.283 ms
	Integration of assets:  0.002 ms
	Thread Wait Time:       0.018 ms
	Total Operation Time:   17.850 ms
Unloading 16 unused Assets / (12.3 KB). Loaded Objects now: 2576.
Memory consumption went from 472.1 MB to 472.1 MB.
Total: 14.435400 ms (FindLiveObjects: 0.243300 ms CreateObjectMapping: 0.055300 ms MarkObjects: 14.051800 ms  DeleteObjects: 0.083600 ms)

GetVirtualKey: Could not map char: z (122) to any virtual key
GetVirtualKey: Could not map char: y (121) to any virtual key
GetVirtualKey: Could not map char: x (120) to any virtual key
GetVirtualKey: Could not map char: c (99) to any virtual key
GetVirtualKey: Could not map char: v (118) to any virtual key
GetVirtualKey: Could not map char: V (86) to any virtual key
GetVirtualKey: Could not map char: d (100) to any virtual key
GetVirtualKey: Could not map char: f (102) to any virtual key
GetVirtualKey: Could not map char: f (102) to any virtual key
GetVirtualKey: Could not map char: a (97) to any virtual key
GetVirtualKey: Could not map char: d (100) to any virtual key
GetVirtualKey: Could not map char: c (99) to any virtual key
GetVirtualKey: Could not map char: r (114) to any virtual key
GetVirtualKey: Could not map char: i (105) to any virtual key
GetVirtualKey: Could not map char: l (108) to any virtual key
GetVirtualKey: Could not map char: f (102) to any virtual key
GetVirtualKey: Could not map char: k (107) to any virtual key
GetVirtualKey: Could not map char: p (112) to any virtual key
GetVirtualKey: Could not map char: p (112) to any virtual key
GetVirtualKey: Could not map char: p (112) to any virtual key
GetVirtualKey: Could not map char: c (99) to any virtual key
GetVirtualKey: Could not map char: r (114) to any virtual key
GetVirtualKey: Could not map char: P (80) to any virtual key
GetVirtualKey: Could not map char: n (110) to any virtual key
GetVirtualKey: Could not map char: n (110) to any virtual key
GetVirtualKey: Could not map char: g (103) to any virtual key
GetVirtualKey: Could not map char: = (61) to any virtual key
GetVirtualKey: Could not map char: f (102) to any virtual key
GetVirtualKey: Could not map char: f (102) to any virtual key
GetVirtualKey: Could not map char: a (97) to any virtual key
GetVirtualKey: Could not map char: a (97) to any virtual key
GetVirtualKey: Could not map char: n (110) to any virtual key
GetVirtualKey: Could not map char: o (111) to any virtual key
GetVirtualKey: Could not map char: s (115) to any virtual key
GetVirtualKey: Could not map char: s (115) to any virtual key
GetVirtualKey: Could not map char: b (98) to any virtual key
GetVirtualKey: Could not map char: b (98) to any virtual key
GetVirtualKey: Could not map char: c (99) to any virtual key
GetVirtualKey: Could not map char: u (117) to any virtual key
Reloading assemblies for play mode.
Reloading assemblies after forced synchronous recompile.
Begin MonoManager ReloadAssembly
Native extension for WindowsStandalone target not found
Native extension for WebGL target not found
ScheduleIndexationOnStartup MainProcess:True IndexOnStartup:True
[MODES] ModeService[none].Initialize
[MODES] ModeService[none].LoadModes
Mono: successfully reloaded assembly
- Finished resetting the current domain, in  1.708 seconds
Domain Reload Profiling: 2377ms
	BeginReloadAssembly (454ms)
		DisableScriptedObjects (106ms)
		CreateAndSetChildDomain (136ms)
	RebuildCommonClasses (14ms)
	RebuildNativeTypeToScriptingClass (23ms)
	initialDomainReloadingComplete (50ms)
	LoadAllAssembliesAndSetupDomain (127ms)
		LoadAssemblies (125ms)
		AnalyzeDomain (9ms)
			TypeCache.Refresh (4ms)
	FinalizeReload (1709ms)
		SetupLoadedEditorAssemblies (0ms)
			InitializePlatformSupportModulesInManaged (3ms)
			BeforeProcessingInitializeOnLoad (120ms)
			ProcessInitializeOnLoadAttributes (96ms)
			ProcessInitializeOnLoadMethodAttributes (99ms)
			AfterProcessingInitializeOnLoad (7ms)
		AwakeInstancesAfterBackupRestoration (856ms)

Asset Pipeline Refresh (id=a95b7e38d24343941900253eb5a332b0): Total: 2.483 seconds - Initiated by StopAssetImportingV2(ForceSynchronousImport | ForceDomainReload)
	(Values over 0.05ms)
	Summary:
		Imports: total=0 (actual=0, local cache=0, cache server=0)
		Asset DB Process Time: managed=0 ms, native=1753 ms
		Asset DB Callback time: managed=23 ms, native=0 ms
		Scripting: domain reloads=1, domain reload time=704 ms, compile time=2 ms, other=0 ms
		Project Asset Count: scripts=135, non-scripts=91
		Asset File Changes: new=0, changed=0, moved=0, deleted=0
		Scan Filter Count: 0
	InvokePackagesCallback: 2.121ms
	ApplyChangesToAssetFolders: 0.066ms
	Collect global state as custom dependencies: 0.098ms
	CategorizeAssets: 1.303ms
	CompileScripts: 1.818ms
	ImportOutOfDateAssets: 1712.083ms (1710.478ms without children)
		ReloadNativeAssets: 0.373ms
		UnloadImportedAssets: 0.263ms
		ImportSchedulerStart: 0.923ms
	PostProcessAllAssets: 23.130ms
		MonoPostProcessAllAssets: 23.127ms
			WindowAssetPostprocessingWatcher.OnPostprocessAllAssets 9.873ms
			AssetChangedListener.OnPostprocessAllAssets 9.047ms
			BuilderAssetPostprocessor.OnPostprocessAllAssets 7.306ms
			AssetPostprocessor.OnPostprocessAllAssets 5.240ms
			RetainedModeAssetPostprocessor.OnPostprocessAllAssets 1.635ms
			SyncVS.PostprocessSyncProject 1.355ms
			SpeedTree9Postprocessor.OnPostprocessAllAssets 0.934ms
			ArtifactBrowserPostProcessor.OnPostprocessAllAssets 0.745ms
			TMPro_TexturePostProcessor.OnPostprocessAllAssets 0.620ms
			TextAssetPostProcessor.OnPostprocessAllAssets 0.510ms
			AudioMixerPostprocessor.OnPostprocessAllAssets 0.413ms
			SpeedTreePostProcessor.OnPostprocessAllAssets 0.367ms
			ReferencedClipsPostProcessor.OnPostprocessAllAssets 0.342ms
			EditModeScopePostprocessor.OnPostprocessAllAssets 0.321ms
			AssetEvents.OnPostprocessAllAssets 0.280ms
			StyleCatalogPostProcessor.OnPostprocessAllAssets 0.269ms
			AssetDatabaseCallbacks.OnPostprocessAllAssets 0.189ms
			TerrainToolbarOverlayPostProcessor.OnPostprocessAllAssets 0.176ms
			ConfigAssetsTracker.OnPostprocessAllAssets 0.170ms
			ScenarioDriftAssetsTracker.OnPostprocessAllAssets 0.151ms
			RenderPipelineGlobalSettingsPostprocessor.OnPostprocessAllAssets 0.095ms
			AudioContainerPostProcessor.OnPostprocessAllAssets 0.092ms
	GenerateScriptTypeHashes: 0.361ms
	GenerateScriptTypeSerializationHashes: 0.703ms
	Untracked: 735.316ms

Loaded scene 'Temp/__Backupscenes/0.backup'
	Deserialize:            3.800 ms
	Integration:            33.508 ms
	Integration of assets:  0.005 ms
	Thread Wait Time:       0.053 ms
	Total Operation Time:   37.366 ms
[Licensing::Client] Successfully resolved entitlement details
Unloading 0 Unused Serialized files (Serialized files now loaded: 0)
Loaded scene 'Temp/__Backupscenes/0.backup'
	Deserialize:            2.283 ms
	Integration:            14.921 ms
	Integration of assets:  0.002 ms
	Thread Wait Time:       0.017 ms
	Total Operation Time:   17.223 ms
Unloading 3 unused Assets / (2.6 KB). Loaded Objects now: 2573.
Memory consumption went from 471.0 MB to 471.0 MB.
Total: 13.783400 ms (FindLiveObjects: 0.192500 ms CreateObjectMapping: 0.050800 ms MarkObjects: 13.495600 ms  DeleteObjects: 0.042800 ms)

Reloading assemblies for play mode.
Reloading assemblies after forced synchronous recompile.
Begin MonoManager ReloadAssembly
[Licensing::Client] Successfully resolved entitlement details
GetVirtualKey: Could not map char: z (122) to any virtual key
GetVirtualKey: Could not map char: y (121) to any virtual key
GetVirtualKey: Could not map char: x (120) to any virtual key
GetVirtualKey: Could not map char: c (99) to any virtual key
GetVirtualKey: Could not map char: v (118) to any virtual key
GetVirtualKey: Could not map char: V (86) to any virtual key
GetVirtualKey: Could not map char: d (100) to any virtual key
GetVirtualKey: Could not map char: f (102) to any virtual key
GetVirtualKey: Could not map char: f (102) to any virtual key
GetVirtualKey: Could not map char: a (97) to any virtual key
GetVirtualKey: Could not map char: d (100) to any virtual key
GetVirtualKey: Could not map char: c (99) to any virtual key
GetVirtualKey: Could not map char: r (114) to any virtual key
GetVirtualKey: Could not map char: i (105) to any virtual key
GetVirtualKey: Could not map char: l (108) to any virtual key
GetVirtualKey: Could not map char: f (102) to any virtual key
GetVirtualKey: Could not map char: k (107) to any virtual key
GetVirtualKey: Could not map char: p (112) to any virtual key
GetVirtualKey: Could not map char: p (112) to any virtual key
GetVirtualKey: Could not map char: p (112) to any virtual key
GetVirtualKey: Could not map char: c (99) to any virtual key
GetVirtualKey: Could not map char: r (114) to any virtual key
GetVirtualKey: Could not map char: P (80) to any virtual key
GetVirtualKey: Could not map char: n (110) to any virtual key
GetVirtualKey: Could not map char: n (110) to any virtual key
GetVirtualKey: Could not map char: g (103) to any virtual key
GetVirtualKey: Could not map char: = (61) to any virtual key
GetVirtualKey: Could not map char: f (102) to any virtual key
GetVirtualKey: Could not map char: f (102) to any virtual key
GetVirtualKey: Could not map char: a (97) to any virtual key
GetVirtualKey: Could not map char: a (97) to any virtual key
GetVirtualKey: Could not map char: n (110) to any virtual key
GetVirtualKey: Could not map char: o (111) to any virtual key
GetVirtualKey: Could not map char: s (115) to any virtual key
GetVirtualKey: Could not map char: s (115) to any virtual key
GetVirtualKey: Could not map char: b (98) to any virtual key
GetVirtualKey: Could not map char: b (98) to any virtual key
GetVirtualKey: Could not map char: c (99) to any virtual key
GetVirtualKey: Could not map char: u (117) to any virtual key
Native extension for WindowsStandalone target not found
Native extension for WebGL target not found
ScheduleIndexationOnStartup MainProcess:True IndexOnStartup:True
[MODES] ModeService[none].Initialize
[MODES] ModeService[none].LoadModes
Mono: successfully reloaded assembly
- Finished resetting the current domain, in  1.699 seconds
Domain Reload Profiling: 2413ms
	BeginReloadAssembly (504ms)
		DisableScriptedObjects (123ms)
		CreateAndSetChildDomain (141ms)
	RebuildCommonClasses (13ms)
	RebuildNativeTypeToScriptingClass (22ms)
	initialDomainReloadingComplete (51ms)
	LoadAllAssembliesAndSetupDomain (123ms)
		LoadAssemblies (126ms)
		AnalyzeDomain (9ms)
			TypeCache.Refresh (4ms)
	FinalizeReload (1700ms)
		SetupLoadedEditorAssemblies (0ms)
			BeforeProcessingInitializeOnLoad (120ms)
			ProcessInitializeOnLoadAttributes (100ms)
			ProcessInitializeOnLoadMethodAttributes (99ms)
			AfterProcessingInitializeOnLoad (7ms)
		AwakeInstancesAfterBackupRestoration (844ms)

Asset Pipeline Refresh (id=20350711cbff93a429675d7367912bac): Total: 2.515 seconds - Initiated by StopAssetImportingV2(ForceSynchronousImport | ForceDomainReload)
	(Values over 0.05ms)
	Summary:
		Imports: total=0 (actual=0, local cache=0, cache server=0)
		Asset DB Process Time: managed=0 ms, native=1742 ms
		Asset DB Callback time: managed=23 ms, native=0 ms
		Scripting: domain reloads=1, domain reload time=746 ms, compile time=2 ms, other=0 ms
		Project Asset Count: scripts=135, non-scripts=91
		Asset File Changes: new=0, changed=0, moved=0, deleted=0
		Scan Filter Count: 0
	InvokePackagesCallback: 2.136ms
	ApplyChangesToAssetFolders: 0.071ms
	Collect global state as custom dependencies: 0.097ms
	CategorizeAssets: 1.163ms
	CompileScripts: 1.945ms
	ImportOutOfDateAssets: 1702.970ms (1701.284ms without children)
		ReloadNativeAssets: 0.432ms
		UnloadImportedAssets: 0.251ms
		EnsureUptoDateAssetsAreRegisteredWithGuidPM: 0.060ms
		ImportSchedulerStart: 0.940ms
	PostProcessAllAssets: 23.866ms
		MonoPostProcessAllAssets: 23.862ms
			WindowAssetPostprocessingWatcher.OnPostprocessAllAssets 10.478ms
			AssetChangedListener.OnPostprocessAllAssets 9.047ms
			BuilderAssetPostprocessor.OnPostprocessAllAssets 7.306ms
			AssetPostprocessor.OnPostprocessAllAssets 5.240ms
			RetainedModeAssetPostprocessor.OnPostprocessAllAssets 1.635ms
			SyncVS.PostprocessSyncProject 1.515ms
			SpeedTree9Postprocessor.OnPostprocessAllAssets 0.946ms
			ArtifactBrowserPostProcessor.OnPostprocessAllAssets 0.745ms
			TMPro_TexturePostProcessor.OnPostprocessAllAssets 0.620ms
			TextAssetPostProcessor.OnPostprocessAllAssets 0.510ms
			AudioMixerPostprocessor.OnPostprocessAllAssets 0.413ms
			SpeedTreePostProcessor.OnPostprocessAllAssets 0.367ms
			ReferencedClipsPostProcessor.OnPostprocessAllAssets 0.345ms
			EditModeScopePostprocessor.OnPostprocessAllAssets 0.322ms
			AssetEvents.OnPostprocessAllAssets 0.280ms
			StyleCatalogPostProcessor.OnPostprocessAllAssets 0.269ms
			AssetDatabaseCallbacks.OnPostprocessAllAssets 0.222ms
			TerrainToolbarOverlayPostProcessor.OnPostprocessAllAssets 0.173ms
			ConfigAssetsTracker.OnPostprocessAllAssets 0.170ms
			ScenarioDriftAssetsTracker.OnPostprocessAllAssets 0.151ms
			RenderPipelineGlobalSettingsPostprocessor.OnPostprocessAllAssets 0.093ms
			AudioContainerPostProcessor.OnPostprocessAllAssets 0.092ms
	GenerateScriptTypeHashes: 0.404ms
	GenerateScriptTypeSerializationHashes: 0.764ms
	Untracked: 776.003ms

Loaded scene 'Temp/__Backupscenes/0.backup'
	Deserialize:            3.650 ms
	Integration:            33.961 ms
	Integration of assets:  0.011 ms
	Thread Wait Time:       0.007 ms
	Total Operation Time:   37.629 ms
[Licensing::Client] Successfully resolved entitlement details
Unloading 0 Unused Serialized files (Serialized files now loaded: 0)
Loaded scene 'Temp/__Backupscenes/0.backup'
	Deserialize:            2.427 ms
	Integration:            15.379 ms
	Integration of assets:  0.003 ms
	Thread Wait Time:       0.018 ms
	Total Operation Time:   17.827 ms
Unloading 3 unused Assets / (66.0 KB). Loaded Objects now: 2574.
Memory consumption went from 471.2 MB to 471.1 MB.
Total: 13.846400 ms (FindLiveObjects: 0.192300 ms CreateObjectMapping: 0.050100 ms MarkObjects: 13.556200 ms  DeleteObjects: 0.046800 ms)

[Licensing::Client] Successfully resolved entitlement details
Reloading assemblies for play mode.
Reloading assemblies after forced synchronous recompile.
Begin MonoManager ReloadAssembly
GetVirtualKey: Could not map char: z (122) to any virtual key
GetVirtualKey: Could not map char: y (121) to any virtual key
GetVirtualKey: Could not map char: x (120) to any virtual key
GetVirtualKey: Could not map char: c (99) to any virtual key
GetVirtualKey: Could not map char: v (118) to any virtual key
GetVirtualKey: Could not map char: V (86) to any virtual key
GetVirtualKey: Could not map char: d (100) to any virtual key
GetVirtualKey: Could not map char: f (102) to any virtual key
GetVirtualKey: Could not map char: f (102) to any virtual key
GetVirtualKey: Could not map char: a (97) to any virtual key
GetVirtualKey: Could not map char: d (100) to any virtual key
GetVirtualKey: Could not map char: c (99) to any virtual key
GetVirtualKey: Could not map char: r (114) to any virtual key
GetVirtualKey: Could not map char: i (105) to any virtual key
GetVirtualKey: Could not map char: l (108) to any virtual key
GetVirtualKey: Could not map char: f (102) to any virtual key
GetVirtualKey: Could not map char: k (107) to any virtual key
GetVirtualKey: Could not map char: p (112) to any virtual key
GetVirtualKey: Could not map char: p (112) to any virtual key
GetVirtualKey: Could not map char: p (112) to any virtual key
GetVirtualKey: Could not map char: c (99) to any virtual key
GetVirtualKey: Could not map char: r (114) to any virtual key
GetVirtualKey: Could not map char: P (80) to any virtual key
GetVirtualKey: Could not map char: n (110) to any virtual key
GetVirtualKey: Could not map char: n (110) to any virtual key
GetVirtualKey: Could not map char: g (103) to any virtual key
GetVirtualKey: Could not map char: = (61) to any virtual key
GetVirtualKey: Could not map char: f (102) to any virtual key
GetVirtualKey: Could not map char: f (102) to any virtual key
GetVirtualKey: Could not map char: a (97) to any virtual key
GetVirtualKey: Could not map char: a (97) to any virtual key
GetVirtualKey: Could not map char: n (110) to any virtual key
GetVirtualKey: Could not map char: o (111) to any virtual key
GetVirtualKey: Could not map char: s (115) to any virtual key
GetVirtualKey: Could not map char: s (115) to any virtual key
GetVirtualKey: Could not map char: b (98) to any virtual key
GetVirtualKey: Could not map char: b (98) to any virtual key
GetVirtualKey: Could not map char: c (99) to any virtual key
GetVirtualKey: Could not map char: u (117) to any virtual key
Native extension for WindowsStandalone target not found
Native extension for WebGL target not found
ScheduleIndexationOnStartup MainProcess:True IndexOnStartup:True
[MODES] ModeService[none].Initialize
[MODES] ModeService[none].LoadModes
Mono: successfully reloaded assembly
- Finished resetting the current domain, in  1.721 seconds
Domain Reload Profiling: 2450ms
	BeginReloadAssembly (514ms)
		DisableScriptedObjects (120ms)
		CreateAndSetChildDomain (152ms)
	RebuildCommonClasses (13ms)
	RebuildNativeTypeToScriptingClass (23ms)
	initialDomainReloadingComplete (53ms)
	LoadAllAssembliesAndSetupDomain (125ms)
		LoadAssemblies (128ms)
		AnalyzeDomain (9ms)
			TypeCache.Refresh (4ms)
	FinalizeReload (1722ms)
		SetupLoadedEditorAssemblies (0ms)
			InitializePlatformSupportModulesInManaged (3ms)
			BeforeProcessingInitializeOnLoad (122ms)
			ProcessInitializeOnLoadAttributes (108ms)
			ProcessInitializeOnLoadMethodAttributes (95ms)
			AfterProcessingInitializeOnLoad (7ms)
		AwakeInstancesAfterBackupRestoration (854ms)

Asset Pipeline Refresh (id=1985652cacb33cb46b09a93baec0dd38): Total: 2.553 seconds - Initiated by StopAssetImportingV2(ForceSynchronousImport | ForceDomainReload)
	(Values over 0.05ms)
	Summary:
		Imports: total=0 (actual=0, local cache=0, cache server=0)
		Asset DB Process Time: managed=0 ms, native=1764 ms
		Asset DB Callback time: managed=23 ms, native=0 ms
		Scripting: domain reloads=1, domain reload time=762 ms, compile time=2 ms, other=0 ms
		Project Asset Count: scripts=135, non-scripts=91
		Asset File Changes: new=0, changed=0, moved=0, deleted=0
		Scan Filter Count: 0
	InvokePackagesCallback: 1.970ms
	ApplyChangesToAssetFolders: 0.065ms
	Collect global state as custom dependencies: 0.104ms
	CategorizeAssets: 1.212ms
	CompileScripts: 1.806ms
	ImportOutOfDateAssets: 1724.739ms (1723.002ms without children)
		ReloadNativeAssets: 0.436ms
		UnloadImportedAssets: 0.257ms
		ImportSchedulerStart: 0.997ms
	PostProcessAllAssets: 23.262ms
		MonoPostProcessAllAssets: 23.258ms
			WindowAssetPostprocessingWatcher.OnPostprocessAllAssets 10.514ms
			AssetChangedListener.OnPostprocessAllAssets 9.047ms
			BuilderAssetPostprocessor.OnPostprocessAllAssets 7.306ms
			AssetPostprocessor.OnPostprocessAllAssets 5.240ms
			RetainedModeAssetPostprocessor.OnPostprocessAllAssets 1.635ms
			SyncVS.PostprocessSyncProject 1.366ms
			SpeedTree9Postprocessor.OnPostprocessAllAssets 0.915ms
			ArtifactBrowserPostProcessor.OnPostprocessAllAssets 0.745ms
			TMPro_TexturePostProcessor.OnPostprocessAllAssets 0.620ms
			TextAssetPostProcessor.OnPostprocessAllAssets 0.510ms
			AudioMixerPostprocessor.OnPostprocessAllAssets 0.413ms
			ReferencedClipsPostProcessor.OnPostprocessAllAssets 0.373ms
			SpeedTreePostProcessor.OnPostprocessAllAssets 0.367ms
			EditModeScopePostprocessor.OnPostprocessAllAssets 0.318ms
			AssetEvents.OnPostprocessAllAssets 0.280ms
			StyleCatalogPostProcessor.OnPostprocessAllAssets 0.269ms
			AssetDatabaseCallbacks.OnPostprocessAllAssets 0.187ms
			TerrainToolbarOverlayPostProcessor.OnPostprocessAllAssets 0.171ms
			ConfigAssetsTracker.OnPostprocessAllAssets 0.170ms
			ScenarioDriftAssetsTracker.OnPostprocessAllAssets 0.151ms
			RenderPipelineGlobalSettingsPostprocessor.OnPostprocessAllAssets 0.093ms
			AudioContainerPostProcessor.OnPostprocessAllAssets 0.092ms
	UnloadStreamsBegin: 0.092ms
	GenerateScriptTypeHashes: 0.423ms
	GenerateScriptTypeSerializationHashes: 0.909ms
	Untracked: 792.885ms

Loaded scene 'Temp/__Backupscenes/0.backup'
	Deserialize:            3.650 ms
	Integration:            33.609 ms
	Integration of assets:  0.004 ms
	Thread Wait Time:       0.050 ms
	Total Operation Time:   37.313 ms
[Licensing::Client] Successfully resolved entitlement details
Unloading 0 Unused Serialized files (Serialized files now loaded: 0)
Loaded scene 'Temp/__Backupscenes/0.backup'
	Deserialize:            2.284 ms
	Integration:            15.844 ms
	Integration of assets:  0.001 ms
	Thread Wait Time:       0.053 ms
	Total Operation Time:   18.182 ms
Unloading 6 unused Assets / (29.5 MB). Loaded Objects now: 2579.
Memory consumption went from 507.0 MB to 477.5 MB.
Total: 14.653600 ms (FindLiveObjects: 0.208700 ms CreateObjectMapping: 0.050900 ms MarkObjects: 13.134200 ms  DeleteObjects: 1.258900 ms)

Reloading assemblies for play mode.
Reloading assemblies after forced synchronous recompile.
Begin MonoManager ReloadAssembly
GetVirtualKey: Could not map char: z (122) to any virtual key
GetVirtualKey: Could not map char: y (121) to any virtual key
GetVirtualKey: Could not map char: x (120) to any virtual key
GetVirtualKey: Could not map char: c (99) to any virtual key
GetVirtualKey: Could not map char: v (118) to any virtual key
GetVirtualKey: Could not map char: V (86) to any virtual key
GetVirtualKey: Could not map char: d (100) to any virtual key
GetVirtualKey: Could not map char: f (102) to any virtual key
GetVirtualKey: Could not map char: f (102) to any virtual key
GetVirtualKey: Could not map char: a (97) to any virtual key
GetVirtualKey: Could not map char: d (100) to any virtual key
GetVirtualKey: Could not map char: c (99) to any virtual key
GetVirtualKey: Could not map char: r (114) to any virtual key
GetVirtualKey: Could not map char: i (105) to any virtual key
GetVirtualKey: Could not map char: l (108) to any virtual key
GetVirtualKey: Could not map char: f (102) to any virtual key
GetVirtualKey: Could not map char: k (107) to any virtual key
GetVirtualKey: Could not map char: p (112) to any virtual key
GetVirtualKey: Could not map char: p (112) to any virtual key
GetVirtualKey: Could not map char: p (112) to any virtual key
GetVirtualKey: Could not map char: c (99) to any virtual key
GetVirtualKey: Could not map char: r (114) to any virtual key
GetVirtualKey: Could not map char: P (80) to any virtual key
GetVirtualKey: Could not map char: n (110) to any virtual key
GetVirtualKey: Could not map char: n (110) to any virtual key
GetVirtualKey: Could not map char: g (103) to any virtual key
GetVirtualKey: Could not map char: = (61) to any virtual key
GetVirtualKey: Could not map char: f (102) to any virtual key
GetVirtualKey: Could not map char: f (102) to any virtual key
GetVirtualKey: Could not map char: a (97) to any virtual key
GetVirtualKey: Could not map char: a (97) to any virtual key
GetVirtualKey: Could not map char: n (110) to any virtual key
GetVirtualKey: Could not map char: o (111) to any virtual key
GetVirtualKey: Could not map char: s (115) to any virtual key
GetVirtualKey: Could not map char: s (115) to any virtual key
GetVirtualKey: Could not map char: b (98) to any virtual key
GetVirtualKey: Could not map char: b (98) to any virtual key
GetVirtualKey: Could not map char: c (99) to any virtual key
GetVirtualKey: Could not map char: u (117) to any virtual key
Native extension for WindowsStandalone target not found
Native extension for WebGL target not found
ScheduleIndexationOnStartup MainProcess:True IndexOnStartup:True
[MODES] ModeService[none].Initialize
[MODES] ModeService[none].LoadModes
Mono: successfully reloaded assembly
- Finished resetting the current domain, in  1.701 seconds
Domain Reload Profiling: 2401ms
	BeginReloadAssembly (493ms)
		DisableScriptedObjects (117ms)
		CreateAndSetChildDomain (136ms)
	RebuildCommonClasses (13ms)
	RebuildNativeTypeToScriptingClass (22ms)
	initialDomainReloadingComplete (48ms)
	LoadAllAssembliesAndSetupDomain (122ms)
		LoadAssemblies (127ms)
		AnalyzeDomain (9ms)
			TypeCache.Refresh (4ms)
	FinalizeReload (1703ms)
		SetupLoadedEditorAssemblies (0ms)
			InitializePlatformSupportModulesInManaged (3ms)
			BeforeProcessingInitializeOnLoad (119ms)
			ProcessInitializeOnLoadAttributes (106ms)
			ProcessInitializeOnLoadMethodAttributes (97ms)
			AfterProcessingInitializeOnLoad (7ms)
		AwakeInstancesAfterBackupRestoration (849ms)

Asset Pipeline Refresh (id=24279073d4b8ecf45a8893fc179dd217): Total: 2.505 seconds - Initiated by StopAssetImportingV2(ForceSynchronousImport | ForceDomainReload)
	(Values over 0.05ms)
	Summary:
		Imports: total=0 (actual=0, local cache=0, cache server=0)
		Asset DB Process Time: managed=0 ms, native=1745 ms
		Asset DB Callback time: managed=23 ms, native=0 ms
		Scripting: domain reloads=1, domain reload time=733 ms, compile time=2 ms, other=0 ms
		Project Asset Count: scripts=135, non-scripts=91
		Asset File Changes: new=0, changed=0, moved=0, deleted=0
		Scan Filter Count: 0
	InvokePackagesCallback: 2.275ms
	ApplyChangesToAssetFolders: 0.070ms
	Collect global state as custom dependencies: 0.097ms
	CategorizeAssets: 1.143ms
	CompileScripts: 1.840ms
	ImportOutOfDateAssets: 1705.199ms (1703.610ms without children)
		ReloadNativeAssets: 0.424ms
		UnloadImportedAssets: 0.244ms
		EnsureUptoDateAssetsAreRegisteredWithGuidPM: 0.063ms
		ImportSchedulerStart: 0.855ms
	PostProcessAllAssets: 23.468ms
		MonoPostProcessAllAssets: 23.464ms
			WindowAssetPostprocessingWatcher.OnPostprocessAllAssets 10.450ms
			AssetChangedListener.OnPostprocessAllAssets 9.047ms
			BuilderAssetPostprocessor.OnPostprocessAllAssets 7.306ms
			AssetPostprocessor.OnPostprocessAllAssets 5.240ms
			RetainedModeAssetPostprocessor.OnPostprocessAllAssets 1.635ms
			SyncVS.PostprocessSyncProject 1.339ms
			SpeedTree9Postprocessor.OnPostprocessAllAssets 0.979ms
			ArtifactBrowserPostProcessor.OnPostprocessAllAssets 0.745ms
			TMPro_TexturePostProcessor.OnPostprocessAllAssets 0.620ms
			TextAssetPostProcessor.OnPostprocessAllAssets 0.510ms
			AudioMixerPostprocessor.OnPostprocessAllAssets 0.413ms
			EditModeScopePostprocessor.OnPostprocessAllAssets 0.406ms
			SpeedTreePostProcessor.OnPostprocessAllAssets 0.367ms
			ReferencedClipsPostProcessor.OnPostprocessAllAssets 0.331ms
			AssetEvents.OnPostprocessAllAssets 0.280ms
			StyleCatalogPostProcessor.OnPostprocessAllAssets 0.269ms
			AssetDatabaseCallbacks.OnPostprocessAllAssets 0.177ms
			ConfigAssetsTracker.OnPostprocessAllAssets 0.170ms
			TerrainToolbarOverlayPostProcessor.OnPostprocessAllAssets 0.169ms
			ScenarioDriftAssetsTracker.OnPostprocessAllAssets 0.151ms
			RenderPipelineGlobalSettingsPostprocessor.OnPostprocessAllAssets 0.096ms
			AudioContainerPostProcessor.OnPostprocessAllAssets 0.092ms
	GenerateScriptTypeHashes: 0.410ms
	GenerateScriptTypeSerializationHashes: 0.780ms
	Untracked: 764.120ms

Loaded scene 'Temp/__Backupscenes/0.backup'
	Deserialize:            3.486 ms
	Integration:            35.160 ms
	Integration of assets:  0.004 ms
	Thread Wait Time:       0.018 ms
	Total Operation Time:   38.668 ms
[Licensing::Client] Successfully resolved entitlement details
Unloading 0 Unused Serialized files (Serialized files now loaded: 0)
Loaded scene 'Temp/__Backupscenes/0.backup'
	Deserialize:            2.364 ms
	Integration:            16.765 ms
	Integration of assets:  0.002 ms
	Thread Wait Time:       0.022 ms
	Total Operation Time:   19.154 ms
Unloading 3 unused Assets / (2.6 KB). Loaded Objects now: 2576.
Memory consumption went from 476.4 MB to 476.4 MB.
Total: 14.120800 ms (FindLiveObjects: 0.235200 ms CreateObjectMapping: 0.051200 ms MarkObjects: 13.789400 ms  DeleteObjects: 0.044100 ms)

GetVirtualKey: Could not map char: z (122) to any virtual key
GetVirtualKey: Could not map char: y (121) to any virtual key
GetVirtualKey: Could not map char: x (120) to any virtual key
GetVirtualKey: Could not map char: c (99) to any virtual key
GetVirtualKey: Could not map char: v (118) to any virtual key
GetVirtualKey: Could not map char: V (86) to any virtual key
GetVirtualKey: Could not map char: d (100) to any virtual key
GetVirtualKey: Could not map char: f (102) to any virtual key
GetVirtualKey: Could not map char: f (102) to any virtual key
GetVirtualKey: Could not map char: a (97) to any virtual key
GetVirtualKey: Could not map char: d (100) to any virtual key
GetVirtualKey: Could not map char: c (99) to any virtual key
GetVirtualKey: Could not map char: r (114) to any virtual key
GetVirtualKey: Could not map char: i (105) to any virtual key
GetVirtualKey: Could not map char: l (108) to any virtual key
GetVirtualKey: Could not map char: f (102) to any virtual key
GetVirtualKey: Could not map char: k (107) to any virtual key
GetVirtualKey: Could not map char: p (112) to any virtual key
GetVirtualKey: Could not map char: p (112) to any virtual key
GetVirtualKey: Could not map char: p (112) to any virtual key
GetVirtualKey: Could not map char: c (99) to any virtual key
GetVirtualKey: Could not map char: r (114) to any virtual key
GetVirtualKey: Could not map char: P (80) to any virtual key
GetVirtualKey: Could not map char: n (110) to any virtual key
GetVirtualKey: Could not map char: n (110) to any virtual key
GetVirtualKey: Could not map char: g (103) to any virtual key
GetVirtualKey: Could not map char: = (61) to any virtual key
GetVirtualKey: Could not map char: f (102) to any virtual key
GetVirtualKey: Could not map char: f (102) to any virtual key
GetVirtualKey: Could not map char: a (97) to any virtual key
GetVirtualKey: Could not map char: a (97) to any virtual key
GetVirtualKey: Could not map char: n (110) to any virtual key
GetVirtualKey: Could not map char: o (111) to any virtual key
GetVirtualKey: Could not map char: s (115) to any virtual key
GetVirtualKey: Could not map char: s (115) to any virtual key
GetVirtualKey: Could not map char: b (98) to any virtual key
GetVirtualKey: Could not map char: b (98) to any virtual key
GetVirtualKey: Could not map char: c (99) to any virtual key
GetVirtualKey: Could not map char: u (117) to any virtual key
Importing 'GUID: ac02f115d5943413b883cec70d47e7dc - Path: Assets/DMT321/SimpleDigitalTwin/Scenes/L01_StartHere.unity' with importer (DefaultImporter)
Imported 'GUID: ac02f115d5943413b883cec70d47e7dc' -> (Import Result ID: 'ab50955570ea5915523300b55e286141') in 0.004 seconds [static dependencies only]. Details - ImportResultOutputID=c8c3e4e2c7530f61277b990a98ec0c01 DependenciesID=5bebd5efed5ae13a49d50d5776a0cef2 StaticDependenciesID=6f6c8d59e9f83944c63a4b7651738592 
Asset Pipeline Refresh (id=9777f9cc0240c3a4bb837845a7919347): Total: 0.054 seconds - Initiated by StopAssetImportingV2(NoUpdateAssetOptions)
[Worker0] Imported GUID: ac02f115d5943413b883cec70d47e7dc - Path: Assets/DMT321/SimpleDigitalTwin/Scenes/L01_StartHere.unity - Importer: PreviewImporter -> (ImportResultId: '072417051d49aff910e4c9d2fab5289c') in 0.0039565 seconds
GetVirtualKey: Could not map char: c (99) to any virtual key
GetVirtualKey: Could not map char: r (114) to any virtual key
GetVirtualKey: Could not map char: P (80) to any virtual key
Some assets listed have dependencies that are part of Package Manager packages and these cannot be exported, so those references will be lost if those packages are not present in the importing project.
Dependency asset Packages/com.unity.ugui/Runtime/UGUI/UI/Core/Slider.cs is in package uGUI.
Dependency asset Packages/com.unity.ugui/Runtime/UGUI/UI/Core/Layout/CanvasScaler.cs is in package uGUI.
Dependency asset Packages/com.unity.ugui/Editor Resources/Gizmos/TMP - Font Asset Icon.psd is in package uGUI.
Dependency asset Packages/com.unity.ugui/Runtime/TMP/TextMeshProUGUI.cs is in package uGUI.
Dependency asset Packages/com.unity.ugui/Editor Resources/Gizmos/TMP - Text Component Icon.psd is in package uGUI.
Dependency asset Packages/com.unity.ugui/Runtime/UGUI/UI/Core/GraphicRaycaster.cs is in package uGUI.
Dependency asset Packages/com.unity.ugui/Runtime/UGUI/UI/Core/Button.cs is in package uGUI.
Dependency asset Packages/com.unity.ugui/Runtime/UGUI/EventSystem/InputModules/StandaloneInputModule.cs is in package uGUI.
Dependency asset Packages/com.unity.ugui/Runtime/UGUI/EventSystem/EventSystem.cs is in package uGUI.
Dependency asset Packages/com.unity.ugui/Runtime/UGUI/UI/Core/Image.cs is in package uGUI.
Dependency asset Packages/com.unity.ugui/Runtime/TMP/TMP_FontAsset.cs is in package uGUI.
[Worker1] Imported GUID: ac02f115d5943413b883cec70d47e7dc - Path: Assets/DMT321/SimpleDigitalTwin/Scenes/L01_StartHere.unity - Importer: ScriptedImporter/UnityEditor.QuickSearchModule:UnityEditor.Search:ASIAI0B -> (ImportResultId: '12375e642bccc83c2dd5e9b760e69112') in 0.0864588 seconds
[Worker0] Imported GUID: 6264e5f1711ac4989bd0527676f9a0f6 - Path: Assets/DMT321/SimpleDigitalTwin/Scripts/TemperatureTwinView.cs - Importer: ScriptedImporter/UnityEditor.QuickSearchModule:UnityEditor.Search:ASIAI0B -> (ImportResultId: '5f53ab0890170531f385dca2234094e8') in 0.1060202 seconds
[Worker0] Imported GUID: 6264e5f1711ac4989bd0527676f9a0f6 - Path: Assets/DMT321/SimpleDigitalTwin/Scripts/TemperatureTwinView.cs - Importer: PreviewImporter -> (ImportResultId: '20903bf4a93ec8184350b7217ae06730') in 0.0008235 seconds
Asset Pipeline Refresh (id=a2066d5edd00dc44e9aec365edd001b4): Total: 0.013 seconds - Initiated by RefreshV2(AllowForceSynchronousImport)
Asset Pipeline Refresh (id=8ec4b5282af9fe141bd6871379015945): Total: 0.004 seconds - Initiated by RefreshV2(AllowForceSynchronousImport)
MonoPathRemapper: Attempts to remap: 38556; Successful remaps: 3414
Serialized file version minimum: 23, current 23
[LAYOUT] About to save layout C:\Users\MTA-403\Desktop\DMT321_Lab01_Unity6.5\UserSettings\Layouts\default-6000.dwlt
[LAYOUT] About to save layout C:/Users/MTA-403/AppData/Roaming/Unity/Editor-5.x/Preferences\Layouts\current\default-6000.dwlt
[Physics::Module] Cleanup current backend.
[Physics::Module] Id: 0xf2b8ea05
Input System module state changed to: ShutdownInProgress.
Input Polling Thread exited.
Input System module state changed to: Shutdown.
[Licensing::IpcConnector] LicenseClient-MTA-403-6000.5.3-notifications channel disconnected successfully.
[Licensing::IpcConnector] LicenseClient-MTA-403-6000.5.3 channel disconnected successfully.
Shut down.
AcceleratorClientConnectionCallback - disconnected - :0
Cleanup mono
CodeReloadManager destroyed
abort_threads: Failed aborting id: 0000000000002AD0, mono_thread_manage will ignore it

abort_threads: Failed aborting id: 0000000000003F64, mono_thread_manage will ignore it

abort_threads: Failed aborting id: 0000000000002AD0, mono_thread_manage will ignore it

abort_threads: Failed aborting id: 0000000000003F64, mono_thread_manage will ignore it

debugger-agent: Unable to listen on 3440
Checking for leaked weakptr:
  Found no leaked weakptrs.
[Package Manager] Server process was shutdown
##utp:{"type":"MemoryLeaks","version":2,"phase":"Immediate","time":1786347884719,"processId":2596,"allocatedMemory":56829920,"memoryLabels":[{"Default":246928},{"Permanent":15516},{"NewDelete":87365},{"Thread":4197600},{"Manager":30789},{"VertexData":8},{"Geometry":816},{"Texture":24},{"Shader":838499},{"Material":24},{"GfxDevice":55328},{"Animation":952},{"Audio":1168},{"FreeType":8},{"FontEngine":736},{"Physics":2146},{"Physics2D":16},{"Serialization":3189368},{"Input":42840},{"JobScheduler":256},{"TextLib":70747},{"Mono":48},{"ScriptingNativeRuntime":886796},{"BaseObject":3500516},{"Resource":1208},{"Renderer":3080},{"Transform":4685},{"File":18862},{"WebCam":616},{"Culling":32},{"Terrain":11442},{"Wind":24},{"STL":40},{"String":14321},{"StaticString":3808},{"Utility":2672610},{"Curl":48},{"PoolAlloc":2168},{"AI":80},{"TypeTree":3663616},{"CodeReload":448},{"RuntimeInitializeOnLoadManager":64},{"Sprites":102},{"SpriteAtlas":120},{"GI":7816},{"Director":8296},{"CloudService":13288},{"WebRequest":11133},{"VR":47114},{"SceneManager":608},{"Video":208},{"LazyScriptCache":32},{"NativeArray":33060800},{"Camera":1498329},{"Secure":265},{"SerializationCache":1576},{"APIUpdating":10320},{"Subsystems":336},{"VirtualTexturing":57888},{"StaticSafetyDebugInfo":278528},{"Analytics":552},{"Hierarchy":1176},{"UIElements":1132680},{"CoreStats":13688},{"Identifiers":6768},{"Gui":268384},{"EditorUtility":292758},{"VersionControl":8},{"Undo":931},{"AssetDatabase":498142},{"AssetImporter":40},{"EditorGi":328},{"UnityConnect":35405},{"Upm":1988},{"UpmDiagnostics":8},{"AssetCompliance":64},{"DrivenProperties":72},{"LocalIPC":213},{"ProfilerEditor":9746},{"CoreBusinessMetrics":3484},{"Windowing":456},{"Licensing":664},{"AssetReference":32},{"IPCStream":32}]}
