[Licensing::Module] Trying to connect to existing licensing client channel...
Built from '6000.5/staging' branch; Version is '6000.5.3f1 (c2eb47b3a2a9) revision 12774215'; Using compiler version '194234433'; Build Type 'Release'
OS: 'Windows 11  (10.0.26200) CoreSingleLanguage' Language: 'en' Physical Memory: 16106 MB
BatchMode: 0, IsHumanControllingUs: 1, StartBugReporterOnCrash: 1, Is64bit: 1
System  architecture: x64
Process architecture: x64
Date: 2026-08-23T11:00:24Z
[Licensing::IpcConnector] Successfully connected to: "LicenseClient-Asus" at "2026-08-23T11:00:24.0100224Z"

COMMAND LINE ARGUMENTS:
C:\Program Files\Unity\Hub\Editor\6000.5.3f1\Editor\Unity.exe
-projectpath
C:\Users\Asus\Desktop\DMT321-HW\DMT321_Lab02_Unity6.5
-acceptSoftwareTermsForThisRunOnly
-useHub
-hubIPC
-cloudEnvironment
production
-licensingIpc
LicenseClient-Asus
-hubSessionId
79c984ee-881f-4896-90d6-5e1d4c21c1e9
-accessToken
NoGWFJaYwG0dnelu-ljTnj59g5pRV6rCEfBelx8EOKM011f
Successfully changed project path to: C:\Users\Asus\Desktop\DMT321-HW\DMT321_Lab02_Unity6.5
C:/Users/Asus/Desktop/DMT321-HW/DMT321_Lab02_Unity6.5
[UnityMemory] Configuration Parameters - Can be set up in boot.config
    "memorysetup-temp-allocator-size-gi-baking-worker=262144"
    "memorysetup-temp-allocator-size-gi-baking-worker=262144"
    "memorysetup-temp-allocator-size-gi-baking-worker=262144"
    "memorysetup-temp-allocator-size-gi-baking-worker=262144"
    "memorysetup-temp-allocator-size-gi-baking-worker=262144"
    "memorysetup-temp-allocator-size-nav-mesh-worker=65536"
    "memorysetup-temp-allocator-size-audio-worker=65536"
    "memorysetup-temp-allocator-size-cloud-worker=32768"
    "memorysetup-temp-allocator-size-gfx=262144"
    "memorysetup-temp-allocator-size-preload-manager=33554432"
    "memorysetup-allocator-temp-initial-block-size-main=262144"
    "memorysetup-allocator-temp-initial-block-size-worker=262144"
    "memorysetup-temp-allocator-size-job-worker=262144"
    "memorysetup-temp-allocator-size-background-worker=32768"
    "memorysetup-bucket-allocator-granularity=16"
    "memorysetup-bucket-allocator-bucket-count=8"
    "memorysetup-bucket-allocator-block-size=33554432"
    "memorysetup-bucket-allocator-block-count=8"
    "memorysetup-main-allocator-block-size=16777216"
    "memorysetup-thread-allocator-block-size=16777216"
    "memorysetup-main-allocator-mimalloc-enabled=0"
    "memorysetup-gfx-main-allocator-block-size=16777216"
    "memorysetup-gfx-thread-allocator-block-size=16777216"
    "memorysetup-cache-allocator-block-size=4194304"
    "memorysetup-typetree-allocator-block-size=2097152"
    "memorysetup-profiler-bucket-allocator-granularity=16"
    "memorysetup-profiler-bucket-allocator-bucket-count=8"
    "memorysetup-profiler-bucket-allocator-block-size=33554432"
    "memorysetup-profiler-bucket-allocator-block-count=8"
    "memorysetup-profiler-allocator-block-size=16777216"
    "memorysetup-profiler-editor-allocator-block-size=1048576"
    "memorysetup-temp-allocator-size-main=16777216"
    "memorysetup-job-temp-allocator-block-size=2097152"
    "memorysetup-job-temp-allocator-block-size-background=1048576"
    "memorysetup-job-temp-allocator-reduction-small-platforms=262144"
Player connection [30376]  Target information:

Player connection [30376]  * "[IP] 26.209.92.76 [Port] 55504 [Flags] 2 [Guid] 2444706621 [EditorId] 2444706621 [Version] 1048832 [Id] WindowsEditor(7,LAPTOP-304ELUFL) [Debug] 1 [PackageName] WindowsEditor [ProjectName] Editor" 

Player connection [30376]  * "[IP] 192.168.1.101 [Port] 55504 [Flags] 2 [Guid] 2444706621 [EditorId] 2444706621 [Version] 1048832 [Id] WindowsEditor(7,LAPTOP-304ELUFL) [Debug] 1 [PackageName] WindowsEditor [ProjectName] Editor" 

Player connection [30376] Host joined multi-casting on [225.0.0.222:54997]...
Player connection [30376] Host joined alternative multi-casting on [225.0.0.222:34997]...
Input System module state changed to: Initialized.
[Physics::Module] Initialized fallback backend.
[Physics::Module] Id: 0xdecafbad
[Package Manager] Connected to IPC stream "Upm-24512" after 0.4 seconds.
[Licensing::Module] Licensing is not yet initialized.
[Licensing::Client] Error: HandshakeResponse reported an error:
	ResponseCode: 505
	ResponseStatus: Unsupported protocol version '1.18.1'.
[Licensing::Module] Error: Failed to handshake to channel: "LicenseClient-Asus"
[Licensing::IpcConnector] LicenseClient-Asus channel disconnected successfully.
[Licensing::IpcConnector] Channel LicenseClient-Asus-6000.5.3 doesn't exist
[Licensing::Module] Successfully launched the LicensingClient (PId: 30488)
Starting IPC server.
Waiting for clients to connect on \\.\pipe\Unity-LicenseClient-Asus-6000.5.3, press Ctrl-C to exit.
[Licensing::IpcConnector] Successfully connected to: "LicenseClient-Asus-6000.5.3" at "2026-08-23T11:00:38.0165545Z"
[Licensing::Client] Code 10 while verifying Licensing Client signature (process Id: 30488, path: "C:/Program Files/Unity/Hub/Editor/6000.5.3f1/Editor/Data/Resources/Licensing/Client/Unity.Licensing.Client.exe")
[Licensing::Module] LicensingClient has failed validation; ignoring
[Licensing::Client] Handshaking with LicensingClient:
  Version:                 1.18.1+9fbee8e
  Session Id:              a51df8501c914760b6b8903eea354c09
  Correlation Id:          9a5d2bac6bdcdaee1bcadd60e1ab6c8e
  External correlation Id: 7757359482206393421
  Machine Id:              lKdBEv9B6sk68+5oeNpT9LNO8Ok=
[Licensing::Module] Successfully connected to LicensingClient on channel: "LicenseClient-Asus-6000.5.3" (connect: 9.84s, validation: 1.40s, handshake: 0.05s)
[Licensing::IpcConnector] Successfully connected to: "LicenseClient-Asus-6000.5.3-notifications" at "2026-08-23T11:00:39.469829Z"
[Licensing::Module] Connected to LicensingClient (PId: 30488, launch time: 0.08, total connection time: 11.29s)
[Licensing::Client] Successfully updated the access token
[Licensing::Module] Successfully updated the access token NoGWFJaYwG...
[Licensing::Client] Successfully resolved entitlement details
[Licensing::Module] License group:
  Id: F4-V2HH-7T9E-WBHF-A6SK-XXXX
  Product: Unity Personal
  Type: ULF
  Expiration: 2026-09-29T05:17:25Z
[Licensing::Module] License group:
  Id: 18968482900132-UnityPersXXXX
  Product: Unity Personal
  Type: Assigned
  Expiration: Unlimited
[Licensing::Client] Successfully updated license, isAsync: True, time: 0.02
[Licensing::Client] Successfully resolved entitlement details
[Licensing::Module] License group:
  Id: F4-V2HH-7T9E-WBHF-A6SK-XXXX
  Product: Unity Personal
  Type: ULF
  Expiration: 2026-09-29T05:17:25Z
[Licensing::Module] License group:
  Id: 18968482900132-UnityPersXXXX
  Product: Unity Personal
  Type: Assigned
  Expiration: Unlimited
[Licensing::Module] Licensing Background thread has ended after 15.51s
[Licensing::Module] Licensing is initialized (took 13.03s).
[Licensing::Client] Successfully resolved entitlement details
[Licensing::Module] License group:
  Id: F4-V2HH-7T9E-WBHF-A6SK-XXXX
  Product: Unity Personal
  Type: ULF
  Expiration: 2026-09-29T05:17:25Z
[Licensing::Module] License group:
  Id: 18968482900132-UnityPersXXXX
  Product: Unity Personal
  Type: Assigned
  Expiration: Unlimited
Library Redirect Path: Library/
[Physics::Module] Selected backend.
[Physics::Module] Name: PhysX
[Physics::Module] Id: 0xf2b8ea05
[Physics::Module] SDK Version: 4.1.2
[Physics::Module] Integration Version: 1.0.0
[Physics::Module] Threading Mode: Multi-Threaded
Artifact Garbage Collection - Removed 1 unused hashed content files
Initialize engine version: 6000.5.3f1 (c2eb47b3a2a9)
[Subsystems] Discovering subsystems at path C:/Program Files/Unity/Hub/Editor/6000.5.3f1/Editor/Data/Resources/UnitySubsystems
[Subsystems] Discovering subsystems at path C:/Users/Asus/Desktop/DMT321-HW/DMT321_Lab02_Unity6.5/Assets
[D3D12 Device Filter] Vendor Name: NVIDIA
[D3D12 Device Filter] Device Name: NVIDIA GeForce RTX 3050 Laptop GPU
[D3D12 Device Filter] Driver Version: 32.0.15.9649
[D3D12 Device Filter] Feature Level: 12.2
[D3D12 Device Filter] Graphics Memory: 3962 MB
[D3D12 Device Filter] Processor Count: 12
[D3D12 Device Filter] Device Type: Discrete
GfxDevice: creating device client; kGfxThreadingModeSplitJobs
d3d12: failed to query info queue interface (0x80004002).
Direct3D:
    Version:         Direct3D 12 [level 12.2]
    Renderer:        NVIDIA GeForce RTX 3050 Laptop GPU (ID=0x25a5)
    Vendor:          NVIDIA
    VRAM:            3962 MB
    App VRAM Budget: 3367 MB
    Driver:          32.0.15.9649
Initialize mono
Mono path[0] = 'C:/Program Files/Unity/Hub/Editor/6000.5.3f1/Editor/Data/Managed'
Mono path[1] = 'C:/Program Files/Unity/Hub/Editor/6000.5.3f1/Editor/Data/BCLExtensions/runtime/netstandard2.1'
Mono path[2] = 'C:/Program Files/Unity/Hub/Editor/6000.5.3f1/Editor/Data/MonoBleedingEdge/lib/mono/unityjit-win32'
Mono config path = 'C:/Program Files/Unity/Hub/Editor/6000.5.3f1/Editor/Data/MonoBleedingEdge/etc'
Using monoOptions --debugger-agent=transport=dt_socket,embedding=1,server=y,suspend=n,address=127.0.0.1:56512
CodeReloadManager initialized
ImportWorker Server TCP listen port: 0
AcceleratorClientConnectionCallback - disconnected - :0
Begin MonoManager ReloadAssembly
Registering precompiled unity dll's ...
Register platform support module: C:/Program Files/Unity/Hub/Editor/6000.5.3f1/Editor/Data/PlaybackEngines/WindowsStandaloneSupport/UnityEditor.WindowsStandalone.Extensions.dll
Registered in 0.622167 seconds.
Native extension for WindowsStandalone target not found
Package Manager log level set to [2]
ScheduleIndexationOnStartup MainProcess:False IndexOnStartup:True
Mono: successfully reloaded assembly
- Finished resetting the current domain, in  0.878 seconds
Domain Reload Profiling: 6234ms
	BeginReloadAssembly (637ms)
		CreateAndSetChildDomain (6ms)
	RebuildCommonClasses (15ms)
	RebuildNativeTypeToScriptingClass (556ms)
	initialDomainReloadingComplete (1027ms)
	LoadAllAssembliesAndSetupDomain (3117ms)
		LoadAssemblies (625ms)
		AnalyzeDomain (2964ms)
			TypeCache.Refresh (2962ms)
				TypeCache.ScanAssembly (2313ms)
	FinalizeReload (883ms)
		SetupLoadedEditorAssemblies (0ms)
			InitializePlatformSupportModulesInManaged (5ms)
			BeforeProcessingInitializeOnLoad (184ms)
			ProcessInitializeOnLoadAttributes (233ms)
			ProcessInitializeOnLoadMethodAttributes (313ms)
[Licensing::Client] Successfully resolved entitlement details
[Licensing::Module] License group:
  Id: F4-V2HH-7T9E-WBHF-A6SK-XXXX
  Product: Unity Personal
  Type: ULF
  Expiration: 2026-09-29T12:00:42Z
[Licensing::Module] License group:
  Id: 18968482900132-UnityPersXXXX
  Product: Unity Personal
  Type: Assigned
  Expiration: Unlimited
Application.AssetDatabase Initial Refresh Start
[Package Manager] Restoring resolved packages state from cache
[Licensing::Client] Successfully resolved entitlement details
[Package Manager] Registered 9 packages:
  Built-in packages:
    com.unity.modules.imageconversion@1.0.0 (location: C:\Users\Asus\Desktop\DMT321-HW\DMT321_Lab02_Unity6.5\Library\PackageCache\com.unity.modules.imageconversion)
    com.unity.modules.jsonserialize@1.0.0 (location: C:\Users\Asus\Desktop\DMT321-HW\DMT321_Lab02_Unity6.5\Library\PackageCache\com.unity.modules.jsonserialize)
    com.unity.ugui@2.5.0 (location: C:\Users\Asus\Desktop\DMT321-HW\DMT321_Lab02_Unity6.5\Library\PackageCache\com.unity.ugui@377fd60ad87b)
    com.unity.modules.ui@1.0.0 (location: C:\Users\Asus\Desktop\DMT321-HW\DMT321_Lab02_Unity6.5\Library\PackageCache\com.unity.modules.ui)
    com.unity.modules.imgui@1.0.0 (location: C:\Users\Asus\Desktop\DMT321-HW\DMT321_Lab02_Unity6.5\Library\PackageCache\com.unity.modules.imgui)
    com.unity.modules.audio@1.0.0 (location: C:\Users\Asus\Desktop\DMT321-HW\DMT321_Lab02_Unity6.5\Library\PackageCache\com.unity.modules.audio)
    com.unity.modules.physics2d@1.0.0 (location: C:\Users\Asus\Desktop\DMT321-HW\DMT321_Lab02_Unity6.5\Library\PackageCache\com.unity.modules.physics2d)
    com.unity.modules.physics@1.0.0 (location: C:\Users\Asus\Desktop\DMT321-HW\DMT321_Lab02_Unity6.5\Library\PackageCache\com.unity.modules.physics)
    com.unity.modules.physicscore2d@1.0.0 (location: C:\Users\Asus\Desktop\DMT321-HW\DMT321_Lab02_Unity6.5\Library\PackageCache\com.unity.modules.physicscore2d)
[Subsystems] No new subsystems found in resolved package list.
[Package Manager] Done registering packages in 0.01 seconds
info: Microsoft.Hosting.Lifetime[14]
      Now listening on: http://localhost:80
info: Microsoft.Hosting.Lifetime[0]
      Application started. Press Ctrl+C to shut down.
info: Microsoft.Hosting.Lifetime[0]
      Hosting environment: Production
info: Microsoft.Hosting.Lifetime[0]
      Content root path: C:\Users\Asus\Desktop\DMT321-HW\DMT321_Lab02_Unity6.5
info: Microsoft.AspNetCore.Hosting.Diagnostics[1]
      Request starting HTTP/2 POST http://ilpp/UnityILPP.PostProcessing/Ping - application/grpc -
info: Microsoft.AspNetCore.Routing.EndpointMiddleware[0]
      Executing endpoint 'gRPC - /UnityILPP.PostProcessing/Ping'
info: Microsoft.AspNetCore.Routing.EndpointMiddleware[1]
      Executed endpoint 'gRPC - /UnityILPP.PostProcessing/Ping'
info: Microsoft.AspNetCore.Hosting.Diagnostics[2]
      Request finished HTTP/2 POST http://ilpp/UnityILPP.PostProcessing/Ping - 200 - application/grpc 85.6122ms
Starting: C:\Program Files\Unity\Hub\Editor\6000.5.3f1\Editor\Data\Tools\BuildPipeline\bee_backend.exe --ipc --defer-dag-verification --dagfile="Library/Bee/1900b0aE.dag" --continue-on-failure --profile="Library/Bee/backend1.traceevents" ScriptAssemblies
WorkingDir: C:/Users/Asus/Desktop/DMT321-HW/DMT321_Lab02_Unity6.5
ExitCode: 0 Duration: 0s276ms
*** Tundra build success (0.14 seconds), 0 items updated, 213 evaluated
AssetDatabase: script compilation time: 2.071496s
Begin MonoManager ReloadAssembly
Native extension for WindowsStandalone target not found
ScheduleIndexationOnStartup MainProcess:True IndexOnStartup:True
Mono: successfully reloaded assembly
- Finished resetting the current domain, in  0.854 seconds
Domain Reload Profiling: 1820ms
	BeginReloadAssembly (505ms)
		DisableScriptedObjects (38ms)
		CreateAndSetChildDomain (197ms)
	RebuildCommonClasses (16ms)
	RebuildNativeTypeToScriptingClass (28ms)
	initialDomainReloadingComplete (82ms)
	LoadAllAssembliesAndSetupDomain (331ms)
		LoadAssemblies (300ms)
		AnalyzeDomain (68ms)
			TypeCache.Refresh (52ms)
				TypeCache.ScanAssembly (11ms)
			BuildScriptInfoCaches (8ms)
			ResolveRequiredComponents (3ms)
	FinalizeReload (857ms)
		SetupLoadedEditorAssemblies (0ms)
			InitializePlatformSupportModulesInManaged (3ms)
			BeforeProcessingInitializeOnLoad (164ms)
			ProcessInitializeOnLoadAttributes (165ms)
			ProcessInitializeOnLoadMethodAttributes (129ms)
			AfterProcessingInitializeOnLoad (12ms)
		AwakeInstancesAfterBackupRestoration (41ms)
Starting new worker id: 0 with log in C:/Users/Asus/Desktop/DMT321-HW/DMT321_Lab02_Unity6.5/Logs/AssetImportWorkerHW0.log

Asset Pipeline Refresh (id=ab8450b7d76923e499430f6cfebfc6bb): Total: 5.993 seconds - Initiated by InitialRefreshV2(ForceSynchronousImport)
	(Values over 0.05ms)
	Summary:
		Imports: total=0 (actual=0, local cache=0, cache server=0)
		Asset DB Process Time: managed=0 ms, native=2758 ms
		Asset DB Callback time: managed=43 ms, native=62 ms
		Scripting: domain reloads=1, domain reload time=1029 ms, compile time=2077 ms, other=23 ms
		Project Asset Count: scripts=139, non-scripts=104
		Asset File Changes: new=0, changed=0, moved=0, deleted=0
		Scan Filter Count: 0
	InvokePackagesCallback: 66.195ms
	ApplyChangesToAssetFolders: 0.500ms
	Scan: 82.896ms
	Collect global state as custom dependencies: 1.835ms
	CategorizeScriptCompilationAssets: 2.651ms
	ProcessAssetsWithTransientArtifactChanges: 17.751ms
	CategorizeAssets: 3.412ms
	CompileScripts: 2076.675ms
	ImportOutOfDateAssets: 882.865ms (863.710ms without children)
		UnloadImportedAssets: 0.255ms
		EnsureUptoDateAssetsAreRegisteredWithGuidPM: 0.113ms
		ImportSchedulerStart: 18.783ms
	PostProcessAllAssets: 43.348ms
		MonoPostProcessAllAssets: 43.171ms
			WindowAssetPostprocessingWatcher.OnPostprocessAllAssets 16.124ms
			SyncVS.PostprocessSyncProject 3.866ms
			EditModeScopePostprocessor.OnPostprocessAllAssets 1.713ms
			SpeedTree9Postprocessor.OnPostprocessAllAssets 1.333ms
			ReferencedClipsPostProcessor.OnPostprocessAllAssets 0.461ms
			TerrainToolbarOverlayPostProcessor.OnPostprocessAllAssets 0.383ms
			AssetDatabaseCallbacks.OnPostprocessAllAssets 0.329ms
			RenderPipelineGlobalSettingsPostprocessor.OnPostprocessAllAssets 0.188ms
	UnloadStreamsBegin: 5.340ms
	Untracked: 2801.557ms

Application.AssetDatabase Initial Refresh End
Launched and connected shader compiler UnityShaderCompiler.exe after 0.07 seconds
Scanning for USB devices : 4.204ms
Initializing Unity extensions:
[MODES] ModeService[none].Initialize
[MODES] ModeService[none].LoadModes
[MODES] Loading mode Default (0) for mode-current-id-DMT321 JSON Data Twin
GetVirtualKey: Could not map char: z (122) to any virtual key
GetVirtualKey: Could not map char: y (121) to any virtual key
GetVirtualKey: Could not map char: x (120) to any virtual key
GetVirtualKey: Could not map char: c (99) to any virtual key
GetVirtualKey: Could not map char: v (118) to any virtual key
GetVirtualKey: Could not map char: V (86) to any virtual key
GetVirtualKey: Could not map char: d (100) to any virtual key
GetVirtualKey: Could not map char: f (102) to any virtual key
GetVirtualKey: Could not map char: f (102) to any virtual key
GetVirtualKey: Could not map char: a (97) to any virtual key
GetVirtualKey: Could not map char: d (100) to any virtual key
GetVirtualKey: Could not map char: c (99) to any virtual key
GetVirtualKey: Could not map char: r (114) to any virtual key
GetVirtualKey: Could not map char: i (105) to any virtual key
GetVirtualKey: Could not map char: l (108) to any virtual key
GetVirtualKey: Could not map char: f (102) to any virtual key
GetVirtualKey: Could not map char: k (107) to any virtual key
GetVirtualKey: Could not map char: p (112) to any virtual key
GetVirtualKey: Could not map char: p (112) to any virtual key
GetVirtualKey: Could not map char: p (112) to any virtual key
GetVirtualKey: Could not map char: c (99) to any virtual key
GetVirtualKey: Could not map char: r (114) to any virtual key
GetVirtualKey: Could not map char: P (80) to any virtual key
GetVirtualKey: Could not map char: n (110) to any virtual key
GetVirtualKey: Could not map char: n (110) to any virtual key
GetVirtualKey: Could not map char: g (103) to any virtual key
GetVirtualKey: Could not map char: = (61) to any virtual key
GetVirtualKey: Could not map char: f (102) to any virtual key
GetVirtualKey: Could not map char: f (102) to any virtual key
GetVirtualKey: Could not map char: a (97) to any virtual key
GetVirtualKey: Could not map char: a (97) to any virtual key
GetVirtualKey: Could not map char: n (110) to any virtual key
GetVirtualKey: Could not map char: o (111) to any virtual key
GetVirtualKey: Could not map char: s (115) to any virtual key
GetVirtualKey: Could not map char: s (115) to any virtual key
GetVirtualKey: Could not map char: b (98) to any virtual key
GetVirtualKey: Could not map char: b (98) to any virtual key
GetVirtualKey: Could not map char: c (99) to any virtual key
GetVirtualKey: Could not map char: u (117) to any virtual key
Unloading 8 Unused Serialized files (Serialized files now loaded: 0)
Loaded scene 'Assets/hw2.unity'
	Deserialize:            201.577 ms
	Integration:            239.798 ms
	Integration of assets:  11.787 ms
	Thread Wait Time:       -0.568 ms
	Total Operation Time:   452.594 ms
Unloading 377 unused Assets / (0.6 MB). Loaded Objects now: 1303.
Memory consumption went from 209.3 MB to 208.7 MB.
Total: 16.178300 ms (FindLiveObjects: 0.350700 ms CreateObjectMapping: 0.128200 ms MarkObjects: 14.528600 ms  DeleteObjects: 0.859800 ms)

[LAYOUT] About to load UserSettings\Layouts\default-6000.dwlt, keepMainWindow=False
Worker ready: AssetImportWorkerHW0 0
[LAYOUT] About to save layout C:\Users\Asus\Desktop\DMT321-HW\DMT321_Lab02_Unity6.5\UserSettings\Layouts\default-6000.dwlt
[LAYOUT] About to save layout C:/Users/Asus/AppData/Roaming/Unity/Editor-5.x/Preferences\Layouts\current\default-6000.dwlt
[MODES] ModeService[default].InitializeCurrentMode
[MODES] ModeService[default].RaiseModeChanged(default, default)
This project uses Input Manager, which is marked for deprecation. To manage input in your project, use the <a href="https://docs.unity3d.com/Packages/com.unity.inputsystem@latest">Input System package</a> instead.
<RI> Initializing input.
<RI> Input initialized.
[Project] Loading completed in 56.881 seconds
	Project init time: 				53.538 seconds
		Template init time: 		0.000 seconds
		Package Manager init time: 		13.471 seconds
		Asset Database init time: 		1.673 seconds
		Global illumination init time: 	0.018 seconds
		Assemblies load time: 			24.834 seconds
		Unity extensions init time: 	0.005 seconds
		Asset Database refresh time: 	5.994 seconds
	Scene opening time: 			2.964 seconds
##utp:{"type":"ProjectInfo","version":2,"phase":"Immediate","time":1787482880776,"processId":24512,"projectLoad":56.881287900000007,"projectInit":53.5376655,"templateInit":0.0,"packageManagerInit":13.4705613,"assetDatabaseInit":1.6733978,"globalIlluminationInit":0.0176322,"assembliesLoad":24.8337977,"unityExtensionsInit":0.0053628,"assetDatabaseRefresh":5.9937112,"sceneOpening":2.96361}
##utp:{"type":"EditorInfo","version":2,"phase":"Immediate","time":1787482880777,"processId":24512,"editorVersion":"6000.5.3f1 (c2eb47b3a2a9)","branch":"6000.5/staging","buildType":"Release","platform":"Windows"}
Asset Pipeline Refresh (id=048908d447187564a9febaf25c955734): Total: 0.062 seconds - Initiated by RefreshV2(AllowForceSynchronousImport)
Start Indexing on Editor startup
[Indexing] Starting Initial Indexing for Assets
Created GICache directory at C:/Users/Asus/AppData/LocalLow/Unity/Caches/GiCache. Took: 0.043s, timestamps: [60.489 - 60.532]
[Licensing::Client] Successfully resolved entitlement details
[Licensing::Client] Successfully resolved entitlement details
[Licensing::Client] Successfully updated the access token
[Licensing::Module] Successfully updated access token: "NoGWFJaY"... (expires: 2026-08-23T12:14:55Z)
Starting new worker id: 1 with log in C:/Users/Asus/Desktop/DMT321-HW/DMT321_Lab02_Unity6.5/Logs/AssetImportWorkerHW1.log
[Worker0] Imported GUID: 9f80eb28707bf49f1b6d07b0345795e4 - Path: Assets/DMT321/JsonDataTwin/Scripts/TelemetryReceiver.cs - Importer: ScriptedImporter/UnityEditor.QuickSearchModule:UnityEditor.Search:ASIAI0B -> (ImportResultId: '042517005b48573037ca68734a784dad') in 0.1683468 seconds
[Worker0] Imported GUID: a188e68279edd1040a0f29ec96e251fa - Path: Assets/hw2.unity - Importer: ScriptedImporter/UnityEditor.QuickSearchModule:UnityEditor.Search:ASIAI0B -> (ImportResultId: '14ffde5faeedad991b0e212c807eaa0b') in 0.0217174 seconds
[Worker0] Imported GUID: 2e498d1c8094910479dc3e1b768306a4 - Path: Assets/TextMesh Pro/Resources/Fonts & Materials/LiberationSans SDF - Fallback.asset - Importer: ScriptedImporter/UnityEditor.QuickSearchModule:UnityEditor.Search:ASIAI0B -> (ImportResultId: '3160f6fb7a0068bd1af295a665d79057') in 0.1042107 seconds
[Worker0] Imported GUID: 43675d4cc65284d9a93be7630dcbd6c2 - Path: Assets/DMT321/JsonDataTwin/Scripts/TemperatureTwinView.cs - Importer: ScriptedImporter/UnityEditor.QuickSearchModule:UnityEditor.Search:ASIAI0B -> (ImportResultId: '1562d1f599e4470c12e40676cbd96940') in 0.0115005 seconds
Worker ready: AssetImportWorkerHW1 1
Reloading assemblies for play mode.
Reloading assemblies after forced synchronous recompile.
Begin MonoManager ReloadAssembly
GetVirtualKey: Could not map char: z (122) to any virtual key
GetVirtualKey: Could not map char: y (121) to any virtual key
GetVirtualKey: Could not map char: x (120) to any virtual key
GetVirtualKey: Could not map char: c (99) to any virtual key
GetVirtualKey: Could not map char: v (118) to any virtual key
GetVirtualKey: Could not map char: V (86) to any virtual key
GetVirtualKey: Could not map char: d (100) to any virtual key
GetVirtualKey: Could not map char: f (102) to any virtual key
GetVirtualKey: Could not map char: f (102) to any virtual key
GetVirtualKey: Could not map char: a (97) to any virtual key
GetVirtualKey: Could not map char: d (100) to any virtual key
GetVirtualKey: Could not map char: c (99) to any virtual key
GetVirtualKey: Could not map char: r (114) to any virtual key
GetVirtualKey: Could not map char: i (105) to any virtual key
GetVirtualKey: Could not map char: l (108) to any virtual key
GetVirtualKey: Could not map char: f (102) to any virtual key
GetVirtualKey: Could not map char: k (107) to any virtual key
GetVirtualKey: Could not map char: p (112) to any virtual key
GetVirtualKey: Could not map char: p (112) to any virtual key
GetVirtualKey: Could not map char: p (112) to any virtual key
GetVirtualKey: Could not map char: c (99) to any virtual key
GetVirtualKey: Could not map char: r (114) to any virtual key
GetVirtualKey: Could not map char: P (80) to any virtual key
GetVirtualKey: Could not map char: n (110) to any virtual key
GetVirtualKey: Could not map char: n (110) to any virtual key
GetVirtualKey: Could not map char: g (103) to any virtual key
GetVirtualKey: Could not map char: = (61) to any virtual key
GetVirtualKey: Could not map char: f (102) to any virtual key
GetVirtualKey: Could not map char: f (102) to any virtual key
GetVirtualKey: Could not map char: a (97) to any virtual key
GetVirtualKey: Could not map char: a (97) to any virtual key
GetVirtualKey: Could not map char: c (99) to any virtual key
GetVirtualKey: Could not map char: u (117) to any virtual key
GetVirtualKey: Could not map char: n (110) to any virtual key
GetVirtualKey: Could not map char: o (111) to any virtual key
GetVirtualKey: Could not map char: s (115) to any virtual key
GetVirtualKey: Could not map char: s (115) to any virtual key
GetVirtualKey: Could not map char: b (98) to any virtual key
GetVirtualKey: Could not map char: b (98) to any virtual key
Native extension for WindowsStandalone target not found
ScheduleIndexationOnStartup MainProcess:True IndexOnStartup:True
[MODES] ModeService[none].Initialize
[MODES] ModeService[none].LoadModes
Mono: successfully reloaded assembly
- Finished resetting the current domain, in  2.386 seconds
Domain Reload Profiling: 3548ms
	BeginReloadAssembly (850ms)
		DisableScriptedObjects (268ms)
		CreateAndSetChildDomain (238ms)
	RebuildCommonClasses (17ms)
	RebuildNativeTypeToScriptingClass (20ms)
	initialDomainReloadingComplete (71ms)
	LoadAllAssembliesAndSetupDomain (202ms)
		LoadAssemblies (201ms)
		AnalyzeDomain (47ms)
			TypeCache.Refresh (39ms)
			ResolveRequiredComponents (4ms)
	FinalizeReload (2388ms)
		SetupLoadedEditorAssemblies (0ms)
			InitializePlatformSupportModulesInManaged (3ms)
			BeforeProcessingInitializeOnLoad (172ms)
			ProcessInitializeOnLoadAttributes (136ms)
			ProcessInitializeOnLoadMethodAttributes (109ms)
			AfterProcessingInitializeOnLoad (10ms)
		AwakeInstancesAfterBackupRestoration (1214ms)

Asset Pipeline Refresh (id=c6cdb18401e55304284a989347c5ef7a): Total: 3.858 seconds - Initiated by StopAssetImportingV2(ForceSynchronousImport | ForceDomainReload)
	(Values over 0.05ms)
	Summary:
		Imports: total=0 (actual=0, local cache=0, cache server=0)
		Asset DB Process Time: managed=0 ms, native=2488 ms
		Asset DB Callback time: managed=76 ms, native=74 ms
		Scripting: domain reloads=1, domain reload time=1215 ms, compile time=4 ms, other=0 ms
		Project Asset Count: scripts=139, non-scripts=104
		Asset File Changes: new=0, changed=0, moved=0, deleted=0
		Scan Filter Count: 0
	InvokePackagesCallback: 3.238ms
	ApplyChangesToAssetFolders: 0.161ms
	Collect global state as custom dependencies: 0.200ms
	ProcessAssetsWithTransientArtifactChanges: 22.379ms
	CategorizeAssets: 2.679ms
	CompileScripts: 3.658ms
	ImportOutOfDateAssets: 2396.736ms (2389.798ms without children)
		CollectScriptTypesHashes: 1.118ms
		ReloadNativeAssets: 0.631ms
		UnloadImportedAssets: 4.660ms
		EnsureUptoDateAssetsAreRegisteredWithGuidPM: 0.098ms
		ImportSchedulerStart: 1.542ms
	PostProcessAllAssets: 135.762ms
		PostProcessCallbackCreateDeferredMaterials 1.537ms
		PostprocessAssetsUpdateCachedIcon 1.247ms
		RaytracingShaderImportPostprocess 0.764ms
		ShaderAssetModifiedCallback 0.591ms
		ComputeShaderImportPostprocess 0.440ms
		BlockShaderImporter.PostprocessAllAssets 0.386ms
		SpeedTreeImporter.PostprocessAllAssets 0.361ms
		LocalizationDatabase.AssetDatabasePostprocessCallback 0.246ms
		AssemblyValidation.PostprocessAllAssets 0.234ms
		MonoPostProcessAllAssets: 71.119ms
			WindowAssetPostprocessingWatcher.OnPostprocessAllAssets 14.177ms
			BuilderAssetPostprocessor.OnPostprocessAllAssets 11.434ms
			AssetPostprocessor.OnPostprocessAllAssets 8.705ms
			AssetChangedListener.OnPostprocessAllAssets 4.890ms
			SyncVS.PostprocessSyncProject 2.370ms
			TextAssetPostProcessor.OnPostprocessAllAssets 2.362ms
			RetainedModeAssetPostprocessor.OnPostprocessAllAssets 2.115ms
			SpeedTree9Postprocessor.OnPostprocessAllAssets 1.564ms
			ArtifactBrowserPostProcessor.OnPostprocessAllAssets 0.944ms
			AudioMixerPostprocessor.OnPostprocessAllAssets 0.555ms
			TMPro_TexturePostProcessor.OnPostprocessAllAssets 0.508ms
			StyleCatalogPostProcessor.OnPostprocessAllAssets 0.459ms
			EditModeScopePostprocessor.OnPostprocessAllAssets 0.455ms
			ReferencedClipsPostProcessor.OnPostprocessAllAssets 0.439ms
			AssetEvents.OnPostprocessAllAssets 0.438ms
			SpeedTreePostProcessor.OnPostprocessAllAssets 0.274ms
			ScenarioDriftAssetsTracker.OnPostprocessAllAssets 0.242ms
			AssetDatabaseCallbacks.OnPostprocessAllAssets 0.235ms
			TerrainToolbarOverlayPostProcessor.OnPostprocessAllAssets 0.213ms
			ConfigAssetsTracker.OnPostprocessAllAssets 0.212ms
			RenderPipelineGlobalSettingsPostprocessor.OnPostprocessAllAssets 0.170ms
			AudioContainerPostProcessor.OnPostprocessAllAssets 0.162ms
	PostAssetChangesProfiler: 20.483ms
	GatherAllCurrentPrimaryImportResultRevisions: 0.054ms
	UnloadStreamsBegin: 5.388ms
	GenerateScriptTypeHashes: 1.665ms
	GenerateScriptTypeSerializationHashes: 3.374ms
	Untracked: 1259.770ms

Loaded scene 'Temp/__Backupscenes/0.backup'
	Deserialize:            11.867 ms
	Integration:            85.454 ms
	Integration of assets:  0.019 ms
	Thread Wait Time:       0.002 ms
	Total Operation Time:   97.342 ms
BoxCollider does not support negative scale or size.
The effective box size has been forced positive and is likely to give unexpected collision geometry.
If you absolutely need to use negative scaling you can use the convex MeshCollider. Scene hierarchy path "World/GreenHouse/floorDoorWay"
BoxCollider does not support negative scale or size.
The effective box size has been forced positive and is likely to give unexpected collision geometry.
If you absolutely need to use negative scaling you can use the convex MeshCollider. Scene hierarchy path "World/GreenHouse/floor"
BoxCollider does not support negative scale or size.
The effective box size has been forced positive and is likely to give unexpected collision geometry.
If you absolutely need to use negative scaling you can use the convex MeshCollider. Scene hierarchy path "World/GreenHouse/Groud"
[Licensing::Client] Successfully resolved entitlement details
Telemetry accepted: GH-01 / TEMP: 18.0 C / HUMIDITY: 50.0 %RH
UnityEngine.Debug:ExtractStackTraceNoAlloc (byte*,int,string)
UnityEngine.StackTraceUtility:ExtractStackTrace ()
UnityEngine.DebugLogHandler:Internal_Log (UnityEngine.LogType,UnityEngine.LogOption,string,UnityEngine.Object)
UnityEngine.DebugLogHandler:LogFormat (UnityEngine.LogType,UnityEngine.Object,string,object[])
UnityEngine.Logger:Log (UnityEngine.LogType,object,UnityEngine.Object)
UnityEngine.Debug:Log (object,UnityEngine.Object)
DMT321.JsonDataTwin.TelemetryReceiver:ReceiveJson (string) (at Assets/DMT321/JsonDataTwin/Scripts/TelemetryReceiver.cs:418)
DMT321.JsonDataTwin.TextAssetTelemetrySource:SendFile (UnityEngine.TextAsset) (at Assets/DMT321/JsonDataTwin/Scripts/TextAssetTelemetrySource.cs:88)
DMT321.JsonDataTwin.TextAssetTelemetrySource:LoadColdJson () (at Assets/DMT321/JsonDataTwin/Scripts/TextAssetTelemetrySource.cs:41)
UnityEngine.Events.InvokableCall:Invoke ()
UnityEngine.Events.UnityEvent:Invoke ()
UnityEngine.UI.Button:Press () (at ./Library/PackageCache/com.unity.ugui@377fd60ad87b/Runtime/UGUI/UI/Core/Button.cs:71)
UnityEngine.UI.Button:OnPointerClick (UnityEngine.EventSystems.PointerEventData) (at ./Library/PackageCache/com.unity.ugui@377fd60ad87b/Runtime/UGUI/UI/Core/Button.cs:115)
UnityEngine.EventSystems.ExecuteEvents:Execute (UnityEngine.EventSystems.IPointerClickHandler,UnityEngine.EventSystems.BaseEventData) (at ./Library/PackageCache/com.unity.ugui@377fd60ad87b/Runtime/UGUI/EventSystem/ExecuteEvents.cs:57)
UnityEngine.EventSystems.ExecuteEvents:Execute<UnityEngine.EventSystems.IPointerClickHandler> (UnityEngine.GameObject,UnityEngine.EventSystems.BaseEventData,UnityEngine.EventSystems.ExecuteEvents/EventFunction`1<UnityEngine.EventSystems.IPointerClickHandler>) (at ./Library/PackageCache/com.unity.ugui@377fd60ad87b/Runtime/UGUI/EventSystem/ExecuteEvents.cs:272)
UnityEngine.EventSystems.StandaloneInputModule:ReleaseMouse (UnityEngine.EventSystems.PointerEventData,UnityEngine.GameObject) (at ./Library/PackageCache/com.unity.ugui@377fd60ad87b/Runtime/UGUI/EventSystem/InputModules/StandaloneInputModule.cs:216)
UnityEngine.EventSystems.StandaloneInputModule:ProcessMousePress (UnityEngine.EventSystems.PointerInputModule/MouseButtonEventData) (at ./Library/PackageCache/com.unity.ugui@377fd60ad87b/Runtime/UGUI/EventSystem/InputModules/StandaloneInputModule.cs:678)
UnityEngine.EventSystems.StandaloneInputModule:ProcessMouseEvent (int) (at ./Library/PackageCache/com.unity.ugui@377fd60ad87b/Runtime/UGUI/EventSystem/InputModules/StandaloneInputModule.cs:578)
UnityEngine.EventSystems.StandaloneInputModule:ProcessMouseEvent () (at ./Library/PackageCache/com.unity.ugui@377fd60ad87b/Runtime/UGUI/EventSystem/InputModules/StandaloneInputModule.cs:558)
UnityEngine.EventSystems.StandaloneInputModule:Process () (at ./Library/PackageCache/com.unity.ugui@377fd60ad87b/Runtime/UGUI/EventSystem/InputModules/StandaloneInputModule.cs:306)
UnityEngine.EventSystems.EventSystem:Update () (at ./Library/PackageCache/com.unity.ugui@377fd60ad87b/Runtime/UGUI/EventSystem/EventSystem.cs:516)

(Filename: Assets/DMT321/JsonDataTwin/Scripts/TelemetryReceiver.cs Line: 418)

Telemetry accepted: GH-01 / TEMP: 25.0 C / HUMIDITY: 65.0 %RH
UnityEngine.Debug:ExtractStackTraceNoAlloc (byte*,int,string)
UnityEngine.StackTraceUtility:ExtractStackTrace ()
UnityEngine.DebugLogHandler:Internal_Log (UnityEngine.LogType,UnityEngine.LogOption,string,UnityEngine.Object)
UnityEngine.DebugLogHandler:LogFormat (UnityEngine.LogType,UnityEngine.Object,string,object[])
UnityEngine.Logger:Log (UnityEngine.LogType,object,UnityEngine.Object)
UnityEngine.Debug:Log (object,UnityEngine.Object)
DMT321.JsonDataTwin.TelemetryReceiver:ReceiveJson (string) (at Assets/DMT321/JsonDataTwin/Scripts/TelemetryReceiver.cs:418)
DMT321.JsonDataTwin.TextAssetTelemetrySource:SendFile (UnityEngine.TextAsset) (at Assets/DMT321/JsonDataTwin/Scripts/TextAssetTelemetrySource.cs:88)
DMT321.JsonDataTwin.TextAssetTelemetrySource:LoadNormalJson () (at Assets/DMT321/JsonDataTwin/Scripts/TextAssetTelemetrySource.cs:46)
UnityEngine.Events.InvokableCall:Invoke ()
UnityEngine.Events.UnityEvent:Invoke ()
UnityEngine.UI.Button:Press () (at ./Library/PackageCache/com.unity.ugui@377fd60ad87b/Runtime/UGUI/UI/Core/Button.cs:71)
UnityEngine.UI.Button:OnPointerClick (UnityEngine.EventSystems.PointerEventData) (at ./Library/PackageCache/com.unity.ugui@377fd60ad87b/Runtime/UGUI/UI/Core/Button.cs:115)
UnityEngine.EventSystems.ExecuteEvents:Execute (UnityEngine.EventSystems.IPointerClickHandler,UnityEngine.EventSystems.BaseEventData) (at ./Library/PackageCache/com.unity.ugui@377fd60ad87b/Runtime/UGUI/EventSystem/ExecuteEvents.cs:57)
UnityEngine.EventSystems.ExecuteEvents:Execute<UnityEngine.EventSystems.IPointerClickHandler> (UnityEngine.GameObject,UnityEngine.EventSystems.BaseEventData,UnityEngine.EventSystems.ExecuteEvents/EventFunction`1<UnityEngine.EventSystems.IPointerClickHandler>) (at ./Library/PackageCache/com.unity.ugui@377fd60ad87b/Runtime/UGUI/EventSystem/ExecuteEvents.cs:272)
UnityEngine.EventSystems.StandaloneInputModule:ReleaseMouse (UnityEngine.EventSystems.PointerEventData,UnityEngine.GameObject) (at ./Library/PackageCache/com.unity.ugui@377fd60ad87b/Runtime/UGUI/EventSystem/InputModules/StandaloneInputModule.cs:216)
UnityEngine.EventSystems.StandaloneInputModule:ProcessMousePress (UnityEngine.EventSystems.PointerInputModule/MouseButtonEventData) (at ./Library/PackageCache/com.unity.ugui@377fd60ad87b/Runtime/UGUI/EventSystem/InputModules/StandaloneInputModule.cs:678)
UnityEngine.EventSystems.StandaloneInputModule:ProcessMouseEvent (int) (at ./Library/PackageCache/com.unity.ugui@377fd60ad87b/Runtime/UGUI/EventSystem/InputModules/StandaloneInputModule.cs:578)
UnityEngine.EventSystems.StandaloneInputModule:ProcessMouseEvent () (at ./Library/PackageCache/com.unity.ugui@377fd60ad87b/Runtime/UGUI/EventSystem/InputModules/StandaloneInputModule.cs:558)
UnityEngine.EventSystems.StandaloneInputModule:Process () (at ./Library/PackageCache/com.unity.ugui@377fd60ad87b/Runtime/UGUI/EventSystem/InputModules/StandaloneInputModule.cs:306)
UnityEngine.EventSystems.EventSystem:Update () (at ./Library/PackageCache/com.unity.ugui@377fd60ad87b/Runtime/UGUI/EventSystem/EventSystem.cs:516)

(Filename: Assets/DMT321/JsonDataTwin/Scripts/TelemetryReceiver.cs Line: 418)

TrimDiskCacheJob: Current cache size 0mb
Telemetry accepted: GH-01 / TEMP: 35.0 C / HUMIDITY: 80.0 %RH
UnityEngine.Debug:ExtractStackTraceNoAlloc (byte*,int,string)
UnityEngine.StackTraceUtility:ExtractStackTrace ()
UnityEngine.DebugLogHandler:Internal_Log (UnityEngine.LogType,UnityEngine.LogOption,string,UnityEngine.Object)
UnityEngine.DebugLogHandler:LogFormat (UnityEngine.LogType,UnityEngine.Object,string,object[])
UnityEngine.Logger:Log (UnityEngine.LogType,object,UnityEngine.Object)
UnityEngine.Debug:Log (object,UnityEngine.Object)
DMT321.JsonDataTwin.TelemetryReceiver:ReceiveJson (string) (at Assets/DMT321/JsonDataTwin/Scripts/TelemetryReceiver.cs:418)
DMT321.JsonDataTwin.TextAssetTelemetrySource:SendFile (UnityEngine.TextAsset) (at Assets/DMT321/JsonDataTwin/Scripts/TextAssetTelemetrySource.cs:88)
DMT321.JsonDataTwin.TextAssetTelemetrySource:LoadHotJson () (at Assets/DMT321/JsonDataTwin/Scripts/TextAssetTelemetrySource.cs:51)
UnityEngine.Events.InvokableCall:Invoke ()
UnityEngine.Events.UnityEvent:Invoke ()
UnityEngine.UI.Button:Press () (at ./Library/PackageCache/com.unity.ugui@377fd60ad87b/Runtime/UGUI/UI/Core/Button.cs:71)
UnityEngine.UI.Button:OnPointerClick (UnityEngine.EventSystems.PointerEventData) (at ./Library/PackageCache/com.unity.ugui@377fd60ad87b/Runtime/UGUI/UI/Core/Button.cs:115)
UnityEngine.EventSystems.ExecuteEvents:Execute (UnityEngine.EventSystems.IPointerClickHandler,UnityEngine.EventSystems.BaseEventData) (at ./Library/PackageCache/com.unity.ugui@377fd60ad87b/Runtime/UGUI/EventSystem/ExecuteEvents.cs:57)
UnityEngine.EventSystems.ExecuteEvents:Execute<UnityEngine.EventSystems.IPointerClickHandler> (UnityEngine.GameObject,UnityEngine.EventSystems.BaseEventData,UnityEngine.EventSystems.ExecuteEvents/EventFunction`1<UnityEngine.EventSystems.IPointerClickHandler>) (at ./Library/PackageCache/com.unity.ugui@377fd60ad87b/Runtime/UGUI/EventSystem/ExecuteEvents.cs:272)
UnityEngine.EventSystems.StandaloneInputModule:ReleaseMouse (UnityEngine.EventSystems.PointerEventData,UnityEngine.GameObject) (at ./Library/PackageCache/com.unity.ugui@377fd60ad87b/Runtime/UGUI/EventSystem/InputModules/StandaloneInputModule.cs:216)
UnityEngine.EventSystems.StandaloneInputModule:ProcessMousePress (UnityEngine.EventSystems.PointerInputModule/MouseButtonEventData) (at ./Library/PackageCache/com.unity.ugui@377fd60ad87b/Runtime/UGUI/EventSystem/InputModules/StandaloneInputModule.cs:678)
UnityEngine.EventSystems.StandaloneInputModule:ProcessMouseEvent (int) (at ./Library/PackageCache/com.unity.ugui@377fd60ad87b/Runtime/UGUI/EventSystem/InputModules/StandaloneInputModule.cs:578)
UnityEngine.EventSystems.StandaloneInputModule:ProcessMouseEvent () (at ./Library/PackageCache/com.unity.ugui@377fd60ad87b/Runtime/UGUI/EventSystem/InputModules/StandaloneInputModule.cs:558)
UnityEngine.EventSystems.StandaloneInputModule:Process () (at ./Library/PackageCache/com.unity.ugui@377fd60ad87b/Runtime/UGUI/EventSystem/InputModules/StandaloneInputModule.cs:306)
UnityEngine.EventSystems.EventSystem:Update () (at ./Library/PackageCache/com.unity.ugui@377fd60ad87b/Runtime/UGUI/EventSystem/EventSystem.cs:516)

(Filename: Assets/DMT321/JsonDataTwin/Scripts/TelemetryReceiver.cs Line: 418)

Telemetry accepted: GH-01 / TEMP: 25.0 C / HUMIDITY: 65.0 %RH
UnityEngine.Debug:ExtractStackTraceNoAlloc (byte*,int,string)
UnityEngine.StackTraceUtility:ExtractStackTrace ()
UnityEngine.DebugLogHandler:Internal_Log (UnityEngine.LogType,UnityEngine.LogOption,string,UnityEngine.Object)
UnityEngine.DebugLogHandler:LogFormat (UnityEngine.LogType,UnityEngine.Object,string,object[])
UnityEngine.Logger:Log (UnityEngine.LogType,object,UnityEngine.Object)
UnityEngine.Debug:Log (object,UnityEngine.Object)
DMT321.JsonDataTwin.TelemetryReceiver:ReceiveJson (string) (at Assets/DMT321/JsonDataTwin/Scripts/TelemetryReceiver.cs:418)
DMT321.JsonDataTwin.TextAssetTelemetrySource:SendFile (UnityEngine.TextAsset) (at Assets/DMT321/JsonDataTwin/Scripts/TextAssetTelemetrySource.cs:88)
DMT321.JsonDataTwin.TextAssetTelemetrySource:LoadNormalJson () (at Assets/DMT321/JsonDataTwin/Scripts/TextAssetTelemetrySource.cs:46)
UnityEngine.Events.InvokableCall:Invoke ()
UnityEngine.Events.UnityEvent:Invoke ()
UnityEngine.UI.Button:Press () (at ./Library/PackageCache/com.unity.ugui@377fd60ad87b/Runtime/UGUI/UI/Core/Button.cs:71)
UnityEngine.UI.Button:OnPointerClick (UnityEngine.EventSystems.PointerEventData) (at ./Library/PackageCache/com.unity.ugui@377fd60ad87b/Runtime/UGUI/UI/Core/Button.cs:115)
UnityEngine.EventSystems.ExecuteEvents:Execute (UnityEngine.EventSystems.IPointerClickHandler,UnityEngine.EventSystems.BaseEventData) (at ./Library/PackageCache/com.unity.ugui@377fd60ad87b/Runtime/UGUI/EventSystem/ExecuteEvents.cs:57)
UnityEngine.EventSystems.ExecuteEvents:Execute<UnityEngine.EventSystems.IPointerClickHandler> (UnityEngine.GameObject,UnityEngine.EventSystems.BaseEventData,UnityEngine.EventSystems.ExecuteEvents/EventFunction`1<UnityEngine.EventSystems.IPointerClickHandler>) (at ./Library/PackageCache/com.unity.ugui@377fd60ad87b/Runtime/UGUI/EventSystem/ExecuteEvents.cs:272)
UnityEngine.EventSystems.StandaloneInputModule:ReleaseMouse (UnityEngine.EventSystems.PointerEventData,UnityEngine.GameObject) (at ./Library/PackageCache/com.unity.ugui@377fd60ad87b/Runtime/UGUI/EventSystem/InputModules/StandaloneInputModule.cs:216)
UnityEngine.EventSystems.StandaloneInputModule:ProcessMousePress (UnityEngine.EventSystems.PointerInputModule/MouseButtonEventData) (at ./Library/PackageCache/com.unity.ugui@377fd60ad87b/Runtime/UGUI/EventSystem/InputModules/StandaloneInputModule.cs:678)
UnityEngine.EventSystems.StandaloneInputModule:ProcessMouseEvent (int) (at ./Library/PackageCache/com.unity.ugui@377fd60ad87b/Runtime/UGUI/EventSystem/InputModules/StandaloneInputModule.cs:578)
UnityEngine.EventSystems.StandaloneInputModule:ProcessMouseEvent () (at ./Library/PackageCache/com.unity.ugui@377fd60ad87b/Runtime/UGUI/EventSystem/InputModules/StandaloneInputModule.cs:558)
UnityEngine.EventSystems.StandaloneInputModule:Process () (at ./Library/PackageCache/com.unity.ugui@377fd60ad87b/Runtime/UGUI/EventSystem/InputModules/StandaloneInputModule.cs:306)
UnityEngine.EventSystems.EventSystem:Update () (at ./Library/PackageCache/com.unity.ugui@377fd60ad87b/Runtime/UGUI/EventSystem/EventSystem.cs:516)

(Filename: Assets/DMT321/JsonDataTwin/Scripts/TelemetryReceiver.cs Line: 418)

Telemetry accepted: GH-01 / TEMP: 35.0 C / HUMIDITY: 80.0 %RH
UnityEngine.Debug:ExtractStackTraceNoAlloc (byte*,int,string)
UnityEngine.StackTraceUtility:ExtractStackTrace ()
UnityEngine.DebugLogHandler:Internal_Log (UnityEngine.LogType,UnityEngine.LogOption,string,UnityEngine.Object)
UnityEngine.DebugLogHandler:LogFormat (UnityEngine.LogType,UnityEngine.Object,string,object[])
UnityEngine.Logger:Log (UnityEngine.LogType,object,UnityEngine.Object)
UnityEngine.Debug:Log (object,UnityEngine.Object)
DMT321.JsonDataTwin.TelemetryReceiver:ReceiveJson (string) (at Assets/DMT321/JsonDataTwin/Scripts/TelemetryReceiver.cs:418)
DMT321.JsonDataTwin.TextAssetTelemetrySource:SendFile (UnityEngine.TextAsset) (at Assets/DMT321/JsonDataTwin/Scripts/TextAssetTelemetrySource.cs:88)
DMT321.JsonDataTwin.TextAssetTelemetrySource:LoadHotJson () (at Assets/DMT321/JsonDataTwin/Scripts/TextAssetTelemetrySource.cs:51)
UnityEngine.Events.InvokableCall:Invoke ()
UnityEngine.Events.UnityEvent:Invoke ()
UnityEngine.UI.Button:Press () (at ./Library/PackageCache/com.unity.ugui@377fd60ad87b/Runtime/UGUI/UI/Core/Button.cs:71)
UnityEngine.UI.Button:OnPointerClick (UnityEngine.EventSystems.PointerEventData) (at ./Library/PackageCache/com.unity.ugui@377fd60ad87b/Runtime/UGUI/UI/Core/Button.cs:115)
UnityEngine.EventSystems.ExecuteEvents:Execute (UnityEngine.EventSystems.IPointerClickHandler,UnityEngine.EventSystems.BaseEventData) (at ./Library/PackageCache/com.unity.ugui@377fd60ad87b/Runtime/UGUI/EventSystem/ExecuteEvents.cs:57)
UnityEngine.EventSystems.ExecuteEvents:Execute<UnityEngine.EventSystems.IPointerClickHandler> (UnityEngine.GameObject,UnityEngine.EventSystems.BaseEventData,UnityEngine.EventSystems.ExecuteEvents/EventFunction`1<UnityEngine.EventSystems.IPointerClickHandler>) (at ./Library/PackageCache/com.unity.ugui@377fd60ad87b/Runtime/UGUI/EventSystem/ExecuteEvents.cs:272)
UnityEngine.EventSystems.StandaloneInputModule:ReleaseMouse (UnityEngine.EventSystems.PointerEventData,UnityEngine.GameObject) (at ./Library/PackageCache/com.unity.ugui@377fd60ad87b/Runtime/UGUI/EventSystem/InputModules/StandaloneInputModule.cs:216)
UnityEngine.EventSystems.StandaloneInputModule:ProcessMousePress (UnityEngine.EventSystems.PointerInputModule/MouseButtonEventData) (at ./Library/PackageCache/com.unity.ugui@377fd60ad87b/Runtime/UGUI/EventSystem/InputModules/StandaloneInputModule.cs:678)
UnityEngine.EventSystems.StandaloneInputModule:ProcessMouseEvent (int) (at ./Library/PackageCache/com.unity.ugui@377fd60ad87b/Runtime/UGUI/EventSystem/InputModules/StandaloneInputModule.cs:578)
UnityEngine.EventSystems.StandaloneInputModule:ProcessMouseEvent () (at ./Library/PackageCache/com.unity.ugui@377fd60ad87b/Runtime/UGUI/EventSystem/InputModules/StandaloneInputModule.cs:558)
UnityEngine.EventSystems.StandaloneInputModule:Process () (at ./Library/PackageCache/com.unity.ugui@377fd60ad87b/Runtime/UGUI/EventSystem/InputModules/StandaloneInputModule.cs:306)
UnityEngine.EventSystems.EventSystem:Update () (at ./Library/PackageCache/com.unity.ugui@377fd60ad87b/Runtime/UGUI/EventSystem/EventSystem.cs:516)

(Filename: Assets/DMT321/JsonDataTwin/Scripts/TelemetryReceiver.cs Line: 418)

Telemetry accepted: GH-01 / TEMP: 35.0 C / HUMIDITY: 80.0 %RH
UnityEngine.Debug:ExtractStackTraceNoAlloc (byte*,int,string)
UnityEngine.StackTraceUtility:ExtractStackTrace ()
UnityEngine.DebugLogHandler:Internal_Log (UnityEngine.LogType,UnityEngine.LogOption,string,UnityEngine.Object)
UnityEngine.DebugLogHandler:LogFormat (UnityEngine.LogType,UnityEngine.Object,string,object[])
UnityEngine.Logger:Log (UnityEngine.LogType,object,UnityEngine.Object)
UnityEngine.Debug:Log (object,UnityEngine.Object)
DMT321.JsonDataTwin.TelemetryReceiver:ReceiveJson (string) (at Assets/DMT321/JsonDataTwin/Scripts/TelemetryReceiver.cs:418)
DMT321.JsonDataTwin.TextAssetTelemetrySource:SendFile (UnityEngine.TextAsset) (at Assets/DMT321/JsonDataTwin/Scripts/TextAssetTelemetrySource.cs:88)
DMT321.JsonDataTwin.TextAssetTelemetrySource:LoadHotJson () (at Assets/DMT321/JsonDataTwin/Scripts/TextAssetTelemetrySource.cs:51)
UnityEngine.Events.InvokableCall:Invoke ()
UnityEngine.Events.UnityEvent:Invoke ()
UnityEngine.UI.Button:Press () (at ./Library/PackageCache/com.unity.ugui@377fd60ad87b/Runtime/UGUI/UI/Core/Button.cs:71)
UnityEngine.UI.Button:OnPointerClick (UnityEngine.EventSystems.PointerEventData) (at ./Library/PackageCache/com.unity.ugui@377fd60ad87b/Runtime/UGUI/UI/Core/Button.cs:115)
UnityEngine.EventSystems.ExecuteEvents:Execute (UnityEngine.EventSystems.IPointerClickHandler,UnityEngine.EventSystems.BaseEventData) (at ./Library/PackageCache/com.unity.ugui@377fd60ad87b/Runtime/UGUI/EventSystem/ExecuteEvents.cs:57)
UnityEngine.EventSystems.ExecuteEvents:Execute<UnityEngine.EventSystems.IPointerClickHandler> (UnityEngine.GameObject,UnityEngine.EventSystems.BaseEventData,UnityEngine.EventSystems.ExecuteEvents/EventFunction`1<UnityEngine.EventSystems.IPointerClickHandler>) (at ./Library/PackageCache/com.unity.ugui@377fd60ad87b/Runtime/UGUI/EventSystem/ExecuteEvents.cs:272)
UnityEngine.EventSystems.StandaloneInputModule:ReleaseMouse (UnityEngine.EventSystems.PointerEventData,UnityEngine.GameObject) (at ./Library/PackageCache/com.unity.ugui@377fd60ad87b/Runtime/UGUI/EventSystem/InputModules/StandaloneInputModule.cs:216)
UnityEngine.EventSystems.StandaloneInputModule:ProcessMousePress (UnityEngine.EventSystems.PointerInputModule/MouseButtonEventData) (at ./Library/PackageCache/com.unity.ugui@377fd60ad87b/Runtime/UGUI/EventSystem/InputModules/StandaloneInputModule.cs:678)
UnityEngine.EventSystems.StandaloneInputModule:ProcessMouseEvent (int) (at ./Library/PackageCache/com.unity.ugui@377fd60ad87b/Runtime/UGUI/EventSystem/InputModules/StandaloneInputModule.cs:578)
UnityEngine.EventSystems.StandaloneInputModule:ProcessMouseEvent () (at ./Library/PackageCache/com.unity.ugui@377fd60ad87b/Runtime/UGUI/EventSystem/InputModules/StandaloneInputModule.cs:558)
UnityEngine.EventSystems.StandaloneInputModule:Process () (at ./Library/PackageCache/com.unity.ugui@377fd60ad87b/Runtime/UGUI/EventSystem/InputModules/StandaloneInputModule.cs:306)
UnityEngine.EventSystems.EventSystem:Update () (at ./Library/PackageCache/com.unity.ugui@377fd60ad87b/Runtime/UGUI/EventSystem/EventSystem.cs:516)

(Filename: Assets/DMT321/JsonDataTwin/Scripts/TelemetryReceiver.cs Line: 418)

Telemetry accepted: GH-01 / TEMP: 18.0 C / HUMIDITY: 50.0 %RH
UnityEngine.Debug:ExtractStackTraceNoAlloc (byte*,int,string)
UnityEngine.StackTraceUtility:ExtractStackTrace ()
UnityEngine.DebugLogHandler:Internal_Log (UnityEngine.LogType,UnityEngine.LogOption,string,UnityEngine.Object)
UnityEngine.DebugLogHandler:LogFormat (UnityEngine.LogType,UnityEngine.Object,string,object[])
UnityEngine.Logger:Log (UnityEngine.LogType,object,UnityEngine.Object)
UnityEngine.Debug:Log (object,UnityEngine.Object)
DMT321.JsonDataTwin.TelemetryReceiver:ReceiveJson (string) (at Assets/DMT321/JsonDataTwin/Scripts/TelemetryReceiver.cs:418)
DMT321.JsonDataTwin.TextAssetTelemetrySource:SendFile (UnityEngine.TextAsset) (at Assets/DMT321/JsonDataTwin/Scripts/TextAssetTelemetrySource.cs:88)
DMT321.JsonDataTwin.TextAssetTelemetrySource:LoadColdJson () (at Assets/DMT321/JsonDataTwin/Scripts/TextAssetTelemetrySource.cs:41)
UnityEngine.Events.InvokableCall:Invoke ()
UnityEngine.Events.UnityEvent:Invoke ()
UnityEngine.UI.Button:Press () (at ./Library/PackageCache/com.unity.ugui@377fd60ad87b/Runtime/UGUI/UI/Core/Button.cs:71)
UnityEngine.UI.Button:OnPointerClick (UnityEngine.EventSystems.PointerEventData) (at ./Library/PackageCache/com.unity.ugui@377fd60ad87b/Runtime/UGUI/UI/Core/Button.cs:115)
UnityEngine.EventSystems.ExecuteEvents:Execute (UnityEngine.EventSystems.IPointerClickHandler,UnityEngine.EventSystems.BaseEventData) (at ./Library/PackageCache/com.unity.ugui@377fd60ad87b/Runtime/UGUI/EventSystem/ExecuteEvents.cs:57)
UnityEngine.EventSystems.ExecuteEvents:Execute<UnityEngine.EventSystems.IPointerClickHandler> (UnityEngine.GameObject,UnityEngine.EventSystems.BaseEventData,UnityEngine.EventSystems.ExecuteEvents/EventFunction`1<UnityEngine.EventSystems.IPointerClickHandler>) (at ./Library/PackageCache/com.unity.ugui@377fd60ad87b/Runtime/UGUI/EventSystem/ExecuteEvents.cs:272)
UnityEngine.EventSystems.StandaloneInputModule:ReleaseMouse (UnityEngine.EventSystems.PointerEventData,UnityEngine.GameObject) (at ./Library/PackageCache/com.unity.ugui@377fd60ad87b/Runtime/UGUI/EventSystem/InputModules/StandaloneInputModule.cs:216)
UnityEngine.EventSystems.StandaloneInputModule:ProcessMousePress (UnityEngine.EventSystems.PointerInputModule/MouseButtonEventData) (at ./Library/PackageCache/com.unity.ugui@377fd60ad87b/Runtime/UGUI/EventSystem/InputModules/StandaloneInputModule.cs:678)
UnityEngine.EventSystems.StandaloneInputModule:ProcessMouseEvent (int) (at ./Library/PackageCache/com.unity.ugui@377fd60ad87b/Runtime/UGUI/EventSystem/InputModules/StandaloneInputModule.cs:578)
UnityEngine.EventSystems.StandaloneInputModule:ProcessMouseEvent () (at ./Library/PackageCache/com.unity.ugui@377fd60ad87b/Runtime/UGUI/EventSystem/InputModules/StandaloneInputModule.cs:558)
UnityEngine.EventSystems.StandaloneInputModule:Process () (at ./Library/PackageCache/com.unity.ugui@377fd60ad87b/Runtime/UGUI/EventSystem/InputModules/StandaloneInputModule.cs:306)
UnityEngine.EventSystems.EventSystem:Update () (at ./Library/PackageCache/com.unity.ugui@377fd60ad87b/Runtime/UGUI/EventSystem/EventSystem.cs:516)

(Filename: Assets/DMT321/JsonDataTwin/Scripts/TelemetryReceiver.cs Line: 418)

Telemetry accepted: GH-01 / TEMP: 25.0 C / HUMIDITY: 65.0 %RH
UnityEngine.Debug:ExtractStackTraceNoAlloc (byte*,int,string)
UnityEngine.StackTraceUtility:ExtractStackTrace ()
UnityEngine.DebugLogHandler:Internal_Log (UnityEngine.LogType,UnityEngine.LogOption,string,UnityEngine.Object)
UnityEngine.DebugLogHandler:LogFormat (UnityEngine.LogType,UnityEngine.Object,string,object[])
UnityEngine.Logger:Log (UnityEngine.LogType,object,UnityEngine.Object)
UnityEngine.Debug:Log (object,UnityEngine.Object)
DMT321.JsonDataTwin.TelemetryReceiver:ReceiveJson (string) (at Assets/DMT321/JsonDataTwin/Scripts/TelemetryReceiver.cs:418)
DMT321.JsonDataTwin.TextAssetTelemetrySource:SendFile (UnityEngine.TextAsset) (at Assets/DMT321/JsonDataTwin/Scripts/TextAssetTelemetrySource.cs:88)
DMT321.JsonDataTwin.TextAssetTelemetrySource:LoadNormalJson () (at Assets/DMT321/JsonDataTwin/Scripts/TextAssetTelemetrySource.cs:46)
UnityEngine.Events.InvokableCall:Invoke ()
UnityEngine.Events.UnityEvent:Invoke ()
UnityEngine.UI.Button:Press () (at ./Library/PackageCache/com.unity.ugui@377fd60ad87b/Runtime/UGUI/UI/Core/Button.cs:71)
UnityEngine.UI.Button:OnPointerClick (UnityEngine.EventSystems.PointerEventData) (at ./Library/PackageCache/com.unity.ugui@377fd60ad87b/Runtime/UGUI/UI/Core/Button.cs:115)
UnityEngine.EventSystems.ExecuteEvents:Execute (UnityEngine.EventSystems.IPointerClickHandler,UnityEngine.EventSystems.BaseEventData) (at ./Library/PackageCache/com.unity.ugui@377fd60ad87b/Runtime/UGUI/EventSystem/ExecuteEvents.cs:57)
UnityEngine.EventSystems.ExecuteEvents:Execute<UnityEngine.EventSystems.IPointerClickHandler> (UnityEngine.GameObject,UnityEngine.EventSystems.BaseEventData,UnityEngine.EventSystems.ExecuteEvents/EventFunction`1<UnityEngine.EventSystems.IPointerClickHandler>) (at ./Library/PackageCache/com.unity.ugui@377fd60ad87b/Runtime/UGUI/EventSystem/ExecuteEvents.cs:272)
UnityEngine.EventSystems.StandaloneInputModule:ReleaseMouse (UnityEngine.EventSystems.PointerEventData,UnityEngine.GameObject) (at ./Library/PackageCache/com.unity.ugui@377fd60ad87b/Runtime/UGUI/EventSystem/InputModules/StandaloneInputModule.cs:216)
UnityEngine.EventSystems.StandaloneInputModule:ProcessMousePress (UnityEngine.EventSystems.PointerInputModule/MouseButtonEventData) (at ./Library/PackageCache/com.unity.ugui@377fd60ad87b/Runtime/UGUI/EventSystem/InputModules/StandaloneInputModule.cs:678)
UnityEngine.EventSystems.StandaloneInputModule:ProcessMouseEvent (int) (at ./Library/PackageCache/com.unity.ugui@377fd60ad87b/Runtime/UGUI/EventSystem/InputModules/StandaloneInputModule.cs:578)
UnityEngine.EventSystems.StandaloneInputModule:ProcessMouseEvent () (at ./Library/PackageCache/com.unity.ugui@377fd60ad87b/Runtime/UGUI/EventSystem/InputModules/StandaloneInputModule.cs:558)
UnityEngine.EventSystems.StandaloneInputModule:Process () (at ./Library/PackageCache/com.unity.ugui@377fd60ad87b/Runtime/UGUI/EventSystem/InputModules/StandaloneInputModule.cs:306)
UnityEngine.EventSystems.EventSystem:Update () (at ./Library/PackageCache/com.unity.ugui@377fd60ad87b/Runtime/UGUI/EventSystem/EventSystem.cs:516)

(Filename: Assets/DMT321/JsonDataTwin/Scripts/TelemetryReceiver.cs Line: 418)

Telemetry accepted: GH-01 / TEMP: 18.0 C / HUMIDITY: 50.0 %RH
UnityEngine.Debug:ExtractStackTraceNoAlloc (byte*,int,string)
UnityEngine.StackTraceUtility:ExtractStackTrace ()
UnityEngine.DebugLogHandler:Internal_Log (UnityEngine.LogType,UnityEngine.LogOption,string,UnityEngine.Object)
UnityEngine.DebugLogHandler:LogFormat (UnityEngine.LogType,UnityEngine.Object,string,object[])
UnityEngine.Logger:Log (UnityEngine.LogType,object,UnityEngine.Object)
UnityEngine.Debug:Log (object,UnityEngine.Object)
DMT321.JsonDataTwin.TelemetryReceiver:ReceiveJson (string) (at Assets/DMT321/JsonDataTwin/Scripts/TelemetryReceiver.cs:418)
DMT321.JsonDataTwin.TextAssetTelemetrySource:SendFile (UnityEngine.TextAsset) (at Assets/DMT321/JsonDataTwin/Scripts/TextAssetTelemetrySource.cs:88)
DMT321.JsonDataTwin.TextAssetTelemetrySource:LoadColdJson () (at Assets/DMT321/JsonDataTwin/Scripts/TextAssetTelemetrySource.cs:41)
UnityEngine.Events.InvokableCall:Invoke ()
UnityEngine.Events.UnityEvent:Invoke ()
UnityEngine.UI.Button:Press () (at ./Library/PackageCache/com.unity.ugui@377fd60ad87b/Runtime/UGUI/UI/Core/Button.cs:71)
UnityEngine.UI.Button:OnPointerClick (UnityEngine.EventSystems.PointerEventData) (at ./Library/PackageCache/com.unity.ugui@377fd60ad87b/Runtime/UGUI/UI/Core/Button.cs:115)
UnityEngine.EventSystems.ExecuteEvents:Execute (UnityEngine.EventSystems.IPointerClickHandler,UnityEngine.EventSystems.BaseEventData) (at ./Library/PackageCache/com.unity.ugui@377fd60ad87b/Runtime/UGUI/EventSystem/ExecuteEvents.cs:57)
UnityEngine.EventSystems.ExecuteEvents:Execute<UnityEngine.EventSystems.IPointerClickHandler> (UnityEngine.GameObject,UnityEngine.EventSystems.BaseEventData,UnityEngine.EventSystems.ExecuteEvents/EventFunction`1<UnityEngine.EventSystems.IPointerClickHandler>) (at ./Library/PackageCache/com.unity.ugui@377fd60ad87b/Runtime/UGUI/EventSystem/ExecuteEvents.cs:272)
UnityEngine.EventSystems.StandaloneInputModule:ReleaseMouse (UnityEngine.EventSystems.PointerEventData,UnityEngine.GameObject) (at ./Library/PackageCache/com.unity.ugui@377fd60ad87b/Runtime/UGUI/EventSystem/InputModules/StandaloneInputModule.cs:216)
UnityEngine.EventSystems.StandaloneInputModule:ProcessMousePress (UnityEngine.EventSystems.PointerInputModule/MouseButtonEventData) (at ./Library/PackageCache/com.unity.ugui@377fd60ad87b/Runtime/UGUI/EventSystem/InputModules/StandaloneInputModule.cs:678)
UnityEngine.EventSystems.StandaloneInputModule:ProcessMouseEvent (int) (at ./Library/PackageCache/com.unity.ugui@377fd60ad87b/Runtime/UGUI/EventSystem/InputModules/StandaloneInputModule.cs:578)
UnityEngine.EventSystems.StandaloneInputModule:ProcessMouseEvent () (at ./Library/PackageCache/com.unity.ugui@377fd60ad87b/Runtime/UGUI/EventSystem/InputModules/StandaloneInputModule.cs:558)
UnityEngine.EventSystems.StandaloneInputModule:Process () (at ./Library/PackageCache/com.unity.ugui@377fd60ad87b/Runtime/UGUI/EventSystem/InputModules/StandaloneInputModule.cs:306)
UnityEngine.EventSystems.EventSystem:Update () (at ./Library/PackageCache/com.unity.ugui@377fd60ad87b/Runtime/UGUI/EventSystem/EventSystem.cs:516)

(Filename: Assets/DMT321/JsonDataTwin/Scripts/TelemetryReceiver.cs Line: 418)

Unloading 0 Unused Serialized files (Serialized files now loaded: 0)
Loaded scene 'Temp/__Backupscenes/0.backup'
	Deserialize:            6.376 ms
	Integration:            36.254 ms
	Integration of assets:  0.008 ms
	Thread Wait Time:       0.023 ms
	Total Operation Time:   42.660 ms
Unloading 292 unused Assets / (17.6 MB). Loaded Objects now: 2466.
Memory consumption went from 396.1 MB to 378.5 MB.
Total: 34.362100 ms (FindLiveObjects: 0.400700 ms CreateObjectMapping: 0.144300 ms MarkObjects: 21.094100 ms  DeleteObjects: 12.719600 ms)

[Licensing::Client] Successfully resolved entitlement details
[Licensing::Module] License group:
  Id: F4-V2HH-7T9E-WBHF-A6SK-XXXX
  Product: Unity Personal
  Type: ULF
  Expiration: 2026-09-29T12:00:42Z
[Licensing::Module] License group:
  Id: 18968482900132-UnityPersXXXX
  Product: Unity Personal
  Type: Assigned
  Expiration: Unlimited
Asset Pipeline Refresh (id=366693876b98ed444bf5a018527cecca): Total: 0.009 seconds - Initiated by RefreshV2(AllowForceSynchronousImport)
GetVirtualKey: Could not map char: z (122) to any virtual key
GetVirtualKey: Could not map char: y (121) to any virtual key
GetVirtualKey: Could not map char: x (120) to any virtual key
GetVirtualKey: Could not map char: c (99) to any virtual key
GetVirtualKey: Could not map char: v (118) to any virtual key
GetVirtualKey: Could not map char: V (86) to any virtual key
GetVirtualKey: Could not map char: d (100) to any virtual key
GetVirtualKey: Could not map char: f (102) to any virtual key
GetVirtualKey: Could not map char: f (102) to any virtual key
GetVirtualKey: Could not map char: a (97) to any virtual key
GetVirtualKey: Could not map char: d (100) to any virtual key
GetVirtualKey: Could not map char: c (99) to any virtual key
GetVirtualKey: Could not map char: r (114) to any virtual key
GetVirtualKey: Could not map char: i (105) to any virtual key
GetVirtualKey: Could not map char: l (108) to any virtual key
GetVirtualKey: Could not map char: f (102) to any virtual key
GetVirtualKey: Could not map char: k (107) to any virtual key
GetVirtualKey: Could not map char: p (112) to any virtual key
GetVirtualKey: Could not map char: p (112) to any virtual key
GetVirtualKey: Could not map char: p (112) to any virtual key
GetVirtualKey: Could not map char: c (99) to any virtual key
GetVirtualKey: Could not map char: r (114) to any virtual key
GetVirtualKey: Could not map char: P (80) to any virtual key
GetVirtualKey: Could not map char: n (110) to any virtual key
GetVirtualKey: Could not map char: n (110) to any virtual key
GetVirtualKey: Could not map char: g (103) to any virtual key
GetVirtualKey: Could not map char: = (61) to any virtual key
GetVirtualKey: Could not map char: f (102) to any virtual key
GetVirtualKey: Could not map char: f (102) to any virtual key
GetVirtualKey: Could not map char: a (97) to any virtual key
GetVirtualKey: Could not map char: a (97) to any virtual key
GetVirtualKey: Could not map char: n (110) to any virtual key
GetVirtualKey: Could not map char: o (111) to any virtual key
GetVirtualKey: Could not map char: s (115) to any virtual key
GetVirtualKey: Could not map char: s (115) to any virtual key
GetVirtualKey: Could not map char: b (98) to any virtual key
GetVirtualKey: Could not map char: b (98) to any virtual key
GetVirtualKey: Could not map char: c (99) to any virtual key
GetVirtualKey: Could not map char: u (117) to any virtual key
GetVirtualKey: Could not map char: x (120) to any virtual key
GetVirtualKey: Could not map char: c (99) to any virtual key
GetVirtualKey: Could not map char: v (118) to any virtual key
GetVirtualKey: Could not map char: d (100) to any virtual key
GetVirtualKey: Could not map char: n (110) to any virtual key
GetVirtualKey: Could not map char: g (103) to any virtual key
GetVirtualKey: Could not map char: = (61) to any virtual key
GetVirtualKey: Could not map char: f (102) to any virtual key
GetVirtualKey: Could not map char: f (102) to any virtual key
GetVirtualKey: Could not map char: a (97) to any virtual key
GetVirtualKey: Could not map char: x (120) to any virtual key
GetVirtualKey: Could not map char: c (99) to any virtual key
GetVirtualKey: Could not map char: v (118) to any virtual key
GetVirtualKey: Could not map char: d (100) to any virtual key
GetVirtualKey: Could not map char: n (110) to any virtual key
GetVirtualKey: Could not map char: g (103) to any virtual key
GetVirtualKey: Could not map char: = (61) to any virtual key
GetVirtualKey: Could not map char: f (102) to any virtual key
GetVirtualKey: Could not map char: f (102) to any virtual key
GetVirtualKey: Could not map char: a (97) to any virtual key
GetVirtualKey: Could not map char: x (120) to any virtual key
GetVirtualKey: Could not map char: c (99) to any virtual key
GetVirtualKey: Could not map char: v (118) to any virtual key
GetVirtualKey: Could not map char: d (100) to any virtual key
GetVirtualKey: Could not map char: n (110) to any virtual key
GetVirtualKey: Could not map char: g (103) to any virtual key
GetVirtualKey: Could not map char: = (61) to any virtual key
GetVirtualKey: Could not map char: f (102) to any virtual key
GetVirtualKey: Could not map char: f (102) to any virtual key
GetVirtualKey: Could not map char: a (97) to any virtual key
GetVirtualKey: Could not map char: x (120) to any virtual key
GetVirtualKey: Could not map char: c (99) to any virtual key
GetVirtualKey: Could not map char: v (118) to any virtual key
GetVirtualKey: Could not map char: d (100) to any virtual key
GetVirtualKey: Could not map char: n (110) to any virtual key
GetVirtualKey: Could not map char: g (103) to any virtual key
GetVirtualKey: Could not map char: = (61) to any virtual key
GetVirtualKey: Could not map char: f (102) to any virtual key
GetVirtualKey: Could not map char: f (102) to any virtual key
GetVirtualKey: Could not map char: a (97) to any virtual key
Importing 'GUID: 3be56dd92b7de144987dcf941ab68252 - Path: Assets/DMT321/JsonDataTwin/Materials/ppp.mat' with importer (NativeFormatImporter)
Imported 'GUID: 3be56dd92b7de144987dcf941ab68252' -> (Import Result ID: '93ed53634b4e9b37fdaead3d11e4764b') in 0.008 seconds [static dependencies only]. Details - ImportResultOutputID=81492347419df8bd7d39e052265cc31e DependenciesID=2a9c906aded3752c7b535ad474d57433 StaticDependenciesID=8f202a2e659924ed03bf56d0abc1fb70 
Asset Pipeline Refresh (id=7738525ca1cb9f749ac6618cefbb2d9d): Total: 0.063 seconds - Initiated by StopAssetImportingV2(NoUpdateAssetOptions)
[Worker0] Imported GUID: 3be56dd92b7de144987dcf941ab68252 - Path: Assets/DMT321/JsonDataTwin/Materials/ppp.mat - Importer: ScriptedImporter/UnityEditor.QuickSearchModule:UnityEditor.Search:ASIAI0B -> (ImportResultId: 'd8a8ece6f6cc404ff6dc606adabb96af') in 0.165097 seconds
Importing 'GUID: 3be56dd92b7de144987dcf941ab68252 - Path: Assets/DMT321/JsonDataTwin/Materials/ppp.mat' with importer (NativeFormatImporter)
Imported 'GUID: 3be56dd92b7de144987dcf941ab68252' -> (Import Result ID: '86f72a1acbc3b52da72d77bff51d2559') in 0.002 seconds [static dependencies only]. Details - ImportResultOutputID=81492347419df8bd7d39e052265cc31e DependenciesID=e4cb98caab2f40ba712100ddc7d5b8fe StaticDependenciesID=571fa0d4e09f9d142b901fc3490dd04f 
Importing 'GUID: 2e498d1c8094910479dc3e1b768306a4 - Path: Assets/TextMesh Pro/Resources/Fonts & Materials/LiberationSans SDF - Fallback.asset' with importer (NativeFormatImporter)
Imported 'GUID: 2e498d1c8094910479dc3e1b768306a4' -> (Import Result ID: '5efe22b379db72de634a012d1ad871d5') in 0.018 seconds [static dependencies only]. Details - ImportResultOutputID=94ce4dace069634644df4d315a8acf11 DependenciesID=4af567a94ef9df894a854b4e4aa211e0 StaticDependenciesID=dddec72f30212215ff43d0d7e480071a 
Asset Pipeline Refresh (id=16f7acccfb1a3f9469d8fdc91d72d629): Total: 0.055 seconds - Initiated by StopAssetImportingV2(NoUpdateAssetOptions)
Importing 'GUID: a188e68279edd1040a0f29ec96e251fa - Path: Assets/hw2.unity' with importer (DefaultImporter)
Imported 'GUID: a188e68279edd1040a0f29ec96e251fa' -> (Import Result ID: 'e5622b494789d1a1dfc225f1bdc8cc1b') in 0.005 seconds [static dependencies only]. Details - ImportResultOutputID=c96599b4691962431ebc319415936ec6 DependenciesID=985ab2a200256ee3a921ec69716bb4ec StaticDependenciesID=4bfb49833a8aceaae941d40e360f9dbb 
Asset Pipeline Refresh (id=ea92b2a133ec3b241ace029f3c35000c): Total: 0.054 seconds - Initiated by StopAssetImportingV2(NoUpdateAssetOptions)
[Worker0] Imported GUID: 3be56dd92b7de144987dcf941ab68252 - Path: Assets/DMT321/JsonDataTwin/Materials/ppp.mat - Importer: ScriptedImporter/UnityEditor.QuickSearchModule:UnityEditor.Search:ASIAI0B -> (ImportResultId: 'e3c2970cfd7e4297ca3724c23593ab34') in 0.0087808 seconds
[Worker0] Imported GUID: 2e498d1c8094910479dc3e1b768306a4 - Path: Assets/TextMesh Pro/Resources/Fonts & Materials/LiberationSans SDF - Fallback.asset - Importer: ScriptedImporter/UnityEditor.QuickSearchModule:UnityEditor.Search:ASIAI0B -> (ImportResultId: '7783d7b48aa6448ea9d84a42663e6074') in 0.1020705 seconds
[Worker1] Imported GUID: a188e68279edd1040a0f29ec96e251fa - Path: Assets/hw2.unity - Importer: ScriptedImporter/UnityEditor.QuickSearchModule:UnityEditor.Search:ASIAI0B -> (ImportResultId: '8ed1d89343308924c97b492d3e11ce27') in 0.1415977 seconds
Reloading assemblies for play mode.
Reloading assemblies after forced synchronous recompile.
Begin MonoManager ReloadAssembly
[Licensing::Client] Successfully resolved entitlement details
[Licensing::Module] License group:
  Id: F4-V2HH-7T9E-WBHF-A6SK-XXXX
  Product: Unity Personal
  Type: ULF
  Expiration: 2026-09-29T12:00:42Z
[Licensing::Module] License group:
  Id: 18968482900132-UnityPersXXXX
  Product: Unity Personal
  Type: Assigned
  Expiration: Unlimited
Native extension for WindowsStandalone target not found
ScheduleIndexationOnStartup MainProcess:True IndexOnStartup:True
[MODES] ModeService[none].Initialize
[MODES] ModeService[none].LoadModes
Mono: successfully reloaded assembly
- Finished resetting the current domain, in  2.340 seconds
Domain Reload Profiling: 3432ms
	BeginReloadAssembly (788ms)
		DisableScriptedObjects (167ms)
		CreateAndSetChildDomain (284ms)
	RebuildCommonClasses (15ms)
	RebuildNativeTypeToScriptingClass (28ms)
	initialDomainReloadingComplete (58ms)
	LoadAllAssembliesAndSetupDomain (201ms)
		LoadAssemblies (196ms)
		AnalyzeDomain (42ms)
			TypeCache.Refresh (36ms)
			ResolveRequiredComponents (4ms)
	FinalizeReload (2341ms)
		SetupLoadedEditorAssemblies (0ms)
			InitializePlatformSupportModulesInManaged (3ms)
			BeforeProcessingInitializeOnLoad (184ms)
			ProcessInitializeOnLoadAttributes (131ms)
			ProcessInitializeOnLoadMethodAttributes (110ms)
			AfterProcessingInitializeOnLoad (11ms)
		AwakeInstancesAfterBackupRestoration (1097ms)

Asset Pipeline Refresh (id=35d1b0d3a8908dd4d85d301712343a9b): Total: 3.606 seconds - Initiated by StopAssetImportingV2(ForceSynchronousImport | ForceDomainReload)
	(Values over 0.05ms)
	Summary:
		Imports: total=0 (actual=0, local cache=0, cache server=0)
		Asset DB Process Time: managed=0 ms, native=2408 ms
		Asset DB Callback time: managed=34 ms, native=1 ms
		Scripting: domain reloads=1, domain reload time=1157 ms, compile time=4 ms, other=0 ms
		Project Asset Count: scripts=139, non-scripts=105
		Asset File Changes: new=0, changed=0, moved=0, deleted=0
		Scan Filter Count: 0
	InvokePackagesCallback: 3.567ms
	ApplyChangesToAssetFolders: 0.152ms
	Collect global state as custom dependencies: 0.193ms
	ProcessAssetsWithTransientArtifactChanges: 0.060ms
	CategorizeAssets: 2.618ms
	CompileScripts: 4.335ms
	ImportOutOfDateAssets: 2346.693ms (2343.513ms without children)
		ReloadNativeAssets: 0.643ms
		UnloadImportedAssets: 0.590ms
		EnsureUptoDateAssetsAreRegisteredWithGuidPM: 0.091ms
		ImportSchedulerStart: 1.851ms
	PostProcessAllAssets: 34.456ms
		MonoPostProcessAllAssets: 34.450ms
			WindowAssetPostprocessingWatcher.OnPostprocessAllAssets 14.649ms
			SyncVS.PostprocessSyncProject 2.595ms
			SpeedTree9Postprocessor.OnPostprocessAllAssets 1.434ms
			ReferencedClipsPostProcessor.OnPostprocessAllAssets 0.551ms
			EditModeScopePostprocessor.OnPostprocessAllAssets 0.482ms
			AssetDatabaseCallbacks.OnPostprocessAllAssets 0.333ms
			TerrainToolbarOverlayPostProcessor.OnPostprocessAllAssets 0.252ms
			RenderPipelineGlobalSettingsPostprocessor.OnPostprocessAllAssets 0.139ms
			AssetPostprocessor.OnPostprocessAllAssets 0.106ms
			AssetChangedListener.OnPostprocessAllAssets 0.084ms
	UnloadStreamsBegin: 4.573ms
	GenerateScriptTypeHashes: 0.596ms
	GenerateScriptTypeSerializationHashes: 1.143ms
	Untracked: 1202.972ms

Loaded scene 'Temp/__Backupscenes/0.backup'
	Deserialize:            8.658 ms
	Integration:            65.933 ms
	Integration of assets:  0.012 ms
	Thread Wait Time:       0.005 ms
	Total Operation Time:   74.607 ms
BoxCollider does not support negative scale or size.
The effective box size has been forced positive and is likely to give unexpected collision geometry.
If you absolutely need to use negative scaling you can use the convex MeshCollider. Scene hierarchy path "World/GreenHouse/floorDoorWay"
BoxCollider does not support negative scale or size.
The effective box size has been forced positive and is likely to give unexpected collision geometry.
If you absolutely need to use negative scaling you can use the convex MeshCollider. Scene hierarchy path "World/GreenHouse/floor"
BoxCollider does not support negative scale or size.
The effective box size has been forced positive and is likely to give unexpected collision geometry.
If you absolutely need to use negative scaling you can use the convex MeshCollider. Scene hierarchy path "World/GreenHouse/Groud"
[Licensing::Client] Successfully resolved entitlement details
Telemetry accepted: GH-01 / TEMP: 18.0 C / HUMIDITY: 50.0 %RH
UnityEngine.Debug:ExtractStackTraceNoAlloc (byte*,int,string)
UnityEngine.StackTraceUtility:ExtractStackTrace ()
UnityEngine.DebugLogHandler:Internal_Log (UnityEngine.LogType,UnityEngine.LogOption,string,UnityEngine.Object)
UnityEngine.DebugLogHandler:LogFormat (UnityEngine.LogType,UnityEngine.Object,string,object[])
UnityEngine.Logger:Log (UnityEngine.LogType,object,UnityEngine.Object)
UnityEngine.Debug:Log (object,UnityEngine.Object)
DMT321.JsonDataTwin.TelemetryReceiver:ReceiveJson (string) (at Assets/DMT321/JsonDataTwin/Scripts/TelemetryReceiver.cs:418)
DMT321.JsonDataTwin.TextAssetTelemetrySource:SendFile (UnityEngine.TextAsset) (at Assets/DMT321/JsonDataTwin/Scripts/TextAssetTelemetrySource.cs:88)
DMT321.JsonDataTwin.TextAssetTelemetrySource:LoadColdJson () (at Assets/DMT321/JsonDataTwin/Scripts/TextAssetTelemetrySource.cs:41)
UnityEngine.Events.InvokableCall:Invoke ()
UnityEngine.Events.UnityEvent:Invoke ()
UnityEngine.UI.Button:Press () (at ./Library/PackageCache/com.unity.ugui@377fd60ad87b/Runtime/UGUI/UI/Core/Button.cs:71)
UnityEngine.UI.Button:OnPointerClick (UnityEngine.EventSystems.PointerEventData) (at ./Library/PackageCache/com.unity.ugui@377fd60ad87b/Runtime/UGUI/UI/Core/Button.cs:115)
UnityEngine.EventSystems.ExecuteEvents:Execute (UnityEngine.EventSystems.IPointerClickHandler,UnityEngine.EventSystems.BaseEventData) (at ./Library/PackageCache/com.unity.ugui@377fd60ad87b/Runtime/UGUI/EventSystem/ExecuteEvents.cs:57)
UnityEngine.EventSystems.ExecuteEvents:Execute<UnityEngine.EventSystems.IPointerClickHandler> (UnityEngine.GameObject,UnityEngine.EventSystems.BaseEventData,UnityEngine.EventSystems.ExecuteEvents/EventFunction`1<UnityEngine.EventSystems.IPointerClickHandler>) (at ./Library/PackageCache/com.unity.ugui@377fd60ad87b/Runtime/UGUI/EventSystem/ExecuteEvents.cs:272)
UnityEngine.EventSystems.StandaloneInputModule:ReleaseMouse (UnityEngine.EventSystems.PointerEventData,UnityEngine.GameObject) (at ./Library/PackageCache/com.unity.ugui@377fd60ad87b/Runtime/UGUI/EventSystem/InputModules/StandaloneInputModule.cs:216)
UnityEngine.EventSystems.StandaloneInputModule:ProcessMousePress (UnityEngine.EventSystems.PointerInputModule/MouseButtonEventData) (at ./Library/PackageCache/com.unity.ugui@377fd60ad87b/Runtime/UGUI/EventSystem/InputModules/StandaloneInputModule.cs:678)
UnityEngine.EventSystems.StandaloneInputModule:ProcessMouseEvent (int) (at ./Library/PackageCache/com.unity.ugui@377fd60ad87b/Runtime/UGUI/EventSystem/InputModules/StandaloneInputModule.cs:578)
UnityEngine.EventSystems.StandaloneInputModule:ProcessMouseEvent () (at ./Library/PackageCache/com.unity.ugui@377fd60ad87b/Runtime/UGUI/EventSystem/InputModules/StandaloneInputModule.cs:558)
UnityEngine.EventSystems.StandaloneInputModule:Process () (at ./Library/PackageCache/com.unity.ugui@377fd60ad87b/Runtime/UGUI/EventSystem/InputModules/StandaloneInputModule.cs:306)
UnityEngine.EventSystems.EventSystem:Update () (at ./Library/PackageCache/com.unity.ugui@377fd60ad87b/Runtime/UGUI/EventSystem/EventSystem.cs:516)

(Filename: Assets/DMT321/JsonDataTwin/Scripts/TelemetryReceiver.cs Line: 418)

Telemetry accepted: GH-01 / TEMP: 25.0 C / HUMIDITY: 65.0 %RH
UnityEngine.Debug:ExtractStackTraceNoAlloc (byte*,int,string)
UnityEngine.StackTraceUtility:ExtractStackTrace ()
UnityEngine.DebugLogHandler:Internal_Log (UnityEngine.LogType,UnityEngine.LogOption,string,UnityEngine.Object)
UnityEngine.DebugLogHandler:LogFormat (UnityEngine.LogType,UnityEngine.Object,string,object[])
UnityEngine.Logger:Log (UnityEngine.LogType,object,UnityEngine.Object)
UnityEngine.Debug:Log (object,UnityEngine.Object)
DMT321.JsonDataTwin.TelemetryReceiver:ReceiveJson (string) (at Assets/DMT321/JsonDataTwin/Scripts/TelemetryReceiver.cs:418)
DMT321.JsonDataTwin.TextAssetTelemetrySource:SendFile (UnityEngine.TextAsset) (at Assets/DMT321/JsonDataTwin/Scripts/TextAssetTelemetrySource.cs:88)
DMT321.JsonDataTwin.TextAssetTelemetrySource:LoadNormalJson () (at Assets/DMT321/JsonDataTwin/Scripts/TextAssetTelemetrySource.cs:46)
UnityEngine.Events.InvokableCall:Invoke ()
UnityEngine.Events.UnityEvent:Invoke ()
UnityEngine.UI.Button:Press () (at ./Library/PackageCache/com.unity.ugui@377fd60ad87b/Runtime/UGUI/UI/Core/Button.cs:71)
UnityEngine.UI.Button:OnPointerClick (UnityEngine.EventSystems.PointerEventData) (at ./Library/PackageCache/com.unity.ugui@377fd60ad87b/Runtime/UGUI/UI/Core/Button.cs:115)
UnityEngine.EventSystems.ExecuteEvents:Execute (UnityEngine.EventSystems.IPointerClickHandler,UnityEngine.EventSystems.BaseEventData) (at ./Library/PackageCache/com.unity.ugui@377fd60ad87b/Runtime/UGUI/EventSystem/ExecuteEvents.cs:57)
UnityEngine.EventSystems.ExecuteEvents:Execute<UnityEngine.EventSystems.IPointerClickHandler> (UnityEngine.GameObject,UnityEngine.EventSystems.BaseEventData,UnityEngine.EventSystems.ExecuteEvents/EventFunction`1<UnityEngine.EventSystems.IPointerClickHandler>) (at ./Library/PackageCache/com.unity.ugui@377fd60ad87b/Runtime/UGUI/EventSystem/ExecuteEvents.cs:272)
UnityEngine.EventSystems.StandaloneInputModule:ReleaseMouse (UnityEngine.EventSystems.PointerEventData,UnityEngine.GameObject) (at ./Library/PackageCache/com.unity.ugui@377fd60ad87b/Runtime/UGUI/EventSystem/InputModules/StandaloneInputModule.cs:216)
UnityEngine.EventSystems.StandaloneInputModule:ProcessMousePress (UnityEngine.EventSystems.PointerInputModule/MouseButtonEventData) (at ./Library/PackageCache/com.unity.ugui@377fd60ad87b/Runtime/UGUI/EventSystem/InputModules/StandaloneInputModule.cs:678)
UnityEngine.EventSystems.StandaloneInputModule:ProcessMouseEvent (int) (at ./Library/PackageCache/com.unity.ugui@377fd60ad87b/Runtime/UGUI/EventSystem/InputModules/StandaloneInputModule.cs:578)
UnityEngine.EventSystems.StandaloneInputModule:ProcessMouseEvent () (at ./Library/PackageCache/com.unity.ugui@377fd60ad87b/Runtime/UGUI/EventSystem/InputModules/StandaloneInputModule.cs:558)
UnityEngine.EventSystems.StandaloneInputModule:Process () (at ./Library/PackageCache/com.unity.ugui@377fd60ad87b/Runtime/UGUI/EventSystem/InputModules/StandaloneInputModule.cs:306)
UnityEngine.EventSystems.EventSystem:Update () (at ./Library/PackageCache/com.unity.ugui@377fd60ad87b/Runtime/UGUI/EventSystem/EventSystem.cs:516)

(Filename: Assets/DMT321/JsonDataTwin/Scripts/TelemetryReceiver.cs Line: 418)

Telemetry accepted: GH-01 / TEMP: 35.0 C / HUMIDITY: 80.0 %RH
UnityEngine.Debug:ExtractStackTraceNoAlloc (byte*,int,string)
UnityEngine.StackTraceUtility:ExtractStackTrace ()
UnityEngine.DebugLogHandler:Internal_Log (UnityEngine.LogType,UnityEngine.LogOption,string,UnityEngine.Object)
UnityEngine.DebugLogHandler:LogFormat (UnityEngine.LogType,UnityEngine.Object,string,object[])
UnityEngine.Logger:Log (UnityEngine.LogType,object,UnityEngine.Object)
UnityEngine.Debug:Log (object,UnityEngine.Object)
DMT321.JsonDataTwin.TelemetryReceiver:ReceiveJson (string) (at Assets/DMT321/JsonDataTwin/Scripts/TelemetryReceiver.cs:418)
DMT321.JsonDataTwin.TextAssetTelemetrySource:SendFile (UnityEngine.TextAsset) (at Assets/DMT321/JsonDataTwin/Scripts/TextAssetTelemetrySource.cs:88)
DMT321.JsonDataTwin.TextAssetTelemetrySource:LoadHotJson () (at Assets/DMT321/JsonDataTwin/Scripts/TextAssetTelemetrySource.cs:51)
UnityEngine.Events.InvokableCall:Invoke ()
UnityEngine.Events.UnityEvent:Invoke ()
UnityEngine.UI.Button:Press () (at ./Library/PackageCache/com.unity.ugui@377fd60ad87b/Runtime/UGUI/UI/Core/Button.cs:71)
UnityEngine.UI.Button:OnPointerClick (UnityEngine.EventSystems.PointerEventData) (at ./Library/PackageCache/com.unity.ugui@377fd60ad87b/Runtime/UGUI/UI/Core/Button.cs:115)
UnityEngine.EventSystems.ExecuteEvents:Execute (UnityEngine.EventSystems.IPointerClickHandler,UnityEngine.EventSystems.BaseEventData) (at ./Library/PackageCache/com.unity.ugui@377fd60ad87b/Runtime/UGUI/EventSystem/ExecuteEvents.cs:57)
UnityEngine.EventSystems.ExecuteEvents:Execute<UnityEngine.EventSystems.IPointerClickHandler> (UnityEngine.GameObject,UnityEngine.EventSystems.BaseEventData,UnityEngine.EventSystems.ExecuteEvents/EventFunction`1<UnityEngine.EventSystems.IPointerClickHandler>) (at ./Library/PackageCache/com.unity.ugui@377fd60ad87b/Runtime/UGUI/EventSystem/ExecuteEvents.cs:272)
UnityEngine.EventSystems.StandaloneInputModule:ReleaseMouse (UnityEngine.EventSystems.PointerEventData,UnityEngine.GameObject) (at ./Library/PackageCache/com.unity.ugui@377fd60ad87b/Runtime/UGUI/EventSystem/InputModules/StandaloneInputModule.cs:216)
UnityEngine.EventSystems.StandaloneInputModule:ProcessMousePress (UnityEngine.EventSystems.PointerInputModule/MouseButtonEventData) (at ./Library/PackageCache/com.unity.ugui@377fd60ad87b/Runtime/UGUI/EventSystem/InputModules/StandaloneInputModule.cs:678)
UnityEngine.EventSystems.StandaloneInputModule:ProcessMouseEvent (int) (at ./Library/PackageCache/com.unity.ugui@377fd60ad87b/Runtime/UGUI/EventSystem/InputModules/StandaloneInputModule.cs:578)
UnityEngine.EventSystems.StandaloneInputModule:ProcessMouseEvent () (at ./Library/PackageCache/com.unity.ugui@377fd60ad87b/Runtime/UGUI/EventSystem/InputModules/StandaloneInputModule.cs:558)
UnityEngine.EventSystems.StandaloneInputModule:Process () (at ./Library/PackageCache/com.unity.ugui@377fd60ad87b/Runtime/UGUI/EventSystem/InputModules/StandaloneInputModule.cs:306)
UnityEngine.EventSystems.EventSystem:Update () (at ./Library/PackageCache/com.unity.ugui@377fd60ad87b/Runtime/UGUI/EventSystem/EventSystem.cs:516)

(Filename: Assets/DMT321/JsonDataTwin/Scripts/TelemetryReceiver.cs Line: 418)

Telemetry accepted: GH-01 / TEMP: 25.0 C / HUMIDITY: 65.0 %RH
UnityEngine.Debug:ExtractStackTraceNoAlloc (byte*,int,string)
UnityEngine.StackTraceUtility:ExtractStackTrace ()
UnityEngine.DebugLogHandler:Internal_Log (UnityEngine.LogType,UnityEngine.LogOption,string,UnityEngine.Object)
UnityEngine.DebugLogHandler:LogFormat (UnityEngine.LogType,UnityEngine.Object,string,object[])
UnityEngine.Logger:Log (UnityEngine.LogType,object,UnityEngine.Object)
UnityEngine.Debug:Log (object,UnityEngine.Object)
DMT321.JsonDataTwin.TelemetryReceiver:ReceiveJson (string) (at Assets/DMT321/JsonDataTwin/Scripts/TelemetryReceiver.cs:418)
DMT321.JsonDataTwin.TextAssetTelemetrySource:SendFile (UnityEngine.TextAsset) (at Assets/DMT321/JsonDataTwin/Scripts/TextAssetTelemetrySource.cs:88)
DMT321.JsonDataTwin.TextAssetTelemetrySource:LoadNormalJson () (at Assets/DMT321/JsonDataTwin/Scripts/TextAssetTelemetrySource.cs:46)
UnityEngine.Events.InvokableCall:Invoke ()
UnityEngine.Events.UnityEvent:Invoke ()
UnityEngine.UI.Button:Press () (at ./Library/PackageCache/com.unity.ugui@377fd60ad87b/Runtime/UGUI/UI/Core/Button.cs:71)
UnityEngine.UI.Button:OnPointerClick (UnityEngine.EventSystems.PointerEventData) (at ./Library/PackageCache/com.unity.ugui@377fd60ad87b/Runtime/UGUI/UI/Core/Button.cs:115)
UnityEngine.EventSystems.ExecuteEvents:Execute (UnityEngine.EventSystems.IPointerClickHandler,UnityEngine.EventSystems.BaseEventData) (at ./Library/PackageCache/com.unity.ugui@377fd60ad87b/Runtime/UGUI/EventSystem/ExecuteEvents.cs:57)
UnityEngine.EventSystems.ExecuteEvents:Execute<UnityEngine.EventSystems.IPointerClickHandler> (UnityEngine.GameObject,UnityEngine.EventSystems.BaseEventData,UnityEngine.EventSystems.ExecuteEvents/EventFunction`1<UnityEngine.EventSystems.IPointerClickHandler>) (at ./Library/PackageCache/com.unity.ugui@377fd60ad87b/Runtime/UGUI/EventSystem/ExecuteEvents.cs:272)
UnityEngine.EventSystems.StandaloneInputModule:ReleaseMouse (UnityEngine.EventSystems.PointerEventData,UnityEngine.GameObject) (at ./Library/PackageCache/com.unity.ugui@377fd60ad87b/Runtime/UGUI/EventSystem/InputModules/StandaloneInputModule.cs:216)
UnityEngine.EventSystems.StandaloneInputModule:ProcessMousePress (UnityEngine.EventSystems.PointerInputModule/MouseButtonEventData) (at ./Library/PackageCache/com.unity.ugui@377fd60ad87b/Runtime/UGUI/EventSystem/InputModules/StandaloneInputModule.cs:678)
UnityEngine.EventSystems.StandaloneInputModule:ProcessMouseEvent (int) (at ./Library/PackageCache/com.unity.ugui@377fd60ad87b/Runtime/UGUI/EventSystem/InputModules/StandaloneInputModule.cs:578)
UnityEngine.EventSystems.StandaloneInputModule:ProcessMouseEvent () (at ./Library/PackageCache/com.unity.ugui@377fd60ad87b/Runtime/UGUI/EventSystem/InputModules/StandaloneInputModule.cs:558)
UnityEngine.EventSystems.StandaloneInputModule:Process () (at ./Library/PackageCache/com.unity.ugui@377fd60ad87b/Runtime/UGUI/EventSystem/InputModules/StandaloneInputModule.cs:306)
UnityEngine.EventSystems.EventSystem:Update () (at ./Library/PackageCache/com.unity.ugui@377fd60ad87b/Runtime/UGUI/EventSystem/EventSystem.cs:516)

(Filename: Assets/DMT321/JsonDataTwin/Scripts/TelemetryReceiver.cs Line: 418)

Telemetry accepted: GH-01 / TEMP: 18.0 C / HUMIDITY: 50.0 %RH
UnityEngine.Debug:ExtractStackTraceNoAlloc (byte*,int,string)
UnityEngine.StackTraceUtility:ExtractStackTrace ()
UnityEngine.DebugLogHandler:Internal_Log (UnityEngine.LogType,UnityEngine.LogOption,string,UnityEngine.Object)
UnityEngine.DebugLogHandler:LogFormat (UnityEngine.LogType,UnityEngine.Object,string,object[])
UnityEngine.Logger:Log (UnityEngine.LogType,object,UnityEngine.Object)
UnityEngine.Debug:Log (object,UnityEngine.Object)
DMT321.JsonDataTwin.TelemetryReceiver:ReceiveJson (string) (at Assets/DMT321/JsonDataTwin/Scripts/TelemetryReceiver.cs:418)
DMT321.JsonDataTwin.TextAssetTelemetrySource:SendFile (UnityEngine.TextAsset) (at Assets/DMT321/JsonDataTwin/Scripts/TextAssetTelemetrySource.cs:88)
DMT321.JsonDataTwin.TextAssetTelemetrySource:LoadColdJson () (at Assets/DMT321/JsonDataTwin/Scripts/TextAssetTelemetrySource.cs:41)
UnityEngine.Events.InvokableCall:Invoke ()
UnityEngine.Events.UnityEvent:Invoke ()
UnityEngine.UI.Button:Press () (at ./Library/PackageCache/com.unity.ugui@377fd60ad87b/Runtime/UGUI/UI/Core/Button.cs:71)
UnityEngine.UI.Button:OnPointerClick (UnityEngine.EventSystems.PointerEventData) (at ./Library/PackageCache/com.unity.ugui@377fd60ad87b/Runtime/UGUI/UI/Core/Button.cs:115)
UnityEngine.EventSystems.ExecuteEvents:Execute (UnityEngine.EventSystems.IPointerClickHandler,UnityEngine.EventSystems.BaseEventData) (at ./Library/PackageCache/com.unity.ugui@377fd60ad87b/Runtime/UGUI/EventSystem/ExecuteEvents.cs:57)
UnityEngine.EventSystems.ExecuteEvents:Execute<UnityEngine.EventSystems.IPointerClickHandler> (UnityEngine.GameObject,UnityEngine.EventSystems.BaseEventData,UnityEngine.EventSystems.ExecuteEvents/EventFunction`1<UnityEngine.EventSystems.IPointerClickHandler>) (at ./Library/PackageCache/com.unity.ugui@377fd60ad87b/Runtime/UGUI/EventSystem/ExecuteEvents.cs:272)
UnityEngine.EventSystems.StandaloneInputModule:ReleaseMouse (UnityEngine.EventSystems.PointerEventData,UnityEngine.GameObject) (at ./Library/PackageCache/com.unity.ugui@377fd60ad87b/Runtime/UGUI/EventSystem/InputModules/StandaloneInputModule.cs:216)
UnityEngine.EventSystems.StandaloneInputModule:ProcessMousePress (UnityEngine.EventSystems.PointerInputModule/MouseButtonEventData) (at ./Library/PackageCache/com.unity.ugui@377fd60ad87b/Runtime/UGUI/EventSystem/InputModules/StandaloneInputModule.cs:678)
UnityEngine.EventSystems.StandaloneInputModule:ProcessMouseEvent (int) (at ./Library/PackageCache/com.unity.ugui@377fd60ad87b/Runtime/UGUI/EventSystem/InputModules/StandaloneInputModule.cs:578)
UnityEngine.EventSystems.StandaloneInputModule:ProcessMouseEvent () (at ./Library/PackageCache/com.unity.ugui@377fd60ad87b/Runtime/UGUI/EventSystem/InputModules/StandaloneInputModule.cs:558)
UnityEngine.EventSystems.StandaloneInputModule:Process () (at ./Library/PackageCache/com.unity.ugui@377fd60ad87b/Runtime/UGUI/EventSystem/InputModules/StandaloneInputModule.cs:306)
UnityEngine.EventSystems.EventSystem:Update () (at ./Library/PackageCache/com.unity.ugui@377fd60ad87b/Runtime/UGUI/EventSystem/EventSystem.cs:516)

(Filename: Assets/DMT321/JsonDataTwin/Scripts/TelemetryReceiver.cs Line: 418)

Telemetry accepted: GH-01 / TEMP: 25.0 C / HUMIDITY: 65.0 %RH
UnityEngine.Debug:ExtractStackTraceNoAlloc (byte*,int,string)
UnityEngine.StackTraceUtility:ExtractStackTrace ()
UnityEngine.DebugLogHandler:Internal_Log (UnityEngine.LogType,UnityEngine.LogOption,string,UnityEngine.Object)
UnityEngine.DebugLogHandler:LogFormat (UnityEngine.LogType,UnityEngine.Object,string,object[])
UnityEngine.Logger:Log (UnityEngine.LogType,object,UnityEngine.Object)
UnityEngine.Debug:Log (object,UnityEngine.Object)
DMT321.JsonDataTwin.TelemetryReceiver:ReceiveJson (string) (at Assets/DMT321/JsonDataTwin/Scripts/TelemetryReceiver.cs:418)
DMT321.JsonDataTwin.TextAssetTelemetrySource:SendFile (UnityEngine.TextAsset) (at Assets/DMT321/JsonDataTwin/Scripts/TextAssetTelemetrySource.cs:88)
DMT321.JsonDataTwin.TextAssetTelemetrySource:LoadNormalJson () (at Assets/DMT321/JsonDataTwin/Scripts/TextAssetTelemetrySource.cs:46)
UnityEngine.Events.InvokableCall:Invoke ()
UnityEngine.Events.UnityEvent:Invoke ()
UnityEngine.UI.Button:Press () (at ./Library/PackageCache/com.unity.ugui@377fd60ad87b/Runtime/UGUI/UI/Core/Button.cs:71)
UnityEngine.UI.Button:OnPointerClick (UnityEngine.EventSystems.PointerEventData) (at ./Library/PackageCache/com.unity.ugui@377fd60ad87b/Runtime/UGUI/UI/Core/Button.cs:115)
UnityEngine.EventSystems.ExecuteEvents:Execute (UnityEngine.EventSystems.IPointerClickHandler,UnityEngine.EventSystems.BaseEventData) (at ./Library/PackageCache/com.unity.ugui@377fd60ad87b/Runtime/UGUI/EventSystem/ExecuteEvents.cs:57)
UnityEngine.EventSystems.ExecuteEvents:Execute<UnityEngine.EventSystems.IPointerClickHandler> (UnityEngine.GameObject,UnityEngine.EventSystems.BaseEventData,UnityEngine.EventSystems.ExecuteEvents/EventFunction`1<UnityEngine.EventSystems.IPointerClickHandler>) (at ./Library/PackageCache/com.unity.ugui@377fd60ad87b/Runtime/UGUI/EventSystem/ExecuteEvents.cs:272)
UnityEngine.EventSystems.StandaloneInputModule:ReleaseMouse (UnityEngine.EventSystems.PointerEventData,UnityEngine.GameObject) (at ./Library/PackageCache/com.unity.ugui@377fd60ad87b/Runtime/UGUI/EventSystem/InputModules/StandaloneInputModule.cs:216)
UnityEngine.EventSystems.StandaloneInputModule:ProcessMousePress (UnityEngine.EventSystems.PointerInputModule/MouseButtonEventData) (at ./Library/PackageCache/com.unity.ugui@377fd60ad87b/Runtime/UGUI/EventSystem/InputModules/StandaloneInputModule.cs:678)
UnityEngine.EventSystems.StandaloneInputModule:ProcessMouseEvent (int) (at ./Library/PackageCache/com.unity.ugui@377fd60ad87b/Runtime/UGUI/EventSystem/InputModules/StandaloneInputModule.cs:578)
UnityEngine.EventSystems.StandaloneInputModule:ProcessMouseEvent () (at ./Library/PackageCache/com.unity.ugui@377fd60ad87b/Runtime/UGUI/EventSystem/InputModules/StandaloneInputModule.cs:558)
UnityEngine.EventSystems.StandaloneInputModule:Process () (at ./Library/PackageCache/com.unity.ugui@377fd60ad87b/Runtime/UGUI/EventSystem/InputModules/StandaloneInputModule.cs:306)
UnityEngine.EventSystems.EventSystem:Update () (at ./Library/PackageCache/com.unity.ugui@377fd60ad87b/Runtime/UGUI/EventSystem/EventSystem.cs:516)

(Filename: Assets/DMT321/JsonDataTwin/Scripts/TelemetryReceiver.cs Line: 418)

Telemetry accepted: GH-01 / TEMP: 35.0 C / HUMIDITY: 80.0 %RH
UnityEngine.Debug:ExtractStackTraceNoAlloc (byte*,int,string)
UnityEngine.StackTraceUtility:ExtractStackTrace ()
UnityEngine.DebugLogHandler:Internal_Log (UnityEngine.LogType,UnityEngine.LogOption,string,UnityEngine.Object)
UnityEngine.DebugLogHandler:LogFormat (UnityEngine.LogType,UnityEngine.Object,string,object[])
UnityEngine.Logger:Log (UnityEngine.LogType,object,UnityEngine.Object)
UnityEngine.Debug:Log (object,UnityEngine.Object)
DMT321.JsonDataTwin.TelemetryReceiver:ReceiveJson (string) (at Assets/DMT321/JsonDataTwin/Scripts/TelemetryReceiver.cs:418)
DMT321.JsonDataTwin.TextAssetTelemetrySource:SendFile (UnityEngine.TextAsset) (at Assets/DMT321/JsonDataTwin/Scripts/TextAssetTelemetrySource.cs:88)
DMT321.JsonDataTwin.TextAssetTelemetrySource:LoadHotJson () (at Assets/DMT321/JsonDataTwin/Scripts/TextAssetTelemetrySource.cs:51)
UnityEngine.Events.InvokableCall:Invoke ()
UnityEngine.Events.UnityEvent:Invoke ()
UnityEngine.UI.Button:Press () (at ./Library/PackageCache/com.unity.ugui@377fd60ad87b/Runtime/UGUI/UI/Core/Button.cs:71)
UnityEngine.UI.Button:OnPointerClick (UnityEngine.EventSystems.PointerEventData) (at ./Library/PackageCache/com.unity.ugui@377fd60ad87b/Runtime/UGUI/UI/Core/Button.cs:115)
UnityEngine.EventSystems.ExecuteEvents:Execute (UnityEngine.EventSystems.IPointerClickHandler,UnityEngine.EventSystems.BaseEventData) (at ./Library/PackageCache/com.unity.ugui@377fd60ad87b/Runtime/UGUI/EventSystem/ExecuteEvents.cs:57)
UnityEngine.EventSystems.ExecuteEvents:Execute<UnityEngine.EventSystems.IPointerClickHandler> (UnityEngine.GameObject,UnityEngine.EventSystems.BaseEventData,UnityEngine.EventSystems.ExecuteEvents/EventFunction`1<UnityEngine.EventSystems.IPointerClickHandler>) (at ./Library/PackageCache/com.unity.ugui@377fd60ad87b/Runtime/UGUI/EventSystem/ExecuteEvents.cs:272)
UnityEngine.EventSystems.StandaloneInputModule:ReleaseMouse (UnityEngine.EventSystems.PointerEventData,UnityEngine.GameObject) (at ./Library/PackageCache/com.unity.ugui@377fd60ad87b/Runtime/UGUI/EventSystem/InputModules/StandaloneInputModule.cs:216)
UnityEngine.EventSystems.StandaloneInputModule:ProcessMousePress (UnityEngine.EventSystems.PointerInputModule/MouseButtonEventData) (at ./Library/PackageCache/com.unity.ugui@377fd60ad87b/Runtime/UGUI/EventSystem/InputModules/StandaloneInputModule.cs:678)
UnityEngine.EventSystems.StandaloneInputModule:ProcessMouseEvent (int) (at ./Library/PackageCache/com.unity.ugui@377fd60ad87b/Runtime/UGUI/EventSystem/InputModules/StandaloneInputModule.cs:578)
UnityEngine.EventSystems.StandaloneInputModule:ProcessMouseEvent () (at ./Library/PackageCache/com.unity.ugui@377fd60ad87b/Runtime/UGUI/EventSystem/InputModules/StandaloneInputModule.cs:558)
UnityEngine.EventSystems.StandaloneInputModule:Process () (at ./Library/PackageCache/com.unity.ugui@377fd60ad87b/Runtime/UGUI/EventSystem/InputModules/StandaloneInputModule.cs:306)
UnityEngine.EventSystems.EventSystem:Update () (at ./Library/PackageCache/com.unity.ugui@377fd60ad87b/Runtime/UGUI/EventSystem/EventSystem.cs:516)

(Filename: Assets/DMT321/JsonDataTwin/Scripts/TelemetryReceiver.cs Line: 418)

Telemetry accepted: GH-01 / TEMP: 25.0 C / HUMIDITY: 65.0 %RH
UnityEngine.Debug:ExtractStackTraceNoAlloc (byte*,int,string)
UnityEngine.StackTraceUtility:ExtractStackTrace ()
UnityEngine.DebugLogHandler:Internal_Log (UnityEngine.LogType,UnityEngine.LogOption,string,UnityEngine.Object)
UnityEngine.DebugLogHandler:LogFormat (UnityEngine.LogType,UnityEngine.Object,string,object[])
UnityEngine.Logger:Log (UnityEngine.LogType,object,UnityEngine.Object)
UnityEngine.Debug:Log (object,UnityEngine.Object)
DMT321.JsonDataTwin.TelemetryReceiver:ReceiveJson (string) (at Assets/DMT321/JsonDataTwin/Scripts/TelemetryReceiver.cs:418)
DMT321.JsonDataTwin.TextAssetTelemetrySource:SendFile (UnityEngine.TextAsset) (at Assets/DMT321/JsonDataTwin/Scripts/TextAssetTelemetrySource.cs:88)
DMT321.JsonDataTwin.TextAssetTelemetrySource:LoadNormalJson () (at Assets/DMT321/JsonDataTwin/Scripts/TextAssetTelemetrySource.cs:46)
UnityEngine.Events.InvokableCall:Invoke ()
UnityEngine.Events.UnityEvent:Invoke ()
UnityEngine.UI.Button:Press () (at ./Library/PackageCache/com.unity.ugui@377fd60ad87b/Runtime/UGUI/UI/Core/Button.cs:71)
UnityEngine.UI.Button:OnPointerClick (UnityEngine.EventSystems.PointerEventData) (at ./Library/PackageCache/com.unity.ugui@377fd60ad87b/Runtime/UGUI/UI/Core/Button.cs:115)
UnityEngine.EventSystems.ExecuteEvents:Execute (UnityEngine.EventSystems.IPointerClickHandler,UnityEngine.EventSystems.BaseEventData) (at ./Library/PackageCache/com.unity.ugui@377fd60ad87b/Runtime/UGUI/EventSystem/ExecuteEvents.cs:57)
UnityEngine.EventSystems.ExecuteEvents:Execute<UnityEngine.EventSystems.IPointerClickHandler> (UnityEngine.GameObject,UnityEngine.EventSystems.BaseEventData,UnityEngine.EventSystems.ExecuteEvents/EventFunction`1<UnityEngine.EventSystems.IPointerClickHandler>) (at ./Library/PackageCache/com.unity.ugui@377fd60ad87b/Runtime/UGUI/EventSystem/ExecuteEvents.cs:272)
UnityEngine.EventSystems.StandaloneInputModule:ReleaseMouse (UnityEngine.EventSystems.PointerEventData,UnityEngine.GameObject) (at ./Library/PackageCache/com.unity.ugui@377fd60ad87b/Runtime/UGUI/EventSystem/InputModules/StandaloneInputModule.cs:216)
UnityEngine.EventSystems.StandaloneInputModule:ProcessMousePress (UnityEngine.EventSystems.PointerInputModule/MouseButtonEventData) (at ./Library/PackageCache/com.unity.ugui@377fd60ad87b/Runtime/UGUI/EventSystem/InputModules/StandaloneInputModule.cs:678)
UnityEngine.EventSystems.StandaloneInputModule:ProcessMouseEvent (int) (at ./Library/PackageCache/com.unity.ugui@377fd60ad87b/Runtime/UGUI/EventSystem/InputModules/StandaloneInputModule.cs:578)
UnityEngine.EventSystems.StandaloneInputModule:ProcessMouseEvent () (at ./Library/PackageCache/com.unity.ugui@377fd60ad87b/Runtime/UGUI/EventSystem/InputModules/StandaloneInputModule.cs:558)
UnityEngine.EventSystems.StandaloneInputModule:Process () (at ./Library/PackageCache/com.unity.ugui@377fd60ad87b/Runtime/UGUI/EventSystem/InputModules/StandaloneInputModule.cs:306)
UnityEngine.EventSystems.EventSystem:Update () (at ./Library/PackageCache/com.unity.ugui@377fd60ad87b/Runtime/UGUI/EventSystem/EventSystem.cs:516)

(Filename: Assets/DMT321/JsonDataTwin/Scripts/TelemetryReceiver.cs Line: 418)

Unloading 1 Unused Serialized files (Serialized files now loaded: 0)
Loaded scene 'Temp/__Backupscenes/0.backup'
	Deserialize:            6.625 ms
	Integration:            41.398 ms
	Integration of assets:  0.009 ms
	Thread Wait Time:       0.012 ms
	Total Operation Time:   48.044 ms
Unloading 15 unused Assets / (29.6 MB). Loaded Objects now: 2841.
Memory consumption went from 445.1 MB to 415.4 MB.
Total: 26.353900 ms (FindLiveObjects: 0.430600 ms CreateObjectMapping: 0.118000 ms MarkObjects: 23.164900 ms  DeleteObjects: 2.637200 ms)

[Licensing::Client] Successfully resolved entitlement details
[Licensing::Module] License group:
  Id: F4-V2HH-7T9E-WBHF-A6SK-XXXX
  Product: Unity Personal
  Type: ULF
  Expiration: 2026-09-29T12:00:42Z
[Licensing::Module] License group:
  Id: 18968482900132-UnityPersXXXX
  Product: Unity Personal
  Type: Assigned
  Expiration: Unlimited
Importing 'GUID: a188e68279edd1040a0f29ec96e251fa - Path: Assets/hw2.unity' with importer (DefaultImporter)
Imported 'GUID: a188e68279edd1040a0f29ec96e251fa' -> (Import Result ID: 'df4486802d03822d7b1d724b2753a6c9') in 0.007 seconds [static dependencies only]. Details - ImportResultOutputID=c96599b4691962431ebc319415936ec6 DependenciesID=ea8ee8742de184a9a31ce3a334f9dbf3 StaticDependenciesID=eee3dfaa0389be1233a380786483adab 
Asset Pipeline Refresh (id=6837af77e3a4b704da172a035773b8af): Total: 0.081 seconds - Initiated by StopAssetImportingV2(NoUpdateAssetOptions)
Asset Pipeline Refresh (id=c21b8d432b092b74e89b2497fbd3c90c): Total: 0.019 seconds - Initiated by RefreshV2(AllowForceSynchronousImport)
Asset Pipeline Refresh (id=6af5a3956c0e7bd498815ada943d2018): Total: 0.007 seconds - Initiated by RefreshV2(AllowForceSynchronousImport)
Asset Pipeline Refresh (id=53861aadb7d34bf46bb8119eed5a85d7): Total: 0.010 seconds - Initiated by RefreshV2(AllowForceSynchronousImport)
Reloading assemblies for play mode.
Reloading assemblies after forced synchronous recompile.
Begin MonoManager ReloadAssembly
[Licensing::Client] Successfully resolved entitlement details
[Licensing::Module] License group:
  Id: F4-V2HH-7T9E-WBHF-A6SK-XXXX
  Product: Unity Personal
  Type: ULF
  Expiration: 2026-09-29T12:00:42Z
[Licensing::Module] License group:
  Id: 18968482900132-UnityPersXXXX
  Product: Unity Personal
  Type: Assigned
  Expiration: Unlimited
Native extension for WindowsStandalone target not found
ScheduleIndexationOnStartup MainProcess:True IndexOnStartup:True
[MODES] ModeService[none].Initialize
[MODES] ModeService[none].LoadModes
Mono: successfully reloaded assembly
- Finished resetting the current domain, in  2.483 seconds
Domain Reload Profiling: 3623ms
	BeginReloadAssembly (805ms)
		DisableScriptedObjects (218ms)
		CreateAndSetChildDomain (235ms)
	RebuildCommonClasses (20ms)
	RebuildNativeTypeToScriptingClass (25ms)
	initialDomainReloadingComplete (78ms)
	LoadAllAssembliesAndSetupDomain (210ms)
		LoadAssemblies (209ms)
		AnalyzeDomain (47ms)
			TypeCache.Refresh (40ms)
	FinalizeReload (2485ms)
		SetupLoadedEditorAssemblies (0ms)
			InitializePlatformSupportModulesInManaged (3ms)
			BeforeProcessingInitializeOnLoad (169ms)
			ProcessInitializeOnLoadAttributes (133ms)
			ProcessInitializeOnLoadMethodAttributes (129ms)
			AfterProcessingInitializeOnLoad (11ms)
		AwakeInstancesAfterBackupRestoration (1262ms)

Asset Pipeline Refresh (id=9feb94ad7ee69fa4d905730d8c079ee1): Total: 3.886 seconds - Initiated by StopAssetImportingV2(ForceSynchronousImport | ForceDomainReload)
	(Values over 0.05ms)
	Summary:
		Imports: total=0 (actual=0, local cache=0, cache server=0)
		Asset DB Process Time: managed=0 ms, native=2554 ms
		Asset DB Callback time: managed=35 ms, native=0 ms
		Scripting: domain reloads=1, domain reload time=1291 ms, compile time=3 ms, other=0 ms
		Project Asset Count: scripts=139, non-scripts=105
		Asset File Changes: new=0, changed=0, moved=0, deleted=0
		Scan Filter Count: 0
	InvokePackagesCallback: 3.032ms
	ApplyChangesToAssetFolders: 0.176ms
	Collect global state as custom dependencies: 0.181ms
	ProcessAssetsWithTransientArtifactChanges: 0.057ms
	CategorizeAssets: 2.800ms
	CompileScripts: 3.043ms
	ImportOutOfDateAssets: 2489.958ms (2486.836ms without children)
		ReloadNativeAssets: 0.610ms
		UnloadImportedAssets: 0.512ms
		EnsureUptoDateAssetsAreRegisteredWithGuidPM: 0.101ms
		ImportSchedulerStart: 1.896ms
	PostProcessAllAssets: 35.959ms
		MonoPostProcessAllAssets: 35.948ms
			WindowAssetPostprocessingWatcher.OnPostprocessAllAssets 14.635ms
			BuilderAssetPostprocessor.OnPostprocessAllAssets 11.740ms
			AssetChangedListener.OnPostprocessAllAssets 10.194ms
			AssetPostprocessor.OnPostprocessAllAssets 7.473ms
			SyncVS.PostprocessSyncProject 2.714ms
			RetainedModeAssetPostprocessor.OnPostprocessAllAssets 2.341ms
			SpeedTree9Postprocessor.OnPostprocessAllAssets 1.635ms
			ArtifactBrowserPostProcessor.OnPostprocessAllAssets 1.110ms
			TMPro_TexturePostProcessor.OnPostprocessAllAssets 1.005ms
			AudioMixerPostprocessor.OnPostprocessAllAssets 0.607ms
			TextAssetPostProcessor.OnPostprocessAllAssets 0.595ms
			ReferencedClipsPostProcessor.OnPostprocessAllAssets 0.520ms
			EditModeScopePostprocessor.OnPostprocessAllAssets 0.455ms
			StyleCatalogPostProcessor.OnPostprocessAllAssets 0.451ms
			AssetEvents.OnPostprocessAllAssets 0.395ms
			TerrainToolbarOverlayPostProcessor.OnPostprocessAllAssets 0.300ms
			SpeedTreePostProcessor.OnPostprocessAllAssets 0.289ms
			ConfigAssetsTracker.OnPostprocessAllAssets 0.265ms
			ScenarioDriftAssetsTracker.OnPostprocessAllAssets 0.241ms
			AssetDatabaseCallbacks.OnPostprocessAllAssets 0.224ms
			RenderPipelineGlobalSettingsPostprocessor.OnPostprocessAllAssets 0.154ms
			AudioContainerPostProcessor.OnPostprocessAllAssets 0.108ms
	GenerateScriptTypeHashes: 0.569ms
	GenerateScriptTypeSerializationHashes: 1.106ms
	Untracked: 1343.338ms

Loaded scene 'Temp/__Backupscenes/0.backup'
	Deserialize:            8.234 ms
	Integration:            84.185 ms
	Integration of assets:  0.012 ms
	Thread Wait Time:       0.007 ms
	Total Operation Time:   92.438 ms
BoxCollider does not support negative scale or size.
The effective box size has been forced positive and is likely to give unexpected collision geometry.
If you absolutely need to use negative scaling you can use the convex MeshCollider. Scene hierarchy path "World/GreenHouse/floorDoorWay"
BoxCollider does not support negative scale or size.
The effective box size has been forced positive and is likely to give unexpected collision geometry.
If you absolutely need to use negative scaling you can use the convex MeshCollider. Scene hierarchy path "World/GreenHouse/floor"
BoxCollider does not support negative scale or size.
The effective box size has been forced positive and is likely to give unexpected collision geometry.
If you absolutely need to use negative scaling you can use the convex MeshCollider. Scene hierarchy path "World/GreenHouse/Groud"
[Licensing::Client] Successfully resolved entitlement details
Telemetry accepted: GH-01 / TEMP: 18.0 C / HUMIDITY: 50.0 %RH
UnityEngine.Debug:ExtractStackTraceNoAlloc (byte*,int,string)
UnityEngine.StackTraceUtility:ExtractStackTrace ()
UnityEngine.DebugLogHandler:Internal_Log (UnityEngine.LogType,UnityEngine.LogOption,string,UnityEngine.Object)
UnityEngine.DebugLogHandler:LogFormat (UnityEngine.LogType,UnityEngine.Object,string,object[])
UnityEngine.Logger:Log (UnityEngine.LogType,object,UnityEngine.Object)
UnityEngine.Debug:Log (object,UnityEngine.Object)
DMT321.JsonDataTwin.TelemetryReceiver:ReceiveJson (string) (at Assets/DMT321/JsonDataTwin/Scripts/TelemetryReceiver.cs:418)
DMT321.JsonDataTwin.TextAssetTelemetrySource:SendFile (UnityEngine.TextAsset) (at Assets/DMT321/JsonDataTwin/Scripts/TextAssetTelemetrySource.cs:88)
DMT321.JsonDataTwin.TextAssetTelemetrySource:LoadColdJson () (at Assets/DMT321/JsonDataTwin/Scripts/TextAssetTelemetrySource.cs:41)
UnityEngine.Events.InvokableCall:Invoke ()
UnityEngine.Events.UnityEvent:Invoke ()
UnityEngine.UI.Button:Press () (at ./Library/PackageCache/com.unity.ugui@377fd60ad87b/Runtime/UGUI/UI/Core/Button.cs:71)
UnityEngine.UI.Button:OnPointerClick (UnityEngine.EventSystems.PointerEventData) (at ./Library/PackageCache/com.unity.ugui@377fd60ad87b/Runtime/UGUI/UI/Core/Button.cs:115)
UnityEngine.EventSystems.ExecuteEvents:Execute (UnityEngine.EventSystems.IPointerClickHandler,UnityEngine.EventSystems.BaseEventData) (at ./Library/PackageCache/com.unity.ugui@377fd60ad87b/Runtime/UGUI/EventSystem/ExecuteEvents.cs:57)
UnityEngine.EventSystems.ExecuteEvents:Execute<UnityEngine.EventSystems.IPointerClickHandler> (UnityEngine.GameObject,UnityEngine.EventSystems.BaseEventData,UnityEngine.EventSystems.ExecuteEvents/EventFunction`1<UnityEngine.EventSystems.IPointerClickHandler>) (at ./Library/PackageCache/com.unity.ugui@377fd60ad87b/Runtime/UGUI/EventSystem/ExecuteEvents.cs:272)
UnityEngine.EventSystems.StandaloneInputModule:ReleaseMouse (UnityEngine.EventSystems.PointerEventData,UnityEngine.GameObject) (at ./Library/PackageCache/com.unity.ugui@377fd60ad87b/Runtime/UGUI/EventSystem/InputModules/StandaloneInputModule.cs:216)
UnityEngine.EventSystems.StandaloneInputModule:ProcessMousePress (UnityEngine.EventSystems.PointerInputModule/MouseButtonEventData) (at ./Library/PackageCache/com.unity.ugui@377fd60ad87b/Runtime/UGUI/EventSystem/InputModules/StandaloneInputModule.cs:678)
UnityEngine.EventSystems.StandaloneInputModule:ProcessMouseEvent (int) (at ./Library/PackageCache/com.unity.ugui@377fd60ad87b/Runtime/UGUI/EventSystem/InputModules/StandaloneInputModule.cs:578)
UnityEngine.EventSystems.StandaloneInputModule:ProcessMouseEvent () (at ./Library/PackageCache/com.unity.ugui@377fd60ad87b/Runtime/UGUI/EventSystem/InputModules/StandaloneInputModule.cs:558)
UnityEngine.EventSystems.StandaloneInputModule:Process () (at ./Library/PackageCache/com.unity.ugui@377fd60ad87b/Runtime/UGUI/EventSystem/InputModules/StandaloneInputModule.cs:306)
UnityEngine.EventSystems.EventSystem:Update () (at ./Library/PackageCache/com.unity.ugui@377fd60ad87b/Runtime/UGUI/EventSystem/EventSystem.cs:516)

(Filename: Assets/DMT321/JsonDataTwin/Scripts/TelemetryReceiver.cs Line: 418)

Telemetry accepted: GH-01 / TEMP: 25.0 C / HUMIDITY: 65.0 %RH
UnityEngine.Debug:ExtractStackTraceNoAlloc (byte*,int,string)
UnityEngine.StackTraceUtility:ExtractStackTrace ()
UnityEngine.DebugLogHandler:Internal_Log (UnityEngine.LogType,UnityEngine.LogOption,string,UnityEngine.Object)
UnityEngine.DebugLogHandler:LogFormat (UnityEngine.LogType,UnityEngine.Object,string,object[])
UnityEngine.Logger:Log (UnityEngine.LogType,object,UnityEngine.Object)
UnityEngine.Debug:Log (object,UnityEngine.Object)
DMT321.JsonDataTwin.TelemetryReceiver:ReceiveJson (string) (at Assets/DMT321/JsonDataTwin/Scripts/TelemetryReceiver.cs:418)
DMT321.JsonDataTwin.TextAssetTelemetrySource:SendFile (UnityEngine.TextAsset) (at Assets/DMT321/JsonDataTwin/Scripts/TextAssetTelemetrySource.cs:88)
DMT321.JsonDataTwin.TextAssetTelemetrySource:LoadNormalJson () (at Assets/DMT321/JsonDataTwin/Scripts/TextAssetTelemetrySource.cs:46)
UnityEngine.Events.InvokableCall:Invoke ()
UnityEngine.Events.UnityEvent:Invoke ()
UnityEngine.UI.Button:Press () (at ./Library/PackageCache/com.unity.ugui@377fd60ad87b/Runtime/UGUI/UI/Core/Button.cs:71)
UnityEngine.UI.Button:OnPointerClick (UnityEngine.EventSystems.PointerEventData) (at ./Library/PackageCache/com.unity.ugui@377fd60ad87b/Runtime/UGUI/UI/Core/Button.cs:115)
UnityEngine.EventSystems.ExecuteEvents:Execute (UnityEngine.EventSystems.IPointerClickHandler,UnityEngine.EventSystems.BaseEventData) (at ./Library/PackageCache/com.unity.ugui@377fd60ad87b/Runtime/UGUI/EventSystem/ExecuteEvents.cs:57)
UnityEngine.EventSystems.ExecuteEvents:Execute<UnityEngine.EventSystems.IPointerClickHandler> (UnityEngine.GameObject,UnityEngine.EventSystems.BaseEventData,UnityEngine.EventSystems.ExecuteEvents/EventFunction`1<UnityEngine.EventSystems.IPointerClickHandler>) (at ./Library/PackageCache/com.unity.ugui@377fd60ad87b/Runtime/UGUI/EventSystem/ExecuteEvents.cs:272)
UnityEngine.EventSystems.StandaloneInputModule:ReleaseMouse (UnityEngine.EventSystems.PointerEventData,UnityEngine.GameObject) (at ./Library/PackageCache/com.unity.ugui@377fd60ad87b/Runtime/UGUI/EventSystem/InputModules/StandaloneInputModule.cs:216)
UnityEngine.EventSystems.StandaloneInputModule:ProcessMousePress (UnityEngine.EventSystems.PointerInputModule/MouseButtonEventData) (at ./Library/PackageCache/com.unity.ugui@377fd60ad87b/Runtime/UGUI/EventSystem/InputModules/StandaloneInputModule.cs:678)
UnityEngine.EventSystems.StandaloneInputModule:ProcessMouseEvent (int) (at ./Library/PackageCache/com.unity.ugui@377fd60ad87b/Runtime/UGUI/EventSystem/InputModules/StandaloneInputModule.cs:578)
UnityEngine.EventSystems.StandaloneInputModule:ProcessMouseEvent () (at ./Library/PackageCache/com.unity.ugui@377fd60ad87b/Runtime/UGUI/EventSystem/InputModules/StandaloneInputModule.cs:558)
UnityEngine.EventSystems.StandaloneInputModule:Process () (at ./Library/PackageCache/com.unity.ugui@377fd60ad87b/Runtime/UGUI/EventSystem/InputModules/StandaloneInputModule.cs:306)
UnityEngine.EventSystems.EventSystem:Update () (at ./Library/PackageCache/com.unity.ugui@377fd60ad87b/Runtime/UGUI/EventSystem/EventSystem.cs:516)

(Filename: Assets/DMT321/JsonDataTwin/Scripts/TelemetryReceiver.cs Line: 418)

Telemetry accepted: GH-01 / TEMP: 35.0 C / HUMIDITY: 80.0 %RH
UnityEngine.Debug:ExtractStackTraceNoAlloc (byte*,int,string)
UnityEngine.StackTraceUtility:ExtractStackTrace ()
UnityEngine.DebugLogHandler:Internal_Log (UnityEngine.LogType,UnityEngine.LogOption,string,UnityEngine.Object)
UnityEngine.DebugLogHandler:LogFormat (UnityEngine.LogType,UnityEngine.Object,string,object[])
UnityEngine.Logger:Log (UnityEngine.LogType,object,UnityEngine.Object)
UnityEngine.Debug:Log (object,UnityEngine.Object)
DMT321.JsonDataTwin.TelemetryReceiver:ReceiveJson (string) (at Assets/DMT321/JsonDataTwin/Scripts/TelemetryReceiver.cs:418)
DMT321.JsonDataTwin.TextAssetTelemetrySource:SendFile (UnityEngine.TextAsset) (at Assets/DMT321/JsonDataTwin/Scripts/TextAssetTelemetrySource.cs:88)
DMT321.JsonDataTwin.TextAssetTelemetrySource:LoadHotJson () (at Assets/DMT321/JsonDataTwin/Scripts/TextAssetTelemetrySource.cs:51)
UnityEngine.Events.InvokableCall:Invoke ()
UnityEngine.Events.UnityEvent:Invoke ()
UnityEngine.UI.Button:Press () (at ./Library/PackageCache/com.unity.ugui@377fd60ad87b/Runtime/UGUI/UI/Core/Button.cs:71)
UnityEngine.UI.Button:OnPointerClick (UnityEngine.EventSystems.PointerEventData) (at ./Library/PackageCache/com.unity.ugui@377fd60ad87b/Runtime/UGUI/UI/Core/Button.cs:115)
UnityEngine.EventSystems.ExecuteEvents:Execute (UnityEngine.EventSystems.IPointerClickHandler,UnityEngine.EventSystems.BaseEventData) (at ./Library/PackageCache/com.unity.ugui@377fd60ad87b/Runtime/UGUI/EventSystem/ExecuteEvents.cs:57)
UnityEngine.EventSystems.ExecuteEvents:Execute<UnityEngine.EventSystems.IPointerClickHandler> (UnityEngine.GameObject,UnityEngine.EventSystems.BaseEventData,UnityEngine.EventSystems.ExecuteEvents/EventFunction`1<UnityEngine.EventSystems.IPointerClickHandler>) (at ./Library/PackageCache/com.unity.ugui@377fd60ad87b/Runtime/UGUI/EventSystem/ExecuteEvents.cs:272)
UnityEngine.EventSystems.StandaloneInputModule:ReleaseMouse (UnityEngine.EventSystems.PointerEventData,UnityEngine.GameObject) (at ./Library/PackageCache/com.unity.ugui@377fd60ad87b/Runtime/UGUI/EventSystem/InputModules/StandaloneInputModule.cs:216)
UnityEngine.EventSystems.StandaloneInputModule:ProcessMousePress (UnityEngine.EventSystems.PointerInputModule/MouseButtonEventData) (at ./Library/PackageCache/com.unity.ugui@377fd60ad87b/Runtime/UGUI/EventSystem/InputModules/StandaloneInputModule.cs:678)
UnityEngine.EventSystems.StandaloneInputModule:ProcessMouseEvent (int) (at ./Library/PackageCache/com.unity.ugui@377fd60ad87b/Runtime/UGUI/EventSystem/InputModules/StandaloneInputModule.cs:578)
UnityEngine.EventSystems.StandaloneInputModule:ProcessMouseEvent () (at ./Library/PackageCache/com.unity.ugui@377fd60ad87b/Runtime/UGUI/EventSystem/InputModules/StandaloneInputModule.cs:558)
UnityEngine.EventSystems.StandaloneInputModule:Process () (at ./Library/PackageCache/com.unity.ugui@377fd60ad87b/Runtime/UGUI/EventSystem/InputModules/StandaloneInputModule.cs:306)
UnityEngine.EventSystems.EventSystem:Update () (at ./Library/PackageCache/com.unity.ugui@377fd60ad87b/Runtime/UGUI/EventSystem/EventSystem.cs:516)

(Filename: Assets/DMT321/JsonDataTwin/Scripts/TelemetryReceiver.cs Line: 418)

Telemetry accepted: GH-01 / TEMP: 18.0 C / HUMIDITY: 50.0 %RH
UnityEngine.Debug:ExtractStackTraceNoAlloc (byte*,int,string)
UnityEngine.StackTraceUtility:ExtractStackTrace ()
UnityEngine.DebugLogHandler:Internal_Log (UnityEngine.LogType,UnityEngine.LogOption,string,UnityEngine.Object)
UnityEngine.DebugLogHandler:LogFormat (UnityEngine.LogType,UnityEngine.Object,string,object[])
UnityEngine.Logger:Log (UnityEngine.LogType,object,UnityEngine.Object)
UnityEngine.Debug:Log (object,UnityEngine.Object)
DMT321.JsonDataTwin.TelemetryReceiver:ReceiveJson (string) (at Assets/DMT321/JsonDataTwin/Scripts/TelemetryReceiver.cs:418)
DMT321.JsonDataTwin.TextAssetTelemetrySource:SendFile (UnityEngine.TextAsset) (at Assets/DMT321/JsonDataTwin/Scripts/TextAssetTelemetrySource.cs:88)
DMT321.JsonDataTwin.TextAssetTelemetrySource:LoadColdJson () (at Assets/DMT321/JsonDataTwin/Scripts/TextAssetTelemetrySource.cs:41)
UnityEngine.Events.InvokableCall:Invoke ()
UnityEngine.Events.UnityEvent:Invoke ()
UnityEngine.UI.Button:Press () (at ./Library/PackageCache/com.unity.ugui@377fd60ad87b/Runtime/UGUI/UI/Core/Button.cs:71)
UnityEngine.UI.Button:OnPointerClick (UnityEngine.EventSystems.PointerEventData) (at ./Library/PackageCache/com.unity.ugui@377fd60ad87b/Runtime/UGUI/UI/Core/Button.cs:115)
UnityEngine.EventSystems.ExecuteEvents:Execute (UnityEngine.EventSystems.IPointerClickHandler,UnityEngine.EventSystems.BaseEventData) (at ./Library/PackageCache/com.unity.ugui@377fd60ad87b/Runtime/UGUI/EventSystem/ExecuteEvents.cs:57)
UnityEngine.EventSystems.ExecuteEvents:Execute<UnityEngine.EventSystems.IPointerClickHandler> (UnityEngine.GameObject,UnityEngine.EventSystems.BaseEventData,UnityEngine.EventSystems.ExecuteEvents/EventFunction`1<UnityEngine.EventSystems.IPointerClickHandler>) (at ./Library/PackageCache/com.unity.ugui@377fd60ad87b/Runtime/UGUI/EventSystem/ExecuteEvents.cs:272)
UnityEngine.EventSystems.StandaloneInputModule:ReleaseMouse (UnityEngine.EventSystems.PointerEventData,UnityEngine.GameObject) (at ./Library/PackageCache/com.unity.ugui@377fd60ad87b/Runtime/UGUI/EventSystem/InputModules/StandaloneInputModule.cs:216)
UnityEngine.EventSystems.StandaloneInputModule:ProcessMousePress (UnityEngine.EventSystems.PointerInputModule/MouseButtonEventData) (at ./Library/PackageCache/com.unity.ugui@377fd60ad87b/Runtime/UGUI/EventSystem/InputModules/StandaloneInputModule.cs:678)
UnityEngine.EventSystems.StandaloneInputModule:ProcessMouseEvent (int) (at ./Library/PackageCache/com.unity.ugui@377fd60ad87b/Runtime/UGUI/EventSystem/InputModules/StandaloneInputModule.cs:578)
UnityEngine.EventSystems.StandaloneInputModule:ProcessMouseEvent () (at ./Library/PackageCache/com.unity.ugui@377fd60ad87b/Runtime/UGUI/EventSystem/InputModules/StandaloneInputModule.cs:558)
UnityEngine.EventSystems.StandaloneInputModule:Process () (at ./Library/PackageCache/com.unity.ugui@377fd60ad87b/Runtime/UGUI/EventSystem/InputModules/StandaloneInputModule.cs:306)
UnityEngine.EventSystems.EventSystem:Update () (at ./Library/PackageCache/com.unity.ugui@377fd60ad87b/Runtime/UGUI/EventSystem/EventSystem.cs:516)

(Filename: Assets/DMT321/JsonDataTwin/Scripts/TelemetryReceiver.cs Line: 418)

Unloading 0 Unused Serialized files (Serialized files now loaded: 0)
Loaded scene 'Temp/__Backupscenes/0.backup'
	Deserialize:            7.368 ms
	Integration:            52.127 ms
	Integration of assets:  0.014 ms
	Thread Wait Time:       0.005 ms
	Total Operation Time:   59.514 ms
Unloading 11 unused Assets / (29.5 MB). Loaded Objects now: 2821.
Memory consumption went from 442.1 MB to 412.6 MB.
Total: 34.825600 ms (FindLiveObjects: 0.474900 ms CreateObjectMapping: 0.106000 ms MarkObjects: 31.327500 ms  DeleteObjects: 2.913900 ms)

[Licensing::Client] Successfully resolved entitlement details
[Licensing::Module] License group:
  Id: F4-V2HH-7T9E-WBHF-A6SK-XXXX
  Product: Unity Personal
  Type: ULF
  Expiration: 2026-09-29T12:00:42Z
[Licensing::Module] License group:
  Id: 18968482900132-UnityPersXXXX
  Product: Unity Personal
  Type: Assigned
  Expiration: Unlimited
Asset Pipeline Refresh (id=3919e8ab39b368142985c1ea2f5f7d78): Total: 0.009 seconds - Initiated by RefreshV2(AllowForceSynchronousImport)
Asset Pipeline Refresh (id=b1cbdb773f7ecbb41b52933c96d6145f): Total: 0.005 seconds - Initiated by RefreshV2(AllowForceSynchronousImport)
Asset Pipeline Refresh (id=6636d6addb0e41a4d8804c2b09037de2): Total: 0.006 seconds - Initiated by RefreshV2(AllowForceSynchronousImport)
[Worker0] Imported GUID: b51b8c0c6384149fe84e616ca6c3b563 - Path: Assets/DMT321/JsonDataTwin/Data/cold.json - Importer: PreviewImporter -> (ImportResultId: 'b0c6782498762815be97eb6c007ca6c4') in 0.031539 seconds
External Code Editor application path does not exist (C:\Program Files\Microsoft Visual Studio\2022\Community\Common7\IDE\devenv.exe)! Please select a different application.
UnityEngine.Debug:ExtractStackTraceNoAlloc (byte*,int,string)
UnityEngine.StackTraceUtility:ExtractStackTrace ()
UnityEngine.DebugLogHandler:Internal_Log (UnityEngine.LogType,UnityEngine.LogOption,string,UnityEngine.Object)
UnityEngine.DebugLogHandler:LogFormat (UnityEngine.LogType,UnityEngine.Object,string,object[])
UnityEngine.Logger:Log (UnityEngine.LogType,object)
UnityEngine.Debug:LogWarning (object)
UnityEditor.DefaultExternalCodeEditor:OpenProject (string,int,int)
Unity.CodeEditor.CodeEditor:OnOpenAsset (UnityEngine.EntityId,int,int)
UnityEditor.AssetDatabase:OpenAsset (UnityEngine.EntityId,int,int)
UnityEditor.AssetDatabase:OpenAsset (UnityEngine.EntityId)
UnityEditor.ProjectBrowser:OpenAssetSelection (UnityEngine.EntityId[])
UnityEditor.ProjectBrowser:AssetTreeItemDoubleClickedCallback (UnityEngine.EntityId)
UnityEditor.IMGUI.Controls.TreeViewController`1<UnityEngine.EntityId>:HandleUnusedMouseEventsForItem (UnityEngine.Rect,UnityEditor.IMGUI.Controls.TreeViewItem`1<UnityEngine.EntityId>,int)
UnityEditor.IMGUI.Controls.TreeViewController`1<UnityEngine.EntityId>:DoItemGUI (UnityEditor.IMGUI.Controls.TreeViewItem`1<UnityEngine.EntityId>,int,single,bool)
UnityEditor.IMGUI.Controls.TreeViewController`1<UnityEngine.EntityId>:IterateVisibleItems (int,int,single,bool)
UnityEditor.IMGUI.Controls.TreeViewController`1<UnityEngine.EntityId>:OnGUI (UnityEngine.Rect,int)
UnityEditor.ProjectBrowser:OnGUI ()
UnityEditor.HostView:InvokeOnGUI (UnityEngine.Rect)
UnityEditor.DockArea:DrawView (UnityEngine.Rect)
UnityEditor.DockArea:OldOnGUI ()
UnityEngine.UIElements.IMGUIContainer:DoOnGUI (UnityEngine.Event,UnityEngine.Matrix4x4,UnityEngine.Rect,bool,UnityEngine.Rect,System.Action,bool)
UnityEngine.UIElements.IMGUIContainer:HandleIMGUIEvent (UnityEngine.Event,UnityEngine.Matrix4x4,UnityEngine.Rect,System.Action,bool)
UnityEngine.UIElements.IMGUIContainer:HandleIMGUIEvent (UnityEngine.Event,System.Action,bool)
UnityEngine.UIElements.IMGUIContainer:HandleIMGUIEvent (UnityEngine.Event,bool)
UnityEngine.UIElements.IMGUIContainer:SendEventToIMGUIRaw (UnityEngine.UIElements.EventBase,bool,bool)
UnityEngine.UIElements.IMGUIContainer:SendEventToIMGUI (UnityEngine.UIElements.EventBase,bool,bool)
UnityEngine.UIElements.IMGUIContainer:HandleEventBubbleUp (UnityEngine.UIElements.EventBase)
UnityEngine.UIElements.EventDispatchUtilities:HandleEventAcrossPropagationPathWithCompatibilityEvent (UnityEngine.UIElements.EventBase,UnityEngine.UIElements.EventBase,UnityEngine.UIElements.BaseVisualElementPanel,UnityEngine.UIElements.VisualElement,bool)
UnityEngine.UIElements.EventDispatchUtilities:DispatchToElementUnderPointerOrPanelRoot (UnityEngine.UIElements.EventBase,UnityEngine.UIElements.BaseVisualElementPanel,int,UnityEngine.Vector2)
UnityEngine.UIElements.EventDispatchUtilities:DispatchToCapturingElementOrElementUnderPointer (UnityEngine.UIElements.EventBase,UnityEngine.UIElements.BaseVisualElementPanel,int,UnityEngine.Vector2)
UnityEngine.UIElements.PointerDownEvent:Dispatch (UnityEngine.UIElements.BaseVisualElementPanel)
UnityEngine.UIElements.EventDispatcher:ProcessEvent (UnityEngine.UIElements.EventBase,UnityEngine.UIElements.BaseVisualElementPanel)
UnityEngine.UIElements.EventDispatcher:Dispatch (UnityEngine.UIElements.EventBase,UnityEngine.UIElements.BaseVisualElementPanel,UnityEngine.UIElements.DispatchMode)
UnityEngine.UIElements.BaseVisualElementPanel:SendEvent (UnityEngine.UIElements.EventBase,UnityEngine.UIElements.DispatchMode)
UnityEditor.UIElements.EditorEventDispatchUtility:DoDispatch (UnityEngine.UIElements.BaseVisualElementPanel,UnityEngine.Event)
UnityEditor.UIElements.DefaultWindowBackend:ProcessEvent (UnityEngine.Event)
UnityEditor.GUIView:ProcessEvent (UnityEngine.EntityId,intptr,bool&)

External Code Editor application path does not exist (C:\Program Files\Microsoft Visual Studio\2022\Community\Common7\IDE\devenv.exe)! Please select a different application.
UnityEngine.Debug:ExtractStackTraceNoAlloc (byte*,int,string)
UnityEngine.StackTraceUtility:ExtractStackTrace ()
UnityEngine.DebugLogHandler:Internal_Log (UnityEngine.LogType,UnityEngine.LogOption,string,UnityEngine.Object)
UnityEngine.DebugLogHandler:LogFormat (UnityEngine.LogType,UnityEngine.Object,string,object[])
UnityEngine.Logger:Log (UnityEngine.LogType,object)
UnityEngine.Debug:LogWarning (object)
UnityEditor.DefaultExternalCodeEditor:OpenProject (string,int,int)
Unity.CodeEditor.CodeEditor:OpenProject (string,int,int)
UnityEditor.AssetDatabase:OpenAsset (UnityEngine.EntityId,int,int)
UnityEditor.AssetDatabase:OpenAsset (UnityEngine.EntityId)
UnityEditor.ProjectBrowser:OpenAssetSelection (UnityEngine.EntityId[])
UnityEditor.ProjectBrowser:AssetTreeItemDoubleClickedCallback (UnityEngine.EntityId)
UnityEditor.IMGUI.Controls.TreeViewController`1<UnityEngine.EntityId>:HandleUnusedMouseEventsForItem (UnityEngine.Rect,UnityEditor.IMGUI.Controls.TreeViewItem`1<UnityEngine.EntityId>,int)
UnityEditor.IMGUI.Controls.TreeViewController`1<UnityEngine.EntityId>:DoItemGUI (UnityEditor.IMGUI.Controls.TreeViewItem`1<UnityEngine.EntityId>,int,single,bool)
UnityEditor.IMGUI.Controls.TreeViewController`1<UnityEngine.EntityId>:IterateVisibleItems (int,int,single,bool)
UnityEditor.IMGUI.Controls.TreeViewController`1<UnityEngine.EntityId>:OnGUI (UnityEngine.Rect,int)
UnityEditor.ProjectBrowser:OnGUI ()
UnityEditor.HostView:InvokeOnGUI (UnityEngine.Rect)
UnityEditor.DockArea:DrawView (UnityEngine.Rect)
UnityEditor.DockArea:OldOnGUI ()
UnityEngine.UIElements.IMGUIContainer:DoOnGUI (UnityEngine.Event,UnityEngine.Matrix4x4,UnityEngine.Rect,bool,UnityEngine.Rect,System.Action,bool)
UnityEngine.UIElements.IMGUIContainer:HandleIMGUIEvent (UnityEngine.Event,UnityEngine.Matrix4x4,UnityEngine.Rect,System.Action,bool)
UnityEngine.UIElements.IMGUIContainer:HandleIMGUIEvent (UnityEngine.Event,System.Action,bool)
UnityEngine.UIElements.IMGUIContainer:HandleIMGUIEvent (UnityEngine.Event,bool)
UnityEngine.UIElements.IMGUIContainer:SendEventToIMGUIRaw (UnityEngine.UIElements.EventBase,bool,bool)
UnityEngine.UIElements.IMGUIContainer:SendEventToIMGUI (UnityEngine.UIElements.EventBase,bool,bool)
UnityEngine.UIElements.IMGUIContainer:HandleEventBubbleUp (UnityEngine.UIElements.EventBase)
UnityEngine.UIElements.EventDispatchUtilities:HandleEventAcrossPropagationPathWithCompatibilityEvent (UnityEngine.UIElements.EventBase,UnityEngine.UIElements.EventBase,UnityEngine.UIElements.BaseVisualElementPanel,UnityEngine.UIElements.VisualElement,bool)
UnityEngine.UIElements.EventDispatchUtilities:DispatchToElementUnderPointerOrPanelRoot (UnityEngine.UIElements.EventBase,UnityEngine.UIElements.BaseVisualElementPanel,int,UnityEngine.Vector2)
UnityEngine.UIElements.EventDispatchUtilities:DispatchToCapturingElementOrElementUnderPointer (UnityEngine.UIElements.EventBase,UnityEngine.UIElements.BaseVisualElementPanel,int,UnityEngine.Vector2)
UnityEngine.UIElements.PointerDownEvent:Dispatch (UnityEngine.UIElements.BaseVisualElementPanel)
UnityEngine.UIElements.EventDispatcher:ProcessEvent (UnityEngine.UIElements.EventBase,UnityEngine.UIElements.BaseVisualElementPanel)
UnityEngine.UIElements.EventDispatcher:Dispatch (UnityEngine.UIElements.EventBase,UnityEngine.UIElements.BaseVisualElementPanel,UnityEngine.UIElements.DispatchMode)
UnityEngine.UIElements.BaseVisualElementPanel:SendEvent (UnityEngine.UIElements.EventBase,UnityEngine.UIElements.DispatchMode)
UnityEditor.UIElements.EditorEventDispatchUtility:DoDispatch (UnityEngine.UIElements.BaseVisualElementPanel,UnityEngine.Event)
UnityEditor.UIElements.DefaultWindowBackend:ProcessEvent (UnityEngine.Event)
UnityEditor.GUIView:ProcessEvent (UnityEngine.EntityId,intptr,bool&)

EditorHelper: Unable to use the external script editor. Trying the internal script editor now.
Asset Pipeline Refresh (id=f067b064c621dec40a815205e10990a5): Total: 0.016 seconds - Initiated by RefreshV2(AllowForceSynchronousImport)
Asset Pipeline Refresh (id=d4a086c16a7707a478111b82a1df9015): Total: 0.007 seconds - Initiated by RefreshV2(AllowForceSynchronousImport)
Asset Pipeline Refresh (id=36b0d80ee980ee64ebb4440d0dd1f839): Total: 0.005 seconds - Initiated by RefreshV2(AllowForceSynchronousImport)
Asset Pipeline Refresh (id=f6525f06f7d1bba4b8880e6246fde40f): Total: 0.008 seconds - Initiated by RefreshV2(AllowForceSynchronousImport)
Asset Pipeline Refresh (id=e174bd167087bbe408e7f8f12d9d7de2): Total: 0.005 seconds - Initiated by RefreshV2(AllowForceSynchronousImport)
[Worker0] Imported GUID: 7a9781d740c1b9041b640e3d19c6d9c9 - Path: Assets/DMT321/JsonDataTwin/Scenes/L02_JSONDataQualityTwin.unity - Importer: PreviewImporter -> (ImportResultId: '1dedb824935a8849de434f5bba7e36e3') in 0.0025776 seconds
[Worker0] Imported GUID: 0d06746ca0bb047d9b76614ce04c204c - Path: Assets/DMT321/JsonDataTwin/Scenes/L02_StartHere.unity - Importer: PreviewImporter -> (ImportResultId: '7f276be42dd7d5af067b2beb2cedc9a7') in 0.002175 seconds
[Worker0] Imported GUID: 43675d4cc65284d9a93be7630dcbd6c2 - Path: Assets/DMT321/JsonDataTwin/Scripts/TemperatureTwinView.cs - Importer: PreviewImporter -> (ImportResultId: 'b09b36edf27c14fd5d38d46f0bcbf8de') in 0.001683 seconds
[Worker0] Imported GUID: f76d0e9caf6734ea0bca69c2d5f75118 - Path: Assets/DMT321/JsonDataTwin/Scripts/SensorPacket.cs - Importer: PreviewImporter -> (ImportResultId: 'a78d05af1428806a71696d48faf65a7c') in 0.0017444 seconds
External Code Editor application path does not exist (C:\Program Files\Microsoft Visual Studio\2022\Community\Common7\IDE\devenv.exe)! Please select a different application.
UnityEngine.Debug:ExtractStackTraceNoAlloc (byte*,int,string)
UnityEngine.StackTraceUtility:ExtractStackTrace ()
UnityEngine.DebugLogHandler:Internal_Log (UnityEngine.LogType,UnityEngine.LogOption,string,UnityEngine.Object)
UnityEngine.DebugLogHandler:LogFormat (UnityEngine.LogType,UnityEngine.Object,string,object[])
UnityEngine.Logger:Log (UnityEngine.LogType,object)
UnityEngine.Debug:LogWarning (object)
UnityEditor.DefaultExternalCodeEditor:OpenProject (string,int,int)
Unity.CodeEditor.CodeEditor:OnOpenAsset (UnityEngine.EntityId,int,int)
UnityEditor.AssetDatabase:OpenAsset (UnityEngine.EntityId,int,int)
UnityEditor.AssetDatabase:OpenAsset (UnityEngine.EntityId)
UnityEditor.ProjectBrowser:OpenAssetSelection (UnityEngine.EntityId[])
UnityEditor.ProjectBrowser:AssetTreeItemDoubleClickedCallback (UnityEngine.EntityId)
UnityEditor.IMGUI.Controls.TreeViewController`1<UnityEngine.EntityId>:HandleUnusedMouseEventsForItem (UnityEngine.Rect,UnityEditor.IMGUI.Controls.TreeViewItem`1<UnityEngine.EntityId>,int)
UnityEditor.IMGUI.Controls.TreeViewController`1<UnityEngine.EntityId>:DoItemGUI (UnityEditor.IMGUI.Controls.TreeViewItem`1<UnityEngine.EntityId>,int,single,bool)
UnityEditor.IMGUI.Controls.TreeViewController`1<UnityEngine.EntityId>:IterateVisibleItems (int,int,single,bool)
UnityEditor.IMGUI.Controls.TreeViewController`1<UnityEngine.EntityId>:OnGUI (UnityEngine.Rect,int)
UnityEditor.ProjectBrowser:OnGUI ()
UnityEditor.HostView:InvokeOnGUI (UnityEngine.Rect)
UnityEditor.DockArea:DrawView (UnityEngine.Rect)
UnityEditor.DockArea:OldOnGUI ()
UnityEngine.UIElements.IMGUIContainer:DoOnGUI (UnityEngine.Event,UnityEngine.Matrix4x4,UnityEngine.Rect,bool,UnityEngine.Rect,System.Action,bool)
UnityEngine.UIElements.IMGUIContainer:HandleIMGUIEvent (UnityEngine.Event,UnityEngine.Matrix4x4,UnityEngine.Rect,System.Action,bool)
UnityEngine.UIElements.IMGUIContainer:HandleIMGUIEvent (UnityEngine.Event,System.Action,bool)
UnityEngine.UIElements.IMGUIContainer:HandleIMGUIEvent (UnityEngine.Event,bool)
UnityEngine.UIElements.IMGUIContainer:SendEventToIMGUIRaw (UnityEngine.UIElements.EventBase,bool,bool)
UnityEngine.UIElements.IMGUIContainer:SendEventToIMGUI (UnityEngine.UIElements.EventBase,bool,bool)
UnityEngine.UIElements.IMGUIContainer:HandleEventBubbleUp (UnityEngine.UIElements.EventBase)
UnityEngine.UIElements.EventDispatchUtilities:HandleEventAcrossPropagationPathWithCompatibilityEvent (UnityEngine.UIElements.EventBase,UnityEngine.UIElements.EventBase,UnityEngine.UIElements.BaseVisualElementPanel,UnityEngine.UIElements.VisualElement,bool)
UnityEngine.UIElements.EventDispatchUtilities:DispatchToElementUnderPointerOrPanelRoot (UnityEngine.UIElements.EventBase,UnityEngine.UIElements.BaseVisualElementPanel,int,UnityEngine.Vector2)
UnityEngine.UIElements.EventDispatchUtilities:DispatchToCapturingElementOrElementUnderPointer (UnityEngine.UIElements.EventBase,UnityEngine.UIElements.BaseVisualElementPanel,int,UnityEngine.Vector2)
UnityEngine.UIElements.PointerDownEvent:Dispatch (UnityEngine.UIElements.BaseVisualElementPanel)
UnityEngine.UIElements.EventDispatcher:ProcessEvent (UnityEngine.UIElements.EventBase,UnityEngine.UIElements.BaseVisualElementPanel)
UnityEngine.UIElements.EventDispatcher:Dispatch (UnityEngine.UIElements.EventBase,UnityEngine.UIElements.BaseVisualElementPanel,UnityEngine.UIElements.DispatchMode)
UnityEngine.UIElements.BaseVisualElementPanel:SendEvent (UnityEngine.UIElements.EventBase,UnityEngine.UIElements.DispatchMode)
UnityEditor.UIElements.EditorEventDispatchUtility:DoDispatch (UnityEngine.UIElements.BaseVisualElementPanel,UnityEngine.Event)
UnityEditor.UIElements.DefaultWindowBackend:ProcessEvent (UnityEngine.Event)
UnityEditor.GUIView:ProcessEvent (UnityEngine.EntityId,intptr,bool&)

External Code Editor application path does not exist (C:\Program Files\Microsoft Visual Studio\2022\Community\Common7\IDE\devenv.exe)! Please select a different application.
UnityEngine.Debug:ExtractStackTraceNoAlloc (byte*,int,string)
UnityEngine.StackTraceUtility:ExtractStackTrace ()
UnityEngine.DebugLogHandler:Internal_Log (UnityEngine.LogType,UnityEngine.LogOption,string,UnityEngine.Object)
UnityEngine.DebugLogHandler:LogFormat (UnityEngine.LogType,UnityEngine.Object,string,object[])
UnityEngine.Logger:Log (UnityEngine.LogType,object)
UnityEngine.Debug:LogWarning (object)
UnityEditor.DefaultExternalCodeEditor:OpenProject (string,int,int)
Unity.CodeEditor.CodeEditor:OpenProject (string,int,int)
UnityEditor.AssetDatabase:OpenAsset (UnityEngine.EntityId,int,int)
UnityEditor.AssetDatabase:OpenAsset (UnityEngine.EntityId)
UnityEditor.ProjectBrowser:OpenAssetSelection (UnityEngine.EntityId[])
UnityEditor.ProjectBrowser:AssetTreeItemDoubleClickedCallback (UnityEngine.EntityId)
UnityEditor.IMGUI.Controls.TreeViewController`1<UnityEngine.EntityId>:HandleUnusedMouseEventsForItem (UnityEngine.Rect,UnityEditor.IMGUI.Controls.TreeViewItem`1<UnityEngine.EntityId>,int)
UnityEditor.IMGUI.Controls.TreeViewController`1<UnityEngine.EntityId>:DoItemGUI (UnityEditor.IMGUI.Controls.TreeViewItem`1<UnityEngine.EntityId>,int,single,bool)
UnityEditor.IMGUI.Controls.TreeViewController`1<UnityEngine.EntityId>:IterateVisibleItems (int,int,single,bool)
UnityEditor.IMGUI.Controls.TreeViewController`1<UnityEngine.EntityId>:OnGUI (UnityEngine.Rect,int)
UnityEditor.ProjectBrowser:OnGUI ()
UnityEditor.HostView:InvokeOnGUI (UnityEngine.Rect)
UnityEditor.DockArea:DrawView (UnityEngine.Rect)
UnityEditor.DockArea:OldOnGUI ()
UnityEngine.UIElements.IMGUIContainer:DoOnGUI (UnityEngine.Event,UnityEngine.Matrix4x4,UnityEngine.Rect,bool,UnityEngine.Rect,System.Action,bool)
UnityEngine.UIElements.IMGUIContainer:HandleIMGUIEvent (UnityEngine.Event,UnityEngine.Matrix4x4,UnityEngine.Rect,System.Action,bool)
UnityEngine.UIElements.IMGUIContainer:HandleIMGUIEvent (UnityEngine.Event,System.Action,bool)
UnityEngine.UIElements.IMGUIContainer:HandleIMGUIEvent (UnityEngine.Event,bool)
UnityEngine.UIElements.IMGUIContainer:SendEventToIMGUIRaw (UnityEngine.UIElements.EventBase,bool,bool)
UnityEngine.UIElements.IMGUIContainer:SendEventToIMGUI (UnityEngine.UIElements.EventBase,bool,bool)
UnityEngine.UIElements.IMGUIContainer:HandleEventBubbleUp (UnityEngine.UIElements.EventBase)
UnityEngine.UIElements.EventDispatchUtilities:HandleEventAcrossPropagationPathWithCompatibilityEvent (UnityEngine.UIElements.EventBase,UnityEngine.UIElements.EventBase,UnityEngine.UIElements.BaseVisualElementPanel,UnityEngine.UIElements.VisualElement,bool)
UnityEngine.UIElements.EventDispatchUtilities:DispatchToElementUnderPointerOrPanelRoot (UnityEngine.UIElements.EventBase,UnityEngine.UIElements.BaseVisualElementPanel,int,UnityEngine.Vector2)
UnityEngine.UIElements.EventDispatchUtilities:DispatchToCapturingElementOrElementUnderPointer (UnityEngine.UIElements.EventBase,UnityEngine.UIElements.BaseVisualElementPanel,int,UnityEngine.Vector2)
UnityEngine.UIElements.PointerDownEvent:Dispatch (UnityEngine.UIElements.BaseVisualElementPanel)
UnityEngine.UIElements.EventDispatcher:ProcessEvent (UnityEngine.UIElements.EventBase,UnityEngine.UIElements.BaseVisualElementPanel)
UnityEngine.UIElements.EventDispatcher:Dispatch (UnityEngine.UIElements.EventBase,UnityEngine.UIElements.BaseVisualElementPanel,UnityEngine.UIElements.DispatchMode)
UnityEngine.UIElements.BaseVisualElementPanel:SendEvent (UnityEngine.UIElements.EventBase,UnityEngine.UIElements.DispatchMode)
UnityEditor.UIElements.EditorEventDispatchUtility:DoDispatch (UnityEngine.UIElements.BaseVisualElementPanel,UnityEngine.Event)
UnityEditor.UIElements.DefaultWindowBackend:ProcessEvent (UnityEngine.Event)
UnityEditor.GUIView:ProcessEvent (UnityEngine.EntityId,intptr,bool&)

EditorHelper: Unable to use the external script editor. Trying the internal script editor now.
Asset Pipeline Refresh (id=91208f04060af294186a29b34c863ab2): Total: 0.006 seconds - Initiated by RefreshV2(AllowForceSynchronousImport)
External Code Editor application path does not exist (C:\Program Files\Microsoft Visual Studio\2022\Community\Common7\IDE\devenv.exe)! Please select a different application.
UnityEngine.Debug:ExtractStackTraceNoAlloc (byte*,int,string)
UnityEngine.StackTraceUtility:ExtractStackTrace ()
UnityEngine.DebugLogHandler:Internal_Log (UnityEngine.LogType,UnityEngine.LogOption,string,UnityEngine.Object)
UnityEngine.DebugLogHandler:LogFormat (UnityEngine.LogType,UnityEngine.Object,string,object[])
UnityEngine.Logger:Log (UnityEngine.LogType,object)
UnityEngine.Debug:LogWarning (object)
UnityEditor.DefaultExternalCodeEditor:OpenProject (string,int,int)
Unity.CodeEditor.CodeEditor:OnOpenAsset (UnityEngine.EntityId,int,int)
UnityEditor.AssetDatabase:OpenAsset (UnityEngine.EntityId,int,int)
UnityEditor.AssetDatabase:OpenAsset (UnityEngine.EntityId)
UnityEditor.ProjectBrowser:OpenAssetSelection (UnityEngine.EntityId[])
UnityEditor.ProjectBrowser:AssetTreeItemDoubleClickedCallback (UnityEngine.EntityId)
UnityEditor.IMGUI.Controls.TreeViewController`1<UnityEngine.EntityId>:HandleUnusedMouseEventsForItem (UnityEngine.Rect,UnityEditor.IMGUI.Controls.TreeViewItem`1<UnityEngine.EntityId>,int)
UnityEditor.IMGUI.Controls.TreeViewController`1<UnityEngine.EntityId>:DoItemGUI (UnityEditor.IMGUI.Controls.TreeViewItem`1<UnityEngine.EntityId>,int,single,bool)
UnityEditor.IMGUI.Controls.TreeViewController`1<UnityEngine.EntityId>:IterateVisibleItems (int,int,single,bool)
UnityEditor.IMGUI.Controls.TreeViewController`1<UnityEngine.EntityId>:OnGUI (UnityEngine.Rect,int)
UnityEditor.ProjectBrowser:OnGUI ()
UnityEditor.HostView:InvokeOnGUI (UnityEngine.Rect)
UnityEditor.DockArea:DrawView (UnityEngine.Rect)
UnityEditor.DockArea:OldOnGUI ()
UnityEngine.UIElements.IMGUIContainer:DoOnGUI (UnityEngine.Event,UnityEngine.Matrix4x4,UnityEngine.Rect,bool,UnityEngine.Rect,System.Action,bool)
UnityEngine.UIElements.IMGUIContainer:HandleIMGUIEvent (UnityEngine.Event,UnityEngine.Matrix4x4,UnityEngine.Rect,System.Action,bool)
UnityEngine.UIElements.IMGUIContainer:HandleIMGUIEvent (UnityEngine.Event,System.Action,bool)
UnityEngine.UIElements.IMGUIContainer:HandleIMGUIEvent (UnityEngine.Event,bool)
UnityEngine.UIElements.IMGUIContainer:SendEventToIMGUIRaw (UnityEngine.UIElements.EventBase,bool,bool)
UnityEngine.UIElements.IMGUIContainer:SendEventToIMGUI (UnityEngine.UIElements.EventBase,bool,bool)
UnityEngine.UIElements.IMGUIContainer:HandleEventBubbleUp (UnityEngine.UIElements.EventBase)
UnityEngine.UIElements.EventDispatchUtilities:HandleEventAcrossPropagationPathWithCompatibilityEvent (UnityEngine.UIElements.EventBase,UnityEngine.UIElements.EventBase,UnityEngine.UIElements.BaseVisualElementPanel,UnityEngine.UIElements.VisualElement,bool)
UnityEngine.UIElements.EventDispatchUtilities:DispatchToElementUnderPointerOrPanelRoot (UnityEngine.UIElements.EventBase,UnityEngine.UIElements.BaseVisualElementPanel,int,UnityEngine.Vector2)
UnityEngine.UIElements.EventDispatchUtilities:DispatchToCapturingElementOrElementUnderPointer (UnityEngine.UIElements.EventBase,UnityEngine.UIElements.BaseVisualElementPanel,int,UnityEngine.Vector2)
UnityEngine.UIElements.PointerDownEvent:Dispatch (UnityEngine.UIElements.BaseVisualElementPanel)
UnityEngine.UIElements.EventDispatcher:ProcessEvent (UnityEngine.UIElements.EventBase,UnityEngine.UIElements.BaseVisualElementPanel)
UnityEngine.UIElements.EventDispatcher:Dispatch (UnityEngine.UIElements.EventBase,UnityEngine.UIElements.BaseVisualElementPanel,UnityEngine.UIElements.DispatchMode)
UnityEngine.UIElements.BaseVisualElementPanel:SendEvent (UnityEngine.UIElements.EventBase,UnityEngine.UIElements.DispatchMode)
UnityEditor.UIElements.EditorEventDispatchUtility:DoDispatch (UnityEngine.UIElements.BaseVisualElementPanel,UnityEngine.Event)
UnityEditor.UIElements.DefaultWindowBackend:ProcessEvent (UnityEngine.Event)
UnityEditor.GUIView:ProcessEvent (UnityEngine.EntityId,intptr,bool&)

External Code Editor application path does not exist (C:\Program Files\Microsoft Visual Studio\2022\Community\Common7\IDE\devenv.exe)! Please select a different application.
UnityEngine.Debug:ExtractStackTraceNoAlloc (byte*,int,string)
UnityEngine.StackTraceUtility:ExtractStackTrace ()
UnityEngine.DebugLogHandler:Internal_Log (UnityEngine.LogType,UnityEngine.LogOption,string,UnityEngine.Object)
UnityEngine.DebugLogHandler:LogFormat (UnityEngine.LogType,UnityEngine.Object,string,object[])
UnityEngine.Logger:Log (UnityEngine.LogType,object)
UnityEngine.Debug:LogWarning (object)
UnityEditor.DefaultExternalCodeEditor:OpenProject (string,int,int)
Unity.CodeEditor.CodeEditor:OpenProject (string,int,int)
UnityEditor.AssetDatabase:OpenAsset (UnityEngine.EntityId,int,int)
UnityEditor.AssetDatabase:OpenAsset (UnityEngine.EntityId)
UnityEditor.ProjectBrowser:OpenAssetSelection (UnityEngine.EntityId[])
UnityEditor.ProjectBrowser:AssetTreeItemDoubleClickedCallback (UnityEngine.EntityId)
UnityEditor.IMGUI.Controls.TreeViewController`1<UnityEngine.EntityId>:HandleUnusedMouseEventsForItem (UnityEngine.Rect,UnityEditor.IMGUI.Controls.TreeViewItem`1<UnityEngine.EntityId>,int)
UnityEditor.IMGUI.Controls.TreeViewController`1<UnityEngine.EntityId>:DoItemGUI (UnityEditor.IMGUI.Controls.TreeViewItem`1<UnityEngine.EntityId>,int,single,bool)
UnityEditor.IMGUI.Controls.TreeViewController`1<UnityEngine.EntityId>:IterateVisibleItems (int,int,single,bool)
UnityEditor.IMGUI.Controls.TreeViewController`1<UnityEngine.EntityId>:OnGUI (UnityEngine.Rect,int)
UnityEditor.ProjectBrowser:OnGUI ()
UnityEditor.HostView:InvokeOnGUI (UnityEngine.Rect)
UnityEditor.DockArea:DrawView (UnityEngine.Rect)
UnityEditor.DockArea:OldOnGUI ()
UnityEngine.UIElements.IMGUIContainer:DoOnGUI (UnityEngine.Event,UnityEngine.Matrix4x4,UnityEngine.Rect,bool,UnityEngine.Rect,System.Action,bool)
UnityEngine.UIElements.IMGUIContainer:HandleIMGUIEvent (UnityEngine.Event,UnityEngine.Matrix4x4,UnityEngine.Rect,System.Action,bool)
UnityEngine.UIElements.IMGUIContainer:HandleIMGUIEvent (UnityEngine.Event,System.Action,bool)
UnityEngine.UIElements.IMGUIContainer:HandleIMGUIEvent (UnityEngine.Event,bool)
UnityEngine.UIElements.IMGUIContainer:SendEventToIMGUIRaw (UnityEngine.UIElements.EventBase,bool,bool)
UnityEngine.UIElements.IMGUIContainer:SendEventToIMGUI (UnityEngine.UIElements.EventBase,bool,bool)
UnityEngine.UIElements.IMGUIContainer:HandleEventBubbleUp (UnityEngine.UIElements.EventBase)
UnityEngine.UIElements.EventDispatchUtilities:HandleEventAcrossPropagationPathWithCompatibilityEvent (UnityEngine.UIElements.EventBase,UnityEngine.UIElements.EventBase,UnityEngine.UIElements.BaseVisualElementPanel,UnityEngine.UIElements.VisualElement,bool)
UnityEngine.UIElements.EventDispatchUtilities:DispatchToElementUnderPointerOrPanelRoot (UnityEngine.UIElements.EventBase,UnityEngine.UIElements.BaseVisualElementPanel,int,UnityEngine.Vector2)
UnityEngine.UIElements.EventDispatchUtilities:DispatchToCapturingElementOrElementUnderPointer (UnityEngine.UIElements.EventBase,UnityEngine.UIElements.BaseVisualElementPanel,int,UnityEngine.Vector2)
UnityEngine.UIElements.PointerDownEvent:Dispatch (UnityEngine.UIElements.BaseVisualElementPanel)
UnityEngine.UIElements.EventDispatcher:ProcessEvent (UnityEngine.UIElements.EventBase,UnityEngine.UIElements.BaseVisualElementPanel)
UnityEngine.UIElements.EventDispatcher:Dispatch (UnityEngine.UIElements.EventBase,UnityEngine.UIElements.BaseVisualElementPanel,UnityEngine.UIElements.DispatchMode)
UnityEngine.UIElements.BaseVisualElementPanel:SendEvent (UnityEngine.UIElements.EventBase,UnityEngine.UIElements.DispatchMode)
UnityEditor.UIElements.EditorEventDispatchUtility:DoDispatch (UnityEngine.UIElements.BaseVisualElementPanel,UnityEngine.Event)
UnityEditor.UIElements.DefaultWindowBackend:ProcessEvent (UnityEngine.Event)
UnityEditor.GUIView:ProcessEvent (UnityEngine.EntityId,intptr,bool&)

EditorHelper: Unable to use the external script editor. Trying the internal script editor now.
Asset Pipeline Refresh (id=544103050aeddd34aa89f56a2f3a700b): Total: 0.007 seconds - Initiated by RefreshV2(AllowForceSynchronousImport)
Asset Pipeline Refresh (id=5d8c1f7a1bbf7b340bb1e78c989eba9c): Total: 0.006 seconds - Initiated by RefreshV2(AllowForceSynchronousImport)
External Code Editor application path does not exist (C:\Program Files\Microsoft Visual Studio\2022\Community\Common7\IDE\devenv.exe)! Please select a different application.
UnityEngine.Debug:ExtractStackTraceNoAlloc (byte*,int,string)
UnityEngine.StackTraceUtility:ExtractStackTrace ()
UnityEngine.DebugLogHandler:Internal_Log (UnityEngine.LogType,UnityEngine.LogOption,string,UnityEngine.Object)
UnityEngine.DebugLogHandler:LogFormat (UnityEngine.LogType,UnityEngine.Object,string,object[])
UnityEngine.Logger:Log (UnityEngine.LogType,object)
UnityEngine.Debug:LogWarning (object)
UnityEditor.DefaultExternalCodeEditor:OpenProject (string,int,int)
Unity.CodeEditor.CodeEditor:OnOpenAsset (UnityEngine.EntityId,int,int)
UnityEditor.AssetDatabase:OpenAsset (UnityEngine.EntityId,int,int)
UnityEditor.AssetDatabase:OpenAsset (UnityEngine.EntityId)
UnityEditor.ProjectBrowser:OpenAssetSelection (UnityEngine.EntityId[])
UnityEditor.ProjectBrowser:AssetTreeItemDoubleClickedCallback (UnityEngine.EntityId)
UnityEditor.IMGUI.Controls.TreeViewController`1<UnityEngine.EntityId>:HandleUnusedMouseEventsForItem (UnityEngine.Rect,UnityEditor.IMGUI.Controls.TreeViewItem`1<UnityEngine.EntityId>,int)
UnityEditor.IMGUI.Controls.TreeViewController`1<UnityEngine.EntityId>:DoItemGUI (UnityEditor.IMGUI.Controls.TreeViewItem`1<UnityEngine.EntityId>,int,single,bool)
UnityEditor.IMGUI.Controls.TreeViewController`1<UnityEngine.EntityId>:IterateVisibleItems (int,int,single,bool)
UnityEditor.IMGUI.Controls.TreeViewController`1<UnityEngine.EntityId>:OnGUI (UnityEngine.Rect,int)
UnityEditor.ProjectBrowser:OnGUI ()
UnityEditor.HostView:InvokeOnGUI (UnityEngine.Rect)
UnityEditor.DockArea:DrawView (UnityEngine.Rect)
UnityEditor.DockArea:OldOnGUI ()
UnityEngine.UIElements.IMGUIContainer:DoOnGUI (UnityEngine.Event,UnityEngine.Matrix4x4,UnityEngine.Rect,bool,UnityEngine.Rect,System.Action,bool)
UnityEngine.UIElements.IMGUIContainer:HandleIMGUIEvent (UnityEngine.Event,UnityEngine.Matrix4x4,UnityEngine.Rect,System.Action,bool)
UnityEngine.UIElements.IMGUIContainer:HandleIMGUIEvent (UnityEngine.Event,System.Action,bool)
UnityEngine.UIElements.IMGUIContainer:HandleIMGUIEvent (UnityEngine.Event,bool)
UnityEngine.UIElements.IMGUIContainer:SendEventToIMGUIRaw (UnityEngine.UIElements.EventBase,bool,bool)
UnityEngine.UIElements.IMGUIContainer:SendEventToIMGUI (UnityEngine.UIElements.EventBase,bool,bool)
UnityEngine.UIElements.IMGUIContainer:HandleEventBubbleUp (UnityEngine.UIElements.EventBase)
UnityEngine.UIElements.EventDispatchUtilities:HandleEventAcrossPropagationPathWithCompatibilityEvent (UnityEngine.UIElements.EventBase,UnityEngine.UIElements.EventBase,UnityEngine.UIElements.BaseVisualElementPanel,UnityEngine.UIElements.VisualElement,bool)
UnityEngine.UIElements.EventDispatchUtilities:DispatchToElementUnderPointerOrPanelRoot (UnityEngine.UIElements.EventBase,UnityEngine.UIElements.BaseVisualElementPanel,int,UnityEngine.Vector2)
UnityEngine.UIElements.EventDispatchUtilities:DispatchToCapturingElementOrElementUnderPointer (UnityEngine.UIElements.EventBase,UnityEngine.UIElements.BaseVisualElementPanel,int,UnityEngine.Vector2)
UnityEngine.UIElements.PointerDownEvent:Dispatch (UnityEngine.UIElements.BaseVisualElementPanel)
UnityEngine.UIElements.EventDispatcher:ProcessEvent (UnityEngine.UIElements.EventBase,UnityEngine.UIElements.BaseVisualElementPanel)
UnityEngine.UIElements.EventDispatcher:Dispatch (UnityEngine.UIElements.EventBase,UnityEngine.UIElements.BaseVisualElementPanel,UnityEngine.UIElements.DispatchMode)
UnityEngine.UIElements.BaseVisualElementPanel:SendEvent (UnityEngine.UIElements.EventBase,UnityEngine.UIElements.DispatchMode)
UnityEditor.UIElements.EditorEventDispatchUtility:DoDispatch (UnityEngine.UIElements.BaseVisualElementPanel,UnityEngine.Event)
UnityEditor.UIElements.DefaultWindowBackend:ProcessEvent (UnityEngine.Event)
UnityEditor.GUIView:ProcessEvent (UnityEngine.EntityId,intptr,bool&)

External Code Editor application path does not exist (C:\Program Files\Microsoft Visual Studio\2022\Community\Common7\IDE\devenv.exe)! Please select a different application.
UnityEngine.Debug:ExtractStackTraceNoAlloc (byte*,int,string)
UnityEngine.StackTraceUtility:ExtractStackTrace ()
UnityEngine.DebugLogHandler:Internal_Log (UnityEngine.LogType,UnityEngine.LogOption,string,UnityEngine.Object)
UnityEngine.DebugLogHandler:LogFormat (UnityEngine.LogType,UnityEngine.Object,string,object[])
UnityEngine.Logger:Log (UnityEngine.LogType,object)
UnityEngine.Debug:LogWarning (object)
UnityEditor.DefaultExternalCodeEditor:OpenProject (string,int,int)
Unity.CodeEditor.CodeEditor:OpenProject (string,int,int)
UnityEditor.AssetDatabase:OpenAsset (UnityEngine.EntityId,int,int)
UnityEditor.AssetDatabase:OpenAsset (UnityEngine.EntityId)
UnityEditor.ProjectBrowser:OpenAssetSelection (UnityEngine.EntityId[])
UnityEditor.ProjectBrowser:AssetTreeItemDoubleClickedCallback (UnityEngine.EntityId)
UnityEditor.IMGUI.Controls.TreeViewController`1<UnityEngine.EntityId>:HandleUnusedMouseEventsForItem (UnityEngine.Rect,UnityEditor.IMGUI.Controls.TreeViewItem`1<UnityEngine.EntityId>,int)
UnityEditor.IMGUI.Controls.TreeViewController`1<UnityEngine.EntityId>:DoItemGUI (UnityEditor.IMGUI.Controls.TreeViewItem`1<UnityEngine.EntityId>,int,single,bool)
UnityEditor.IMGUI.Controls.TreeViewController`1<UnityEngine.EntityId>:IterateVisibleItems (int,int,single,bool)
UnityEditor.IMGUI.Controls.TreeViewController`1<UnityEngine.EntityId>:OnGUI (UnityEngine.Rect,int)
UnityEditor.ProjectBrowser:OnGUI ()
UnityEditor.HostView:InvokeOnGUI (UnityEngine.Rect)
UnityEditor.DockArea:DrawView (UnityEngine.Rect)
UnityEditor.DockArea:OldOnGUI ()
UnityEngine.UIElements.IMGUIContainer:DoOnGUI (UnityEngine.Event,UnityEngine.Matrix4x4,UnityEngine.Rect,bool,UnityEngine.Rect,System.Action,bool)
UnityEngine.UIElements.IMGUIContainer:HandleIMGUIEvent (UnityEngine.Event,UnityEngine.Matrix4x4,UnityEngine.Rect,System.Action,bool)
UnityEngine.UIElements.IMGUIContainer:HandleIMGUIEvent (UnityEngine.Event,System.Action,bool)
UnityEngine.UIElements.IMGUIContainer:HandleIMGUIEvent (UnityEngine.Event,bool)
UnityEngine.UIElements.IMGUIContainer:SendEventToIMGUIRaw (UnityEngine.UIElements.EventBase,bool,bool)
UnityEngine.UIElements.IMGUIContainer:SendEventToIMGUI (UnityEngine.UIElements.EventBase,bool,bool)
UnityEngine.UIElements.IMGUIContainer:HandleEventBubbleUp (UnityEngine.UIElements.EventBase)
UnityEngine.UIElements.EventDispatchUtilities:HandleEventAcrossPropagationPathWithCompatibilityEvent (UnityEngine.UIElements.EventBase,UnityEngine.UIElements.EventBase,UnityEngine.UIElements.BaseVisualElementPanel,UnityEngine.UIElements.VisualElement,bool)
UnityEngine.UIElements.EventDispatchUtilities:DispatchToElementUnderPointerOrPanelRoot (UnityEngine.UIElements.EventBase,UnityEngine.UIElements.BaseVisualElementPanel,int,UnityEngine.Vector2)
UnityEngine.UIElements.EventDispatchUtilities:DispatchToCapturingElementOrElementUnderPointer (UnityEngine.UIElements.EventBase,UnityEngine.UIElements.BaseVisualElementPanel,int,UnityEngine.Vector2)
UnityEngine.UIElements.PointerDownEvent:Dispatch (UnityEngine.UIElements.BaseVisualElementPanel)
UnityEngine.UIElements.EventDispatcher:ProcessEvent (UnityEngine.UIElements.EventBase,UnityEngine.UIElements.BaseVisualElementPanel)
UnityEngine.UIElements.EventDispatcher:Dispatch (UnityEngine.UIElements.EventBase,UnityEngine.UIElements.BaseVisualElementPanel,UnityEngine.UIElements.DispatchMode)
UnityEngine.UIElements.BaseVisualElementPanel:SendEvent (UnityEngine.UIElements.EventBase,UnityEngine.UIElements.DispatchMode)
UnityEditor.UIElements.EditorEventDispatchUtility:DoDispatch (UnityEngine.UIElements.BaseVisualElementPanel,UnityEngine.Event)
UnityEditor.UIElements.DefaultWindowBackend:ProcessEvent (UnityEngine.Event)
UnityEditor.GUIView:ProcessEvent (UnityEngine.EntityId,intptr,bool&)

EditorHelper: Unable to use the external script editor. Trying the internal script editor now.
[ScriptCompilation] Requested script compilation because: AssetDatabase observed changes in script compilation related files
[Licensing::Client] Successfully resolved entitlement details
[Licensing::Module] License group:
  Id: F4-V2HH-7T9E-WBHF-A6SK-XXXX
  Product: Unity Personal
  Type: ULF
  Expiration: 2026-09-29T12:00:42Z
[Licensing::Module] License group:
  Id: 18968482900132-UnityPersXXXX
  Product: Unity Personal
  Type: Assigned
  Expiration: Unlimited
info: Microsoft.AspNetCore.Hosting.Diagnostics[1]
      Request starting HTTP/2 POST http://ilpp/UnityILPP.PostProcessing/Ping - application/grpc -
info: Microsoft.AspNetCore.Routing.EndpointMiddleware[0]
      Executing endpoint 'gRPC - /UnityILPP.PostProcessing/Ping'
info: Microsoft.AspNetCore.Routing.EndpointMiddleware[1]
      Executed endpoint 'gRPC - /UnityILPP.PostProcessing/Ping'
info: Microsoft.AspNetCore.Hosting.Diagnostics[2]
      Request finished HTTP/2 POST http://ilpp/UnityILPP.PostProcessing/Ping - 200 - application/grpc 3.7503ms
Starting: C:\Program Files\Unity\Hub\Editor\6000.5.3f1\Editor\Data\Tools\BuildPipeline\bee_backend.exe --ipc --defer-dag-verification --dagfile="Library/Bee/1900b0aE.dag" --continue-on-failure --profile="Library/Bee/backend1.traceevents" ScriptAssemblies
WorkingDir: C:/Users/Asus/Desktop/DMT321-HW/DMT321_Lab02_Unity6.5
ExitCode: 3 Duration: 5s327ms
[210/213    5s] Csc Library/Bee/artifacts/1900b0aE.dag/Assembly-CSharp.dll (+2 others)
##### CommandLine
"C:\Program Files\Unity\Hub\Editor\6000.5.3f1\Editor\Data\DotNetSdk\dotnet.exe" exec "C:/Program Files/Unity/Hub/Editor/6000.5.3f1/Editor/Data/DotNetSdk/sdk/8.0.318/Roslyn/bincore/csc.dll" /nostdlib /noconfig /shared "@Library/Bee/artifacts/1900b0aE.dag/Assembly-CSharp.rsp" "@Library/Bee/artifacts/1900b0aE.dag/Assembly-CSharp.rsp2"
##### Contents of Library\Bee\artifacts\1900b0aE.dag\Assembly-CSharp.rsp
-target:library

-out:"Library/Bee/artifacts/1900b0aE.dag/Assembly-CSharp.dll"

-refout:"Library/Bee/artifacts/1900b0aE.dag/Assembly-CSharp.ref.dll"

-define:UNITY_6000_5_3

-define:UNITY_6000_5

-define:UNITY_6000

-define:UNITY_5_3_OR_NEWER

-define:UNITY_5_4_OR_NEWER

-define:UNITY_5_5_OR_NEWER

-define:UNITY_5_6_OR_NEWER

-define:UNITY_2017_1_OR_NEWER

-define:UNITY_2017_2_OR_NEWER

-define:UNITY_2017_3_OR_NEWER

-define:UNITY_2017_4_OR_NEWER

-define:UNITY_2018_1_OR_NEWER

-define:UNITY_2018_2_OR_NEWER

-define:UNITY_2018_3_OR_NEWER

-define:UNITY_2018_4_OR_NEWER

-define:UNITY_2019_1_OR_NEWER

-define:UNITY_2019_2_OR_NEWER

-define:UNITY_2019_3_OR_NEWER

-define:UNITY_2019_4_OR_NEWER

-define:UNITY_2020_1_OR_NEWER

-define:UNITY_2020_2_OR_NEWER

-define:UNITY_2020_3_OR_NEWER

-define:UNITY_2021_1_OR_NEWER

-define:UNITY_2021_2_OR_NEWER

-define:UNITY_2021_3_OR_NEWER

-define:UNITY_2022_1_OR_NEWER

-define:UNITY_2022_2_OR_NEWER

-define:UNITY_2022_3_OR_NEWER

-define:UNITY_2023_1_OR_NEWER

-define:UNITY_2023_2_OR_NEWER

-define:UNITY_2023_3_OR_NEWER

-define:UNITY_6000_0_OR_NEWER

-define:UNITY_6000_1_OR_NEWER

-define:UNITY_6000_2_OR_NEWER

-define:UNITY_6000_3_OR_NEWER

-define:UNITY_6000_4_OR_NEWER

-define:UNITY_6000_5_OR_NEWER

-define:PLATFORM_ARCH_64

-define:UNITY_64

-define:UNITY_INCLUDE_TESTS

-define:ENABLE_AR

-define:ENABLE_AUDIO

-define:ENABLE_AUDIO_SCRIPTABLE_PIPELINE

-define:ENABLE_CACHING

-define:ENABLE_CLOTH

-define:ENABLE_EVENT_QUEUE

-define:ENABLE_MICROPHONE

-define:ENABLE_MULTIPLE_DISPLAYS

-define:ENABLE_PHYSICS

-define:ENABLE_TEXTURE_STREAMING

-define:ENABLE_VIRTUALTEXTURING

-define:ENABLE_LZMA

-define:ENABLE_UNITYEVENTS

-define:ENABLE_VR

-define:ENABLE_WEBCAM

-define:ENABLE_UNITYWEBREQUEST

-define:ENABLE_WWW

-define:ENABLE_CLOUD_SERVICES

-define:ENABLE_CLOUD_SERVICES_ADS

-define:ENABLE_CLOUD_SERVICES_USE_WEBREQUEST

-define:ENABLE_UNITY_CONSENT

-define:ENABLE_UNITY_CLOUD_IDENTIFIERS

-define:ENABLE_CLOUD_SERVICES_CRASH_REPORTING

-define:ENABLE_CLOUD_SERVICES_NATIVE_CRASH_REPORTING

-define:ENABLE_CLOUD_SERVICES_PURCHASING

-define:ENABLE_CLOUD_SERVICES_ANALYTICS

-define:ENABLE_CLOUD_SERVICES_BUILD

-define:ENABLE_EDITOR_GAME_SERVICES

-define:ENABLE_UNITY_GAME_SERVICES_ANALYTICS_SUPPORT

-define:ENABLE_CLOUD_LICENSE

-define:ENABLE_EDITOR_HUB_LICENSE

-define:ENABLE_WEBSOCKET_CLIENT

-define:ENABLE_GENERATE_NATIVE_PLUGINS_FOR_ASSEMBLIES_API

-define:ENABLE_DIRECTOR_AUDIO

-define:ENABLE_DIRECTOR_TEXTURE

-define:ENABLE_MANAGED_JOBS

-define:ENABLE_MANAGED_TRANSFORM_JOBS

-define:ENABLE_MANAGED_ANIMATION_JOBS

-define:ENABLE_MANAGED_AUDIO_JOBS

-define:ENABLE_MANAGED_UNITYTLS

-define:INCLUDE_DYNAMIC_GI

-define:ENABLE_SCRIPTING_GC_WBARRIERS

-define:PLATFORM_SUPPORTS_MONO

-define:RENDER_SOFTWARE_CURSOR

-define:ENABLE_MARSHALLING_TESTS

-define:ENABLE_VIDEO

-define:ENABLE_NAVIGATION_OFFMESHLINK_TO_NAVMESHLINK

-define:ENABLE_ACCELERATOR_CLIENT_DEBUGGING

-define:ENABLE_ACCESSIBILITY_SCREEN_READER

-define:TEXTCORE_1_0_OR_NEWER

-define:EDITOR_ONLY_NAVMESH_BUILDER_DEPRECATED

-define:PLATFORM_STANDALONE_WIN

-define:PLATFORM_STANDALONE

-define:UNITY_STANDALONE_WIN

-define:UNITY_STANDALONE

-define:ENABLE_RUNTIME_GI

-define:ENABLE_MOVIES

-define:ENABLE_NETWORK

-define:ENABLE_NVIDIA

-define:ENABLE_AMD

-define:ENABLE_CRUNCH_TEXTURE_COMPRESSION

-define:ENABLE_CLOUD_SERVICES_ENGINE_DIAGNOSTICS

-define:ENABLE_OUT_OF_PROCESS_CRASH_HANDLER

-define:ENABLE_CLUSTER_SYNC

-define:ENABLE_CLUSTERINPUT

-define:PLATFORM_UPDATES_TIME_OUTSIDE_OF_PLAYER_LOOP

-define:GFXDEVICE_WAITFOREVENT_MESSAGEPUMP

-define:PLATFORM_USES_EXPLICIT_MEMORY_MANAGER_INITIALIZER

-define:PLATFORM_SUPPORTS_WAIT_FOR_PRESENTATION

-define:PLATFORM_SUPPORTS_SPLIT_GRAPHICS_JOBS

-define:PLATFORM_USES_VULKAN_OLD_SWAPCHAIN

-define:USE_READ_ASYNC_MANAGED_API

-define:ENABLE_MONO

-define:NET_STANDARD_2_0

-define:NET_STANDARD

-define:NET_STANDARD_2_1

-define:NETSTANDARD

-define:NETSTANDARD2_1

-define:ENABLE_PROFILER

-define:DEBUG

-define:TRACE

-define:UNITY_ASSERTIONS

-define:UNITY_EDITOR

-define:UNITY_EDITOR_64

-define:UNITY_EDITOR_WIN

-define:ENABLE_UNITY_COLLECTIONS_CHECKS

-define:ENABLE_BURST_AOT

-define:UNITY_TEAM_LICENSE

-define:ENABLE_CUSTOM_RENDER_TEXTURE

-define:ENABLE_DIRECTOR

-define:ENABLE_LOCALIZATION

-define:ENABLE_SPRITES

-define:ENABLE_TERRAIN

-define:ENABLE_TILEMAP

-define:ENABLE_TIMELINE

-define:ENABLE_LEGACY_INPUT_MANAGER

-define:TEXTCORE_FONT_ENGINE_1_5_OR_NEWER

-define:TEXTCORE_TEXT_ENGINE_1_5_OR_NEWER

-define:TEXTCORE_FONT_ENGINE_1_6_OR_NEWER

-define:CSHARP_7_OR_LATER

-define:CSHARP_7_3_OR_NEWER

-r:"C:/Program Files/Unity/Hub/Editor/6000.5.3f1/Editor/Data/BCLExtensions/TargetingPacks/netstandard2.1/ref/Microsoft.Bcl.AsyncInterfaces.dll"

-r:"C:/Program Files/Unity/Hub/Editor/6000.5.3f1/Editor/Data/BCLExtensions/TargetingPacks/netstandard2.1/ref/Microsoft.Extensions.DependencyInjection.Abstractions.dll"

-r:"C:/Program Files/Unity/Hub/Editor/6000.5.3f1/Editor/Data/BCLExtensions/TargetingPacks/netstandard2.1/ref/Microsoft.Extensions.Logging.Abstractions.dll"

-r:"C:/Program Files/Unity/Hub/Editor/6000.5.3f1/Editor/Data/BCLExtensions/TargetingPacks/netstandard2.1/ref/System.Collections.Immutable.dll"

-r:"C:/Program Files/Unity/Hub/Editor/6000.5.3f1/Editor/Data/BCLExtensions/TargetingPacks/netstandard2.1/ref/System.Diagnostics.DiagnosticSource.dll"

-r:"C:/Program Files/Unity/Hub/Editor/6000.5.3f1/Editor/Data/BCLExtensions/TargetingPacks/netstandard2.1/ref/System.IO.Hashing.dll"

-r:"C:/Program Files/Unity/Hub/Editor/6000.5.3f1/Editor/Data/BCLExtensions/TargetingPacks/netstandard2.1/ref/System.Reflection.Metadata.dll"

-r:"C:/Program Files/Unity/Hub/Editor/6000.5.3f1/Editor/Data/BCLExtensions/TargetingPacks/netstandard2.1/ref/System.Runtime.CompilerServices.Unsafe.dll"

-r:"C:/Program Files/Unity/Hub/Editor/6000.5.3f1/Editor/Data/BCLExtensions/TargetingPacks/netstandard2.1/ref/System.Text.Encodings.Web.dll"

-r:"C:/Program Files/Unity/Hub/Editor/6000.5.3f1/Editor/Data/BCLExtensions/TargetingPacks/netstandard2.1/ref/System.Text.Json.dll"

-r:"C:/Program Files/Unity/Hub/Editor/6000.5.3f1/Editor/Data/Managed/UnityEngine/Unity.Scripting.dll"

-r:"C:/Program Files/Unity/Hub/Editor/6000.5.3f1/Editor/Data/Managed/UnityEngine/UnityEditor.AIModule.dll"

-r:"C:/Program Files/Unity/Hub/Editor/6000.5.3f1/Editor/Data/Managed/UnityEngine/UnityEditor.AccessibilityModule.dll"

-r:"C:/Program Files/Unity/Hub/Editor/6000.5.3f1/Editor/Data/Managed/UnityEngine/UnityEditor.AdaptivePerformanceModule.dll"

-r:"C:/Program Files/Unity/Hub/Editor/6000.5.3f1/Editor/Data/Managed/UnityEngine/UnityEditor.AssetComplianceModule.dll"

-r:"C:/Program Files/Unity/Hub/Editor/6000.5.3f1/Editor/Data/Managed/UnityEngine/UnityEditor.BuildProfileModule.dll"

-r:"C:/Program Files/Unity/Hub/Editor/6000.5.3f1/Editor/Data/Managed/UnityEngine/UnityEditor.ClothModule.dll"

-r:"C:/Program Files/Unity/Hub/Editor/6000.5.3f1/Editor/Data/Managed/UnityEngine/UnityEditor.ContentLoadModule.dll"

-r:"C:/Program Files/Unity/Hub/Editor/6000.5.3f1/Editor/Data/Managed/UnityEngine/UnityEditor.CoreBusinessMetricsModule.dll"

-r:"C:/Program Files/Unity/Hub/Editor/6000.5.3f1/Editor/Data/Managed/UnityEngine/UnityEditor.CoreModule.dll"

-r:"C:/Program Files/Unity/Hub/Editor/6000.5.3f1/Editor/Data/Managed/UnityEngine/UnityEditor.DeviceSimulatorModule.dll"

-r:"C:/Program Files/Unity/Hub/Editor/6000.5.3f1/Editor/Data/Managed/UnityEngine/UnityEditor.DiagnosticsModule.dll"

-r:"C:/Program Files/Unity/Hub/Editor/6000.5.3f1/Editor/Data/Managed/UnityEngine/UnityEditor.EditorToolbarModule.dll"

-r:"C:/Program Files/Unity/Hub/Editor/6000.5.3f1/Editor/Data/Managed/UnityEngine/UnityEditor.EmbreeModule.dll"

-r:"C:/Program Files/Unity/Hub/Editor/6000.5.3f1/Editor/Data/Managed/UnityEngine/UnityEditor.GIModule.dll"

-r:"C:/Program Files/Unity/Hub/Editor/6000.5.3f1/Editor/Data/Managed/UnityEngine/UnityEditor.GenericRemoteModule.dll"

-r:"C:/Program Files/Unity/Hub/Editor/6000.5.3f1/Editor/Data/Managed/UnityEngine/UnityEditor.GraphToolkitModule.dll"

-r:"C:/Program Files/Unity/Hub/Editor/6000.5.3f1/Editor/Data/Managed/UnityEngine/UnityEditor.GraphViewModule.dll"

-r:"C:/Program Files/Unity/Hub/Editor/6000.5.3f1/Editor/Data/Managed/UnityEngine/UnityEditor.GraphicsStateCollectionSerializerModule.dll"

-r:"C:/Program Files/Unity/Hub/Editor/6000.5.3f1/Editor/Data/Managed/UnityEngine/UnityEditor.GridAndSnapModule.dll"

-r:"C:/Program Files/Unity/Hub/Editor/6000.5.3f1/Editor/Data/Managed/UnityEngine/UnityEditor.GridModule.dll"

-r:"C:/Program Files/Unity/Hub/Editor/6000.5.3f1/Editor/Data/Managed/UnityEngine/UnityEditor.HierarchyModule.dll"

-r:"C:/Program Files/Unity/Hub/Editor/6000.5.3f1/Editor/Data/Managed/UnityEngine/UnityEditor.LightingModule.dll"

-r:"C:/Program Files/Unity/Hub/Editor/6000.5.3f1/Editor/Data/Managed/UnityEngine/UnityEditor.MathematicsModule.dll"

-r:"C:/Program Files/Unity/Hub/Editor/6000.5.3f1/Editor/Data/Managed/UnityEngine/UnityEditor.MediaModule.dll"

-r:"C:/Program Files/Unity/Hub/Editor/6000.5.3f1/Editor/Data/Managed/UnityEngine/UnityEditor.MultiplayerModule.dll"

-r:"C:/Program Files/Unity/Hub/Editor/6000.5.3f1/Editor/Data/Managed/UnityEngine/UnityEditor.Physics2DModule.dll"

-r:"C:/Program Files/Unity/Hub/Editor/6000.5.3f1/Editor/Data/Managed/UnityEngine/UnityEditor.PhysicsCore2DModule.dll"

-r:"C:/Program Files/Unity/Hub/Editor/6000.5.3f1/Editor/Data/Managed/UnityEngine/UnityEditor.PhysicsModule.dll"

-r:"C:/Program Files/Unity/Hub/Editor/6000.5.3f1/Editor/Data/Managed/UnityEngine/UnityEditor.PlayModeModule.dll"

-r:"C:/Program Files/Unity/Hub/Editor/6000.5.3f1/Editor/Data/Managed/UnityEngine/UnityEditor.PresetsUIModule.dll"

-r:"C:/Program Files/Unity/Hub/Editor/6000.5.3f1/Editor/Data/Managed/UnityEngine/UnityEditor.ProjectAuditorModule.dll"

-r:"C:/Program Files/Unity/Hub/Editor/6000.5.3f1/Editor/Data/Managed/UnityEngine/UnityEditor.PropertiesModule.dll"

-r:"C:/Program Files/Unity/Hub/Editor/6000.5.3f1/Editor/Data/Managed/UnityEngine/UnityEditor.QuickInstallModule.dll"

-r:"C:/Program Files/Unity/Hub/Editor/6000.5.3f1/Editor/Data/Managed/UnityEngine/UnityEditor.QuickSearchModule.dll"

-r:"C:/Program Files/Unity/Hub/Editor/6000.5.3f1/Editor/Data/Managed/UnityEngine/UnityEditor.SafeModeModule.dll"

-r:"C:/Program Files/Unity/Hub/Editor/6000.5.3f1/Editor/Data/Managed/UnityEngine/UnityEditor.SceneTemplateModule.dll"

-r:"C:/Program Files/Unity/Hub/Editor/6000.5.3f1/Editor/Data/Managed/UnityEngine/UnityEditor.SceneViewModule.dll"

-r:"C:/Program Files/Unity/Hub/Editor/6000.5.3f1/Editor/Data/Managed/UnityEngine/UnityEditor.ShaderBuildSettingsModule.dll"

-r:"C:/Program Files/Unity/Hub/Editor/6000.5.3f1/Editor/Data/Managed/UnityEngine/UnityEditor.ShaderCompilationModule.dll"

-r:"C:/Program Files/Unity/Hub/Editor/6000.5.3f1/Editor/Data/Managed/UnityEngine/UnityEditor.ShaderFoundryModule.dll"

-r:"C:/Program Files/Unity/Hub/Editor/6000.5.3f1/Editor/Data/Managed/UnityEngine/UnityEditor.SketchUpModule.dll"

-r:"C:/Program Files/Unity/Hub/Editor/6000.5.3f1/Editor/Data/Managed/UnityEngine/UnityEditor.SpriteMaskModule.dll"

-r:"C:/Program Files/Unity/Hub/Editor/6000.5.3f1/Editor/Data/Managed/UnityEngine/UnityEditor.SpriteShapeModule.dll"

-r:"C:/Program Files/Unity/Hub/Editor/6000.5.3f1/Editor/Data/Managed/UnityEngine/UnityEditor.SubstanceModule.dll"

-r:"C:/Program Files/Unity/Hub/Editor/6000.5.3f1/Editor/Data/Managed/UnityEngine/UnityEditor.TerrainModule.dll"

-r:"C:/Program Files/Unity/Hub/Editor/6000.5.3f1/Editor/Data/Managed/UnityEngine/UnityEditor.TextCoreFontEngineModule.dll"

-r:"C:/Program Files/Unity/Hub/Editor/6000.5.3f1/Editor/Data/Managed/UnityEngine/UnityEditor.TextCoreTextEngineModule.dll"

-r:"C:/Program Files/Unity/Hub/Editor/6000.5.3f1/Editor/Data/Managed/UnityEngine/UnityEditor.TextRenderingModule.dll"

-r:"C:/Program Files/Unity/Hub/Editor/6000.5.3f1/Editor/Data/Managed/UnityEngine/UnityEditor.TilemapModule.dll"

-r:"C:/Program Files/Unity/Hub/Editor/6000.5.3f1/Editor/Data/Managed/UnityEngine/UnityEditor.TreeModule.dll"

-r:"C:/Program Files/Unity/Hub/Editor/6000.5.3f1/Editor/Data/Managed/UnityEngine/UnityEditor.U2DModule.dll"

-r:"C:/Program Files/Unity/Hub/Editor/6000.5.3f1/Editor/Data/Managed/UnityEngine/UnityEditor.UIAutomationModule.dll"

-r:"C:/Program Files/Unity/Hub/Editor/6000.5.3f1/Editor/Data/Managed/UnityEngine/UnityEditor.UIBuilderModule.dll"

-r:"C:/Program Files/Unity/Hub/Editor/6000.5.3f1/Editor/Data/Managed/UnityEngine/UnityEditor.UIElementsModule.dll"

-r:"C:/Program Files/Unity/Hub/Editor/6000.5.3f1/Editor/Data/Managed/UnityEngine/UnityEditor.UIElementsSamplesModule.dll"

-r:"C:/Program Files/Unity/Hub/Editor/6000.5.3f1/Editor/Data/Managed/UnityEngine/UnityEditor.UIToolkitAuthoringModule.dll"

-r:"C:/Program Files/Unity/Hub/Editor/6000.5.3f1/Editor/Data/Managed/UnityEngine/UnityEditor.UmbraModule.dll"

-r:"C:/Program Files/Unity/Hub/Editor/6000.5.3f1/Editor/Data/Managed/UnityEngine/UnityEditor.UnityConnectModule.dll"

-r:"C:/Program Files/Unity/Hub/Editor/6000.5.3f1/Editor/Data/Managed/UnityEngine/UnityEditor.VFXModule.dll"

-r:"C:/Program Files/Unity/Hub/Editor/6000.5.3f1/Editor/Data/Managed/UnityEngine/UnityEditor.VectorGraphicsModule.dll"

-r:"C:/Program Files/Unity/Hub/Editor/6000.5.3f1/Editor/Data/Managed/UnityEngine/UnityEditor.VideoModule.dll"

-r:"C:/Program Files/Unity/Hub/Editor/6000.5.3f1/Editor/Data/Managed/UnityEngine/UnityEditor.XRModule.dll"

-r:"C:/Program Files/Unity/Hub/Editor/6000.5.3f1/Editor/Data/Managed/UnityEngine/UnityEditor.dll"

-r:"C:/Program Files/Unity/Hub/Editor/6000.5.3f1/Editor/Data/Managed/UnityEngine/UnityEngine.ARModule.dll"

-r:"C:/Program Files/Unity/Hub/Editor/6000.5.3f1/Editor/Data/Managed/UnityEngine/UnityEngine.AudioModule.dll"

-r:"C:/Program Files/Unity/Hub/Editor/6000.5.3f1/Editor/Data/Managed/UnityEngine/UnityEngine.ClusterInputModule.dll"

-r:"C:/Program Files/Unity/Hub/Editor/6000.5.3f1/Editor/Data/Managed/UnityEngine/UnityEngine.ClusterRendererModule.dll"

-r:"C:/Program Files/Unity/Hub/Editor/6000.5.3f1/Editor/Data/Managed/UnityEngine/UnityEngine.ContentLoadModule.dll"

-r:"C:/Program Files/Unity/Hub/Editor/6000.5.3f1/Editor/Data/Managed/UnityEngine/UnityEngine.CoreModule.dll"

-r:"C:/Program Files/Unity/Hub/Editor/6000.5.3f1/Editor/Data/Managed/UnityEngine/UnityEngine.CrashReportingModule.dll"

-r:"C:/Program Files/Unity/Hub/Editor/6000.5.3f1/Editor/Data/Managed/UnityEngine/UnityEngine.DSPGraphModule.dll"

-r:"C:/Program Files/Unity/Hub/Editor/6000.5.3f1/Editor/Data/Managed/UnityEngine/UnityEngine.GIModule.dll"

-r:"C:/Program Files/Unity/Hub/Editor/6000.5.3f1/Editor/Data/Managed/UnityEngine/UnityEngine.GameCenterModule.dll"

-r:"C:/Program Files/Unity/Hub/Editor/6000.5.3f1/Editor/Data/Managed/UnityEngine/UnityEngine.GraphicsStateCollectionSerializerModule.dll"

-r:"C:/Program Files/Unity/Hub/Editor/6000.5.3f1/Editor/Data/Managed/UnityEngine/UnityEngine.GridModule.dll"

-r:"C:/Program Files/Unity/Hub/Editor/6000.5.3f1/Editor/Data/Managed/UnityEngine/UnityEngine.HotReloadModule.dll"

-r:"C:/Program Files/Unity/Hub/Editor/6000.5.3f1/Editor/Data/Managed/UnityEngine/UnityEngine.IMGUIModule.dll"

-r:"C:/Program Files/Unity/Hub/Editor/6000.5.3f1/Editor/Data/Managed/UnityEngine/UnityEngine.IdentifiersModule.dll"

-r:"C:/Program Files/Unity/Hub/Editor/6000.5.3f1/Editor/Data/Managed/UnityEngine/UnityEngine.ImageConversionModule.dll"

-r:"C:/Program Files/Unity/Hub/Editor/6000.5.3f1/Editor/Data/Managed/UnityEngine/UnityEngine.InputForUIModule.dll"

-r:"C:/Program Files/Unity/Hub/Editor/6000.5.3f1/Editor/Data/Managed/UnityEngine/UnityEngine.InputLegacyModule.dll"

-r:"C:/Program Files/Unity/Hub/Editor/6000.5.3f1/Editor/Data/Managed/UnityEngine/UnityEngine.InputModule.dll"

-r:"C:/Program Files/Unity/Hub/Editor/6000.5.3f1/Editor/Data/Managed/UnityEngine/UnityEngine.InsightsModule.dll"

-r:"C:/Program Files/Unity/Hub/Editor/6000.5.3f1/Editor/Data/Managed/UnityEngine/UnityEngine.JSONSerializeModule.dll"

-r:"C:/Program Files/Unity/Hub/Editor/6000.5.3f1/Editor/Data/Managed/UnityEngine/UnityEngine.LocalizationModule.dll"

-r:"C:/Program Files/Unity/Hub/Editor/6000.5.3f1/Editor/Data/Managed/UnityEngine/UnityEngine.MarshallingModule.dll"

-r:"C:/Program Files/Unity/Hub/Editor/6000.5.3f1/Editor/Data/Managed/UnityEngine/UnityEngine.MathematicsModule.dll"

-r:"C:/Program Files/Unity/Hub/Editor/6000.5.3f1/Editor/Data/Managed/UnityEngine/UnityEngine.MultiplayerModule.dll"

-r:"C:/Program Files/Unity/Hub/Editor/6000.5.3f1/Editor/Data/Managed/UnityEngine/UnityEngine.PerformanceReportingModule.dll"

-r:"C:/Program Files/Unity/Hub/Editor/6000.5.3f1/Editor/Data/Managed/UnityEngine/UnityEngine.Physics2DModule.dll"

-r:"C:/Program Files/Unity/Hub/Editor/6000.5.3f1/Editor/Data/Managed/UnityEngine/UnityEngine.PhysicsBackendPhysXModule.dll"

-r:"C:/Program Files/Unity/Hub/Editor/6000.5.3f1/Editor/Data/Managed/UnityEngine/UnityEngine.PhysicsCore2DModule.dll"

-r:"C:/Program Files/Unity/Hub/Editor/6000.5.3f1/Editor/Data/Managed/UnityEngine/UnityEngine.PhysicsModule.dll"

-r:"C:/Program Files/Unity/Hub/Editor/6000.5.3f1/Editor/Data/Managed/UnityEngine/UnityEngine.PropertiesModule.dll"

-r:"C:/Program Files/Unity/Hub/Editor/6000.5.3f1/Editor/Data/Managed/UnityEngine/UnityEngine.RenderAs2DModule.dll"

-r:"C:/Program Files/Unity/Hub/Editor/6000.5.3f1/Editor/Data/Managed/UnityEngine/UnityEngine.RuntimeInitializeOnLoadManagerInitializerModule.dll"

-r:"C:/Program Files/Unity/Hub/Editor/6000.5.3f1/Editor/Data/Managed/UnityEngine/UnityEngine.ScriptingModule.dll"

-r:"C:/Program Files/Unity/Hub/Editor/6000.5.3f1/Editor/Data/Managed/UnityEngine/UnityEngine.ShaderVariantAnalyticsModule.dll"

-r:"C:/Program Files/Unity/Hub/Editor/6000.5.3f1/Editor/Data/Managed/UnityEngine/UnityEngine.SharedInternalsModule.dll"

-r:"C:/Program Files/Unity/Hub/Editor/6000.5.3f1/Editor/Data/Managed/UnityEngine/UnityEngine.SpriteMaskModule.dll"

-r:"C:/Program Files/Unity/Hub/Editor/6000.5.3f1/Editor/Data/Managed/UnityEngine/UnityEngine.SpriteShapeModule.dll"

-r:"C:/Program Files/Unity/Hub/Editor/6000.5.3f1/Editor/Data/Managed/UnityEngine/UnityEngine.StreamingModule.dll"

-r:"C:/Program Files/Unity/Hub/Editor/6000.5.3f1/Editor/Data/Managed/UnityEngine/UnityEngine.SubstanceModule.dll"

-r:"C:/Program Files/Unity/Hub/Editor/6000.5.3f1/Editor/Data/Managed/UnityEngine/UnityEngine.TLSModule.dll"

-r:"C:/Program Files/Unity/Hub/Editor/6000.5.3f1/Editor/Data/Managed/UnityEngine/UnityEngine.TextCoreFontEngineModule.dll"

-r:"C:/Program Files/Unity/Hub/Editor/6000.5.3f1/Editor/Data/Managed/UnityEngine/UnityEngine.TextCoreTextEngineModule.dll"

-r:"C:/Program Files/Unity/Hub/Editor/6000.5.3f1/Editor/Data/Managed/UnityEngine/UnityEngine.TextRenderingModule.dll"

-r:"C:/Program Files/Unity/Hub/Editor/6000.5.3f1/Editor/Data/Managed/UnityEngine/UnityEngine.U2DRuntimeModule.dll"

-r:"C:/Program Files/Unity/Hub/Editor/6000.5.3f1/Editor/Data/Managed/UnityEngine/UnityEngine.UIModule.dll"

-r:"C:/Program Files/Unity/Hub/Editor/6000.5.3f1/Editor/Data/Managed/UnityEngine/UnityEngine.UnityAnalyticsCommonModule.dll"

-r:"C:/Program Files/Unity/Hub/Editor/6000.5.3f1/Editor/Data/Managed/UnityEngine/UnityEngine.UnityConnectModule.dll"

-r:"C:/Program Files/Unity/Hub/Editor/6000.5.3f1/Editor/Data/Managed/UnityEngine/UnityEngine.UnityConsentModule.dll"

-r:"C:/Program Files/Unity/Hub/Editor/6000.5.3f1/Editor/Data/Managed/UnityEngine/UnityEngine.UnityCurlModule.dll"

-r:"C:/Program Files/Unity/Hub/Editor/6000.5.3f1/Editor/Data/Managed/UnityEngine/UnityEngine.VFXModule.dll"

-r:"C:/Program Files/Unity/Hub/Editor/6000.5.3f1/Editor/Data/Managed/UnityEngine/UnityEngine.VirtualTexturingModule.dll"

-r:"C:/Program Files/Unity/Hub/Editor/6000.5.3f1/Editor/Data/Managed/UnityEngine/UnityEngine.dll"

-r:"C:/Program Files/Unity/Hub/Editor/6000.5.3f1/Editor/Data/NetStandard/Extensions/2.0.0/System.Runtime.InteropServices.WindowsRuntime.dll"

-r:"C:/Program Files/Unity/Hub/Editor/6000.5.3f1/Editor/Data/NetStandard/compat/2.1.0/shims/netfx/System.ComponentModel.Composition.dll"

-r:"C:/Program Files/Unity/Hub/Editor/6000.5.3f1/Editor/Data/NetStandard/compat/2.1.0/shims/netfx/System.Core.dll"

-r:"C:/Program Files/Unity/Hub/Editor/6000.5.3f1/Editor/Data/NetStandard/compat/2.1.0/shims/netfx/System.Data.dll"

-r:"C:/Program Files/Unity/Hub/Editor/6000.5.3f1/Editor/Data/NetStandard/compat/2.1.0/shims/netfx/System.Drawing.dll"

-r:"C:/Program Files/Unity/Hub/Editor/6000.5.3f1/Editor/Data/NetStandard/compat/2.1.0/shims/netfx/System.IO.Compression.FileSystem.dll"

-r:"C:/Program Files/Unity/Hub/Editor/6000.5.3f1/Editor/Data/NetStandard/compat/2.1.0/shims/netfx/System.Net.dll"

-r:"C:/Program Files/Unity/Hub/Editor/6000.5.3f1/Editor/Data/NetStandard/compat/2.1.0/shims/netfx/System.Numerics.dll"

-r:"C:/Program Files/Unity/Hub/Editor/6000.5.3f1/Editor/Data/NetStandard/compat/2.1.0/shims/netfx/System.Runtime.Serialization.dll"

-r:"C:/Program Files/Unity/Hub/Editor/6000.5.3f1/Editor/Data/NetStandard/compat/2.1.0/shims/netfx/System.ServiceModel.Web.dll"

-r:"C:/Program Files/Unity/Hub/Editor/6000.5.3f1/Editor/Data/NetStandard/compat/2.1.0/shims/netfx/System.Transactions.dll"

-r:"C:/Program Files/Unity/Hub/Editor/6000.5.3f1/Editor/Data/NetStandard/compat/2.1.0/shims/netfx/System.Web.dll"

-r:"C:/Program Files/Unity/Hub/Editor/6000.5.3f1/Editor/Data/NetStandard/compat/2.1.0/shims/netfx/System.Windows.dll"

-r:"C:/Program Files/Unity/Hub/Editor/6000.5.3f1/Editor/Data/NetStandard/compat/2.1.0/shims/netfx/System.Xml.Linq.dll"

-r:"C:/Program Files/Unity/Hub/Editor/6000.5.3f1/Editor/Data/NetStandard/compat/2.1.0/shims/netfx/System.Xml.Serialization.dll"

-r:"C:/Program Files/Unity/Hub/Editor/6000.5.3f1/Editor/Data/NetStandard/compat/2.1.0/shims/netfx/System.Xml.dll"

-r:"C:/Program Files/Unity/Hub/Editor/6000.5.3f1/Editor/Data/NetStandard/compat/2.1.0/shims/netfx/System.dll"

-r:"C:/Program Files/Unity/Hub/Editor/6000.5.3f1/Editor/Data/NetStandard/compat/2.1.0/shims/netfx/mscorlib.dll"

-r:"C:/Program Files/Unity/Hub/Editor/6000.5.3f1/Editor/Data/NetStandard/compat/2.1.0/shims/netstandard/Microsoft.Win32.Primitives.dll"

-r:"C:/Program Files/Unity/Hub/Editor/6000.5.3f1/Editor/Data/NetStandard/compat/2.1.0/shims/netstandard/System.AppContext.dll"

-r:"C:/Program Files/Unity/Hub/Editor/6000.5.3f1/Editor/Data/NetStandard/compat/2.1.0/shims/netstandard/System.Buffers.dll"

-r:"C:/Program Files/Unity/Hub/Editor/6000.5.3f1/Editor/Data/NetStandard/compat/2.1.0/shims/netstandard/System.Collections.Concurrent.dll"

-r:"C:/Program Files/Unity/Hub/Editor/6000.5.3f1/Editor/Data/NetStandard/compat/2.1.0/shims/netstandard/System.Collections.NonGeneric.dll"

-r:"C:/Program Files/Unity/Hub/Editor/6000.5.3f1/Editor/Data/NetStandard/compat/2.1.0/shims/netstandard/System.Collections.Specialized.dll"

-r:"C:/Program Files/Unity/Hub/Editor/6000.5.3f1/Editor/Data/NetStandard/compat/2.1.0/shims/netstandard/System.Collections.dll"

-r:"C:/Program Files/Unity/Hub/Editor/6000.5.3f1/Editor/Data/NetStandard/compat/2.1.0/shims/netstandard/System.ComponentModel.EventBasedAsync.dll"

-r:"C:/Program Files/Unity/Hub/Editor/6000.5.3f1/Editor/Data/NetStandard/compat/2.1.0/shims/netstandard/System.ComponentModel.Primitives.dll"

-r:"C:/Program Files/Unity/Hub/Editor/6000.5.3f1/Editor/Data/NetStandard/compat/2.1.0/shims/netstandard/System.ComponentModel.TypeConverter.dll"

-r:"C:/Program Files/Unity/Hub/Editor/6000.5.3f1/Editor/Data/NetStandard/compat/2.1.0/shims/netstandard/System.ComponentModel.dll"

-r:"C:/Program Files/Unity/Hub/Editor/6000.5.3f1/Editor/Data/NetStandard/compat/2.1.0/shims/netstandard/System.Console.dll"

-r:"C:/Program Files/Unity/Hub/Editor/6000.5.3f1/Editor/Data/NetStandard/compat/2.1.0/shims/netstandard/System.Data.Common.dll"

-r:"C:/Program Files/Unity/Hub/Editor/6000.5.3f1/Editor/Data/NetStandard/compat/2.1.0/shims/netstandard/System.Diagnostics.Contracts.dll"

-r:"C:/Program Files/Unity/Hub/Editor/6000.5.3f1/Editor/Data/NetStandard/compat/2.1.0/shims/netstandard/System.Diagnostics.Debug.dll"

-r:"C:/Program Files/Unity/Hub/Editor/6000.5.3f1/Editor/Data/NetStandard/compat/2.1.0/shims/netstandard/System.Diagnostics.FileVersionInfo.dll"

-r:"C:/Program Files/Unity/Hub/Editor/6000.5.3f1/Editor/Data/NetStandard/compat/2.1.0/shims/netstandard/System.Diagnostics.Process.dll"

-r:"C:/Program Files/Unity/Hub/Editor/6000.5.3f1/Editor/Data/NetStandard/compat/2.1.0/shims/netstandard/System.Diagnostics.StackTrace.dll"

-r:"C:/Program Files/Unity/Hub/Editor/6000.5.3f1/Editor/Data/NetStandard/compat/2.1.0/shims/netstandard/System.Diagnostics.TextWriterTraceListener.dll"

-r:"C:/Program Files/Unity/Hub/Editor/6000.5.3f1/Editor/Data/NetStandard/compat/2.1.0/shims/netstandard/System.Diagnostics.Tools.dll"

-r:"C:/Program Files/Unity/Hub/Editor/6000.5.3f1/Editor/Data/NetStandard/compat/2.1.0/shims/netstandard/System.Diagnostics.TraceSource.dll"

-r:"C:/Program Files/Unity/Hub/Editor/6000.5.3f1/Editor/Data/NetStandard/compat/2.1.0/shims/netstandard/System.Diagnostics.Tracing.dll"

-r:"C:/Program Files/Unity/Hub/Editor/6000.5.3f1/Editor/Data/NetStandard/compat/2.1.0/shims/netstandard/System.Drawing.Primitives.dll"

-r:"C:/Program Files/Unity/Hub/Editor/6000.5.3f1/Editor/Data/NetStandard/compat/2.1.0/shims/netstandard/System.Dynamic.Runtime.dll"

-r:"C:/Program Files/Unity/Hub/Editor/6000.5.3f1/Editor/Data/NetStandard/compat/2.1.0/shims/netstandard/System.Globalization.Calendars.dll"

-r:"C:/Program Files/Unity/Hub/Editor/6000.5.3f1/Editor/Data/NetStandard/compat/2.1.0/shims/netstandard/System.Globalization.Extensions.dll"

-r:"C:/Program Files/Unity/Hub/Editor/6000.5.3f1/Editor/Data/NetStandard/compat/2.1.0/shims/netstandard/System.Globalization.dll"

-r:"C:/Program Files/Unity/Hub/Editor/6000.5.3f1/Editor/Data/NetStandard/compat/2.1.0/shims/netstandard/System.IO.Compression.ZipFile.dll"

-r:"C:/Program Files/Unity/Hub/Editor/6000.5.3f1/Editor/Data/NetStandard/compat/2.1.0/shims/netstandard/System.IO.Compression.dll"

-r:"C:/Program Files/Unity/Hub/Editor/6000.5.3f1/Editor/Data/NetStandard/compat/2.1.0/shims/netstandard/System.IO.FileSystem.DriveInfo.dll"

-r:"C:/Program Files/Unity/Hub/Editor/6000.5.3f1/Editor/Data/NetStandard/compat/2.1.0/shims/netstandard/System.IO.FileSystem.Primitives.dll"

-r:"C:/Program Files/Unity/Hub/Editor/6000.5.3f1/Editor/Data/NetStandard/compat/2.1.0/shims/netstandard/System.IO.FileSystem.Watcher.dll"

-r:"C:/Program Files/Unity/Hub/Editor/6000.5.3f1/Editor/Data/NetStandard/compat/2.1.0/shims/netstandard/System.IO.FileSystem.dll"

-r:"C:/Program Files/Unity/Hub/Editor/6000.5.3f1/Editor/Data/NetStandard/compat/2.1.0/shims/netstandard/System.IO.IsolatedStorage.dll"

-r:"C:/Program Files/Unity/Hub/Editor/6000.5.3f1/Editor/Data/NetStandard/compat/2.1.0/shims/netstandard/System.IO.MemoryMappedFiles.dll"

-r:"C:/Program Files/Unity/Hub/Editor/6000.5.3f1/Editor/Data/NetStandard/compat/2.1.0/shims/netstandard/System.IO.Pipes.dll"

-r:"C:/Program Files/Unity/Hub/Editor/6000.5.3f1/Editor/Data/NetStandard/compat/2.1.0/shims/netstandard/System.IO.UnmanagedMemoryStream.dll"

-r:"C:/Program Files/Unity/Hub/Editor/6000.5.3f1/Editor/Data/NetStandard/compat/2.1.0/shims/netstandard/System.IO.dll"

-r:"C:/Program Files/Unity/Hub/Editor/6000.5.3f1/Editor/Data/NetStandard/compat/2.1.0/shims/netstandard/System.Linq.Expressions.dll"

-r:"C:/Program Files/Unity/Hub/Editor/6000.5.3f1/Editor/Data/NetStandard/compat/2.1.0/shims/netstandard/System.Linq.Parallel.dll"

-r:"C:/Program Files/Unity/Hub/Editor/6000.5.3f1/Editor/Data/NetStandard/compat/2.1.0/shims/netstandard/System.Linq.Queryable.dll"

-r:"C:/Program Files/Unity/Hub/Editor/6000.5.3f1/Editor/Data/NetStandard/compat/2.1.0/shims/netstandard/System.Linq.dll"

-r:"C:/Program Files/Unity/Hub/Editor/6000.5.3f1/Editor/Data/NetStandard/compat/2.1.0/shims/netstandard/System.Memory.dll"

-r:"C:/Program Files/Unity/Hub/Editor/6000.5.3f1/Editor/Data/NetStandard/compat/2.1.0/shims/netstandard/System.Net.Http.dll"

-r:"C:/Program Files/Unity/Hub/Editor/6000.5.3f1/Editor/Data/NetStandard/compat/2.1.0/shims/netstandard/System.Net.NameResolution.dll"

-r:"C:/Program Files/Unity/Hub/Editor/6000.5.3f1/Editor/Data/NetStandard/compat/2.1.0/shims/netstandard/System.Net.NetworkInformation.dll"

-r:"C:/Program Files/Unity/Hub/Editor/6000.5.3f1/Editor/Data/NetStandard/compat/2.1.0/shims/netstandard/System.Net.Ping.dll"

-r:"C:/Program Files/Unity/Hub/Editor/6000.5.3f1/Editor/Data/NetStandard/compat/2.1.0/shims/netstandard/System.Net.Primitives.dll"

-r:"C:/Program Files/Unity/Hub/Editor/6000.5.3f1/Editor/Data/NetStandard/compat/2.1.0/shims/netstandard/System.Net.Requests.dll"

-r:"C:/Program Files/Unity/Hub/Editor/6000.5.3f1/Editor/Data/NetStandard/compat/2.1.0/shims/netstandard/System.Net.Security.dll"

-r:"C:/Program Files/Unity/Hub/Editor/6000.5.3f1/Editor/Data/NetStandard/compat/2.1.0/shims/netstandard/System.Net.Sockets.dll"

-r:"C:/Program Files/Unity/Hub/Editor/6000.5.3f1/Editor/Data/NetStandard/compat/2.1.0/shims/netstandard/System.Net.WebHeaderCollection.dll"

-r:"C:/Program Files/Unity/Hub/Editor/6000.5.3f1/Editor/Data/NetStandard/compat/2.1.0/shims/netstandard/System.Net.WebSockets.Client.dll"

-r:"C:/Program Files/Unity/Hub/Editor/6000.5.3f1/Editor/Data/NetStandard/compat/2.1.0/shims/netstandard/System.Net.WebSockets.dll"

-r:"C:/Program Files/Unity/Hub/Editor/6000.5.3f1/Editor/Data/NetStandard/compat/2.1.0/shims/netstandard/System.Numerics.Vectors.dll"

-r:"C:/Program Files/Unity/Hub/Editor/6000.5.3f1/Editor/Data/NetStandard/compat/2.1.0/shims/netstandard/System.ObjectModel.dll"

-r:"C:/Program Files/Unity/Hub/Editor/6000.5.3f1/Editor/Data/NetStandard/compat/2.1.0/shims/netstandard/System.Reflection.DispatchProxy.dll"

-r:"C:/Program Files/Unity/Hub/Editor/6000.5.3f1/Editor/Data/NetStandard/compat/2.1.0/shims/netstandard/System.Reflection.Emit.ILGeneration.dll"

-r:"C:/Program Files/Unity/Hub/Editor/6000.5.3f1/Editor/Data/NetStandard/compat/2.1.0/shims/netstandard/System.Reflection.Emit.Lightweight.dll"

-r:"C:/Program Files/Unity/Hub/Editor/6000.5.3f1/Editor/Data/NetStandard/compat/2.1.0/shims/netstandard/System.Reflection.Emit.dll"

-r:"C:/Program Files/Unity/Hub/Editor/6000.5.3f1/Editor/Data/NetStandard/compat/2.1.0/shims/netstandard/System.Reflection.Extensions.dll"

-r:"C:/Program Files/Unity/Hub/Editor/6000.5.3f1/Editor/Data/NetStandard/compat/2.1.0/shims/netstandard/System.Reflection.Primitives.dll"

-r:"C:/Program Files/Unity/Hub/Editor/6000.5.3f1/Editor/Data/NetStandard/compat/2.1.0/shims/netstandard/System.Reflection.dll"

-r:"C:/Program Files/Unity/Hub/Editor/6000.5.3f1/Editor/Data/NetStandard/compat/2.1.0/shims/netstandard/System.Resources.Reader.dll"

-r:"C:/Program Files/Unity/Hub/Editor/6000.5.3f1/Editor/Data/NetStandard/compat/2.1.0/shims/netstandard/System.Resources.ResourceManager.dll"

-r:"C:/Program Files/Unity/Hub/Editor/6000.5.3f1/Editor/Data/NetStandard/compat/2.1.0/shims/netstandard/System.Resources.Writer.dll"

-r:"C:/Program Files/Unity/Hub/Editor/6000.5.3f1/Editor/Data/NetStandard/compat/2.1.0/shims/netstandard/System.Runtime.CompilerServices.VisualC.dll"

-r:"C:/Program Files/Unity/Hub/Editor/6000.5.3f1/Editor/Data/NetStandard/compat/2.1.0/shims/netstandard/System.Runtime.Extensions.dll"

-r:"C:/Program Files/Unity/Hub/Editor/6000.5.3f1/Editor/Data/NetStandard/compat/2.1.0/shims/netstandard/System.Runtime.Handles.dll"

-r:"C:/Program Files/Unity/Hub/Editor/6000.5.3f1/Editor/Data/NetStandard/compat/2.1.0/shims/netstandard/System.Runtime.InteropServices.RuntimeInformation.dll"

-r:"C:/Program Files/Unity/Hub/Editor/6000.5.3f1/Editor/Data/NetStandard/compat/2.1.0/shims/netstandard/System.Runtime.InteropServices.dll"

-r:"C:/Program Files/Unity/Hub/Editor/6000.5.3f1/Editor/Data/NetStandard/compat/2.1.0/shims/netstandard/System.Runtime.Numerics.dll"

-r:"C:/Program Files/Unity/Hub/Editor/6000.5.3f1/Editor/Data/NetStandard/compat/2.1.0/shims/netstandard/System.Runtime.Serialization.Formatters.dll"

-r:"C:/Program Files/Unity/Hub/Editor/6000.5.3f1/Editor/Data/NetStandard/compat/2.1.0/shims/netstandard/System.Runtime.Serialization.Json.dll"

-r:"C:/Program Files/Unity/Hub/Editor/6000.5.3f1/Editor/Data/NetStandard/compat/2.1.0/shims/netstandard/System.Runtime.Serialization.Primitives.dll"

-r:"C:/Program Files/Unity/Hub/Editor/6000.5.3f1/Editor/Data/NetStandard/compat/2.1.0/shims/netstandard/System.Runtime.Serialization.Xml.dll"

-r:"C:/Program Files/Unity/Hub/Editor/6000.5.3f1/Editor/Data/NetStandard/compat/2.1.0/shims/netstandard/System.Runtime.dll"

-r:"C:/Program Files/Unity/Hub/Editor/6000.5.3f1/Editor/Data/NetStandard/compat/2.1.0/shims/netstandard/System.Security.Claims.dll"

-r:"C:/Program Files/Unity/Hub/Editor/6000.5.3f1/Editor/Data/NetStandard/compat/2.1.0/shims/netstandard/System.Security.Cryptography.Algorithms.dll"

-r:"C:/Program Files/Unity/Hub/Editor/6000.5.3f1/Editor/Data/NetStandard/compat/2.1.0/shims/netstandard/System.Security.Cryptography.Csp.dll"

-r:"C:/Program Files/Unity/Hub/Editor/6000.5.3f1/Editor/Data/NetStandard/compat/2.1.0/shims/netstandard/System.Security.Cryptography.Encoding.dll"

-r:"C:/Program Files/Unity/Hub/Editor/6000.5.3f1/Editor/Data/NetStandard/compat/2.1.0/shims/netstandard/System.Security.Cryptography.Primitives.dll"

-r:"C:/Program Files/Unity/Hub/Editor/6000.5.3f1/Editor/Data/NetStandard/compat/2.1.0/shims/netstandard/System.Security.Cryptography.X509Certificates.dll"

-r:"C:/Program Files/Unity/Hub/Editor/6000.5.3f1/Editor/Data/NetStandard/compat/2.1.0/shims/netstandard/System.Security.Principal.dll"

-r:"C:/Program Files/Unity/Hub/Editor/6000.5.3f1/Editor/Data/NetStandard/compat/2.1.0/shims/netstandard/System.Security.SecureString.dll"

-r:"C:/Program Files/Unity/Hub/Editor/6000.5.3f1/Editor/Data/NetStandard/compat/2.1.0/shims/netstandard/System.Text.Encoding.Extensions.dll"

-r:"C:/Program Files/Unity/Hub/Editor/6000.5.3f1/Editor/Data/NetStandard/compat/2.1.0/shims/netstandard/System.Text.Encoding.dll"

-r:"C:/Program Files/Unity/Hub/Editor/6000.5.3f1/Editor/Data/NetStandard/compat/2.1.0/shims/netstandard/System.Text.RegularExpressions.dll"

-r:"C:/Program Files/Unity/Hub/Editor/6000.5.3f1/Editor/Data/NetStandard/compat/2.1.0/shims/netstandard/System.Threading.Overlapped.dll"

-r:"C:/Program Files/Unity/Hub/Editor/6000.5.3f1/Editor/Data/NetStandard/compat/2.1.0/shims/netstandard/System.Threading.Tasks.Extensions.dll"

-r:"C:/Program Files/Unity/Hub/Editor/6000.5.3f1/Editor/Data/NetStandard/compat/2.1.0/shims/netstandard/System.Threading.Tasks.Parallel.dll"

-r:"C:/Program Files/Unity/Hub/Editor/6000.5.3f1/Editor/Data/NetStandard/compat/2.1.0/shims/netstandard/System.Threading.Tasks.dll"

-r:"C:/Program Files/Unity/Hub/Editor/6000.5.3f1/Editor/Data/NetStandard/compat/2.1.0/shims/netstandard/System.Threading.Thread.dll"

-r:"C:/Program Files/Unity/Hub/Editor/6000.5.3f1/Editor/Data/NetStandard/compat/2.1.0/shims/netstandard/System.Threading.ThreadPool.dll"

-r:"C:/Program Files/Unity/Hub/Editor/6000.5.3f1/Editor/Data/NetStandard/compat/2.1.0/shims/netstandard/System.Threading.Timer.dll"

-r:"C:/Program Files/Unity/Hub/Editor/6000.5.3f1/Editor/Data/NetStandard/compat/2.1.0/shims/netstandard/System.Threading.dll"

-r:"C:/Program Files/Unity/Hub/Editor/6000.5.3f1/Editor/Data/NetStandard/compat/2.1.0/shims/netstandard/System.ValueTuple.dll"

-r:"C:/Program Files/Unity/Hub/Editor/6000.5.3f1/Editor/Data/NetStandard/compat/2.1.0/shims/netstandard/System.Xml.ReaderWriter.dll"

-r:"C:/Program Files/Unity/Hub/Editor/6000.5.3f1/Editor/Data/NetStandard/compat/2.1.0/shims/netstandard/System.Xml.XDocument.dll"

-r:"C:/Program Files/Unity/Hub/Editor/6000.5.3f1/Editor/Data/NetStandard/compat/2.1.0/shims/netstandard/System.Xml.XPath.XDocument.dll"

-r:"C:/Program Files/Unity/Hub/Editor/6000.5.3f1/Editor/Data/NetStandard/compat/2.1.0/shims/netstandard/System.Xml.XPath.dll"

-r:"C:/Program Files/Unity/Hub/Editor/6000.5.3f1/Editor/Data/NetStandard/compat/2.1.0/shims/netstandard/System.Xml.XmlDocument.dll"

-r:"C:/Program Files/Unity/Hub/Editor/6000.5.3f1/Editor/Data/NetStandard/compat/2.1.0/shims/netstandard/System.Xml.XmlSerializer.dll"

-r:"C:/Program Files/Unity/Hub/Editor/6000.5.3f1/Editor/Data/NetStandard/ref/2.1.0/netstandard.dll"

-r:"Library/Bee/artifacts/1900b0aE.dag/Unity.InternalAPIEngineBridge.004.ref.dll"

-r:"Library/Bee/artifacts/1900b0aE.dag/Unity.TextMeshPro.Editor.ref.dll"

-r:"Library/Bee/artifacts/1900b0aE.dag/Unity.TextMeshPro.ref.dll"

-r:"Library/Bee/artifacts/1900b0aE.dag/UnityEditor.UI.Analytics.ref.dll"

-r:"Library/Bee/artifacts/1900b0aE.dag/UnityEditor.UI.ref.dll"

-r:"Library/Bee/artifacts/1900b0aE.dag/UnityEngine.UI.ref.dll"

-analyzer:"C:/Program Files/Unity/Hub/Editor/6000.5.3f1/Editor/Data/BCLExtensions/TargetingPacks/netstandard2.1/analyzers/dotnet/roslyn4.0/cs/Microsoft.Extensions.Logging.Generators.dll"

-analyzer:"C:/Program Files/Unity/Hub/Editor/6000.5.3f1/Editor/Data/BCLExtensions/TargetingPacks/netstandard2.1/analyzers/dotnet/roslyn4.0/cs/System.Text.Json.SourceGeneration.dll"

-analyzer:"C:/Program Files/Unity/Hub/Editor/6000.5.3f1/Editor/Data/Tools/BuildPipeline/Unity.Analyzers.Common/Unity.Analyzers.Common.dll"

-analyzer:"C:/Program Files/Unity/Hub/Editor/6000.5.3f1/Editor/Data/Tools/BuildPipeline/Unity.Analyzers.LongLiving/Unity.Analyzers.LongLiving.dll"

-analyzer:"C:/Program Files/Unity/Hub/Editor/6000.5.3f1/Editor/Data/Tools/BuildPipeline/Unity.SourceGenerators/Unity.Properties.SourceGenerator.dll"

-analyzer:"C:/Program Files/Unity/Hub/Editor/6000.5.3f1/Editor/Data/Tools/BuildPipeline/Unity.SourceGenerators/Unity.SourceGenerators.dll"

-analyzer:"C:/Program Files/Unity/Hub/Editor/6000.5.3f1/Editor/Data/Tools/BuildPipeline/Unity.SourceGenerators/Unity.UIToolkit.SourceGenerator.dll"

"Assets/DMT321/JsonDataTwin/Scripts/SensorPacket.cs"

"Assets/DMT321/JsonDataTwin/Scripts/TelemetryReceiver.cs"

"Assets/DMT321/JsonDataTwin/Scripts/TemperatureTwinView.cs"

"Assets/DMT321/JsonDataTwin/Scripts/TextAssetTelemetrySource.cs"

-langversion:9.0

/deterministic

/optimize+

/debug:portable

/nologo

/RuntimeMetadataVersion:v4.0.30319

/nowarn:0169

/nowarn:0649

/nowarn:0282

/nowarn:1701

/nowarn:1702

/utf8output

/preferreduilang:en-US

/additionalfile:"Library/Bee/artifacts/1900b0aE.dag/Assembly-CSharp.UnityAdditionalFile.txt"
##### Custom Environment Variables
DOTNET_HOST_PATH=C:\Program Files\Unity\Hub\Editor\6000.5.3f1\Editor\Data\DotNetSdk\dotnet.exe
DOTNET_MULTILEVEL_LOOKUP=0
##### ExitCode
1
##### Output
Assets\DMT321\JsonDataTwin\Scripts\TelemetryReceiver.cs(481,21): error CS0111: Type 'TelemetryReceiver' already defines a member called 'TemperatureOffline' with the same parameter types

Assets\DMT321\JsonDataTwin\Scripts\TelemetryReceiver.cs(487,21): error CS0111: Type 'TelemetryReceiver' already defines a member called 'HumidityOffline' with the same parameter types
*** Tundra build failed (5.16 seconds), 1 items updated, 213 evaluated
## Script Compilation Error for: Csc Library/Bee/artifacts/1900b0aE.dag/Assembly-CSharp.dll (+2 others)
## CmdLine: "C:\Program Files\Unity\Hub\Editor\6000.5.3f1\Editor\Data\DotNetSdk\dotnet.exe" exec "C:/Program Files/Unity/Hub/Editor/6000.5.3f1/Editor/Data/DotNetSdk/sdk/8.0.318/Roslyn/bincore/csc.dll" /nostdlib /noconfig /shared "@Library/Bee/artifacts/1900b0aE.dag/Assembly-CSharp.rsp" "@Library/Bee/artifacts/1900b0aE.dag/Assembly-CSharp.rsp2"
## Output:
Assets\DMT321\JsonDataTwin\Scripts\TelemetryReceiver.cs(481,21): error CS0111: Type 'TelemetryReceiver' already defines a member called 'TemperatureOffline' with the same parameter types
Assets\DMT321\JsonDataTwin\Scripts\TelemetryReceiver.cs(487,21): error CS0111: Type 'TelemetryReceiver' already defines a member called 'HumidityOffline' with the same parameter types

Assets\DMT321\JsonDataTwin\Scripts\TelemetryReceiver.cs(481,21): error CS0111: Type 'TelemetryReceiver' already defines a member called 'TemperatureOffline' with the same parameter types
Assets\DMT321\JsonDataTwin\Scripts\TelemetryReceiver.cs(487,21): error CS0111: Type 'TelemetryReceiver' already defines a member called 'HumidityOffline' with the same parameter types

Asset Pipeline Refresh (id=1d5ca8222bb207341b37231ed9556da9): Total: 6.537 seconds - Initiated by RefreshV2(AllowForceSynchronousImport)
	(Values over 0.05ms)
	Summary:
		Imports: total=0 (actual=0, local cache=0, cache server=0)
		Asset DB Process Time: managed=0 ms, native=39 ms
		Asset DB Callback time: managed=40 ms, native=5 ms
		Scripting: domain reloads=0, domain reload time=0 ms, compile time=6451 ms, other=0 ms
		Project Asset Count: scripts=139, non-scripts=105
		Asset File Changes: new=0, changed=1, moved=0, deleted=0
		Scan Filter Count: 0
	InvokePackagesCallback: 3.261ms
	ApplyChangesToAssetFolders: 0.102ms
	Scan: 23.519ms
	Collect global state as custom dependencies: 0.113ms
	OnSourceAssetsModified: 1.257ms
	CategorizeScriptCompilationAssets: 0.068ms
	ProcessAssetsWithTransientArtifactChanges: 0.402ms
	CategorizeAssets: 0.451ms
	CompileScripts: 6450.925ms
	ImportOutOfDateAssets: 3.783ms (1.332ms without children)
		ReloadNativeAssets: 0.056ms
		UnloadImportedAssets: 0.421ms
		EnsureUptoDateAssetsAreRegisteredWithGuidPM: 0.093ms
		ImportSchedulerStart: 1.878ms
	PostProcessAllAssets: 40.007ms
		PostProcessCallbackCreateDeferredMaterials 0.052ms
		MonoPostProcessAllAssets: 39.204ms
			AssetPostprocessor.OnPostprocessAllAssets 16.823ms
			AssetChangedListener.OnPostprocessAllAssets 9.030ms
			RetainedModeAssetPostprocessor.OnPostprocessAllAssets 2.988ms
			BuilderAssetPostprocessor.OnPostprocessAllAssets 1.561ms
			TMPro_TexturePostProcessor.OnPostprocessAllAssets 1.536ms
			ArtifactBrowserPostProcessor.OnPostprocessAllAssets 1.198ms
			StyleCatalogPostProcessor.OnPostprocessAllAssets 0.903ms
			SpeedTreePostProcessor.OnPostprocessAllAssets 0.737ms
			TextAssetPostProcessor.OnPostprocessAllAssets 0.710ms
			AudioMixerPostprocessor.OnPostprocessAllAssets 0.706ms
			AssetEvents.OnPostprocessAllAssets 0.565ms
			AudioContainerPostProcessor.OnPostprocessAllAssets 0.336ms
			ConfigAssetsTracker.OnPostprocessAllAssets 0.265ms
			ScenarioDriftAssetsTracker.OnPostprocessAllAssets 0.249ms
			SyncVS.PostprocessSyncProject 0.068ms
	PostAssetChangesProfiler: 2.780ms
	Untracked: 10.287ms

Total cache size 267985652
Total cache size after purge 267985652, took 00:00:01.1662079
[Worker0] Imported GUID: 9f80eb28707bf49f1b6d07b0345795e4 - Path: Assets/DMT321/JsonDataTwin/Scripts/TelemetryReceiver.cs - Importer: PreviewImporter -> (ImportResultId: 'cdddb09c01af9d92d9d8a96dafef5753') in 0.0015917 seconds
External Code Editor application path does not exist (C:\Program Files\Microsoft Visual Studio\2022\Community\Common7\IDE\devenv.exe)! Please select a different application.
UnityEngine.Debug:ExtractStackTraceNoAlloc (byte*,int,string)
UnityEngine.StackTraceUtility:ExtractStackTrace ()
UnityEngine.DebugLogHandler:Internal_Log (UnityEngine.LogType,UnityEngine.LogOption,string,UnityEngine.Object)
UnityEngine.DebugLogHandler:LogFormat (UnityEngine.LogType,UnityEngine.Object,string,object[])
UnityEngine.Logger:Log (UnityEngine.LogType,object)
UnityEngine.Debug:LogWarning (object)
UnityEditor.DefaultExternalCodeEditor:OpenProject (string,int,int)
Unity.CodeEditor.CodeEditor:OnOpenAsset (UnityEngine.EntityId,int,int)
UnityEditor.AssetDatabase:OpenAsset (UnityEngine.EntityId,int,int)
UnityEditor.AssetDatabase:OpenAsset (UnityEngine.EntityId)
UnityEditor.ProjectBrowser:OpenAssetSelection (UnityEngine.EntityId[])
UnityEditor.ProjectBrowser:AssetTreeItemDoubleClickedCallback (UnityEngine.EntityId)
UnityEditor.IMGUI.Controls.TreeViewController`1<UnityEngine.EntityId>:HandleUnusedMouseEventsForItem (UnityEngine.Rect,UnityEditor.IMGUI.Controls.TreeViewItem`1<UnityEngine.EntityId>,int)
UnityEditor.IMGUI.Controls.TreeViewController`1<UnityEngine.EntityId>:DoItemGUI (UnityEditor.IMGUI.Controls.TreeViewItem`1<UnityEngine.EntityId>,int,single,bool)
UnityEditor.IMGUI.Controls.TreeViewController`1<UnityEngine.EntityId>:IterateVisibleItems (int,int,single,bool)
UnityEditor.IMGUI.Controls.TreeViewController`1<UnityEngine.EntityId>:OnGUI (UnityEngine.Rect,int)
UnityEditor.ProjectBrowser:OnGUI ()
UnityEditor.HostView:InvokeOnGUI (UnityEngine.Rect)
UnityEditor.DockArea:DrawView (UnityEngine.Rect)
UnityEditor.DockArea:OldOnGUI ()
UnityEngine.UIElements.IMGUIContainer:DoOnGUI (UnityEngine.Event,UnityEngine.Matrix4x4,UnityEngine.Rect,bool,UnityEngine.Rect,System.Action,bool)
UnityEngine.UIElements.IMGUIContainer:HandleIMGUIEvent (UnityEngine.Event,UnityEngine.Matrix4x4,UnityEngine.Rect,System.Action,bool)
UnityEngine.UIElements.IMGUIContainer:HandleIMGUIEvent (UnityEngine.Event,System.Action,bool)
UnityEngine.UIElements.IMGUIContainer:HandleIMGUIEvent (UnityEngine.Event,bool)
UnityEngine.UIElements.IMGUIContainer:SendEventToIMGUIRaw (UnityEngine.UIElements.EventBase,bool,bool)
UnityEngine.UIElements.IMGUIContainer:SendEventToIMGUI (UnityEngine.UIElements.EventBase,bool,bool)
UnityEngine.UIElements.IMGUIContainer:HandleEventBubbleUp (UnityEngine.UIElements.EventBase)
UnityEngine.UIElements.EventDispatchUtilities:HandleEventAcrossPropagationPathWithCompatibilityEvent (UnityEngine.UIElements.EventBase,UnityEngine.UIElements.EventBase,UnityEngine.UIElements.BaseVisualElementPanel,UnityEngine.UIElements.VisualElement,bool)
UnityEngine.UIElements.EventDispatchUtilities:DispatchToElementUnderPointerOrPanelRoot (UnityEngine.UIElements.EventBase,UnityEngine.UIElements.BaseVisualElementPanel,int,UnityEngine.Vector2)
UnityEngine.UIElements.EventDispatchUtilities:DispatchToCapturingElementOrElementUnderPointer (UnityEngine.UIElements.EventBase,UnityEngine.UIElements.BaseVisualElementPanel,int,UnityEngine.Vector2)
UnityEngine.UIElements.PointerDownEvent:Dispatch (UnityEngine.UIElements.BaseVisualElementPanel)
UnityEngine.UIElements.EventDispatcher:ProcessEvent (UnityEngine.UIElements.EventBase,UnityEngine.UIElements.BaseVisualElementPanel)
UnityEngine.UIElements.EventDispatcher:Dispatch (UnityEngine.UIElements.EventBase,UnityEngine.UIElements.BaseVisualElementPanel,UnityEngine.UIElements.DispatchMode)
UnityEngine.UIElements.BaseVisualElementPanel:SendEvent (UnityEngine.UIElements.EventBase,UnityEngine.UIElements.DispatchMode)
UnityEditor.UIElements.EditorEventDispatchUtility:DoDispatch (UnityEngine.UIElements.BaseVisualElementPanel,UnityEngine.Event)
UnityEditor.UIElements.DefaultWindowBackend:ProcessEvent (UnityEngine.Event)
UnityEditor.GUIView:ProcessEvent (UnityEngine.EntityId,intptr,bool&)

External Code Editor application path does not exist (C:\Program Files\Microsoft Visual Studio\2022\Community\Common7\IDE\devenv.exe)! Please select a different application.
UnityEngine.Debug:ExtractStackTraceNoAlloc (byte*,int,string)
UnityEngine.StackTraceUtility:ExtractStackTrace ()
UnityEngine.DebugLogHandler:Internal_Log (UnityEngine.LogType,UnityEngine.LogOption,string,UnityEngine.Object)
UnityEngine.DebugLogHandler:LogFormat (UnityEngine.LogType,UnityEngine.Object,string,object[])
UnityEngine.Logger:Log (UnityEngine.LogType,object)
UnityEngine.Debug:LogWarning (object)
UnityEditor.DefaultExternalCodeEditor:OpenProject (string,int,int)
Unity.CodeEditor.CodeEditor:OpenProject (string,int,int)
UnityEditor.AssetDatabase:OpenAsset (UnityEngine.EntityId,int,int)
UnityEditor.AssetDatabase:OpenAsset (UnityEngine.EntityId)
UnityEditor.ProjectBrowser:OpenAssetSelection (UnityEngine.EntityId[])
UnityEditor.ProjectBrowser:AssetTreeItemDoubleClickedCallback (UnityEngine.EntityId)
UnityEditor.IMGUI.Controls.TreeViewController`1<UnityEngine.EntityId>:HandleUnusedMouseEventsForItem (UnityEngine.Rect,UnityEditor.IMGUI.Controls.TreeViewItem`1<UnityEngine.EntityId>,int)
UnityEditor.IMGUI.Controls.TreeViewController`1<UnityEngine.EntityId>:DoItemGUI (UnityEditor.IMGUI.Controls.TreeViewItem`1<UnityEngine.EntityId>,int,single,bool)
UnityEditor.IMGUI.Controls.TreeViewController`1<UnityEngine.EntityId>:IterateVisibleItems (int,int,single,bool)
UnityEditor.IMGUI.Controls.TreeViewController`1<UnityEngine.EntityId>:OnGUI (UnityEngine.Rect,int)
UnityEditor.ProjectBrowser:OnGUI ()
UnityEditor.HostView:InvokeOnGUI (UnityEngine.Rect)
UnityEditor.DockArea:DrawView (UnityEngine.Rect)
UnityEditor.DockArea:OldOnGUI ()
UnityEngine.UIElements.IMGUIContainer:DoOnGUI (UnityEngine.Event,UnityEngine.Matrix4x4,UnityEngine.Rect,bool,UnityEngine.Rect,System.Action,bool)
UnityEngine.UIElements.IMGUIContainer:HandleIMGUIEvent (UnityEngine.Event,UnityEngine.Matrix4x4,UnityEngine.Rect,System.Action,bool)
UnityEngine.UIElements.IMGUIContainer:HandleIMGUIEvent (UnityEngine.Event,System.Action,bool)
UnityEngine.UIElements.IMGUIContainer:HandleIMGUIEvent (UnityEngine.Event,bool)
UnityEngine.UIElements.IMGUIContainer:SendEventToIMGUIRaw (UnityEngine.UIElements.EventBase,bool,bool)
UnityEngine.UIElements.IMGUIContainer:SendEventToIMGUI (UnityEngine.UIElements.EventBase,bool,bool)
UnityEngine.UIElements.IMGUIContainer:HandleEventBubbleUp (UnityEngine.UIElements.EventBase)
UnityEngine.UIElements.EventDispatchUtilities:HandleEventAcrossPropagationPathWithCompatibilityEvent (UnityEngine.UIElements.EventBase,UnityEngine.UIElements.EventBase,UnityEngine.UIElements.BaseVisualElementPanel,UnityEngine.UIElements.VisualElement,bool)
UnityEngine.UIElements.EventDispatchUtilities:DispatchToElementUnderPointerOrPanelRoot (UnityEngine.UIElements.EventBase,UnityEngine.UIElements.BaseVisualElementPanel,int,UnityEngine.Vector2)
UnityEngine.UIElements.EventDispatchUtilities:DispatchToCapturingElementOrElementUnderPointer (UnityEngine.UIElements.EventBase,UnityEngine.UIElements.BaseVisualElementPanel,int,UnityEngine.Vector2)
UnityEngine.UIElements.PointerDownEvent:Dispatch (UnityEngine.UIElements.BaseVisualElementPanel)
UnityEngine.UIElements.EventDispatcher:ProcessEvent (UnityEngine.UIElements.EventBase,UnityEngine.UIElements.BaseVisualElementPanel)
UnityEngine.UIElements.EventDispatcher:Dispatch (UnityEngine.UIElements.EventBase,UnityEngine.UIElements.BaseVisualElementPanel,UnityEngine.UIElements.DispatchMode)
UnityEngine.UIElements.BaseVisualElementPanel:SendEvent (UnityEngine.UIElements.EventBase,UnityEngine.UIElements.DispatchMode)
UnityEditor.UIElements.EditorEventDispatchUtility:DoDispatch (UnityEngine.UIElements.BaseVisualElementPanel,UnityEngine.Event)
UnityEditor.UIElements.DefaultWindowBackend:ProcessEvent (UnityEngine.Event)
UnityEditor.GUIView:ProcessEvent (UnityEngine.EntityId,intptr,bool&)

EditorHelper: Unable to use the external script editor. Trying the internal script editor now.
Asset Pipeline Refresh (id=20d28d6437571084da13fce07a9962fe): Total: 0.008 seconds - Initiated by RefreshV2(AllowForceSynchronousImport)
External Code Editor application path does not exist (C:\Program Files\Microsoft Visual Studio\2022\Community\Common7\IDE\devenv.exe)! Please select a different application.
UnityEngine.Debug:ExtractStackTraceNoAlloc (byte*,int,string)
UnityEngine.StackTraceUtility:ExtractStackTrace ()
UnityEngine.DebugLogHandler:Internal_Log (UnityEngine.LogType,UnityEngine.LogOption,string,UnityEngine.Object)
UnityEngine.DebugLogHandler:LogFormat (UnityEngine.LogType,UnityEngine.Object,string,object[])
UnityEngine.Logger:Log (UnityEngine.LogType,object)
UnityEngine.Debug:LogWarning (object)
UnityEditor.DefaultExternalCodeEditor:OpenProject (string,int,int)
Unity.CodeEditor.CodeEditor:OnOpenAsset (UnityEngine.EntityId,int,int)
UnityEditor.ConsoleWindow:OnGUI ()
UnityEditor.HostView:InvokeOnGUI (UnityEngine.Rect)
UnityEditor.DockArea:DrawView (UnityEngine.Rect)
UnityEditor.DockArea:OldOnGUI ()
UnityEngine.UIElements.IMGUIContainer:DoOnGUI (UnityEngine.Event,UnityEngine.Matrix4x4,UnityEngine.Rect,bool,UnityEngine.Rect,System.Action,bool)
UnityEngine.UIElements.IMGUIContainer:HandleIMGUIEvent (UnityEngine.Event,UnityEngine.Matrix4x4,UnityEngine.Rect,System.Action,bool)
UnityEngine.UIElements.IMGUIContainer:HandleIMGUIEvent (UnityEngine.Event,System.Action,bool)
UnityEngine.UIElements.IMGUIContainer:HandleIMGUIEvent (UnityEngine.Event,bool)
UnityEngine.UIElements.IMGUIContainer:SendEventToIMGUIRaw (UnityEngine.UIElements.EventBase,bool,bool)
UnityEngine.UIElements.IMGUIContainer:SendEventToIMGUI (UnityEngine.UIElements.EventBase,bool,bool)
UnityEngine.UIElements.IMGUIContainer:HandleEventBubbleUp (UnityEngine.UIElements.EventBase)
UnityEngine.UIElements.EventDispatchUtilities:HandleEventAcrossPropagationPathWithCompatibilityEvent (UnityEngine.UIElements.EventBase,UnityEngine.UIElements.EventBase,UnityEngine.UIElements.BaseVisualElementPanel,UnityEngine.UIElements.VisualElement,bool)
UnityEngine.UIElements.EventDispatchUtilities:DispatchToElementUnderPointerOrPanelRoot (UnityEngine.UIElements.EventBase,UnityEngine.UIElements.BaseVisualElementPanel,int,UnityEngine.Vector2)
UnityEngine.UIElements.EventDispatchUtilities:DispatchToCapturingElementOrElementUnderPointer (UnityEngine.UIElements.EventBase,UnityEngine.UIElements.BaseVisualElementPanel,int,UnityEngine.Vector2)
UnityEngine.UIElements.PointerDownEvent:Dispatch (UnityEngine.UIElements.BaseVisualElementPanel)
UnityEngine.UIElements.EventDispatcher:ProcessEvent (UnityEngine.UIElements.EventBase,UnityEngine.UIElements.BaseVisualElementPanel)
UnityEngine.UIElements.EventDispatcher:Dispatch (UnityEngine.UIElements.EventBase,UnityEngine.UIElements.BaseVisualElementPanel,UnityEngine.UIElements.DispatchMode)
UnityEngine.UIElements.BaseVisualElementPanel:SendEvent (UnityEngine.UIElements.EventBase,UnityEngine.UIElements.DispatchMode)
UnityEditor.UIElements.EditorEventDispatchUtility:DoDispatch (UnityEngine.UIElements.BaseVisualElementPanel,UnityEngine.Event)
UnityEditor.UIElements.DefaultWindowBackend:ProcessEvent (UnityEngine.Event)
UnityEditor.GUIView:ProcessEvent (UnityEngine.EntityId,intptr,bool&)

External Code Editor application path does not exist (C:\Program Files\Microsoft Visual Studio\2022\Community\Common7\IDE\devenv.exe)! Please select a different application.
UnityEngine.Debug:ExtractStackTraceNoAlloc (byte*,int,string)
UnityEngine.StackTraceUtility:ExtractStackTrace ()
UnityEngine.DebugLogHandler:Internal_Log (UnityEngine.LogType,UnityEngine.LogOption,string,UnityEngine.Object)
UnityEngine.DebugLogHandler:LogFormat (UnityEngine.LogType,UnityEngine.Object,string,object[])
UnityEngine.Logger:Log (UnityEngine.LogType,object)
UnityEngine.Debug:LogWarning (object)
UnityEditor.DefaultExternalCodeEditor:OpenProject (string,int,int)
Unity.CodeEditor.CodeEditor:OpenProject (string,int,int)
UnityEditor.ConsoleWindow:OnGUI ()
UnityEditor.HostView:InvokeOnGUI (UnityEngine.Rect)
UnityEditor.DockArea:DrawView (UnityEngine.Rect)
UnityEditor.DockArea:OldOnGUI ()
UnityEngine.UIElements.IMGUIContainer:DoOnGUI (UnityEngine.Event,UnityEngine.Matrix4x4,UnityEngine.Rect,bool,UnityEngine.Rect,System.Action,bool)
UnityEngine.UIElements.IMGUIContainer:HandleIMGUIEvent (UnityEngine.Event,UnityEngine.Matrix4x4,UnityEngine.Rect,System.Action,bool)
UnityEngine.UIElements.IMGUIContainer:HandleIMGUIEvent (UnityEngine.Event,System.Action,bool)
UnityEngine.UIElements.IMGUIContainer:HandleIMGUIEvent (UnityEngine.Event,bool)
UnityEngine.UIElements.IMGUIContainer:SendEventToIMGUIRaw (UnityEngine.UIElements.EventBase,bool,bool)
UnityEngine.UIElements.IMGUIContainer:SendEventToIMGUI (UnityEngine.UIElements.EventBase,bool,bool)
UnityEngine.UIElements.IMGUIContainer:HandleEventBubbleUp (UnityEngine.UIElements.EventBase)
UnityEngine.UIElements.EventDispatchUtilities:HandleEventAcrossPropagationPathWithCompatibilityEvent (UnityEngine.UIElements.EventBase,UnityEngine.UIElements.EventBase,UnityEngine.UIElements.BaseVisualElementPanel,UnityEngine.UIElements.VisualElement,bool)
UnityEngine.UIElements.EventDispatchUtilities:DispatchToElementUnderPointerOrPanelRoot (UnityEngine.UIElements.EventBase,UnityEngine.UIElements.BaseVisualElementPanel,int,UnityEngine.Vector2)
UnityEngine.UIElements.EventDispatchUtilities:DispatchToCapturingElementOrElementUnderPointer (UnityEngine.UIElements.EventBase,UnityEngine.UIElements.BaseVisualElementPanel,int,UnityEngine.Vector2)
UnityEngine.UIElements.PointerDownEvent:Dispatch (UnityEngine.UIElements.BaseVisualElementPanel)
UnityEngine.UIElements.EventDispatcher:ProcessEvent (UnityEngine.UIElements.EventBase,UnityEngine.UIElements.BaseVisualElementPanel)
UnityEngine.UIElements.EventDispatcher:Dispatch (UnityEngine.UIElements.EventBase,UnityEngine.UIElements.BaseVisualElementPanel,UnityEngine.UIElements.DispatchMode)
UnityEngine.UIElements.BaseVisualElementPanel:SendEvent (UnityEngine.UIElements.EventBase,UnityEngine.UIElements.DispatchMode)
UnityEditor.UIElements.EditorEventDispatchUtility:DoDispatch (UnityEngine.UIElements.BaseVisualElementPanel,UnityEngine.Event)
UnityEditor.UIElements.DefaultWindowBackend:ProcessEvent (UnityEngine.Event)
UnityEditor.GUIView:ProcessEvent (UnityEngine.EntityId,intptr,bool&)

EditorHelper: Unable to use the external script editor. Trying the internal script editor now.
Asset Pipeline Refresh (id=f925298a98ba4fa4fa476fda4a510935): Total: 0.014 seconds - Initiated by RefreshV2(AllowForceSynchronousImport)
Asset Pipeline Refresh (id=6da54d6301be901489780aa47d58888a): Total: 0.006 seconds - Initiated by RefreshV2(AllowForceSynchronousImport)
Asset Pipeline Refresh (id=97289e03c52a03e428596f0be9cc0fb3): Total: 0.025 seconds - Initiated by RefreshV2(AllowForceSynchronousImport)
Asset Pipeline Refresh (id=c548ee9e735e8d5409789893ce59a1cb): Total: 0.006 seconds - Initiated by RefreshV2(AllowForceSynchronousImport)
Asset Pipeline Refresh (id=154f9383ed9e90544859cfcd678b502a): Total: 0.006 seconds - Initiated by RefreshV2(AllowForceSynchronousImport)
[ScriptCompilation] Requested script compilation because: AssetDatabase observed changes in script compilation related files
[Licensing::Client] Successfully resolved entitlement details
[Licensing::Module] License group:
  Id: F4-V2HH-7T9E-WBHF-A6SK-XXXX
  Product: Unity Personal
  Type: ULF
  Expiration: 2026-09-29T12:00:42Z
[Licensing::Module] License group:
  Id: 18968482900132-UnityPersXXXX
  Product: Unity Personal
  Type: Assigned
  Expiration: Unlimited
info: Microsoft.AspNetCore.Hosting.Diagnostics[1]
      Request starting HTTP/2 POST http://ilpp/UnityILPP.PostProcessing/Ping - application/grpc -
info: Microsoft.AspNetCore.Routing.EndpointMiddleware[0]
      Executing endpoint 'gRPC - /UnityILPP.PostProcessing/Ping'
info: Microsoft.AspNetCore.Routing.EndpointMiddleware[1]
      Executed endpoint 'gRPC - /UnityILPP.PostProcessing/Ping'
info: Microsoft.AspNetCore.Hosting.Diagnostics[2]
      Request finished HTTP/2 POST http://ilpp/UnityILPP.PostProcessing/Ping - 200 - application/grpc 1.5320ms
Starting: C:\Program Files\Unity\Hub\Editor\6000.5.3f1\Editor\Data\Tools\BuildPipeline\bee_backend.exe --ipc --defer-dag-verification --dagfile="Library/Bee/1900b0aE.dag" --continue-on-failure --profile="Library/Bee/backend1.traceevents" ScriptAssemblies
WorkingDir: C:/Users/Asus/Desktop/DMT321-HW/DMT321_Lab02_Unity6.5
ExitCode: 0 Duration: 1s19ms
[210/213    0s] Csc Library/Bee/artifacts/1900b0aE.dag/Assembly-CSharp.dll (+2 others)
[211/213    0s] CopyFiles Library/ScriptAssemblies/Assembly-CSharp.pdb
[212/213    0s] CopyFiles Library/ScriptAssemblies/Assembly-CSharp.dll
*** Tundra build success (0.97 seconds), 3 items updated, 213 evaluated
Reloading assemblies after forced synchronous recompile.
Begin MonoManager ReloadAssembly
Total cache size 267985652
Total cache size after purge 267985652, took 00:00:00.4299629
Native extension for WindowsStandalone target not found
[MODES] ModeService[none].Initialize
[MODES] ModeService[none].LoadModes
ScheduleIndexationOnStartup MainProcess:True IndexOnStartup:True
Mono: successfully reloaded assembly
- Finished resetting the current domain, in  2.823 seconds
Domain Reload Profiling: 4283ms
	BeginReloadAssembly (1016ms)
		DisableScriptedObjects (242ms)
		CreateAndSetChildDomain (284ms)
	RebuildCommonClasses (25ms)
	RebuildNativeTypeToScriptingClass (37ms)
	initialDomainReloadingComplete (99ms)
	LoadAllAssembliesAndSetupDomain (281ms)
		LoadAssemblies (259ms)
		AnalyzeDomain (89ms)
			TypeCache.Refresh (59ms)
			BuildScriptInfoCaches (21ms)
			ResolveRequiredComponents (4ms)
	FinalizeReload (2825ms)
		SetupLoadedEditorAssemblies (0ms)
			InitializePlatformSupportModulesInManaged (3ms)
			BeforeProcessingInitializeOnLoad (289ms)
			ProcessInitializeOnLoadAttributes (146ms)
			ProcessInitializeOnLoadMethodAttributes (151ms)
			AfterProcessingInitializeOnLoad (13ms)
		AwakeInstancesAfterBackupRestoration (1261ms)

Asset Pipeline Refresh (id=e8e1c8aa4b214c54eb2c56c713bceca7): Total: 5.980 seconds - Initiated by RefreshV2(AllowForceSynchronousImport)
	(Values over 0.05ms)
	Summary:
		Imports: total=0 (actual=0, local cache=0, cache server=0)
		Asset DB Process Time: managed=0 ms, native=2896 ms
		Asset DB Callback time: managed=80 ms, native=90 ms
		Scripting: domain reloads=1, domain reload time=1597 ms, compile time=1315 ms, other=0 ms
		Project Asset Count: scripts=139, non-scripts=105
		Asset File Changes: new=0, changed=1, moved=0, deleted=0
		Scan Filter Count: 0
	InvokePackagesCallback: 4.206ms
	ApplyChangesToAssetFolders: 0.215ms
	Scan: 15.521ms
	Collect global state as custom dependencies: 0.271ms
	OnSourceAssetsModified: 0.124ms
	ProcessAssetsWithTransientArtifactChanges: 2.132ms
	CategorizeAssets: 2.258ms
	CompileScripts: 1314.978ms
	ImportOutOfDateAssets: 2830.898ms (2827.423ms without children)
		ReloadNativeAssets: 0.815ms
		UnloadImportedAssets: 0.303ms
		EnsureUptoDateAssetsAreRegisteredWithGuidPM: 0.075ms
		ImportSchedulerStart: 2.278ms
	PostProcessAllAssets: 81.674ms
		PostProcessCallbackCreateDeferredMaterials 0.057ms
		MonoPostProcessAllAssets: 80.606ms
			WindowAssetPostprocessingWatcher.OnPostprocessAllAssets 14.344ms
			AssetChangedListener.OnPostprocessAllAssets 14.073ms
			BuilderAssetPostprocessor.OnPostprocessAllAssets 12.067ms
			AssetPostprocessor.OnPostprocessAllAssets 7.318ms
			SyncVS.PostprocessSyncProject 3.800ms
			RetainedModeAssetPostprocessor.OnPostprocessAllAssets 2.665ms
			SpeedTree9Postprocessor.OnPostprocessAllAssets 2.167ms
			EditModeScopePostprocessor.OnPostprocessAllAssets 1.968ms
			ArtifactBrowserPostProcessor.OnPostprocessAllAssets 1.214ms
			TMPro_TexturePostProcessor.OnPostprocessAllAssets 0.979ms
			TextAssetPostProcessor.OnPostprocessAllAssets 0.795ms
			AssetEvents.OnPostprocessAllAssets 0.581ms
			AssetDatabaseCallbacks.OnPostprocessAllAssets 0.510ms
			AudioMixerPostprocessor.OnPostprocessAllAssets 0.489ms
			ReferencedClipsPostProcessor.OnPostprocessAllAssets 0.464ms
			SpeedTreePostProcessor.OnPostprocessAllAssets 0.353ms
			StyleCatalogPostProcessor.OnPostprocessAllAssets 0.338ms
			TerrainToolbarOverlayPostProcessor.OnPostprocessAllAssets 0.264ms
			RenderPipelineGlobalSettingsPostprocessor.OnPostprocessAllAssets 0.228ms
			ConfigAssetsTracker.OnPostprocessAllAssets 0.216ms
			ScenarioDriftAssetsTracker.OnPostprocessAllAssets 0.196ms
			AudioContainerPostProcessor.OnPostprocessAllAssets 0.112ms
	PostAssetChangesProfiler: 87.636ms
	GenerateScriptTypeHashes: 0.784ms
	GenerateScriptTypeSerializationHashes: 1.284ms
	Untracked: 1633.609ms

[Licensing::Client] Successfully resolved entitlement details
[Worker1] Imported GUID: 9f80eb28707bf49f1b6d07b0345795e4 - Path: Assets/DMT321/JsonDataTwin/Scripts/TelemetryReceiver.cs - Importer: PreviewImporter -> (ImportResultId: '178b6ce5ab6927c593c25ea5637fcb65') in 0.0247025 seconds
Asset Pipeline Refresh (id=7450cc786aedbac4487d4317e20cd7ce): Total: 0.015 seconds - Initiated by RefreshV2(AllowForceSynchronousImport)
MonoPathRemapper: Attempts to remap: 33234; Successful remaps: 2304
Serialized file version minimum: 23, current 23
[LAYOUT] About to save layout C:\Users\Asus\Desktop\DMT321-HW\DMT321_Lab02_Unity6.5\UserSettings\Layouts\default-6000.dwlt
[LAYOUT] About to save layout C:/Users/Asus/AppData/Roaming/Unity/Editor-5.x/Preferences\Layouts\current\default-6000.dwlt
Clearing [LiberationSans SDF - Fallback] dynamic font asset data.
UnityEngine.Debug:ExtractStackTraceNoAlloc (byte*,int,string)
UnityEngine.StackTraceUtility:ExtractStackTrace ()
UnityEngine.DebugLogHandler:Internal_Log (UnityEngine.LogType,UnityEngine.LogOption,string,UnityEngine.Object)
UnityEngine.DebugLogHandler:LogFormat (UnityEngine.LogType,UnityEngine.Object,string,object[])
UnityEngine.Logger:Log (UnityEngine.LogType,object)
UnityEngine.Debug:Log (object)
TMPro.EditorEventCallbacks/<>c:<InitializeFontAssetResourceChangeCallBacks>b__0_0 () (at ./Library/PackageCache/com.unity.ugui@377fd60ad87b/Editor/TMP/TMP_EditorResourceManager.cs:36)
UnityEditor.EditorApplication:Internal_EditorApplicationQuit ()

(Filename: ./Library/PackageCache/com.unity.ugui@377fd60ad87b/Editor/TMP/TMP_EditorResourceManager.cs Line: 36)

Importing 'GUID: 2e498d1c8094910479dc3e1b768306a4 - Path: Assets/TextMesh Pro/Resources/Fonts & Materials/LiberationSans SDF - Fallback.asset' with importer (NativeFormatImporter)
Imported 'GUID: 2e498d1c8094910479dc3e1b768306a4' -> (Import Result ID: 'b1adcc4a3d005a109cb5670b5fa4c1d4') in 0.020 seconds [static dependencies only]. Details - ImportResultOutputID=94ce4dace069634644df4d315a8acf11 DependenciesID=e1d182fd3bad90314ac317467317a2ac StaticDependenciesID=2394d26e8c4c3a980cb8df92fdd9e8b9 
Asset Pipeline Refresh (id=3c4f33f24ff62814c946ed15f34a5737): Total: 0.086 seconds - Initiated by StopAssetImportingV2(NoUpdateAssetOptions)
[Physics::Module] Cleanup current backend.
[Physics::Module] Id: 0xf2b8ea05
Input System module state changed to: ShutdownInProgress.
Input Polling Thread exited.
Input System module state changed to: Shutdown.
[Licensing::IpcConnector] LicenseClient-Asus-6000.5.3-notifications channel disconnected successfully.
[Licensing::IpcConnector] LicenseClient-Asus-6000.5.3 channel disconnected successfully.
Shut down.
AcceleratorClientConnectionCallback - disconnected - :0
Cleanup mono
CodeReloadManager destroyed
abort_threads: Failed aborting id: 0000000000007C04, mono_thread_manage will ignore it

abort_threads: Failed aborting id: 0000000000006B88, mono_thread_manage will ignore it

abort_threads: Failed aborting id: 0000000000007C04, mono_thread_manage will ignore it

abort_threads: Failed aborting id: 0000000000006B88, mono_thread_manage will ignore it

debugger-agent: Unable to listen on 4884
Checking for leaked weakptr:
  Found no leaked weakptrs.
[Package Manager] Server process was shutdown
##utp:{"type":"MemoryLeaks","version":2,"phase":"Immediate","time":1787485443801,"processId":24512,"allocatedMemory":47947414,"memoryLabels":[{"Default":196717},{"Permanent":15516},{"NewDelete":79325},{"Thread":4206200},{"Manager":32872},{"VertexData":8},{"Geometry":816},{"Texture":24},{"Shader":840815},{"Material":2308},{"GfxDevice":211928},{"GfxThread":3072},{"Animation":952},{"Audio":1168},{"FreeType":8},{"FontEngine":736},{"Physics":2146},{"Physics2D":16},{"Serialization":460136},{"Input":42840},{"JobScheduler":256},{"TextLib":112867},{"Mono":48},{"ScriptingNativeRuntime":789580},{"BaseObject":1831821},{"Resource":1208},{"Renderer":3080},{"Transform":4685},{"File":12932},{"WebCam":616},{"Culling":32},{"Terrain":11442},{"Wind":24},{"STL":40},{"String":10217},{"StaticString":3808},{"Utility":2673426},{"Curl":48},{"PoolAlloc":2168},{"AI":80},{"TypeTree":425436},{"CodeReload":448},{"RuntimeInitializeOnLoadManager":64},{"Sprites":102},{"SpriteAtlas":120},{"GI":7816},{"Director":8296},{"CloudService":7672},{"WebRequest":8161},{"VR":47114},{"SceneManager":608},{"Video":208},{"LazyScriptCache":32},{"NativeArray":33056400},{"Camera":646929},{"Secure":265},{"SerializationCache":1576},{"APIUpdating":10320},{"Subsystems":336},{"VirtualTexturing":57888},{"StaticSafetyDebugInfo":278528},{"Analytics":552},{"Hierarchy":1176},{"UIElements":185192},{"CoreStats":13688},{"Identifiers":6768},{"Gui":804579},{"EditorUtility":272418},{"VersionControl":8},{"Undo":931},{"AssetDatabase":495442},{"AssetImporter":40},{"EditorGi":328},{"UnityConnect":35346},{"Upm":1988},{"UpmDiagnostics":8},{"AssetCompliance":64},{"DrivenProperties":72},{"LocalIPC":210},{"ProfilerEditor":9746},{"CoreBusinessMetrics":3478},{"Windowing":456},{"Licensing":664},{"AssetReference":32},{"IPCStream":32}]}
