[Licensing::Module] Trying to connect to existing licensing client channel...
Built from '6000.5/staging' branch; Version is '6000.5.3f1 (c2eb47b3a2a9) revision 12774215'; Using compiler version '194234433'; Build Type 'Release'
[Licensing::IpcConnector] Successfully connected to: "LicenseClient-Asus" at "2026-08-23T12:59:09.227436Z"
OS: 'Windows 11  (10.0.26200) CoreSingleLanguage' Language: 'en' Physical Memory: 16106 MB
BatchMode: 0, IsHumanControllingUs: 1, StartBugReporterOnCrash: 1, Is64bit: 1
System  architecture: x64
Process architecture: x64
Date: 2026-08-23T12:59:09Z

COMMAND LINE ARGUMENTS:
C:\Program Files\Unity\Hub\Editor\6000.5.3f1\Editor\Unity.exe
-projectpath
C:\Users\Asus\Desktop\DMT321-HW\DMT321_Lab02_Unity6.5
-acceptSoftwareTermsForThisRunOnly
-useHub
-hubIPC
-cloudEnvironment
production
-licensingIpc
LicenseClient-Asus
-hubSessionId
58287025-4b09-48b5-bd45-e78bdf63de61
-accessToken
yVyQLpZKcELwe0WFkF5SZKNbOyvl8fZf8CKMlcB8cmo011f
Successfully changed project path to: C:\Users\Asus\Desktop\DMT321-HW\DMT321_Lab02_Unity6.5
C:/Users/Asus/Desktop/DMT321-HW/DMT321_Lab02_Unity6.5
[UnityMemory] Configuration Parameters - Can be set up in boot.config
    "memorysetup-temp-allocator-size-gi-baking-worker=262144"
    "memorysetup-temp-allocator-size-gi-baking-worker=262144"
    "memorysetup-temp-allocator-size-gi-baking-worker=262144"
    "memorysetup-temp-allocator-size-gi-baking-worker=262144"
    "memorysetup-temp-allocator-size-gi-baking-worker=262144"
    "memorysetup-temp-allocator-size-nav-mesh-worker=65536"
    "memorysetup-temp-allocator-size-audio-worker=65536"
    "memorysetup-temp-allocator-size-cloud-worker=32768"
    "memorysetup-temp-allocator-size-gfx=262144"
    "memorysetup-temp-allocator-size-preload-manager=33554432"
    "memorysetup-allocator-temp-initial-block-size-main=262144"
    "memorysetup-allocator-temp-initial-block-size-worker=262144"
    "memorysetup-temp-allocator-size-job-worker=262144"
    "memorysetup-temp-allocator-size-background-worker=32768"
    "memorysetup-bucket-allocator-granularity=16"
    "memorysetup-bucket-allocator-bucket-count=8"
    "memorysetup-bucket-allocator-block-size=33554432"
    "memorysetup-bucket-allocator-block-count=8"
    "memorysetup-main-allocator-block-size=16777216"
    "memorysetup-thread-allocator-block-size=16777216"
    "memorysetup-main-allocator-mimalloc-enabled=0"
    "memorysetup-gfx-main-allocator-block-size=16777216"
    "memorysetup-gfx-thread-allocator-block-size=16777216"
    "memorysetup-cache-allocator-block-size=4194304"
    "memorysetup-typetree-allocator-block-size=2097152"
    "memorysetup-profiler-bucket-allocator-granularity=16"
    "memorysetup-profiler-bucket-allocator-bucket-count=8"
    "memorysetup-profiler-bucket-allocator-block-size=33554432"
    "memorysetup-profiler-bucket-allocator-block-count=8"
    "memorysetup-profiler-allocator-block-size=16777216"
    "memorysetup-profiler-editor-allocator-block-size=1048576"
    "memorysetup-temp-allocator-size-main=16777216"
    "memorysetup-job-temp-allocator-block-size=2097152"
    "memorysetup-job-temp-allocator-block-size-background=1048576"
    "memorysetup-job-temp-allocator-reduction-small-platforms=262144"
Player connection [18616]  Target information:

Player connection [18616]  * "[IP] 26.209.92.76 [Port] 55505 [Flags] 2 [Guid] 86036526 [EditorId] 86036526 [Version] 1048832 [Id] WindowsEditor(7,LAPTOP-304ELUFL) [Debug] 1 [PackageName] WindowsEditor [ProjectName] Editor" 

Player connection [18616]  * "[IP] 192.168.1.107 [Port] 55505 [Flags] 2 [Guid] 86036526 [EditorId] 86036526 [Version] 1048832 [Id] WindowsEditor(7,LAPTOP-304ELUFL) [Debug] 1 [PackageName] WindowsEditor [ProjectName] Editor" 

Player connection [18616] Host joined multi-casting on [225.0.0.222:54997]...
Player connection [18616] Host joined alternative multi-casting on [225.0.0.222:34997]...
Input System module state changed to: Initialized.
[Physics::Module] Initialized fallback backend.
[Physics::Module] Id: 0xdecafbad
[Package Manager] Connected to IPC stream "Upm-8340" after 0.6 seconds.
[Licensing::Module] Licensing is not yet initialized.
[Licensing::Client] Error: HandshakeResponse reported an error:
	ResponseCode: 505
	ResponseStatus: Unsupported protocol version '1.18.1'.
[Licensing::Module] Error: Failed to handshake to channel: "LicenseClient-Asus"
[Licensing::IpcConnector] LicenseClient-Asus channel disconnected successfully.
[Licensing::IpcConnector] Channel LicenseClient-Asus-6000.5.3 doesn't exist
[Licensing::Module] Successfully launched the LicensingClient (PId: 8220)
Starting IPC server.
Waiting for clients to connect on \\.\pipe\Unity-LicenseClient-Asus-6000.5.3, press Ctrl-C to exit.
[Licensing::IpcConnector] Successfully connected to: "LicenseClient-Asus-6000.5.3" at "2026-08-23T12:59:28.6275152Z"
[Licensing::Client] Code 10 while verifying Licensing Client signature (process Id: 8220, path: "C:/Program Files/Unity/Hub/Editor/6000.5.3f1/Editor/Data/Resources/Licensing/Client/Unity.Licensing.Client.exe")
[Licensing::Module] LicensingClient has failed validation; ignoring
[Licensing::Client] Handshaking with LicensingClient:
  Version:                 1.18.1+9fbee8e
  Session Id:              ec185dec059f48d2b62d601ca178154e
  Correlation Id:          11dc054367d7cea03074ca0ffdb5545f
  External correlation Id: 6943662087800341232
  Machine Id:              lKdBEv9B6sk68+5oeNpT9LNO8Ok=
[Licensing::Module] Successfully connected to LicensingClient on channel: "LicenseClient-Asus-6000.5.3" (connect: 14.77s, validation: 1.07s, handshake: 0.03s)
[Licensing::IpcConnector] Successfully connected to: "LicenseClient-Asus-6000.5.3-notifications" at "2026-08-23T12:59:29.7275514Z"
[Licensing::Module] Connected to LicensingClient (PId: 8220, launch time: 0.08, total connection time: 15.87s)
[Licensing::Client] Successfully updated the access token
[Licensing::Module] Successfully updated the access token yVyQLpZKcE...
[Licensing::Client] Successfully resolved entitlement details
[Licensing::Module] License group:
  Id: F4-V2HH-7T9E-WBHF-A6SK-XXXX
  Product: Unity Personal
  Type: ULF
  Expiration: 2026-09-29T13:10:57Z
[Licensing::Module] License group:
  Id: 18968482900132-UnityPersXXXX
  Product: Unity Personal
  Type: Assigned
  Expiration: Unlimited
[Licensing::Client] Successfully updated license, isAsync: True, time: 0.02
[Licensing::Client] Successfully resolved entitlement details
[Licensing::Module] License group:
  Id: F4-V2HH-7T9E-WBHF-A6SK-XXXX
  Product: Unity Personal
  Type: ULF
  Expiration: 2026-09-29T13:10:57Z
[Licensing::Module] License group:
  Id: 18968482900132-UnityPersXXXX
  Product: Unity Personal
  Type: Assigned
  Expiration: Unlimited
[Licensing::Module] Licensing Background thread has ended after 20.56s
[Licensing::Module] Licensing is initialized (took 17.35s).
[Licensing::Client] Successfully resolved entitlement details
[Licensing::Module] License group:
  Id: F4-V2HH-7T9E-WBHF-A6SK-XXXX
  Product: Unity Personal
  Type: ULF
  Expiration: 2026-09-29T13:10:57Z
[Licensing::Module] License group:
  Id: 18968482900132-UnityPersXXXX
  Product: Unity Personal
  Type: Assigned
  Expiration: Unlimited
Library Redirect Path: Library/
[Physics::Module] Selected backend.
[Physics::Module] Name: PhysX
[Physics::Module] Id: 0xf2b8ea05
[Physics::Module] SDK Version: 4.1.2
[Physics::Module] Integration Version: 1.0.0
[Physics::Module] Threading Mode: Multi-Threaded
Artifact Garbage Collection - Removed 1 unused hashed content files
Initialize engine version: 6000.5.3f1 (c2eb47b3a2a9)
[Subsystems] Discovering subsystems at path C:/Program Files/Unity/Hub/Editor/6000.5.3f1/Editor/Data/Resources/UnitySubsystems
[Subsystems] Discovering subsystems at path C:/Users/Asus/Desktop/DMT321-HW/DMT321_Lab02_Unity6.5/Assets
[D3D12 Device Filter] Vendor Name: NVIDIA
[D3D12 Device Filter] Device Name: NVIDIA GeForce RTX 3050 Laptop GPU
[D3D12 Device Filter] Driver Version: 32.0.15.9649
[D3D12 Device Filter] Feature Level: 12.2
[D3D12 Device Filter] Graphics Memory: 3962 MB
[D3D12 Device Filter] Processor Count: 12
[D3D12 Device Filter] Device Type: Discrete
GfxDevice: creating device client; kGfxThreadingModeSplitJobs
d3d12: failed to query info queue interface (0x80004002).
Direct3D:
    Version:         Direct3D 12 [level 12.2]
    Renderer:        NVIDIA GeForce RTX 3050 Laptop GPU (ID=0x25a5)
    Vendor:          NVIDIA
    VRAM:            3962 MB
    App VRAM Budget: 2852 MB
    Driver:          32.0.15.9649
Initialize mono
Mono path[0] = 'C:/Program Files/Unity/Hub/Editor/6000.5.3f1/Editor/Data/Managed'
Mono path[1] = 'C:/Program Files/Unity/Hub/Editor/6000.5.3f1/Editor/Data/BCLExtensions/runtime/netstandard2.1'
Mono path[2] = 'C:/Program Files/Unity/Hub/Editor/6000.5.3f1/Editor/Data/MonoBleedingEdge/lib/mono/unityjit-win32'
Mono config path = 'C:/Program Files/Unity/Hub/Editor/6000.5.3f1/Editor/Data/MonoBleedingEdge/etc'
Using monoOptions --debugger-agent=transport=dt_socket,embedding=1,server=y,suspend=n,address=127.0.0.1:56340
CodeReloadManager initialized
ImportWorker Server TCP listen port: 0
AcceleratorClientConnectionCallback - disconnected - :0
Begin MonoManager ReloadAssembly
Registering precompiled unity dll's ...
Register platform support module: C:/Program Files/Unity/Hub/Editor/6000.5.3f1/Editor/Data/PlaybackEngines/WindowsStandaloneSupport/UnityEditor.WindowsStandalone.Extensions.dll
Registered in 0.845072 seconds.
Native extension for WindowsStandalone target not found
Package Manager log level set to [2]
ScheduleIndexationOnStartup MainProcess:False IndexOnStartup:True
Mono: successfully reloaded assembly
- Finished resetting the current domain, in  1.113 seconds
Domain Reload Profiling: 8131ms
	BeginReloadAssembly (894ms)
		CreateAndSetChildDomain (25ms)
	RebuildCommonClasses (21ms)
	RebuildNativeTypeToScriptingClass (693ms)
	initialDomainReloadingComplete (1394ms)
	LoadAllAssembliesAndSetupDomain (4008ms)
		LoadAssemblies (861ms)
		AnalyzeDomain (3817ms)
			TypeCache.Refresh (3814ms)
				TypeCache.ScanAssembly (3072ms)
	FinalizeReload (1122ms)
		SetupLoadedEditorAssemblies (0ms)
			InitializePlatformSupportModulesInManaged (5ms)
			BeforeProcessingInitializeOnLoad (247ms)
			ProcessInitializeOnLoadAttributes (278ms)
			ProcessInitializeOnLoadMethodAttributes (395ms)
[Licensing::Client] Successfully resolved entitlement details
[Licensing::Module] License group:
  Id: F4-V2HH-7T9E-WBHF-A6SK-XXXX
  Product: Unity Personal
  Type: ULF
  Expiration: 2026-09-29T13:59:33Z
[Licensing::Module] License group:
  Id: 18968482900132-UnityPersXXXX
  Product: Unity Personal
  Type: Assigned
  Expiration: Unlimited
Application.AssetDatabase Initial Refresh Start
[Package Manager] Restoring resolved packages state from cache
[Licensing::Client] Successfully resolved entitlement details
[Package Manager] Registered 9 packages:
  Built-in packages:
    com.unity.modules.imageconversion@1.0.0 (location: C:\Users\Asus\Desktop\DMT321-HW\DMT321_Lab02_Unity6.5\Library\PackageCache\com.unity.modules.imageconversion)
    com.unity.modules.jsonserialize@1.0.0 (location: C:\Users\Asus\Desktop\DMT321-HW\DMT321_Lab02_Unity6.5\Library\PackageCache\com.unity.modules.jsonserialize)
    com.unity.ugui@2.5.0 (location: C:\Users\Asus\Desktop\DMT321-HW\DMT321_Lab02_Unity6.5\Library\PackageCache\com.unity.ugui@377fd60ad87b)
    com.unity.modules.ui@1.0.0 (location: C:\Users\Asus\Desktop\DMT321-HW\DMT321_Lab02_Unity6.5\Library\PackageCache\com.unity.modules.ui)
    com.unity.modules.imgui@1.0.0 (location: C:\Users\Asus\Desktop\DMT321-HW\DMT321_Lab02_Unity6.5\Library\PackageCache\com.unity.modules.imgui)
    com.unity.modules.audio@1.0.0 (location: C:\Users\Asus\Desktop\DMT321-HW\DMT321_Lab02_Unity6.5\Library\PackageCache\com.unity.modules.audio)
    com.unity.modules.physics2d@1.0.0 (location: C:\Users\Asus\Desktop\DMT321-HW\DMT321_Lab02_Unity6.5\Library\PackageCache\com.unity.modules.physics2d)
    com.unity.modules.physics@1.0.0 (location: C:\Users\Asus\Desktop\DMT321-HW\DMT321_Lab02_Unity6.5\Library\PackageCache\com.unity.modules.physics)
    com.unity.modules.physicscore2d@1.0.0 (location: C:\Users\Asus\Desktop\DMT321-HW\DMT321_Lab02_Unity6.5\Library\PackageCache\com.unity.modules.physicscore2d)
[Subsystems] No new subsystems found in resolved package list.
[Package Manager] Done registering packages in 0.01 seconds
info: Microsoft.Hosting.Lifetime[14]
      Now listening on: http://localhost:80
info: Microsoft.Hosting.Lifetime[0]
      Application started. Press Ctrl+C to shut down.
info: Microsoft.Hosting.Lifetime[0]
      Hosting environment: Production
info: Microsoft.Hosting.Lifetime[0]
      Content root path: C:\Users\Asus\Desktop\DMT321-HW\DMT321_Lab02_Unity6.5
info: Microsoft.AspNetCore.Hosting.Diagnostics[1]
      Request starting HTTP/2 POST http://ilpp/UnityILPP.PostProcessing/Ping - application/grpc -
info: Microsoft.AspNetCore.Routing.EndpointMiddleware[0]
      Executing endpoint 'gRPC - /UnityILPP.PostProcessing/Ping'
info: Microsoft.AspNetCore.Routing.EndpointMiddleware[1]
      Executed endpoint 'gRPC - /UnityILPP.PostProcessing/Ping'
info: Microsoft.AspNetCore.Hosting.Diagnostics[2]
      Request finished HTTP/2 POST http://ilpp/UnityILPP.PostProcessing/Ping - 200 - application/grpc 110.0425ms
Starting: C:\Program Files\Unity\Hub\Editor\6000.5.3f1\Editor\Data\Tools\BuildPipeline\bee_backend.exe --ipc --defer-dag-verification --dagfile="Library/Bee/1900b0aE.dag" --continue-on-failure --profile="Library/Bee/backend1.traceevents" ScriptAssemblies
WorkingDir: C:/Users/Asus/Desktop/DMT321-HW/DMT321_Lab02_Unity6.5
ExitCode: 0 Duration: 0s409ms
*** Tundra build success (0.24 seconds), 0 items updated, 213 evaluated
AssetDatabase: script compilation time: 2.653152s
Begin MonoManager ReloadAssembly
Native extension for WindowsStandalone target not found
ScheduleIndexationOnStartup MainProcess:True IndexOnStartup:True
Mono: successfully reloaded assembly
- Finished resetting the current domain, in  1.163 seconds
Domain Reload Profiling: 2365ms
	BeginReloadAssembly (584ms)
		DisableScriptedObjects (78ms)
		CreateAndSetChildDomain (212ms)
	RebuildCommonClasses (25ms)
	RebuildNativeTypeToScriptingClass (46ms)
	initialDomainReloadingComplete (94ms)
	LoadAllAssembliesAndSetupDomain (446ms)
		LoadAssemblies (326ms)
		AnalyzeDomain (89ms)
			TypeCache.Refresh (66ms)
				TypeCache.ScanAssembly (15ms)
			BuildScriptInfoCaches (13ms)
			ResolveRequiredComponents (4ms)
	FinalizeReload (1169ms)
		SetupLoadedEditorAssemblies (0ms)
			InitializePlatformSupportModulesInManaged (4ms)
			BeforeProcessingInitializeOnLoad (219ms)
			ProcessInitializeOnLoadAttributes (207ms)
			ProcessInitializeOnLoadMethodAttributes (158ms)
			AfterProcessingInitializeOnLoad (9ms)
		AwakeInstancesAfterBackupRestoration (57ms)
Starting new worker id: 0 with log in C:/Users/Asus/Desktop/DMT321-HW/DMT321_Lab02_Unity6.5/Logs/AssetImportWorkerHW0.log

Asset Pipeline Refresh (id=e63253e89ef79a540a0a405d79aa5ec6): Total: 7.676 seconds - Initiated by InitialRefreshV2(ForceSynchronousImport)
	(Values over 0.05ms)
	Summary:
		Imports: total=0 (actual=0, local cache=0, cache server=0)
		Asset DB Process Time: managed=0 ms, native=3585 ms
		Asset DB Callback time: managed=49 ms, native=77 ms
		Scripting: domain reloads=1, domain reload time=1273 ms, compile time=2659 ms, other=30 ms
		Project Asset Count: scripts=139, non-scripts=105
		Asset File Changes: new=0, changed=0, moved=0, deleted=0
		Scan Filter Count: 0
	InvokePackagesCallback: 81.665ms
	ApplyChangesToAssetFolders: 0.935ms
	Scan: 89.627ms
	Collect global state as custom dependencies: 2.599ms
	CategorizeScriptCompilationAssets: 3.357ms
	ProcessAssetsWithTransientArtifactChanges: 30.164ms
	CategorizeAssets: 6.011ms
	CompileScripts: 2658.579ms
	ImportOutOfDateAssets: 1202.026ms (1177.113ms without children)
		UnloadImportedAssets: 0.359ms
		EnsureUptoDateAssetsAreRegisteredWithGuidPM: 0.200ms
		ImportSchedulerStart: 24.349ms
	PostProcessAllAssets: 50.131ms
		MonoPostProcessAllAssets: 49.900ms
			WindowAssetPostprocessingWatcher.OnPostprocessAllAssets 21.939ms
			SyncVS.PostprocessSyncProject 4.404ms
			EditModeScopePostprocessor.OnPostprocessAllAssets 1.817ms
			SpeedTree9Postprocessor.OnPostprocessAllAssets 1.662ms
			ReferencedClipsPostProcessor.OnPostprocessAllAssets 0.596ms
			TerrainToolbarOverlayPostProcessor.OnPostprocessAllAssets 0.429ms
			AssetDatabaseCallbacks.OnPostprocessAllAssets 0.361ms
			RenderPipelineGlobalSettingsPostprocessor.OnPostprocessAllAssets 0.193ms
	UnloadStreamsBegin: 6.257ms
	Untracked: 3531.940ms

Application.AssetDatabase Initial Refresh End
Launched and connected shader compiler UnityShaderCompiler.exe after 0.09 seconds
Scanning for USB devices : 4.282ms
Initializing Unity extensions:
[MODES] ModeService[none].Initialize
[MODES] ModeService[none].LoadModes
[MODES] Loading mode Default (0) for mode-current-id-DMT321 JSON Data Twin
Unloading 8 Unused Serialized files (Serialized files now loaded: 0)
Loaded scene 'Assets/hw2.unity'
	Deserialize:            293.345 ms
	Integration:            320.290 ms
	Integration of assets:  14.429 ms
	Thread Wait Time:       -0.448 ms
	Total Operation Time:   627.617 ms
Unloading 377 unused Assets / (0.5 MB). Loaded Objects now: 1517.
Memory consumption went from 209.9 MB to 209.3 MB.
Total: 19.704600 ms (FindLiveObjects: 0.507000 ms CreateObjectMapping: 0.191500 ms MarkObjects: 17.663100 ms  DeleteObjects: 0.994500 ms)

[LAYOUT] About to load UserSettings\Layouts\default-6000.dwlt, keepMainWindow=False
Worker ready: AssetImportWorkerHW0 0
[LAYOUT] About to save layout C:\Users\Asus\Desktop\DMT321-HW\DMT321_Lab02_Unity6.5\UserSettings\Layouts\default-6000.dwlt
[LAYOUT] About to save layout C:/Users/Asus/AppData/Roaming/Unity/Editor-5.x/Preferences\Layouts\current\default-6000.dwlt
[MODES] ModeService[default].InitializeCurrentMode
[MODES] ModeService[default].RaiseModeChanged(default, default)
This project uses Input Manager, which is marked for deprecation. To manage input in your project, use the <a href="https://docs.unity3d.com/Packages/com.unity.inputsystem@latest">Input System package</a> instead.
<RI> Initializing input.
<RI> Input initialized.
[Project] Loading completed in 70.285 seconds
	Project init time: 				65.940 seconds
		Template init time: 		0.000 seconds
		Package Manager init time: 		17.942 seconds
		Asset Database init time: 		2.319 seconds
		Global illumination init time: 	0.018 seconds
		Assemblies load time: 			30.751 seconds
		Unity extensions init time: 	0.011 seconds
		Asset Database refresh time: 	7.678 seconds
	Scene opening time: 			3.975 seconds
##utp:{"type":"ProjectInfo","version":2,"phase":"Immediate","time":1787490019388,"processId":8340,"projectLoad":70.28467429999999,"projectInit":65.9400191,"templateInit":0.0,"packageManagerInit":17.9418527,"assetDatabaseInit":2.3189201,"globalIlluminationInit":0.0178233,"assembliesLoad":30.7508207,"unityExtensionsInit":0.0114995,"assetDatabaseRefresh":7.6778756,"sceneOpening":3.9751877}
##utp:{"type":"EditorInfo","version":2,"phase":"Immediate","time":1787490019389,"processId":8340,"editorVersion":"6000.5.3f1 (c2eb47b3a2a9)","branch":"6000.5/staging","buildType":"Release","platform":"Windows"}
Asset Pipeline Refresh (id=60618a9c4b8bddb4bb081158a30374dc): Total: 0.086 seconds - Initiated by RefreshV2(AllowForceSynchronousImport)
[Licensing::Client] Successfully resolved entitlement details
[Licensing::Module] License group:
  Id: F4-V2HH-7T9E-WBHF-A6SK-XXXX
  Product: Unity Personal
  Type: ULF
  Expiration: 2026-09-29T13:59:33Z
[Licensing::Module] License group:
  Id: 18968482900132-UnityPersXXXX
  Product: Unity Personal
  Type: Assigned
  Expiration: Unlimited
[Licensing::Client] Successfully resolved entitlement details
[Licensing::Module] License group:
  Id: F4-V2HH-7T9E-WBHF-A6SK-XXXX
  Product: Unity Personal
  Type: ULF
  Expiration: 2026-09-29T13:59:33Z
[Licensing::Module] License group:
  Id: 18968482900132-UnityPersXXXX
  Product: Unity Personal
  Type: Assigned
  Expiration: Unlimited
Start Indexing on Editor startup
[Indexing] Starting Initial Indexing for Assets
Created GICache directory at C:/Users/Asus/AppData/LocalLow/Unity/Caches/GiCache. Took: 0.060s, timestamps: [91.089 - 91.150]
[Licensing::Client] Successfully resolved entitlement details
[Licensing::Client] Successfully resolved entitlement details
[Licensing::Client] Successfully updated the access token
[Licensing::Module] Successfully updated access token: "yVyQLpZK"... (expires: 2026-08-23T14:14:23Z)
Starting new worker id: 1 with log in C:/Users/Asus/Desktop/DMT321-HW/DMT321_Lab02_Unity6.5/Logs/AssetImportWorkerHW1.log
[Worker0] Imported GUID: 9f80eb28707bf49f1b6d07b0345795e4 - Path: Assets/DMT321/JsonDataTwin/Scripts/TelemetryReceiver.cs - Importer: ScriptedImporter/UnityEditor.QuickSearchModule:UnityEditor.Search:ASIAI0B -> (ImportResultId: 'f0d2874cc2211c66ef83e9fb2026222f') in 0.2427285 seconds
[Worker0] Imported GUID: a188e68279edd1040a0f29ec96e251fa - Path: Assets/hw2.unity - Importer: ScriptedImporter/UnityEditor.QuickSearchModule:UnityEditor.Search:ASIAI0B -> (ImportResultId: 'cbece4aac5d427622f39b40818260631') in 0.0472166 seconds
Worker ready: AssetImportWorkerHW1 1
TrimDiskCacheJob: Current cache size 0mb
Curl error 42: Callback aborted
Asset Pipeline Refresh (id=c05178bb42f6282468cfda5440054ba6): Total: 0.055 seconds - Initiated by RefreshV2(AllowForceSynchronousImport)
Asset Pipeline Refresh (id=7e45ede5388cd2546b483e24c887a6f2): Total: 0.015 seconds - Initiated by RefreshV2(AllowForceSynchronousImport)
[Worker0] Imported GUID: 0632d86ccfd97474eb69c880ffd000fd - Path: Assets/DMT321/JsonDataTwin/Data/normal.json - Importer: PreviewImporter -> (ImportResultId: '73da6748ae035d936910b5356319ae16') in 0.3393835 seconds
[Worker0] Imported GUID: faf26b52f32ba40a5a94688faab8e184 - Path: Assets/DMT321/JsonDataTwin/Data/hot.json - Importer: PreviewImporter -> (ImportResultId: '6f1a30a8f5d0c00db28d0ef93e917f91') in 0.0042203 seconds
External Code Editor application path does not exist (C:\Program Files\Microsoft Visual Studio\2022\Community\Common7\IDE\devenv.exe)! Please select a different application.
UnityEngine.Debug:ExtractStackTraceNoAlloc (byte*,int,string)
UnityEngine.StackTraceUtility:ExtractStackTrace ()
UnityEngine.DebugLogHandler:Internal_Log (UnityEngine.LogType,UnityEngine.LogOption,string,UnityEngine.Object)
UnityEngine.DebugLogHandler:LogFormat (UnityEngine.LogType,UnityEngine.Object,string,object[])
UnityEngine.Logger:Log (UnityEngine.LogType,object)
UnityEngine.Debug:LogWarning (object)
UnityEditor.DefaultExternalCodeEditor:OpenProject (string,int,int)
Unity.CodeEditor.CodeEditor:OnOpenAsset (UnityEngine.EntityId,int,int)
UnityEditor.AssetDatabase:OpenAsset (UnityEngine.EntityId,int,int)
UnityEditor.AssetDatabase:OpenAsset (UnityEngine.EntityId)
UnityEditor.ProjectBrowser:OpenAssetSelection (UnityEngine.EntityId[])
UnityEditor.ProjectBrowser:AssetTreeItemDoubleClickedCallback (UnityEngine.EntityId)
UnityEditor.IMGUI.Controls.TreeViewController`1<UnityEngine.EntityId>:HandleUnusedMouseEventsForItem (UnityEngine.Rect,UnityEditor.IMGUI.Controls.TreeViewItem`1<UnityEngine.EntityId>,int)
UnityEditor.IMGUI.Controls.TreeViewController`1<UnityEngine.EntityId>:DoItemGUI (UnityEditor.IMGUI.Controls.TreeViewItem`1<UnityEngine.EntityId>,int,single,bool)
UnityEditor.IMGUI.Controls.TreeViewController`1<UnityEngine.EntityId>:IterateVisibleItems (int,int,single,bool)
UnityEditor.IMGUI.Controls.TreeViewController`1<UnityEngine.EntityId>:OnGUI (UnityEngine.Rect,int)
UnityEditor.ProjectBrowser:OnGUI ()
UnityEditor.HostView:InvokeOnGUI (UnityEngine.Rect)
UnityEditor.DockArea:DrawView (UnityEngine.Rect)
UnityEditor.DockArea:OldOnGUI ()
UnityEngine.UIElements.IMGUIContainer:DoOnGUI (UnityEngine.Event,UnityEngine.Matrix4x4,UnityEngine.Rect,bool,UnityEngine.Rect,System.Action,bool)
UnityEngine.UIElements.IMGUIContainer:HandleIMGUIEvent (UnityEngine.Event,UnityEngine.Matrix4x4,UnityEngine.Rect,System.Action,bool)
UnityEngine.UIElements.IMGUIContainer:HandleIMGUIEvent (UnityEngine.Event,System.Action,bool)
UnityEngine.UIElements.IMGUIContainer:HandleIMGUIEvent (UnityEngine.Event,bool)
UnityEngine.UIElements.IMGUIContainer:SendEventToIMGUIRaw (UnityEngine.UIElements.EventBase,bool,bool)
UnityEngine.UIElements.IMGUIContainer:SendEventToIMGUI (UnityEngine.UIElements.EventBase,bool,bool)
UnityEngine.UIElements.IMGUIContainer:HandleEventBubbleUp (UnityEngine.UIElements.EventBase)
UnityEngine.UIElements.EventDispatchUtilities:HandleEventAcrossPropagationPathWithCompatibilityEvent (UnityEngine.UIElements.EventBase,UnityEngine.UIElements.EventBase,UnityEngine.UIElements.BaseVisualElementPanel,UnityEngine.UIElements.VisualElement,bool)
UnityEngine.UIElements.EventDispatchUtilities:DispatchToElementUnderPointerOrPanelRoot (UnityEngine.UIElements.EventBase,UnityEngine.UIElements.BaseVisualElementPanel,int,UnityEngine.Vector2)
UnityEngine.UIElements.EventDispatchUtilities:DispatchToCapturingElementOrElementUnderPointer (UnityEngine.UIElements.EventBase,UnityEngine.UIElements.BaseVisualElementPanel,int,UnityEngine.Vector2)
UnityEngine.UIElements.PointerDownEvent:Dispatch (UnityEngine.UIElements.BaseVisualElementPanel)
UnityEngine.UIElements.EventDispatcher:ProcessEvent (UnityEngine.UIElements.EventBase,UnityEngine.UIElements.BaseVisualElementPanel)
UnityEngine.UIElements.EventDispatcher:Dispatch (UnityEngine.UIElements.EventBase,UnityEngine.UIElements.BaseVisualElementPanel,UnityEngine.UIElements.DispatchMode)
UnityEngine.UIElements.BaseVisualElementPanel:SendEvent (UnityEngine.UIElements.EventBase,UnityEngine.UIElements.DispatchMode)
UnityEditor.UIElements.EditorEventDispatchUtility:DoDispatch (UnityEngine.UIElements.BaseVisualElementPanel,UnityEngine.Event)
UnityEditor.UIElements.DefaultWindowBackend:ProcessEvent (UnityEngine.Event)
UnityEditor.GUIView:ProcessEvent (UnityEngine.EntityId,intptr,bool&)

External Code Editor application path does not exist (C:\Program Files\Microsoft Visual Studio\2022\Community\Common7\IDE\devenv.exe)! Please select a different application.
UnityEngine.Debug:ExtractStackTraceNoAlloc (byte*,int,string)
UnityEngine.StackTraceUtility:ExtractStackTrace ()
UnityEngine.DebugLogHandler:Internal_Log (UnityEngine.LogType,UnityEngine.LogOption,string,UnityEngine.Object)
UnityEngine.DebugLogHandler:LogFormat (UnityEngine.LogType,UnityEngine.Object,string,object[])
UnityEngine.Logger:Log (UnityEngine.LogType,object)
UnityEngine.Debug:LogWarning (object)
UnityEditor.DefaultExternalCodeEditor:OpenProject (string,int,int)
Unity.CodeEditor.CodeEditor:OpenProject (string,int,int)
UnityEditor.AssetDatabase:OpenAsset (UnityEngine.EntityId,int,int)
UnityEditor.AssetDatabase:OpenAsset (UnityEngine.EntityId)
UnityEditor.ProjectBrowser:OpenAssetSelection (UnityEngine.EntityId[])
UnityEditor.ProjectBrowser:AssetTreeItemDoubleClickedCallback (UnityEngine.EntityId)
UnityEditor.IMGUI.Controls.TreeViewController`1<UnityEngine.EntityId>:HandleUnusedMouseEventsForItem (UnityEngine.Rect,UnityEditor.IMGUI.Controls.TreeViewItem`1<UnityEngine.EntityId>,int)
UnityEditor.IMGUI.Controls.TreeViewController`1<UnityEngine.EntityId>:DoItemGUI (UnityEditor.IMGUI.Controls.TreeViewItem`1<UnityEngine.EntityId>,int,single,bool)
UnityEditor.IMGUI.Controls.TreeViewController`1<UnityEngine.EntityId>:IterateVisibleItems (int,int,single,bool)
UnityEditor.IMGUI.Controls.TreeViewController`1<UnityEngine.EntityId>:OnGUI (UnityEngine.Rect,int)
UnityEditor.ProjectBrowser:OnGUI ()
UnityEditor.HostView:InvokeOnGUI (UnityEngine.Rect)
UnityEditor.DockArea:DrawView (UnityEngine.Rect)
UnityEditor.DockArea:OldOnGUI ()
UnityEngine.UIElements.IMGUIContainer:DoOnGUI (UnityEngine.Event,UnityEngine.Matrix4x4,UnityEngine.Rect,bool,UnityEngine.Rect,System.Action,bool)
UnityEngine.UIElements.IMGUIContainer:HandleIMGUIEvent (UnityEngine.Event,UnityEngine.Matrix4x4,UnityEngine.Rect,System.Action,bool)
UnityEngine.UIElements.IMGUIContainer:HandleIMGUIEvent (UnityEngine.Event,System.Action,bool)
UnityEngine.UIElements.IMGUIContainer:HandleIMGUIEvent (UnityEngine.Event,bool)
UnityEngine.UIElements.IMGUIContainer:SendEventToIMGUIRaw (UnityEngine.UIElements.EventBase,bool,bool)
UnityEngine.UIElements.IMGUIContainer:SendEventToIMGUI (UnityEngine.UIElements.EventBase,bool,bool)
UnityEngine.UIElements.IMGUIContainer:HandleEventBubbleUp (UnityEngine.UIElements.EventBase)
UnityEngine.UIElements.EventDispatchUtilities:HandleEventAcrossPropagationPathWithCompatibilityEvent (UnityEngine.UIElements.EventBase,UnityEngine.UIElements.EventBase,UnityEngine.UIElements.BaseVisualElementPanel,UnityEngine.UIElements.VisualElement,bool)
UnityEngine.UIElements.EventDispatchUtilities:DispatchToElementUnderPointerOrPanelRoot (UnityEngine.UIElements.EventBase,UnityEngine.UIElements.BaseVisualElementPanel,int,UnityEngine.Vector2)
UnityEngine.UIElements.EventDispatchUtilities:DispatchToCapturingElementOrElementUnderPointer (UnityEngine.UIElements.EventBase,UnityEngine.UIElements.BaseVisualElementPanel,int,UnityEngine.Vector2)
UnityEngine.UIElements.PointerDownEvent:Dispatch (UnityEngine.UIElements.BaseVisualElementPanel)
UnityEngine.UIElements.EventDispatcher:ProcessEvent (UnityEngine.UIElements.EventBase,UnityEngine.UIElements.BaseVisualElementPanel)
UnityEngine.UIElements.EventDispatcher:Dispatch (UnityEngine.UIElements.EventBase,UnityEngine.UIElements.BaseVisualElementPanel,UnityEngine.UIElements.DispatchMode)
UnityEngine.UIElements.BaseVisualElementPanel:SendEvent (UnityEngine.UIElements.EventBase,UnityEngine.UIElements.DispatchMode)
UnityEditor.UIElements.EditorEventDispatchUtility:DoDispatch (UnityEngine.UIElements.BaseVisualElementPanel,UnityEngine.Event)
UnityEditor.UIElements.DefaultWindowBackend:ProcessEvent (UnityEngine.Event)
UnityEditor.GUIView:ProcessEvent (UnityEngine.EntityId,intptr,bool&)

EditorHelper: Unable to use the external script editor. Trying the internal script editor now.
Asset Pipeline Refresh (id=0031029c80b7b3c4a88e11ef960364e2): Total: 0.224 seconds - Initiated by RefreshV2(AllowForceSynchronousImport)
Asset Pipeline Refresh (id=03bc39328f7929f46aec8061ada43533): Total: 0.009 seconds - Initiated by RefreshV2(AllowForceSynchronousImport)
Asset Pipeline Refresh (id=9e1c0d4017cd98a47a44c33d49a96b42): Total: 0.010 seconds - Initiated by RefreshV2(AllowForceSynchronousImport)
External Code Editor application path does not exist (C:\Program Files\Microsoft Visual Studio\2022\Community\Common7\IDE\devenv.exe)! Please select a different application.
UnityEngine.Debug:ExtractStackTraceNoAlloc (byte*,int,string)
UnityEngine.StackTraceUtility:ExtractStackTrace ()
UnityEngine.DebugLogHandler:Internal_Log (UnityEngine.LogType,UnityEngine.LogOption,string,UnityEngine.Object)
UnityEngine.DebugLogHandler:LogFormat (UnityEngine.LogType,UnityEngine.Object,string,object[])
UnityEngine.Logger:Log (UnityEngine.LogType,object)
UnityEngine.Debug:LogWarning (object)
UnityEditor.DefaultExternalCodeEditor:OpenProject (string,int,int)
Unity.CodeEditor.CodeEditor:OnOpenAsset (UnityEngine.EntityId,int,int)
UnityEditor.AssetDatabase:OpenAsset (UnityEngine.EntityId,int,int)
UnityEditor.AssetDatabase:OpenAsset (UnityEngine.EntityId)
UnityEditor.ProjectBrowser:OpenAssetSelection (UnityEngine.EntityId[])
UnityEditor.ProjectBrowser:AssetTreeItemDoubleClickedCallback (UnityEngine.EntityId)
UnityEditor.IMGUI.Controls.TreeViewController`1<UnityEngine.EntityId>:HandleUnusedMouseEventsForItem (UnityEngine.Rect,UnityEditor.IMGUI.Controls.TreeViewItem`1<UnityEngine.EntityId>,int)
UnityEditor.IMGUI.Controls.TreeViewController`1<UnityEngine.EntityId>:DoItemGUI (UnityEditor.IMGUI.Controls.TreeViewItem`1<UnityEngine.EntityId>,int,single,bool)
UnityEditor.IMGUI.Controls.TreeViewController`1<UnityEngine.EntityId>:IterateVisibleItems (int,int,single,bool)
UnityEditor.IMGUI.Controls.TreeViewController`1<UnityEngine.EntityId>:OnGUI (UnityEngine.Rect,int)
UnityEditor.ProjectBrowser:OnGUI ()
UnityEditor.HostView:InvokeOnGUI (UnityEngine.Rect)
UnityEditor.DockArea:DrawView (UnityEngine.Rect)
UnityEditor.DockArea:OldOnGUI ()
UnityEngine.UIElements.IMGUIContainer:DoOnGUI (UnityEngine.Event,UnityEngine.Matrix4x4,UnityEngine.Rect,bool,UnityEngine.Rect,System.Action,bool)
UnityEngine.UIElements.IMGUIContainer:HandleIMGUIEvent (UnityEngine.Event,UnityEngine.Matrix4x4,UnityEngine.Rect,System.Action,bool)
UnityEngine.UIElements.IMGUIContainer:HandleIMGUIEvent (UnityEngine.Event,System.Action,bool)
UnityEngine.UIElements.IMGUIContainer:HandleIMGUIEvent (UnityEngine.Event,bool)
UnityEngine.UIElements.IMGUIContainer:SendEventToIMGUIRaw (UnityEngine.UIElements.EventBase,bool,bool)
UnityEngine.UIElements.IMGUIContainer:SendEventToIMGUI (UnityEngine.UIElements.EventBase,bool,bool)
UnityEngine.UIElements.IMGUIContainer:HandleEventBubbleUp (UnityEngine.UIElements.EventBase)
UnityEngine.UIElements.EventDispatchUtilities:HandleEventAcrossPropagationPathWithCompatibilityEvent (UnityEngine.UIElements.EventBase,UnityEngine.UIElements.EventBase,UnityEngine.UIElements.BaseVisualElementPanel,UnityEngine.UIElements.VisualElement,bool)
UnityEngine.UIElements.EventDispatchUtilities:DispatchToElementUnderPointerOrPanelRoot (UnityEngine.UIElements.EventBase,UnityEngine.UIElements.BaseVisualElementPanel,int,UnityEngine.Vector2)
UnityEngine.UIElements.EventDispatchUtilities:DispatchToCapturingElementOrElementUnderPointer (UnityEngine.UIElements.EventBase,UnityEngine.UIElements.BaseVisualElementPanel,int,UnityEngine.Vector2)
UnityEngine.UIElements.PointerDownEvent:Dispatch (UnityEngine.UIElements.BaseVisualElementPanel)
UnityEngine.UIElements.EventDispatcher:ProcessEvent (UnityEngine.UIElements.EventBase,UnityEngine.UIElements.BaseVisualElementPanel)
UnityEngine.UIElements.EventDispatcher:Dispatch (UnityEngine.UIElements.EventBase,UnityEngine.UIElements.BaseVisualElementPanel,UnityEngine.UIElements.DispatchMode)
UnityEngine.UIElements.BaseVisualElementPanel:SendEvent (UnityEngine.UIElements.EventBase,UnityEngine.UIElements.DispatchMode)
UnityEditor.UIElements.EditorEventDispatchUtility:DoDispatch (UnityEngine.UIElements.BaseVisualElementPanel,UnityEngine.Event)
UnityEditor.UIElements.DefaultWindowBackend:ProcessEvent (UnityEngine.Event)
UnityEditor.GUIView:ProcessEvent (UnityEngine.EntityId,intptr,bool&)

External Code Editor application path does not exist (C:\Program Files\Microsoft Visual Studio\2022\Community\Common7\IDE\devenv.exe)! Please select a different application.
UnityEngine.Debug:ExtractStackTraceNoAlloc (byte*,int,string)
UnityEngine.StackTraceUtility:ExtractStackTrace ()
UnityEngine.DebugLogHandler:Internal_Log (UnityEngine.LogType,UnityEngine.LogOption,string,UnityEngine.Object)
UnityEngine.DebugLogHandler:LogFormat (UnityEngine.LogType,UnityEngine.Object,string,object[])
UnityEngine.Logger:Log (UnityEngine.LogType,object)
UnityEngine.Debug:LogWarning (object)
UnityEditor.DefaultExternalCodeEditor:OpenProject (string,int,int)
Unity.CodeEditor.CodeEditor:OpenProject (string,int,int)
UnityEditor.AssetDatabase:OpenAsset (UnityEngine.EntityId,int,int)
UnityEditor.AssetDatabase:OpenAsset (UnityEngine.EntityId)
UnityEditor.ProjectBrowser:OpenAssetSelection (UnityEngine.EntityId[])
UnityEditor.ProjectBrowser:AssetTreeItemDoubleClickedCallback (UnityEngine.EntityId)
UnityEditor.IMGUI.Controls.TreeViewController`1<UnityEngine.EntityId>:HandleUnusedMouseEventsForItem (UnityEngine.Rect,UnityEditor.IMGUI.Controls.TreeViewItem`1<UnityEngine.EntityId>,int)
UnityEditor.IMGUI.Controls.TreeViewController`1<UnityEngine.EntityId>:DoItemGUI (UnityEditor.IMGUI.Controls.TreeViewItem`1<UnityEngine.EntityId>,int,single,bool)
UnityEditor.IMGUI.Controls.TreeViewController`1<UnityEngine.EntityId>:IterateVisibleItems (int,int,single,bool)
UnityEditor.IMGUI.Controls.TreeViewController`1<UnityEngine.EntityId>:OnGUI (UnityEngine.Rect,int)
UnityEditor.ProjectBrowser:OnGUI ()
UnityEditor.HostView:InvokeOnGUI (UnityEngine.Rect)
UnityEditor.DockArea:DrawView (UnityEngine.Rect)
UnityEditor.DockArea:OldOnGUI ()
UnityEngine.UIElements.IMGUIContainer:DoOnGUI (UnityEngine.Event,UnityEngine.Matrix4x4,UnityEngine.Rect,bool,UnityEngine.Rect,System.Action,bool)
UnityEngine.UIElements.IMGUIContainer:HandleIMGUIEvent (UnityEngine.Event,UnityEngine.Matrix4x4,UnityEngine.Rect,System.Action,bool)
UnityEngine.UIElements.IMGUIContainer:HandleIMGUIEvent (UnityEngine.Event,System.Action,bool)
UnityEngine.UIElements.IMGUIContainer:HandleIMGUIEvent (UnityEngine.Event,bool)
UnityEngine.UIElements.IMGUIContainer:SendEventToIMGUIRaw (UnityEngine.UIElements.EventBase,bool,bool)
UnityEngine.UIElements.IMGUIContainer:SendEventToIMGUI (UnityEngine.UIElements.EventBase,bool,bool)
UnityEngine.UIElements.IMGUIContainer:HandleEventBubbleUp (UnityEngine.UIElements.EventBase)
UnityEngine.UIElements.EventDispatchUtilities:HandleEventAcrossPropagationPathWithCompatibilityEvent (UnityEngine.UIElements.EventBase,UnityEngine.UIElements.EventBase,UnityEngine.UIElements.BaseVisualElementPanel,UnityEngine.UIElements.VisualElement,bool)
UnityEngine.UIElements.EventDispatchUtilities:DispatchToElementUnderPointerOrPanelRoot (UnityEngine.UIElements.EventBase,UnityEngine.UIElements.BaseVisualElementPanel,int,UnityEngine.Vector2)
UnityEngine.UIElements.EventDispatchUtilities:DispatchToCapturingElementOrElementUnderPointer (UnityEngine.UIElements.EventBase,UnityEngine.UIElements.BaseVisualElementPanel,int,UnityEngine.Vector2)
UnityEngine.UIElements.PointerDownEvent:Dispatch (UnityEngine.UIElements.BaseVisualElementPanel)
UnityEngine.UIElements.EventDispatcher:ProcessEvent (UnityEngine.UIElements.EventBase,UnityEngine.UIElements.BaseVisualElementPanel)
UnityEngine.UIElements.EventDispatcher:Dispatch (UnityEngine.UIElements.EventBase,UnityEngine.UIElements.BaseVisualElementPanel,UnityEngine.UIElements.DispatchMode)
UnityEngine.UIElements.BaseVisualElementPanel:SendEvent (UnityEngine.UIElements.EventBase,UnityEngine.UIElements.DispatchMode)
UnityEditor.UIElements.EditorEventDispatchUtility:DoDispatch (UnityEngine.UIElements.BaseVisualElementPanel,UnityEngine.Event)
UnityEditor.UIElements.DefaultWindowBackend:ProcessEvent (UnityEngine.Event)
UnityEditor.GUIView:ProcessEvent (UnityEngine.EntityId,intptr,bool&)

EditorHelper: Unable to use the external script editor. Trying the internal script editor now.
Asset Pipeline Refresh (id=8abc0a093bcc5c0479578d2b08c74b41): Total: 0.010 seconds - Initiated by RefreshV2(AllowForceSynchronousImport)
External Code Editor application path does not exist (C:\Program Files\Microsoft Visual Studio\2022\Community\Common7\IDE\devenv.exe)! Please select a different application.
UnityEngine.Debug:ExtractStackTraceNoAlloc (byte*,int,string)
UnityEngine.StackTraceUtility:ExtractStackTrace ()
UnityEngine.DebugLogHandler:Internal_Log (UnityEngine.LogType,UnityEngine.LogOption,string,UnityEngine.Object)
UnityEngine.DebugLogHandler:LogFormat (UnityEngine.LogType,UnityEngine.Object,string,object[])
UnityEngine.Logger:Log (UnityEngine.LogType,object)
UnityEngine.Debug:LogWarning (object)
UnityEditor.DefaultExternalCodeEditor:OpenProject (string,int,int)
Unity.CodeEditor.CodeEditor:OnOpenAsset (UnityEngine.EntityId,int,int)
UnityEditor.AssetDatabase:OpenAsset (UnityEngine.EntityId,int,int)
UnityEditor.AssetDatabase:OpenAsset (UnityEngine.EntityId)
UnityEditor.ProjectBrowser:OpenAssetSelection (UnityEngine.EntityId[])
UnityEditor.ProjectBrowser:AssetTreeItemDoubleClickedCallback (UnityEngine.EntityId)
UnityEditor.IMGUI.Controls.TreeViewController`1<UnityEngine.EntityId>:HandleUnusedMouseEventsForItem (UnityEngine.Rect,UnityEditor.IMGUI.Controls.TreeViewItem`1<UnityEngine.EntityId>,int)
UnityEditor.IMGUI.Controls.TreeViewController`1<UnityEngine.EntityId>:DoItemGUI (UnityEditor.IMGUI.Controls.TreeViewItem`1<UnityEngine.EntityId>,int,single,bool)
UnityEditor.IMGUI.Controls.TreeViewController`1<UnityEngine.EntityId>:IterateVisibleItems (int,int,single,bool)
UnityEditor.IMGUI.Controls.TreeViewController`1<UnityEngine.EntityId>:OnGUI (UnityEngine.Rect,int)
UnityEditor.ProjectBrowser:OnGUI ()
UnityEditor.HostView:InvokeOnGUI (UnityEngine.Rect)
UnityEditor.DockArea:DrawView (UnityEngine.Rect)
UnityEditor.DockArea:OldOnGUI ()
UnityEngine.UIElements.IMGUIContainer:DoOnGUI (UnityEngine.Event,UnityEngine.Matrix4x4,UnityEngine.Rect,bool,UnityEngine.Rect,System.Action,bool)
UnityEngine.UIElements.IMGUIContainer:HandleIMGUIEvent (UnityEngine.Event,UnityEngine.Matrix4x4,UnityEngine.Rect,System.Action,bool)
UnityEngine.UIElements.IMGUIContainer:HandleIMGUIEvent (UnityEngine.Event,System.Action,bool)
UnityEngine.UIElements.IMGUIContainer:HandleIMGUIEvent (UnityEngine.Event,bool)
UnityEngine.UIElements.IMGUIContainer:SendEventToIMGUIRaw (UnityEngine.UIElements.EventBase,bool,bool)
UnityEngine.UIElements.IMGUIContainer:SendEventToIMGUI (UnityEngine.UIElements.EventBase,bool,bool)
UnityEngine.UIElements.IMGUIContainer:HandleEventBubbleUp (UnityEngine.UIElements.EventBase)
UnityEngine.UIElements.EventDispatchUtilities:HandleEventAcrossPropagationPathWithCompatibilityEvent (UnityEngine.UIElements.EventBase,UnityEngine.UIElements.EventBase,UnityEngine.UIElements.BaseVisualElementPanel,UnityEngine.UIElements.VisualElement,bool)
UnityEngine.UIElements.EventDispatchUtilities:DispatchToElementUnderPointerOrPanelRoot (UnityEngine.UIElements.EventBase,UnityEngine.UIElements.BaseVisualElementPanel,int,UnityEngine.Vector2)
UnityEngine.UIElements.EventDispatchUtilities:DispatchToCapturingElementOrElementUnderPointer (UnityEngine.UIElements.EventBase,UnityEngine.UIElements.BaseVisualElementPanel,int,UnityEngine.Vector2)
UnityEngine.UIElements.PointerDownEvent:Dispatch (UnityEngine.UIElements.BaseVisualElementPanel)
UnityEngine.UIElements.EventDispatcher:ProcessEvent (UnityEngine.UIElements.EventBase,UnityEngine.UIElements.BaseVisualElementPanel)
UnityEngine.UIElements.EventDispatcher:Dispatch (UnityEngine.UIElements.EventBase,UnityEngine.UIElements.BaseVisualElementPanel,UnityEngine.UIElements.DispatchMode)
UnityEngine.UIElements.BaseVisualElementPanel:SendEvent (UnityEngine.UIElements.EventBase,UnityEngine.UIElements.DispatchMode)
UnityEditor.UIElements.EditorEventDispatchUtility:DoDispatch (UnityEngine.UIElements.BaseVisualElementPanel,UnityEngine.Event)
UnityEditor.UIElements.DefaultWindowBackend:ProcessEvent (UnityEngine.Event)
UnityEditor.GUIView:ProcessEvent (UnityEngine.EntityId,intptr,bool&)

External Code Editor application path does not exist (C:\Program Files\Microsoft Visual Studio\2022\Community\Common7\IDE\devenv.exe)! Please select a different application.
UnityEngine.Debug:ExtractStackTraceNoAlloc (byte*,int,string)
UnityEngine.StackTraceUtility:ExtractStackTrace ()
UnityEngine.DebugLogHandler:Internal_Log (UnityEngine.LogType,UnityEngine.LogOption,string,UnityEngine.Object)
UnityEngine.DebugLogHandler:LogFormat (UnityEngine.LogType,UnityEngine.Object,string,object[])
UnityEngine.Logger:Log (UnityEngine.LogType,object)
UnityEngine.Debug:LogWarning (object)
UnityEditor.DefaultExternalCodeEditor:OpenProject (string,int,int)
Unity.CodeEditor.CodeEditor:OpenProject (string,int,int)
UnityEditor.AssetDatabase:OpenAsset (UnityEngine.EntityId,int,int)
UnityEditor.AssetDatabase:OpenAsset (UnityEngine.EntityId)
UnityEditor.ProjectBrowser:OpenAssetSelection (UnityEngine.EntityId[])
UnityEditor.ProjectBrowser:AssetTreeItemDoubleClickedCallback (UnityEngine.EntityId)
UnityEditor.IMGUI.Controls.TreeViewController`1<UnityEngine.EntityId>:HandleUnusedMouseEventsForItem (UnityEngine.Rect,UnityEditor.IMGUI.Controls.TreeViewItem`1<UnityEngine.EntityId>,int)
UnityEditor.IMGUI.Controls.TreeViewController`1<UnityEngine.EntityId>:DoItemGUI (UnityEditor.IMGUI.Controls.TreeViewItem`1<UnityEngine.EntityId>,int,single,bool)
UnityEditor.IMGUI.Controls.TreeViewController`1<UnityEngine.EntityId>:IterateVisibleItems (int,int,single,bool)
UnityEditor.IMGUI.Controls.TreeViewController`1<UnityEngine.EntityId>:OnGUI (UnityEngine.Rect,int)
UnityEditor.ProjectBrowser:OnGUI ()
UnityEditor.HostView:InvokeOnGUI (UnityEngine.Rect)
UnityEditor.DockArea:DrawView (UnityEngine.Rect)
UnityEditor.DockArea:OldOnGUI ()
UnityEngine.UIElements.IMGUIContainer:DoOnGUI (UnityEngine.Event,UnityEngine.Matrix4x4,UnityEngine.Rect,bool,UnityEngine.Rect,System.Action,bool)
UnityEngine.UIElements.IMGUIContainer:HandleIMGUIEvent (UnityEngine.Event,UnityEngine.Matrix4x4,UnityEngine.Rect,System.Action,bool)
UnityEngine.UIElements.IMGUIContainer:HandleIMGUIEvent (UnityEngine.Event,System.Action,bool)
UnityEngine.UIElements.IMGUIContainer:HandleIMGUIEvent (UnityEngine.Event,bool)
UnityEngine.UIElements.IMGUIContainer:SendEventToIMGUIRaw (UnityEngine.UIElements.EventBase,bool,bool)
UnityEngine.UIElements.IMGUIContainer:SendEventToIMGUI (UnityEngine.UIElements.EventBase,bool,bool)
UnityEngine.UIElements.IMGUIContainer:HandleEventBubbleUp (UnityEngine.UIElements.EventBase)
UnityEngine.UIElements.EventDispatchUtilities:HandleEventAcrossPropagationPathWithCompatibilityEvent (UnityEngine.UIElements.EventBase,UnityEngine.UIElements.EventBase,UnityEngine.UIElements.BaseVisualElementPanel,UnityEngine.UIElements.VisualElement,bool)
UnityEngine.UIElements.EventDispatchUtilities:DispatchToElementUnderPointerOrPanelRoot (UnityEngine.UIElements.EventBase,UnityEngine.UIElements.BaseVisualElementPanel,int,UnityEngine.Vector2)
UnityEngine.UIElements.EventDispatchUtilities:DispatchToCapturingElementOrElementUnderPointer (UnityEngine.UIElements.EventBase,UnityEngine.UIElements.BaseVisualElementPanel,int,UnityEngine.Vector2)
UnityEngine.UIElements.PointerDownEvent:Dispatch (UnityEngine.UIElements.BaseVisualElementPanel)
UnityEngine.UIElements.EventDispatcher:ProcessEvent (UnityEngine.UIElements.EventBase,UnityEngine.UIElements.BaseVisualElementPanel)
UnityEngine.UIElements.EventDispatcher:Dispatch (UnityEngine.UIElements.EventBase,UnityEngine.UIElements.BaseVisualElementPanel,UnityEngine.UIElements.DispatchMode)
UnityEngine.UIElements.BaseVisualElementPanel:SendEvent (UnityEngine.UIElements.EventBase,UnityEngine.UIElements.DispatchMode)
UnityEditor.UIElements.EditorEventDispatchUtility:DoDispatch (UnityEngine.UIElements.BaseVisualElementPanel,UnityEngine.Event)
UnityEditor.UIElements.DefaultWindowBackend:ProcessEvent (UnityEngine.Event)
UnityEditor.GUIView:ProcessEvent (UnityEngine.EntityId,intptr,bool&)

EditorHelper: Unable to use the external script editor. Trying the internal script editor now.
Asset Pipeline Refresh (id=6400c15e7879fa84f8a2e1d8da569a98): Total: 0.007 seconds - Initiated by RefreshV2(AllowForceSynchronousImport)
External Code Editor application path does not exist (C:\Program Files\Microsoft Visual Studio\2022\Community\Common7\IDE\devenv.exe)! Please select a different application.
UnityEngine.Debug:ExtractStackTraceNoAlloc (byte*,int,string)
UnityEngine.StackTraceUtility:ExtractStackTrace ()
UnityEngine.DebugLogHandler:Internal_Log (UnityEngine.LogType,UnityEngine.LogOption,string,UnityEngine.Object)
UnityEngine.DebugLogHandler:LogFormat (UnityEngine.LogType,UnityEngine.Object,string,object[])
UnityEngine.Logger:Log (UnityEngine.LogType,object)
UnityEngine.Debug:LogWarning (object)
UnityEditor.DefaultExternalCodeEditor:OpenProject (string,int,int)
Unity.CodeEditor.CodeEditor:OnOpenAsset (UnityEngine.EntityId,int,int)
UnityEditor.AssetDatabase:OpenAsset (UnityEngine.EntityId,int,int)
UnityEditor.AssetDatabase:OpenAsset (UnityEngine.EntityId)
UnityEditor.ProjectBrowser:OpenAssetSelection (UnityEngine.EntityId[])
UnityEditor.ProjectBrowser:AssetTreeItemDoubleClickedCallback (UnityEngine.EntityId)
UnityEditor.IMGUI.Controls.TreeViewController`1<UnityEngine.EntityId>:HandleUnusedMouseEventsForItem (UnityEngine.Rect,UnityEditor.IMGUI.Controls.TreeViewItem`1<UnityEngine.EntityId>,int)
UnityEditor.IMGUI.Controls.TreeViewController`1<UnityEngine.EntityId>:DoItemGUI (UnityEditor.IMGUI.Controls.TreeViewItem`1<UnityEngine.EntityId>,int,single,bool)
UnityEditor.IMGUI.Controls.TreeViewController`1<UnityEngine.EntityId>:IterateVisibleItems (int,int,single,bool)
UnityEditor.IMGUI.Controls.TreeViewController`1<UnityEngine.EntityId>:OnGUI (UnityEngine.Rect,int)
UnityEditor.ProjectBrowser:OnGUI ()
UnityEditor.HostView:InvokeOnGUI (UnityEngine.Rect)
UnityEditor.DockArea:DrawView (UnityEngine.Rect)
UnityEditor.DockArea:OldOnGUI ()
UnityEngine.UIElements.IMGUIContainer:DoOnGUI (UnityEngine.Event,UnityEngine.Matrix4x4,UnityEngine.Rect,bool,UnityEngine.Rect,System.Action,bool)
UnityEngine.UIElements.IMGUIContainer:HandleIMGUIEvent (UnityEngine.Event,UnityEngine.Matrix4x4,UnityEngine.Rect,System.Action,bool)
UnityEngine.UIElements.IMGUIContainer:HandleIMGUIEvent (UnityEngine.Event,System.Action,bool)
UnityEngine.UIElements.IMGUIContainer:HandleIMGUIEvent (UnityEngine.Event,bool)
UnityEngine.UIElements.IMGUIContainer:SendEventToIMGUIRaw (UnityEngine.UIElements.EventBase,bool,bool)
UnityEngine.UIElements.IMGUIContainer:SendEventToIMGUI (UnityEngine.UIElements.EventBase,bool,bool)
UnityEngine.UIElements.IMGUIContainer:HandleEventBubbleUp (UnityEngine.UIElements.EventBase)
UnityEngine.UIElements.EventDispatchUtilities:HandleEventAcrossPropagationPathWithCompatibilityEvent (UnityEngine.UIElements.EventBase,UnityEngine.UIElements.EventBase,UnityEngine.UIElements.BaseVisualElementPanel,UnityEngine.UIElements.VisualElement,bool)
UnityEngine.UIElements.EventDispatchUtilities:DispatchToElementUnderPointerOrPanelRoot (UnityEngine.UIElements.EventBase,UnityEngine.UIElements.BaseVisualElementPanel,int,UnityEngine.Vector2)
UnityEngine.UIElements.EventDispatchUtilities:DispatchToCapturingElementOrElementUnderPointer (UnityEngine.UIElements.EventBase,UnityEngine.UIElements.BaseVisualElementPanel,int,UnityEngine.Vector2)
UnityEngine.UIElements.PointerDownEvent:Dispatch (UnityEngine.UIElements.BaseVisualElementPanel)
UnityEngine.UIElements.EventDispatcher:ProcessEvent (UnityEngine.UIElements.EventBase,UnityEngine.UIElements.BaseVisualElementPanel)
UnityEngine.UIElements.EventDispatcher:Dispatch (UnityEngine.UIElements.EventBase,UnityEngine.UIElements.BaseVisualElementPanel,UnityEngine.UIElements.DispatchMode)
UnityEngine.UIElements.BaseVisualElementPanel:SendEvent (UnityEngine.UIElements.EventBase,UnityEngine.UIElements.DispatchMode)
UnityEditor.UIElements.EditorEventDispatchUtility:DoDispatch (UnityEngine.UIElements.BaseVisualElementPanel,UnityEngine.Event)
UnityEditor.UIElements.DefaultWindowBackend:ProcessEvent (UnityEngine.Event)
UnityEditor.GUIView:ProcessEvent (UnityEngine.EntityId,intptr,bool&)

External Code Editor application path does not exist (C:\Program Files\Microsoft Visual Studio\2022\Community\Common7\IDE\devenv.exe)! Please select a different application.
UnityEngine.Debug:ExtractStackTraceNoAlloc (byte*,int,string)
UnityEngine.StackTraceUtility:ExtractStackTrace ()
UnityEngine.DebugLogHandler:Internal_Log (UnityEngine.LogType,UnityEngine.LogOption,string,UnityEngine.Object)
UnityEngine.DebugLogHandler:LogFormat (UnityEngine.LogType,UnityEngine.Object,string,object[])
UnityEngine.Logger:Log (UnityEngine.LogType,object)
UnityEngine.Debug:LogWarning (object)
UnityEditor.DefaultExternalCodeEditor:OpenProject (string,int,int)
Unity.CodeEditor.CodeEditor:OpenProject (string,int,int)
UnityEditor.AssetDatabase:OpenAsset (UnityEngine.EntityId,int,int)
UnityEditor.AssetDatabase:OpenAsset (UnityEngine.EntityId)
UnityEditor.ProjectBrowser:OpenAssetSelection (UnityEngine.EntityId[])
UnityEditor.ProjectBrowser:AssetTreeItemDoubleClickedCallback (UnityEngine.EntityId)
UnityEditor.IMGUI.Controls.TreeViewController`1<UnityEngine.EntityId>:HandleUnusedMouseEventsForItem (UnityEngine.Rect,UnityEditor.IMGUI.Controls.TreeViewItem`1<UnityEngine.EntityId>,int)
UnityEditor.IMGUI.Controls.TreeViewController`1<UnityEngine.EntityId>:DoItemGUI (UnityEditor.IMGUI.Controls.TreeViewItem`1<UnityEngine.EntityId>,int,single,bool)
UnityEditor.IMGUI.Controls.TreeViewController`1<UnityEngine.EntityId>:IterateVisibleItems (int,int,single,bool)
UnityEditor.IMGUI.Controls.TreeViewController`1<UnityEngine.EntityId>:OnGUI (UnityEngine.Rect,int)
UnityEditor.ProjectBrowser:OnGUI ()
UnityEditor.HostView:InvokeOnGUI (UnityEngine.Rect)
UnityEditor.DockArea:DrawView (UnityEngine.Rect)
UnityEditor.DockArea:OldOnGUI ()
UnityEngine.UIElements.IMGUIContainer:DoOnGUI (UnityEngine.Event,UnityEngine.Matrix4x4,UnityEngine.Rect,bool,UnityEngine.Rect,System.Action,bool)
UnityEngine.UIElements.IMGUIContainer:HandleIMGUIEvent (UnityEngine.Event,UnityEngine.Matrix4x4,UnityEngine.Rect,System.Action,bool)
UnityEngine.UIElements.IMGUIContainer:HandleIMGUIEvent (UnityEngine.Event,System.Action,bool)
UnityEngine.UIElements.IMGUIContainer:HandleIMGUIEvent (UnityEngine.Event,bool)
UnityEngine.UIElements.IMGUIContainer:SendEventToIMGUIRaw (UnityEngine.UIElements.EventBase,bool,bool)
UnityEngine.UIElements.IMGUIContainer:SendEventToIMGUI (UnityEngine.UIElements.EventBase,bool,bool)
UnityEngine.UIElements.IMGUIContainer:HandleEventBubbleUp (UnityEngine.UIElements.EventBase)
UnityEngine.UIElements.EventDispatchUtilities:HandleEventAcrossPropagationPathWithCompatibilityEvent (UnityEngine.UIElements.EventBase,UnityEngine.UIElements.EventBase,UnityEngine.UIElements.BaseVisualElementPanel,UnityEngine.UIElements.VisualElement,bool)
UnityEngine.UIElements.EventDispatchUtilities:DispatchToElementUnderPointerOrPanelRoot (UnityEngine.UIElements.EventBase,UnityEngine.UIElements.BaseVisualElementPanel,int,UnityEngine.Vector2)
UnityEngine.UIElements.EventDispatchUtilities:DispatchToCapturingElementOrElementUnderPointer (UnityEngine.UIElements.EventBase,UnityEngine.UIElements.BaseVisualElementPanel,int,UnityEngine.Vector2)
UnityEngine.UIElements.PointerDownEvent:Dispatch (UnityEngine.UIElements.BaseVisualElementPanel)
UnityEngine.UIElements.EventDispatcher:ProcessEvent (UnityEngine.UIElements.EventBase,UnityEngine.UIElements.BaseVisualElementPanel)
UnityEngine.UIElements.EventDispatcher:Dispatch (UnityEngine.UIElements.EventBase,UnityEngine.UIElements.BaseVisualElementPanel,UnityEngine.UIElements.DispatchMode)
UnityEngine.UIElements.BaseVisualElementPanel:SendEvent (UnityEngine.UIElements.EventBase,UnityEngine.UIElements.DispatchMode)
UnityEditor.UIElements.EditorEventDispatchUtility:DoDispatch (UnityEngine.UIElements.BaseVisualElementPanel,UnityEngine.Event)
UnityEditor.UIElements.DefaultWindowBackend:ProcessEvent (UnityEngine.Event)
UnityEditor.GUIView:ProcessEvent (UnityEngine.EntityId,intptr,bool&)

EditorHelper: Unable to use the external script editor. Trying the internal script editor now.
Asset Pipeline Refresh (id=e0ce6e5b9199df44fbfef195986e181d): Total: 0.015 seconds - Initiated by RefreshV2(AllowForceSynchronousImport)
Asset Pipeline Refresh (id=d40386c67dcd8ca44942ec6baaa2a3af): Total: 0.009 seconds - Initiated by RefreshV2(AllowForceSynchronousImport)
Reloading assemblies for play mode.
Reloading assemblies after forced synchronous recompile.
Begin MonoManager ReloadAssembly
[Licensing::Client] Successfully resolved entitlement details
[Licensing::Module] License group:
  Id: F4-V2HH-7T9E-WBHF-A6SK-XXXX
  Product: Unity Personal
  Type: ULF
  Expiration: 2026-09-29T13:59:33Z
[Licensing::Module] License group:
  Id: 18968482900132-UnityPersXXXX
  Product: Unity Personal
  Type: Assigned
  Expiration: Unlimited
Native extension for WindowsStandalone target not found
ScheduleIndexationOnStartup MainProcess:True IndexOnStartup:True
[MODES] ModeService[none].Initialize
[MODES] ModeService[none].LoadModes
Mono: successfully reloaded assembly
- Finished resetting the current domain, in  3.956 seconds
Domain Reload Profiling: 7063ms
	BeginReloadAssembly (2423ms)
		DisableScriptedObjects (448ms)
		CreateAndSetChildDomain (1003ms)
	RebuildCommonClasses (39ms)
	RebuildNativeTypeToScriptingClass (56ms)
	initialDomainReloadingComplete (209ms)
	LoadAllAssembliesAndSetupDomain (376ms)
		LoadAssemblies (572ms)
		AnalyzeDomain (78ms)
			TypeCache.Refresh (59ms)
			ResolveRequiredComponents (6ms)
	FinalizeReload (3959ms)
		SetupLoadedEditorAssemblies (0ms)
			InitializePlatformSupportModulesInManaged (6ms)
			BeforeProcessingInitializeOnLoad (286ms)
			ProcessInitializeOnLoadAttributes (229ms)
			ProcessInitializeOnLoadMethodAttributes (216ms)
			AfterProcessingInitializeOnLoad (15ms)
		AwakeInstancesAfterBackupRestoration (2064ms)

Asset Pipeline Refresh (id=b7fce957647b59c41b5991cf5e029192): Total: 7.804 seconds - Initiated by StopAssetImportingV2(ForceSynchronousImport | ForceDomainReload)
	(Values over 0.05ms)
	Summary:
		Imports: total=0 (actual=0, local cache=0, cache server=0)
		Asset DB Process Time: managed=0 ms, native=4153 ms
		Asset DB Callback time: managed=122 ms, native=115 ms
		Scripting: domain reloads=1, domain reload time=3405 ms, compile time=7 ms, other=0 ms
		Project Asset Count: scripts=139, non-scripts=105
		Asset File Changes: new=0, changed=0, moved=0, deleted=0
		Scan Filter Count: 0
	InvokePackagesCallback: 4.126ms
	ApplyChangesToAssetFolders: 0.175ms
	Collect global state as custom dependencies: 0.231ms
	OnSourceAssetsModified: 0.338ms
	CategorizeScriptCompilationAssets: 0.269ms
	ProcessAssetsWithTransientArtifactChanges: 36.027ms
	CategorizeAssets: 7.859ms
	CompileScripts: 6.798ms
	ImportOutOfDateAssets: 3975.577ms (3962.895ms without children)
		CollectScriptTypesHashes: 4.586ms
		ReloadNativeAssets: 0.763ms
		UnloadImportedAssets: 6.554ms
		EnsureUptoDateAssetsAreRegisteredWithGuidPM: 0.159ms
		ImportSchedulerStart: 5.202ms
	PostProcessAllAssets: 202.144ms
		PostProcessCallbackCreateDeferredMaterials 1.784ms
		PostprocessAssetsUpdateCachedIcon 1.715ms
		RaytracingShaderImportPostprocess 0.884ms
		ShaderAssetModifiedCallback 0.828ms
		SpeedTreeImporter.PostprocessAllAssets 0.651ms
		ComputeShaderImportPostprocess 0.557ms
		AssemblyValidation.PostprocessAllAssets 0.341ms
		BlockShaderImporter.PostprocessAllAssets 0.315ms
		WindowTitlePostprocess 0.310ms
		LocalizationDatabase.AssetDatabasePostprocessCallback 0.309ms
		MonoPostProcessAllAssets: 114.543ms
			WindowAssetPostprocessingWatcher.OnPostprocessAllAssets 23.363ms
			BuilderAssetPostprocessor.OnPostprocessAllAssets 21.952ms
			AssetPostprocessor.OnPostprocessAllAssets 15.663ms
			AssetChangedListener.OnPostprocessAllAssets 6.243ms
			SyncVS.PostprocessSyncProject 4.206ms
			RetainedModeAssetPostprocessor.OnPostprocessAllAssets 3.912ms
			TextAssetPostProcessor.OnPostprocessAllAssets 3.382ms
			SpeedTree9Postprocessor.OnPostprocessAllAssets 2.653ms
			ArtifactBrowserPostProcessor.OnPostprocessAllAssets 1.558ms
			AudioMixerPostprocessor.OnPostprocessAllAssets 0.976ms
			ReferencedClipsPostProcessor.OnPostprocessAllAssets 0.854ms
			StyleCatalogPostProcessor.OnPostprocessAllAssets 0.654ms
			EditModeScopePostprocessor.OnPostprocessAllAssets 0.650ms
			TMPro_TexturePostProcessor.OnPostprocessAllAssets 0.636ms
			AssetEvents.OnPostprocessAllAssets 0.600ms
			SpeedTreePostProcessor.OnPostprocessAllAssets 0.422ms
			TerrainToolbarOverlayPostProcessor.OnPostprocessAllAssets 0.349ms
			AssetDatabaseCallbacks.OnPostprocessAllAssets 0.348ms
			ScenarioDriftAssetsTracker.OnPostprocessAllAssets 0.328ms
			ConfigAssetsTracker.OnPostprocessAllAssets 0.304ms
			RenderPipelineGlobalSettingsPostprocessor.OnPostprocessAllAssets 0.236ms
			AudioContainerPostProcessor.OnPostprocessAllAssets 0.234ms
	PostAssetChangesProfiler: 34.943ms
	GatherAllCurrentPrimaryImportResultRevisions: 0.152ms
	UnloadStreamsBegin: 6.124ms
	GenerateScriptTypeHashes: 5.127ms
	GenerateScriptTypeSerializationHashes: 8.896ms
	Untracked: 3510.302ms

Loaded scene 'Temp/__Backupscenes/0.backup'
	Deserialize:            25.316 ms
	Integration:            168.631 ms
	Integration of assets:  0.063 ms
	Thread Wait Time:       -0.036 ms
	Total Operation Time:   193.974 ms
BoxCollider does not support negative scale or size.
The effective box size has been forced positive and is likely to give unexpected collision geometry.
If you absolutely need to use negative scaling you can use the convex MeshCollider. Scene hierarchy path "World/GreenHouse/floorDoorWay"
BoxCollider does not support negative scale or size.
The effective box size has been forced positive and is likely to give unexpected collision geometry.
If you absolutely need to use negative scaling you can use the convex MeshCollider. Scene hierarchy path "World/GreenHouse/floor"
BoxCollider does not support negative scale or size.
The effective box size has been forced positive and is likely to give unexpected collision geometry.
If you absolutely need to use negative scaling you can use the convex MeshCollider. Scene hierarchy path "World/GreenHouse/Groud"
[Licensing::Client] Successfully resolved entitlement details
Asset Pipeline Refresh (id=e3a56099818aa6b4f855ba340fb03e5f): Total: 0.015 seconds - Initiated by RefreshV2(NoUpdateAssetOptions)
Asset Pipeline Refresh (id=9fdd7d40942e9f24d8727deb6074609f): Total: 0.006 seconds - Initiated by RefreshV2(NoUpdateAssetOptions)
Asset Pipeline Refresh (id=9ecb1616af80c854cb366392d59db3db): Total: 0.015 seconds - Initiated by RefreshV2(NoUpdateAssetOptions)
Telemetry accepted: GH-01 / TEMP: 18.0 C / HUMIDITY: 50.0 %RH
UnityEngine.Debug:ExtractStackTraceNoAlloc (byte*,int,string)
UnityEngine.StackTraceUtility:ExtractStackTrace ()
UnityEngine.DebugLogHandler:Internal_Log (UnityEngine.LogType,UnityEngine.LogOption,string,UnityEngine.Object)
UnityEngine.DebugLogHandler:LogFormat (UnityEngine.LogType,UnityEngine.Object,string,object[])
UnityEngine.Logger:Log (UnityEngine.LogType,object,UnityEngine.Object)
UnityEngine.Debug:Log (object,UnityEngine.Object)
DMT321.JsonDataTwin.TelemetryReceiver:ReceiveJson (string) (at Assets/DMT321/JsonDataTwin/Scripts/TelemetryReceiver.cs:418)
DMT321.JsonDataTwin.TextAssetTelemetrySource:SendFile (UnityEngine.TextAsset) (at Assets/DMT321/JsonDataTwin/Scripts/TextAssetTelemetrySource.cs:88)
DMT321.JsonDataTwin.TextAssetTelemetrySource:LoadColdJson () (at Assets/DMT321/JsonDataTwin/Scripts/TextAssetTelemetrySource.cs:41)
UnityEngine.Events.InvokableCall:Invoke ()
UnityEngine.Events.UnityEvent:Invoke ()
UnityEngine.UI.Button:Press () (at ./Library/PackageCache/com.unity.ugui@377fd60ad87b/Runtime/UGUI/UI/Core/Button.cs:71)
UnityEngine.UI.Button:OnPointerClick (UnityEngine.EventSystems.PointerEventData) (at ./Library/PackageCache/com.unity.ugui@377fd60ad87b/Runtime/UGUI/UI/Core/Button.cs:115)
UnityEngine.EventSystems.ExecuteEvents:Execute (UnityEngine.EventSystems.IPointerClickHandler,UnityEngine.EventSystems.BaseEventData) (at ./Library/PackageCache/com.unity.ugui@377fd60ad87b/Runtime/UGUI/EventSystem/ExecuteEvents.cs:57)
UnityEngine.EventSystems.ExecuteEvents:Execute<UnityEngine.EventSystems.IPointerClickHandler> (UnityEngine.GameObject,UnityEngine.EventSystems.BaseEventData,UnityEngine.EventSystems.ExecuteEvents/EventFunction`1<UnityEngine.EventSystems.IPointerClickHandler>) (at ./Library/PackageCache/com.unity.ugui@377fd60ad87b/Runtime/UGUI/EventSystem/ExecuteEvents.cs:272)
UnityEngine.EventSystems.StandaloneInputModule:ReleaseMouse (UnityEngine.EventSystems.PointerEventData,UnityEngine.GameObject) (at ./Library/PackageCache/com.unity.ugui@377fd60ad87b/Runtime/UGUI/EventSystem/InputModules/StandaloneInputModule.cs:216)
UnityEngine.EventSystems.StandaloneInputModule:ProcessMousePress (UnityEngine.EventSystems.PointerInputModule/MouseButtonEventData) (at ./Library/PackageCache/com.unity.ugui@377fd60ad87b/Runtime/UGUI/EventSystem/InputModules/StandaloneInputModule.cs:678)
UnityEngine.EventSystems.StandaloneInputModule:ProcessMouseEvent (int) (at ./Library/PackageCache/com.unity.ugui@377fd60ad87b/Runtime/UGUI/EventSystem/InputModules/StandaloneInputModule.cs:578)
UnityEngine.EventSystems.StandaloneInputModule:ProcessMouseEvent () (at ./Library/PackageCache/com.unity.ugui@377fd60ad87b/Runtime/UGUI/EventSystem/InputModules/StandaloneInputModule.cs:558)
UnityEngine.EventSystems.StandaloneInputModule:Process () (at ./Library/PackageCache/com.unity.ugui@377fd60ad87b/Runtime/UGUI/EventSystem/InputModules/StandaloneInputModule.cs:306)
UnityEngine.EventSystems.EventSystem:Update () (at ./Library/PackageCache/com.unity.ugui@377fd60ad87b/Runtime/UGUI/EventSystem/EventSystem.cs:516)

(Filename: Assets/DMT321/JsonDataTwin/Scripts/TelemetryReceiver.cs Line: 418)

Telemetry accepted: GH-01 / TEMP: 25.0 C / HUMIDITY: 65.0 %RH
UnityEngine.Debug:ExtractStackTraceNoAlloc (byte*,int,string)
UnityEngine.StackTraceUtility:ExtractStackTrace ()
UnityEngine.DebugLogHandler:Internal_Log (UnityEngine.LogType,UnityEngine.LogOption,string,UnityEngine.Object)
UnityEngine.DebugLogHandler:LogFormat (UnityEngine.LogType,UnityEngine.Object,string,object[])
UnityEngine.Logger:Log (UnityEngine.LogType,object,UnityEngine.Object)
UnityEngine.Debug:Log (object,UnityEngine.Object)
DMT321.JsonDataTwin.TelemetryReceiver:ReceiveJson (string) (at Assets/DMT321/JsonDataTwin/Scripts/TelemetryReceiver.cs:418)
DMT321.JsonDataTwin.TextAssetTelemetrySource:SendFile (UnityEngine.TextAsset) (at Assets/DMT321/JsonDataTwin/Scripts/TextAssetTelemetrySource.cs:88)
DMT321.JsonDataTwin.TextAssetTelemetrySource:LoadNormalJson () (at Assets/DMT321/JsonDataTwin/Scripts/TextAssetTelemetrySource.cs:46)
UnityEngine.Events.InvokableCall:Invoke ()
UnityEngine.Events.UnityEvent:Invoke ()
UnityEngine.UI.Button:Press () (at ./Library/PackageCache/com.unity.ugui@377fd60ad87b/Runtime/UGUI/UI/Core/Button.cs:71)
UnityEngine.UI.Button:OnPointerClick (UnityEngine.EventSystems.PointerEventData) (at ./Library/PackageCache/com.unity.ugui@377fd60ad87b/Runtime/UGUI/UI/Core/Button.cs:115)
UnityEngine.EventSystems.ExecuteEvents:Execute (UnityEngine.EventSystems.IPointerClickHandler,UnityEngine.EventSystems.BaseEventData) (at ./Library/PackageCache/com.unity.ugui@377fd60ad87b/Runtime/UGUI/EventSystem/ExecuteEvents.cs:57)
UnityEngine.EventSystems.ExecuteEvents:Execute<UnityEngine.EventSystems.IPointerClickHandler> (UnityEngine.GameObject,UnityEngine.EventSystems.BaseEventData,UnityEngine.EventSystems.ExecuteEvents/EventFunction`1<UnityEngine.EventSystems.IPointerClickHandler>) (at ./Library/PackageCache/com.unity.ugui@377fd60ad87b/Runtime/UGUI/EventSystem/ExecuteEvents.cs:272)
UnityEngine.EventSystems.StandaloneInputModule:ReleaseMouse (UnityEngine.EventSystems.PointerEventData,UnityEngine.GameObject) (at ./Library/PackageCache/com.unity.ugui@377fd60ad87b/Runtime/UGUI/EventSystem/InputModules/StandaloneInputModule.cs:216)
UnityEngine.EventSystems.StandaloneInputModule:ProcessMousePress (UnityEngine.EventSystems.PointerInputModule/MouseButtonEventData) (at ./Library/PackageCache/com.unity.ugui@377fd60ad87b/Runtime/UGUI/EventSystem/InputModules/StandaloneInputModule.cs:678)
UnityEngine.EventSystems.StandaloneInputModule:ProcessMouseEvent (int) (at ./Library/PackageCache/com.unity.ugui@377fd60ad87b/Runtime/UGUI/EventSystem/InputModules/StandaloneInputModule.cs:578)
UnityEngine.EventSystems.StandaloneInputModule:ProcessMouseEvent () (at ./Library/PackageCache/com.unity.ugui@377fd60ad87b/Runtime/UGUI/EventSystem/InputModules/StandaloneInputModule.cs:558)
UnityEngine.EventSystems.StandaloneInputModule:Process () (at ./Library/PackageCache/com.unity.ugui@377fd60ad87b/Runtime/UGUI/EventSystem/InputModules/StandaloneInputModule.cs:306)
UnityEngine.EventSystems.EventSystem:Update () (at ./Library/PackageCache/com.unity.ugui@377fd60ad87b/Runtime/UGUI/EventSystem/EventSystem.cs:516)

(Filename: Assets/DMT321/JsonDataTwin/Scripts/TelemetryReceiver.cs Line: 418)

Telemetry accepted: GH-01 / TEMP: 35.0 C / HUMIDITY: 80.0 %RH
UnityEngine.Debug:ExtractStackTraceNoAlloc (byte*,int,string)
UnityEngine.StackTraceUtility:ExtractStackTrace ()
UnityEngine.DebugLogHandler:Internal_Log (UnityEngine.LogType,UnityEngine.LogOption,string,UnityEngine.Object)
UnityEngine.DebugLogHandler:LogFormat (UnityEngine.LogType,UnityEngine.Object,string,object[])
UnityEngine.Logger:Log (UnityEngine.LogType,object,UnityEngine.Object)
UnityEngine.Debug:Log (object,UnityEngine.Object)
DMT321.JsonDataTwin.TelemetryReceiver:ReceiveJson (string) (at Assets/DMT321/JsonDataTwin/Scripts/TelemetryReceiver.cs:418)
DMT321.JsonDataTwin.TextAssetTelemetrySource:SendFile (UnityEngine.TextAsset) (at Assets/DMT321/JsonDataTwin/Scripts/TextAssetTelemetrySource.cs:88)
DMT321.JsonDataTwin.TextAssetTelemetrySource:LoadHotJson () (at Assets/DMT321/JsonDataTwin/Scripts/TextAssetTelemetrySource.cs:51)
UnityEngine.Events.InvokableCall:Invoke ()
UnityEngine.Events.UnityEvent:Invoke ()
UnityEngine.UI.Button:Press () (at ./Library/PackageCache/com.unity.ugui@377fd60ad87b/Runtime/UGUI/UI/Core/Button.cs:71)
UnityEngine.UI.Button:OnPointerClick (UnityEngine.EventSystems.PointerEventData) (at ./Library/PackageCache/com.unity.ugui@377fd60ad87b/Runtime/UGUI/UI/Core/Button.cs:115)
UnityEngine.EventSystems.ExecuteEvents:Execute (UnityEngine.EventSystems.IPointerClickHandler,UnityEngine.EventSystems.BaseEventData) (at ./Library/PackageCache/com.unity.ugui@377fd60ad87b/Runtime/UGUI/EventSystem/ExecuteEvents.cs:57)
UnityEngine.EventSystems.ExecuteEvents:Execute<UnityEngine.EventSystems.IPointerClickHandler> (UnityEngine.GameObject,UnityEngine.EventSystems.BaseEventData,UnityEngine.EventSystems.ExecuteEvents/EventFunction`1<UnityEngine.EventSystems.IPointerClickHandler>) (at ./Library/PackageCache/com.unity.ugui@377fd60ad87b/Runtime/UGUI/EventSystem/ExecuteEvents.cs:272)
UnityEngine.EventSystems.StandaloneInputModule:ReleaseMouse (UnityEngine.EventSystems.PointerEventData,UnityEngine.GameObject) (at ./Library/PackageCache/com.unity.ugui@377fd60ad87b/Runtime/UGUI/EventSystem/InputModules/StandaloneInputModule.cs:216)
UnityEngine.EventSystems.StandaloneInputModule:ProcessMousePress (UnityEngine.EventSystems.PointerInputModule/MouseButtonEventData) (at ./Library/PackageCache/com.unity.ugui@377fd60ad87b/Runtime/UGUI/EventSystem/InputModules/StandaloneInputModule.cs:678)
UnityEngine.EventSystems.StandaloneInputModule:ProcessMouseEvent (int) (at ./Library/PackageCache/com.unity.ugui@377fd60ad87b/Runtime/UGUI/EventSystem/InputModules/StandaloneInputModule.cs:578)
UnityEngine.EventSystems.StandaloneInputModule:ProcessMouseEvent () (at ./Library/PackageCache/com.unity.ugui@377fd60ad87b/Runtime/UGUI/EventSystem/InputModules/StandaloneInputModule.cs:558)
UnityEngine.EventSystems.StandaloneInputModule:Process () (at ./Library/PackageCache/com.unity.ugui@377fd60ad87b/Runtime/UGUI/EventSystem/InputModules/StandaloneInputModule.cs:306)
UnityEngine.EventSystems.EventSystem:Update () (at ./Library/PackageCache/com.unity.ugui@377fd60ad87b/Runtime/UGUI/EventSystem/EventSystem.cs:516)

(Filename: Assets/DMT321/JsonDataTwin/Scripts/TelemetryReceiver.cs Line: 418)

Telemetry accepted: GH-01 / TEMP: 18.0 C / HUMIDITY: 50.0 %RH
UnityEngine.Debug:ExtractStackTraceNoAlloc (byte*,int,string)
UnityEngine.StackTraceUtility:ExtractStackTrace ()
UnityEngine.DebugLogHandler:Internal_Log (UnityEngine.LogType,UnityEngine.LogOption,string,UnityEngine.Object)
UnityEngine.DebugLogHandler:LogFormat (UnityEngine.LogType,UnityEngine.Object,string,object[])
UnityEngine.Logger:Log (UnityEngine.LogType,object,UnityEngine.Object)
UnityEngine.Debug:Log (object,UnityEngine.Object)
DMT321.JsonDataTwin.TelemetryReceiver:ReceiveJson (string) (at Assets/DMT321/JsonDataTwin/Scripts/TelemetryReceiver.cs:418)
DMT321.JsonDataTwin.TextAssetTelemetrySource:SendFile (UnityEngine.TextAsset) (at Assets/DMT321/JsonDataTwin/Scripts/TextAssetTelemetrySource.cs:88)
DMT321.JsonDataTwin.TextAssetTelemetrySource:LoadColdJson () (at Assets/DMT321/JsonDataTwin/Scripts/TextAssetTelemetrySource.cs:41)
UnityEngine.Events.InvokableCall:Invoke ()
UnityEngine.Events.UnityEvent:Invoke ()
UnityEngine.UI.Button:Press () (at ./Library/PackageCache/com.unity.ugui@377fd60ad87b/Runtime/UGUI/UI/Core/Button.cs:71)
UnityEngine.UI.Button:OnPointerClick (UnityEngine.EventSystems.PointerEventData) (at ./Library/PackageCache/com.unity.ugui@377fd60ad87b/Runtime/UGUI/UI/Core/Button.cs:115)
UnityEngine.EventSystems.ExecuteEvents:Execute (UnityEngine.EventSystems.IPointerClickHandler,UnityEngine.EventSystems.BaseEventData) (at ./Library/PackageCache/com.unity.ugui@377fd60ad87b/Runtime/UGUI/EventSystem/ExecuteEvents.cs:57)
UnityEngine.EventSystems.ExecuteEvents:Execute<UnityEngine.EventSystems.IPointerClickHandler> (UnityEngine.GameObject,UnityEngine.EventSystems.BaseEventData,UnityEngine.EventSystems.ExecuteEvents/EventFunction`1<UnityEngine.EventSystems.IPointerClickHandler>) (at ./Library/PackageCache/com.unity.ugui@377fd60ad87b/Runtime/UGUI/EventSystem/ExecuteEvents.cs:272)
UnityEngine.EventSystems.StandaloneInputModule:ReleaseMouse (UnityEngine.EventSystems.PointerEventData,UnityEngine.GameObject) (at ./Library/PackageCache/com.unity.ugui@377fd60ad87b/Runtime/UGUI/EventSystem/InputModules/StandaloneInputModule.cs:216)
UnityEngine.EventSystems.StandaloneInputModule:ProcessMousePress (UnityEngine.EventSystems.PointerInputModule/MouseButtonEventData) (at ./Library/PackageCache/com.unity.ugui@377fd60ad87b/Runtime/UGUI/EventSystem/InputModules/StandaloneInputModule.cs:678)
UnityEngine.EventSystems.StandaloneInputModule:ProcessMouseEvent (int) (at ./Library/PackageCache/com.unity.ugui@377fd60ad87b/Runtime/UGUI/EventSystem/InputModules/StandaloneInputModule.cs:578)
UnityEngine.EventSystems.StandaloneInputModule:ProcessMouseEvent () (at ./Library/PackageCache/com.unity.ugui@377fd60ad87b/Runtime/UGUI/EventSystem/InputModules/StandaloneInputModule.cs:558)
UnityEngine.EventSystems.StandaloneInputModule:Process () (at ./Library/PackageCache/com.unity.ugui@377fd60ad87b/Runtime/UGUI/EventSystem/InputModules/StandaloneInputModule.cs:306)
UnityEngine.EventSystems.EventSystem:Update () (at ./Library/PackageCache/com.unity.ugui@377fd60ad87b/Runtime/UGUI/EventSystem/EventSystem.cs:516)

(Filename: Assets/DMT321/JsonDataTwin/Scripts/TelemetryReceiver.cs Line: 418)

Asset Pipeline Refresh (id=add8a37190000424d8034f2595da0c4b): Total: 0.007 seconds - Initiated by RefreshV2(NoUpdateAssetOptions)
Asset Pipeline Refresh (id=a641cd8443a7b6746a205055a81e9871): Total: 0.006 seconds - Initiated by RefreshV2(NoUpdateAssetOptions)
Telemetry accepted: GH-01 / TEMP: 18.0 C / HUMIDITY: 50.0 %RH
UnityEngine.Debug:ExtractStackTraceNoAlloc (byte*,int,string)
UnityEngine.StackTraceUtility:ExtractStackTrace ()
UnityEngine.DebugLogHandler:Internal_Log (UnityEngine.LogType,UnityEngine.LogOption,string,UnityEngine.Object)
UnityEngine.DebugLogHandler:LogFormat (UnityEngine.LogType,UnityEngine.Object,string,object[])
UnityEngine.Logger:Log (UnityEngine.LogType,object,UnityEngine.Object)
UnityEngine.Debug:Log (object,UnityEngine.Object)
DMT321.JsonDataTwin.TelemetryReceiver:ReceiveJson (string) (at Assets/DMT321/JsonDataTwin/Scripts/TelemetryReceiver.cs:418)
DMT321.JsonDataTwin.TextAssetTelemetrySource:SendFile (UnityEngine.TextAsset) (at Assets/DMT321/JsonDataTwin/Scripts/TextAssetTelemetrySource.cs:88)
DMT321.JsonDataTwin.TextAssetTelemetrySource:LoadColdJson () (at Assets/DMT321/JsonDataTwin/Scripts/TextAssetTelemetrySource.cs:41)
UnityEngine.Events.InvokableCall:Invoke ()
UnityEngine.Events.UnityEvent:Invoke ()
UnityEngine.UI.Button:Press () (at ./Library/PackageCache/com.unity.ugui@377fd60ad87b/Runtime/UGUI/UI/Core/Button.cs:71)
UnityEngine.UI.Button:OnPointerClick (UnityEngine.EventSystems.PointerEventData) (at ./Library/PackageCache/com.unity.ugui@377fd60ad87b/Runtime/UGUI/UI/Core/Button.cs:115)
UnityEngine.EventSystems.ExecuteEvents:Execute (UnityEngine.EventSystems.IPointerClickHandler,UnityEngine.EventSystems.BaseEventData) (at ./Library/PackageCache/com.unity.ugui@377fd60ad87b/Runtime/UGUI/EventSystem/ExecuteEvents.cs:57)
UnityEngine.EventSystems.ExecuteEvents:Execute<UnityEngine.EventSystems.IPointerClickHandler> (UnityEngine.GameObject,UnityEngine.EventSystems.BaseEventData,UnityEngine.EventSystems.ExecuteEvents/EventFunction`1<UnityEngine.EventSystems.IPointerClickHandler>) (at ./Library/PackageCache/com.unity.ugui@377fd60ad87b/Runtime/UGUI/EventSystem/ExecuteEvents.cs:272)
UnityEngine.EventSystems.StandaloneInputModule:ReleaseMouse (UnityEngine.EventSystems.PointerEventData,UnityEngine.GameObject) (at ./Library/PackageCache/com.unity.ugui@377fd60ad87b/Runtime/UGUI/EventSystem/InputModules/StandaloneInputModule.cs:216)
UnityEngine.EventSystems.StandaloneInputModule:ProcessMousePress (UnityEngine.EventSystems.PointerInputModule/MouseButtonEventData) (at ./Library/PackageCache/com.unity.ugui@377fd60ad87b/Runtime/UGUI/EventSystem/InputModules/StandaloneInputModule.cs:678)
UnityEngine.EventSystems.StandaloneInputModule:ProcessMouseEvent (int) (at ./Library/PackageCache/com.unity.ugui@377fd60ad87b/Runtime/UGUI/EventSystem/InputModules/StandaloneInputModule.cs:578)
UnityEngine.EventSystems.StandaloneInputModule:ProcessMouseEvent () (at ./Library/PackageCache/com.unity.ugui@377fd60ad87b/Runtime/UGUI/EventSystem/InputModules/StandaloneInputModule.cs:558)
UnityEngine.EventSystems.StandaloneInputModule:Process () (at ./Library/PackageCache/com.unity.ugui@377fd60ad87b/Runtime/UGUI/EventSystem/InputModules/StandaloneInputModule.cs:306)
UnityEngine.EventSystems.EventSystem:Update () (at ./Library/PackageCache/com.unity.ugui@377fd60ad87b/Runtime/UGUI/EventSystem/EventSystem.cs:516)

(Filename: Assets/DMT321/JsonDataTwin/Scripts/TelemetryReceiver.cs Line: 418)

Asset Pipeline Refresh (id=e15fa30cf8f07cb41ac0593e4efc640c): Total: 0.006 seconds - Initiated by RefreshV2(NoUpdateAssetOptions)
Unloading 0 Unused Serialized files (Serialized files now loaded: 0)
Loaded scene 'Temp/__Backupscenes/0.backup'
	Deserialize:            10.241 ms
	Integration:            65.638 ms
	Integration of assets:  0.019 ms
	Thread Wait Time:       0.004 ms
	Total Operation Time:   75.902 ms
Unloading 293 unused Assets / (18.1 MB). Loaded Objects now: 2715.
Memory consumption went from 414.3 MB to 396.3 MB.
Total: 131.967700 ms (FindLiveObjects: 0.580000 ms CreateObjectMapping: 0.314100 ms MarkObjects: 33.625200 ms  DeleteObjects: 97.434600 ms)

[Licensing::Client] Successfully resolved entitlement details
[Licensing::Module] License group:
  Id: F4-V2HH-7T9E-WBHF-A6SK-XXXX
  Product: Unity Personal
  Type: ULF
  Expiration: 2026-09-29T13:59:33Z
[Licensing::Module] License group:
  Id: 18968482900132-UnityPersXXXX
  Product: Unity Personal
  Type: Assigned
  Expiration: Unlimited
Reloading assemblies for play mode.
Reloading assemblies after forced synchronous recompile.
Begin MonoManager ReloadAssembly
Native extension for WindowsStandalone target not found
ScheduleIndexationOnStartup MainProcess:True IndexOnStartup:True
[MODES] ModeService[none].Initialize
[MODES] ModeService[none].LoadModes
Mono: successfully reloaded assembly
- Finished resetting the current domain, in  3.189 seconds
Domain Reload Profiling: 4743ms
	BeginReloadAssembly (1048ms)
		DisableScriptedObjects (216ms)
		CreateAndSetChildDomain (310ms)
	RebuildCommonClasses (29ms)
	RebuildNativeTypeToScriptingClass (38ms)
	initialDomainReloadingComplete (130ms)
	LoadAllAssembliesAndSetupDomain (308ms)
		LoadAssemblies (285ms)
		AnalyzeDomain (62ms)
			TypeCache.Refresh (51ms)
			ResolveRequiredComponents (6ms)
	FinalizeReload (3191ms)
		SetupLoadedEditorAssemblies (0ms)
			InitializePlatformSupportModulesInManaged (4ms)
			BeforeProcessingInitializeOnLoad (230ms)
			ProcessInitializeOnLoadAttributes (181ms)
			ProcessInitializeOnLoadMethodAttributes (160ms)
			AfterProcessingInitializeOnLoad (13ms)
		AwakeInstancesAfterBackupRestoration (1521ms)

Asset Pipeline Refresh (id=6103df17256f4894d9c7a29dc4fc036d): Total: 5.073 seconds - Initiated by StopAssetImportingV2(ForceSynchronousImport | ForceDomainReload)
	(Values over 0.05ms)
	Summary:
		Imports: total=0 (actual=0, local cache=0, cache server=0)
		Asset DB Process Time: managed=0 ms, native=3281 ms
		Asset DB Callback time: managed=42 ms, native=1 ms
		Scripting: domain reloads=1, domain reload time=1740 ms, compile time=6 ms, other=0 ms
		Project Asset Count: scripts=139, non-scripts=105
		Asset File Changes: new=0, changed=0, moved=0, deleted=0
		Scan Filter Count: 0
	InvokePackagesCallback: 4.610ms
	ApplyChangesToAssetFolders: 0.198ms
	Collect global state as custom dependencies: 0.253ms
	ProcessAssetsWithTransientArtifactChanges: 0.072ms
	CategorizeAssets: 3.066ms
	CompileScripts: 6.046ms
	ImportOutOfDateAssets: 3198.186ms (3193.540ms without children)
		ReloadNativeAssets: 0.740ms
		UnloadImportedAssets: 0.582ms
		EnsureUptoDateAssetsAreRegisteredWithGuidPM: 0.115ms
		ImportSchedulerStart: 3.203ms
	PostProcessAllAssets: 42.344ms
		MonoPostProcessAllAssets: 42.334ms
			BuilderAssetPostprocessor.OnPostprocessAllAssets 21.952ms
			WindowAssetPostprocessingWatcher.OnPostprocessAllAssets 16.796ms
			AssetPostprocessor.OnPostprocessAllAssets 15.663ms
			AssetChangedListener.OnPostprocessAllAssets 6.243ms
			RetainedModeAssetPostprocessor.OnPostprocessAllAssets 3.912ms
			SyncVS.PostprocessSyncProject 3.397ms
			TextAssetPostProcessor.OnPostprocessAllAssets 3.382ms
			SpeedTree9Postprocessor.OnPostprocessAllAssets 2.618ms
			ArtifactBrowserPostProcessor.OnPostprocessAllAssets 1.558ms
			AudioMixerPostprocessor.OnPostprocessAllAssets 0.976ms
			ReferencedClipsPostProcessor.OnPostprocessAllAssets 0.693ms
			StyleCatalogPostProcessor.OnPostprocessAllAssets 0.654ms
			TMPro_TexturePostProcessor.OnPostprocessAllAssets 0.636ms
			AssetEvents.OnPostprocessAllAssets 0.600ms
			EditModeScopePostprocessor.OnPostprocessAllAssets 0.546ms
			SpeedTreePostProcessor.OnPostprocessAllAssets 0.422ms
			AssetDatabaseCallbacks.OnPostprocessAllAssets 0.369ms
			TerrainToolbarOverlayPostProcessor.OnPostprocessAllAssets 0.362ms
			ScenarioDriftAssetsTracker.OnPostprocessAllAssets 0.328ms
			ConfigAssetsTracker.OnPostprocessAllAssets 0.304ms
			AudioContainerPostProcessor.OnPostprocessAllAssets 0.234ms
			RenderPipelineGlobalSettingsPostprocessor.OnPostprocessAllAssets 0.201ms
	GenerateScriptTypeHashes: 0.695ms
	GenerateScriptTypeSerializationHashes: 1.370ms
	Untracked: 1805.844ms

Loaded scene 'Temp/__Backupscenes/0.backup'
	Deserialize:            10.185 ms
	Integration:            93.876 ms
	Integration of assets:  0.017 ms
	Thread Wait Time:       0.002 ms
	Total Operation Time:   104.080 ms
BoxCollider does not support negative scale or size.
The effective box size has been forced positive and is likely to give unexpected collision geometry.
If you absolutely need to use negative scaling you can use the convex MeshCollider. Scene hierarchy path "World/GreenHouse/floorDoorWay"
BoxCollider does not support negative scale or size.
The effective box size has been forced positive and is likely to give unexpected collision geometry.
If you absolutely need to use negative scaling you can use the convex MeshCollider. Scene hierarchy path "World/GreenHouse/floor"
BoxCollider does not support negative scale or size.
The effective box size has been forced positive and is likely to give unexpected collision geometry.
If you absolutely need to use negative scaling you can use the convex MeshCollider. Scene hierarchy path "World/GreenHouse/Groud"
[Licensing::Client] Successfully resolved entitlement details
Asset Pipeline Refresh (id=2031009c114adee4781e5876719be37a): Total: 0.010 seconds - Initiated by RefreshV2(NoUpdateAssetOptions)
Asset Pipeline Refresh (id=5ebdd3465320cf547979fd66d395f24b): Total: 0.007 seconds - Initiated by RefreshV2(NoUpdateAssetOptions)
Asset Pipeline Refresh (id=a8665fab694e6f049b8539a4aedaf66b): Total: 0.007 seconds - Initiated by RefreshV2(NoUpdateAssetOptions)
Telemetry accepted: GH-01 / TEMP: 18.0 C / HUMIDITY: 50.0 %RH
UnityEngine.Debug:ExtractStackTraceNoAlloc (byte*,int,string)
UnityEngine.StackTraceUtility:ExtractStackTrace ()
UnityEngine.DebugLogHandler:Internal_Log (UnityEngine.LogType,UnityEngine.LogOption,string,UnityEngine.Object)
UnityEngine.DebugLogHandler:LogFormat (UnityEngine.LogType,UnityEngine.Object,string,object[])
UnityEngine.Logger:Log (UnityEngine.LogType,object,UnityEngine.Object)
UnityEngine.Debug:Log (object,UnityEngine.Object)
DMT321.JsonDataTwin.TelemetryReceiver:ReceiveJson (string) (at Assets/DMT321/JsonDataTwin/Scripts/TelemetryReceiver.cs:418)
DMT321.JsonDataTwin.TextAssetTelemetrySource:SendFile (UnityEngine.TextAsset) (at Assets/DMT321/JsonDataTwin/Scripts/TextAssetTelemetrySource.cs:88)
DMT321.JsonDataTwin.TextAssetTelemetrySource:LoadColdJson () (at Assets/DMT321/JsonDataTwin/Scripts/TextAssetTelemetrySource.cs:41)
UnityEngine.Events.InvokableCall:Invoke ()
UnityEngine.Events.UnityEvent:Invoke ()
UnityEngine.UI.Button:Press () (at ./Library/PackageCache/com.unity.ugui@377fd60ad87b/Runtime/UGUI/UI/Core/Button.cs:71)
UnityEngine.UI.Button:OnPointerClick (UnityEngine.EventSystems.PointerEventData) (at ./Library/PackageCache/com.unity.ugui@377fd60ad87b/Runtime/UGUI/UI/Core/Button.cs:115)
UnityEngine.EventSystems.ExecuteEvents:Execute (UnityEngine.EventSystems.IPointerClickHandler,UnityEngine.EventSystems.BaseEventData) (at ./Library/PackageCache/com.unity.ugui@377fd60ad87b/Runtime/UGUI/EventSystem/ExecuteEvents.cs:57)
UnityEngine.EventSystems.ExecuteEvents:Execute<UnityEngine.EventSystems.IPointerClickHandler> (UnityEngine.GameObject,UnityEngine.EventSystems.BaseEventData,UnityEngine.EventSystems.ExecuteEvents/EventFunction`1<UnityEngine.EventSystems.IPointerClickHandler>) (at ./Library/PackageCache/com.unity.ugui@377fd60ad87b/Runtime/UGUI/EventSystem/ExecuteEvents.cs:272)
UnityEngine.EventSystems.StandaloneInputModule:ReleaseMouse (UnityEngine.EventSystems.PointerEventData,UnityEngine.GameObject) (at ./Library/PackageCache/com.unity.ugui@377fd60ad87b/Runtime/UGUI/EventSystem/InputModules/StandaloneInputModule.cs:216)
UnityEngine.EventSystems.StandaloneInputModule:ProcessMousePress (UnityEngine.EventSystems.PointerInputModule/MouseButtonEventData) (at ./Library/PackageCache/com.unity.ugui@377fd60ad87b/Runtime/UGUI/EventSystem/InputModules/StandaloneInputModule.cs:678)
UnityEngine.EventSystems.StandaloneInputModule:ProcessMouseEvent (int) (at ./Library/PackageCache/com.unity.ugui@377fd60ad87b/Runtime/UGUI/EventSystem/InputModules/StandaloneInputModule.cs:578)
UnityEngine.EventSystems.StandaloneInputModule:ProcessMouseEvent () (at ./Library/PackageCache/com.unity.ugui@377fd60ad87b/Runtime/UGUI/EventSystem/InputModules/StandaloneInputModule.cs:558)
UnityEngine.EventSystems.StandaloneInputModule:Process () (at ./Library/PackageCache/com.unity.ugui@377fd60ad87b/Runtime/UGUI/EventSystem/InputModules/StandaloneInputModule.cs:306)
UnityEngine.EventSystems.EventSystem:Update () (at ./Library/PackageCache/com.unity.ugui@377fd60ad87b/Runtime/UGUI/EventSystem/EventSystem.cs:516)

(Filename: Assets/DMT321/JsonDataTwin/Scripts/TelemetryReceiver.cs Line: 418)

Telemetry accepted: GH-01 / TEMP: 25.0 C / HUMIDITY: 65.0 %RH
UnityEngine.Debug:ExtractStackTraceNoAlloc (byte*,int,string)
UnityEngine.StackTraceUtility:ExtractStackTrace ()
UnityEngine.DebugLogHandler:Internal_Log (UnityEngine.LogType,UnityEngine.LogOption,string,UnityEngine.Object)
UnityEngine.DebugLogHandler:LogFormat (UnityEngine.LogType,UnityEngine.Object,string,object[])
UnityEngine.Logger:Log (UnityEngine.LogType,object,UnityEngine.Object)
UnityEngine.Debug:Log (object,UnityEngine.Object)
DMT321.JsonDataTwin.TelemetryReceiver:ReceiveJson (string) (at Assets/DMT321/JsonDataTwin/Scripts/TelemetryReceiver.cs:418)
DMT321.JsonDataTwin.TextAssetTelemetrySource:SendFile (UnityEngine.TextAsset) (at Assets/DMT321/JsonDataTwin/Scripts/TextAssetTelemetrySource.cs:88)
DMT321.JsonDataTwin.TextAssetTelemetrySource:LoadNormalJson () (at Assets/DMT321/JsonDataTwin/Scripts/TextAssetTelemetrySource.cs:46)
UnityEngine.Events.InvokableCall:Invoke ()
UnityEngine.Events.UnityEvent:Invoke ()
UnityEngine.UI.Button:Press () (at ./Library/PackageCache/com.unity.ugui@377fd60ad87b/Runtime/UGUI/UI/Core/Button.cs:71)
UnityEngine.UI.Button:OnPointerClick (UnityEngine.EventSystems.PointerEventData) (at ./Library/PackageCache/com.unity.ugui@377fd60ad87b/Runtime/UGUI/UI/Core/Button.cs:115)
UnityEngine.EventSystems.ExecuteEvents:Execute (UnityEngine.EventSystems.IPointerClickHandler,UnityEngine.EventSystems.BaseEventData) (at ./Library/PackageCache/com.unity.ugui@377fd60ad87b/Runtime/UGUI/EventSystem/ExecuteEvents.cs:57)
UnityEngine.EventSystems.ExecuteEvents:Execute<UnityEngine.EventSystems.IPointerClickHandler> (UnityEngine.GameObject,UnityEngine.EventSystems.BaseEventData,UnityEngine.EventSystems.ExecuteEvents/EventFunction`1<UnityEngine.EventSystems.IPointerClickHandler>) (at ./Library/PackageCache/com.unity.ugui@377fd60ad87b/Runtime/UGUI/EventSystem/ExecuteEvents.cs:272)
UnityEngine.EventSystems.StandaloneInputModule:ReleaseMouse (UnityEngine.EventSystems.PointerEventData,UnityEngine.GameObject) (at ./Library/PackageCache/com.unity.ugui@377fd60ad87b/Runtime/UGUI/EventSystem/InputModules/StandaloneInputModule.cs:216)
UnityEngine.EventSystems.StandaloneInputModule:ProcessMousePress (UnityEngine.EventSystems.PointerInputModule/MouseButtonEventData) (at ./Library/PackageCache/com.unity.ugui@377fd60ad87b/Runtime/UGUI/EventSystem/InputModules/StandaloneInputModule.cs:678)
UnityEngine.EventSystems.StandaloneInputModule:ProcessMouseEvent (int) (at ./Library/PackageCache/com.unity.ugui@377fd60ad87b/Runtime/UGUI/EventSystem/InputModules/StandaloneInputModule.cs:578)
UnityEngine.EventSystems.StandaloneInputModule:ProcessMouseEvent () (at ./Library/PackageCache/com.unity.ugui@377fd60ad87b/Runtime/UGUI/EventSystem/InputModules/StandaloneInputModule.cs:558)
UnityEngine.EventSystems.StandaloneInputModule:Process () (at ./Library/PackageCache/com.unity.ugui@377fd60ad87b/Runtime/UGUI/EventSystem/InputModules/StandaloneInputModule.cs:306)
UnityEngine.EventSystems.EventSystem:Update () (at ./Library/PackageCache/com.unity.ugui@377fd60ad87b/Runtime/UGUI/EventSystem/EventSystem.cs:516)

(Filename: Assets/DMT321/JsonDataTwin/Scripts/TelemetryReceiver.cs Line: 418)

Telemetry accepted: GH-01 / TEMP: 35.0 C / HUMIDITY: 80.0 %RH
UnityEngine.Debug:ExtractStackTraceNoAlloc (byte*,int,string)
UnityEngine.StackTraceUtility:ExtractStackTrace ()
UnityEngine.DebugLogHandler:Internal_Log (UnityEngine.LogType,UnityEngine.LogOption,string,UnityEngine.Object)
UnityEngine.DebugLogHandler:LogFormat (UnityEngine.LogType,UnityEngine.Object,string,object[])
UnityEngine.Logger:Log (UnityEngine.LogType,object,UnityEngine.Object)
UnityEngine.Debug:Log (object,UnityEngine.Object)
DMT321.JsonDataTwin.TelemetryReceiver:ReceiveJson (string) (at Assets/DMT321/JsonDataTwin/Scripts/TelemetryReceiver.cs:418)
DMT321.JsonDataTwin.TextAssetTelemetrySource:SendFile (UnityEngine.TextAsset) (at Assets/DMT321/JsonDataTwin/Scripts/TextAssetTelemetrySource.cs:88)
DMT321.JsonDataTwin.TextAssetTelemetrySource:LoadHotJson () (at Assets/DMT321/JsonDataTwin/Scripts/TextAssetTelemetrySource.cs:51)
UnityEngine.Events.InvokableCall:Invoke ()
UnityEngine.Events.UnityEvent:Invoke ()
UnityEngine.UI.Button:Press () (at ./Library/PackageCache/com.unity.ugui@377fd60ad87b/Runtime/UGUI/UI/Core/Button.cs:71)
UnityEngine.UI.Button:OnPointerClick (UnityEngine.EventSystems.PointerEventData) (at ./Library/PackageCache/com.unity.ugui@377fd60ad87b/Runtime/UGUI/UI/Core/Button.cs:115)
UnityEngine.EventSystems.ExecuteEvents:Execute (UnityEngine.EventSystems.IPointerClickHandler,UnityEngine.EventSystems.BaseEventData) (at ./Library/PackageCache/com.unity.ugui@377fd60ad87b/Runtime/UGUI/EventSystem/ExecuteEvents.cs:57)
UnityEngine.EventSystems.ExecuteEvents:Execute<UnityEngine.EventSystems.IPointerClickHandler> (UnityEngine.GameObject,UnityEngine.EventSystems.BaseEventData,UnityEngine.EventSystems.ExecuteEvents/EventFunction`1<UnityEngine.EventSystems.IPointerClickHandler>) (at ./Library/PackageCache/com.unity.ugui@377fd60ad87b/Runtime/UGUI/EventSystem/ExecuteEvents.cs:272)
UnityEngine.EventSystems.StandaloneInputModule:ReleaseMouse (UnityEngine.EventSystems.PointerEventData,UnityEngine.GameObject) (at ./Library/PackageCache/com.unity.ugui@377fd60ad87b/Runtime/UGUI/EventSystem/InputModules/StandaloneInputModule.cs:216)
UnityEngine.EventSystems.StandaloneInputModule:ProcessMousePress (UnityEngine.EventSystems.PointerInputModule/MouseButtonEventData) (at ./Library/PackageCache/com.unity.ugui@377fd60ad87b/Runtime/UGUI/EventSystem/InputModules/StandaloneInputModule.cs:678)
UnityEngine.EventSystems.StandaloneInputModule:ProcessMouseEvent (int) (at ./Library/PackageCache/com.unity.ugui@377fd60ad87b/Runtime/UGUI/EventSystem/InputModules/StandaloneInputModule.cs:578)
UnityEngine.EventSystems.StandaloneInputModule:ProcessMouseEvent () (at ./Library/PackageCache/com.unity.ugui@377fd60ad87b/Runtime/UGUI/EventSystem/InputModules/StandaloneInputModule.cs:558)
UnityEngine.EventSystems.StandaloneInputModule:Process () (at ./Library/PackageCache/com.unity.ugui@377fd60ad87b/Runtime/UGUI/EventSystem/InputModules/StandaloneInputModule.cs:306)
UnityEngine.EventSystems.EventSystem:Update () (at ./Library/PackageCache/com.unity.ugui@377fd60ad87b/Runtime/UGUI/EventSystem/EventSystem.cs:516)

(Filename: Assets/DMT321/JsonDataTwin/Scripts/TelemetryReceiver.cs Line: 418)

Telemetry accepted: GH-01 / TEMP: 18.0 C / HUMIDITY: 50.0 %RH
UnityEngine.Debug:ExtractStackTraceNoAlloc (byte*,int,string)
UnityEngine.StackTraceUtility:ExtractStackTrace ()
UnityEngine.DebugLogHandler:Internal_Log (UnityEngine.LogType,UnityEngine.LogOption,string,UnityEngine.Object)
UnityEngine.DebugLogHandler:LogFormat (UnityEngine.LogType,UnityEngine.Object,string,object[])
UnityEngine.Logger:Log (UnityEngine.LogType,object,UnityEngine.Object)
UnityEngine.Debug:Log (object,UnityEngine.Object)
DMT321.JsonDataTwin.TelemetryReceiver:ReceiveJson (string) (at Assets/DMT321/JsonDataTwin/Scripts/TelemetryReceiver.cs:418)
DMT321.JsonDataTwin.TextAssetTelemetrySource:SendFile (UnityEngine.TextAsset) (at Assets/DMT321/JsonDataTwin/Scripts/TextAssetTelemetrySource.cs:88)
DMT321.JsonDataTwin.TextAssetTelemetrySource:LoadColdJson () (at Assets/DMT321/JsonDataTwin/Scripts/TextAssetTelemetrySource.cs:41)
UnityEngine.Events.InvokableCall:Invoke ()
UnityEngine.Events.UnityEvent:Invoke ()
UnityEngine.UI.Button:Press () (at ./Library/PackageCache/com.unity.ugui@377fd60ad87b/Runtime/UGUI/UI/Core/Button.cs:71)
UnityEngine.UI.Button:OnPointerClick (UnityEngine.EventSystems.PointerEventData) (at ./Library/PackageCache/com.unity.ugui@377fd60ad87b/Runtime/UGUI/UI/Core/Button.cs:115)
UnityEngine.EventSystems.ExecuteEvents:Execute (UnityEngine.EventSystems.IPointerClickHandler,UnityEngine.EventSystems.BaseEventData) (at ./Library/PackageCache/com.unity.ugui@377fd60ad87b/Runtime/UGUI/EventSystem/ExecuteEvents.cs:57)
UnityEngine.EventSystems.ExecuteEvents:Execute<UnityEngine.EventSystems.IPointerClickHandler> (UnityEngine.GameObject,UnityEngine.EventSystems.BaseEventData,UnityEngine.EventSystems.ExecuteEvents/EventFunction`1<UnityEngine.EventSystems.IPointerClickHandler>) (at ./Library/PackageCache/com.unity.ugui@377fd60ad87b/Runtime/UGUI/EventSystem/ExecuteEvents.cs:272)
UnityEngine.EventSystems.StandaloneInputModule:ReleaseMouse (UnityEngine.EventSystems.PointerEventData,UnityEngine.GameObject) (at ./Library/PackageCache/com.unity.ugui@377fd60ad87b/Runtime/UGUI/EventSystem/InputModules/StandaloneInputModule.cs:216)
UnityEngine.EventSystems.StandaloneInputModule:ProcessMousePress (UnityEngine.EventSystems.PointerInputModule/MouseButtonEventData) (at ./Library/PackageCache/com.unity.ugui@377fd60ad87b/Runtime/UGUI/EventSystem/InputModules/StandaloneInputModule.cs:678)
UnityEngine.EventSystems.StandaloneInputModule:ProcessMouseEvent (int) (at ./Library/PackageCache/com.unity.ugui@377fd60ad87b/Runtime/UGUI/EventSystem/InputModules/StandaloneInputModule.cs:578)
UnityEngine.EventSystems.StandaloneInputModule:ProcessMouseEvent () (at ./Library/PackageCache/com.unity.ugui@377fd60ad87b/Runtime/UGUI/EventSystem/InputModules/StandaloneInputModule.cs:558)
UnityEngine.EventSystems.StandaloneInputModule:Process () (at ./Library/PackageCache/com.unity.ugui@377fd60ad87b/Runtime/UGUI/EventSystem/InputModules/StandaloneInputModule.cs:306)
UnityEngine.EventSystems.EventSystem:Update () (at ./Library/PackageCache/com.unity.ugui@377fd60ad87b/Runtime/UGUI/EventSystem/EventSystem.cs:516)

(Filename: Assets/DMT321/JsonDataTwin/Scripts/TelemetryReceiver.cs Line: 418)

Telemetry accepted: GH-01 / TEMP: 25.0 C / HUMIDITY: 65.0 %RH
UnityEngine.Debug:ExtractStackTraceNoAlloc (byte*,int,string)
UnityEngine.StackTraceUtility:ExtractStackTrace ()
UnityEngine.DebugLogHandler:Internal_Log (UnityEngine.LogType,UnityEngine.LogOption,string,UnityEngine.Object)
UnityEngine.DebugLogHandler:LogFormat (UnityEngine.LogType,UnityEngine.Object,string,object[])
UnityEngine.Logger:Log (UnityEngine.LogType,object,UnityEngine.Object)
UnityEngine.Debug:Log (object,UnityEngine.Object)
DMT321.JsonDataTwin.TelemetryReceiver:ReceiveJson (string) (at Assets/DMT321/JsonDataTwin/Scripts/TelemetryReceiver.cs:418)
DMT321.JsonDataTwin.TextAssetTelemetrySource:SendFile (UnityEngine.TextAsset) (at Assets/DMT321/JsonDataTwin/Scripts/TextAssetTelemetrySource.cs:88)
DMT321.JsonDataTwin.TextAssetTelemetrySource:LoadNormalJson () (at Assets/DMT321/JsonDataTwin/Scripts/TextAssetTelemetrySource.cs:46)
UnityEngine.Events.InvokableCall:Invoke ()
UnityEngine.Events.UnityEvent:Invoke ()
UnityEngine.UI.Button:Press () (at ./Library/PackageCache/com.unity.ugui@377fd60ad87b/Runtime/UGUI/UI/Core/Button.cs:71)
UnityEngine.UI.Button:OnPointerClick (UnityEngine.EventSystems.PointerEventData) (at ./Library/PackageCache/com.unity.ugui@377fd60ad87b/Runtime/UGUI/UI/Core/Button.cs:115)
UnityEngine.EventSystems.ExecuteEvents:Execute (UnityEngine.EventSystems.IPointerClickHandler,UnityEngine.EventSystems.BaseEventData) (at ./Library/PackageCache/com.unity.ugui@377fd60ad87b/Runtime/UGUI/EventSystem/ExecuteEvents.cs:57)
UnityEngine.EventSystems.ExecuteEvents:Execute<UnityEngine.EventSystems.IPointerClickHandler> (UnityEngine.GameObject,UnityEngine.EventSystems.BaseEventData,UnityEngine.EventSystems.ExecuteEvents/EventFunction`1<UnityEngine.EventSystems.IPointerClickHandler>) (at ./Library/PackageCache/com.unity.ugui@377fd60ad87b/Runtime/UGUI/EventSystem/ExecuteEvents.cs:272)
UnityEngine.EventSystems.StandaloneInputModule:ReleaseMouse (UnityEngine.EventSystems.PointerEventData,UnityEngine.GameObject) (at ./Library/PackageCache/com.unity.ugui@377fd60ad87b/Runtime/UGUI/EventSystem/InputModules/StandaloneInputModule.cs:216)
UnityEngine.EventSystems.StandaloneInputModule:ProcessMousePress (UnityEngine.EventSystems.PointerInputModule/MouseButtonEventData) (at ./Library/PackageCache/com.unity.ugui@377fd60ad87b/Runtime/UGUI/EventSystem/InputModules/StandaloneInputModule.cs:678)
UnityEngine.EventSystems.StandaloneInputModule:ProcessMouseEvent (int) (at ./Library/PackageCache/com.unity.ugui@377fd60ad87b/Runtime/UGUI/EventSystem/InputModules/StandaloneInputModule.cs:578)
UnityEngine.EventSystems.StandaloneInputModule:ProcessMouseEvent () (at ./Library/PackageCache/com.unity.ugui@377fd60ad87b/Runtime/UGUI/EventSystem/InputModules/StandaloneInputModule.cs:558)
UnityEngine.EventSystems.StandaloneInputModule:Process () (at ./Library/PackageCache/com.unity.ugui@377fd60ad87b/Runtime/UGUI/EventSystem/InputModules/StandaloneInputModule.cs:306)
UnityEngine.EventSystems.EventSystem:Update () (at ./Library/PackageCache/com.unity.ugui@377fd60ad87b/Runtime/UGUI/EventSystem/EventSystem.cs:516)

(Filename: Assets/DMT321/JsonDataTwin/Scripts/TelemetryReceiver.cs Line: 418)

Telemetry accepted: GH-01 / TEMP: 18.0 C / HUMIDITY: 50.0 %RH
UnityEngine.Debug:ExtractStackTraceNoAlloc (byte*,int,string)
UnityEngine.StackTraceUtility:ExtractStackTrace ()
UnityEngine.DebugLogHandler:Internal_Log (UnityEngine.LogType,UnityEngine.LogOption,string,UnityEngine.Object)
UnityEngine.DebugLogHandler:LogFormat (UnityEngine.LogType,UnityEngine.Object,string,object[])
UnityEngine.Logger:Log (UnityEngine.LogType,object,UnityEngine.Object)
UnityEngine.Debug:Log (object,UnityEngine.Object)
DMT321.JsonDataTwin.TelemetryReceiver:ReceiveJson (string) (at Assets/DMT321/JsonDataTwin/Scripts/TelemetryReceiver.cs:418)
DMT321.JsonDataTwin.TextAssetTelemetrySource:SendFile (UnityEngine.TextAsset) (at Assets/DMT321/JsonDataTwin/Scripts/TextAssetTelemetrySource.cs:88)
DMT321.JsonDataTwin.TextAssetTelemetrySource:LoadColdJson () (at Assets/DMT321/JsonDataTwin/Scripts/TextAssetTelemetrySource.cs:41)
UnityEngine.Events.InvokableCall:Invoke ()
UnityEngine.Events.UnityEvent:Invoke ()
UnityEngine.UI.Button:Press () (at ./Library/PackageCache/com.unity.ugui@377fd60ad87b/Runtime/UGUI/UI/Core/Button.cs:71)
UnityEngine.UI.Button:OnPointerClick (UnityEngine.EventSystems.PointerEventData) (at ./Library/PackageCache/com.unity.ugui@377fd60ad87b/Runtime/UGUI/UI/Core/Button.cs:115)
UnityEngine.EventSystems.ExecuteEvents:Execute (UnityEngine.EventSystems.IPointerClickHandler,UnityEngine.EventSystems.BaseEventData) (at ./Library/PackageCache/com.unity.ugui@377fd60ad87b/Runtime/UGUI/EventSystem/ExecuteEvents.cs:57)
UnityEngine.EventSystems.ExecuteEvents:Execute<UnityEngine.EventSystems.IPointerClickHandler> (UnityEngine.GameObject,UnityEngine.EventSystems.BaseEventData,UnityEngine.EventSystems.ExecuteEvents/EventFunction`1<UnityEngine.EventSystems.IPointerClickHandler>) (at ./Library/PackageCache/com.unity.ugui@377fd60ad87b/Runtime/UGUI/EventSystem/ExecuteEvents.cs:272)
UnityEngine.EventSystems.StandaloneInputModule:ReleaseMouse (UnityEngine.EventSystems.PointerEventData,UnityEngine.GameObject) (at ./Library/PackageCache/com.unity.ugui@377fd60ad87b/Runtime/UGUI/EventSystem/InputModules/StandaloneInputModule.cs:216)
UnityEngine.EventSystems.StandaloneInputModule:ProcessMousePress (UnityEngine.EventSystems.PointerInputModule/MouseButtonEventData) (at ./Library/PackageCache/com.unity.ugui@377fd60ad87b/Runtime/UGUI/EventSystem/InputModules/StandaloneInputModule.cs:678)
UnityEngine.EventSystems.StandaloneInputModule:ProcessMouseEvent (int) (at ./Library/PackageCache/com.unity.ugui@377fd60ad87b/Runtime/UGUI/EventSystem/InputModules/StandaloneInputModule.cs:578)
UnityEngine.EventSystems.StandaloneInputModule:ProcessMouseEvent () (at ./Library/PackageCache/com.unity.ugui@377fd60ad87b/Runtime/UGUI/EventSystem/InputModules/StandaloneInputModule.cs:558)
UnityEngine.EventSystems.StandaloneInputModule:Process () (at ./Library/PackageCache/com.unity.ugui@377fd60ad87b/Runtime/UGUI/EventSystem/InputModules/StandaloneInputModule.cs:306)
UnityEngine.EventSystems.EventSystem:Update () (at ./Library/PackageCache/com.unity.ugui@377fd60ad87b/Runtime/UGUI/EventSystem/EventSystem.cs:516)

(Filename: Assets/DMT321/JsonDataTwin/Scripts/TelemetryReceiver.cs Line: 418)

Telemetry accepted: GH-01 / TEMP: 25.0 C / HUMIDITY: 65.0 %RH
UnityEngine.Debug:ExtractStackTraceNoAlloc (byte*,int,string)
UnityEngine.StackTraceUtility:ExtractStackTrace ()
UnityEngine.DebugLogHandler:Internal_Log (UnityEngine.LogType,UnityEngine.LogOption,string,UnityEngine.Object)
UnityEngine.DebugLogHandler:LogFormat (UnityEngine.LogType,UnityEngine.Object,string,object[])
UnityEngine.Logger:Log (UnityEngine.LogType,object,UnityEngine.Object)
UnityEngine.Debug:Log (object,UnityEngine.Object)
DMT321.JsonDataTwin.TelemetryReceiver:ReceiveJson (string) (at Assets/DMT321/JsonDataTwin/Scripts/TelemetryReceiver.cs:418)
DMT321.JsonDataTwin.TextAssetTelemetrySource:SendFile (UnityEngine.TextAsset) (at Assets/DMT321/JsonDataTwin/Scripts/TextAssetTelemetrySource.cs:88)
DMT321.JsonDataTwin.TextAssetTelemetrySource:LoadNormalJson () (at Assets/DMT321/JsonDataTwin/Scripts/TextAssetTelemetrySource.cs:46)
UnityEngine.Events.InvokableCall:Invoke ()
UnityEngine.Events.UnityEvent:Invoke ()
UnityEngine.UI.Button:Press () (at ./Library/PackageCache/com.unity.ugui@377fd60ad87b/Runtime/UGUI/UI/Core/Button.cs:71)
UnityEngine.UI.Button:OnPointerClick (UnityEngine.EventSystems.PointerEventData) (at ./Library/PackageCache/com.unity.ugui@377fd60ad87b/Runtime/UGUI/UI/Core/Button.cs:115)
UnityEngine.EventSystems.ExecuteEvents:Execute (UnityEngine.EventSystems.IPointerClickHandler,UnityEngine.EventSystems.BaseEventData) (at ./Library/PackageCache/com.unity.ugui@377fd60ad87b/Runtime/UGUI/EventSystem/ExecuteEvents.cs:57)
UnityEngine.EventSystems.ExecuteEvents:Execute<UnityEngine.EventSystems.IPointerClickHandler> (UnityEngine.GameObject,UnityEngine.EventSystems.BaseEventData,UnityEngine.EventSystems.ExecuteEvents/EventFunction`1<UnityEngine.EventSystems.IPointerClickHandler>) (at ./Library/PackageCache/com.unity.ugui@377fd60ad87b/Runtime/UGUI/EventSystem/ExecuteEvents.cs:272)
UnityEngine.EventSystems.StandaloneInputModule:ReleaseMouse (UnityEngine.EventSystems.PointerEventData,UnityEngine.GameObject) (at ./Library/PackageCache/com.unity.ugui@377fd60ad87b/Runtime/UGUI/EventSystem/InputModules/StandaloneInputModule.cs:216)
UnityEngine.EventSystems.StandaloneInputModule:ProcessMousePress (UnityEngine.EventSystems.PointerInputModule/MouseButtonEventData) (at ./Library/PackageCache/com.unity.ugui@377fd60ad87b/Runtime/UGUI/EventSystem/InputModules/StandaloneInputModule.cs:678)
UnityEngine.EventSystems.StandaloneInputModule:ProcessMouseEvent (int) (at ./Library/PackageCache/com.unity.ugui@377fd60ad87b/Runtime/UGUI/EventSystem/InputModules/StandaloneInputModule.cs:578)
UnityEngine.EventSystems.StandaloneInputModule:ProcessMouseEvent () (at ./Library/PackageCache/com.unity.ugui@377fd60ad87b/Runtime/UGUI/EventSystem/InputModules/StandaloneInputModule.cs:558)
UnityEngine.EventSystems.StandaloneInputModule:Process () (at ./Library/PackageCache/com.unity.ugui@377fd60ad87b/Runtime/UGUI/EventSystem/InputModules/StandaloneInputModule.cs:306)
UnityEngine.EventSystems.EventSystem:Update () (at ./Library/PackageCache/com.unity.ugui@377fd60ad87b/Runtime/UGUI/EventSystem/EventSystem.cs:516)

(Filename: Assets/DMT321/JsonDataTwin/Scripts/TelemetryReceiver.cs Line: 418)

Telemetry accepted: GH-01 / TEMP: 35.0 C / HUMIDITY: 80.0 %RH
UnityEngine.Debug:ExtractStackTraceNoAlloc (byte*,int,string)
UnityEngine.StackTraceUtility:ExtractStackTrace ()
UnityEngine.DebugLogHandler:Internal_Log (UnityEngine.LogType,UnityEngine.LogOption,string,UnityEngine.Object)
UnityEngine.DebugLogHandler:LogFormat (UnityEngine.LogType,UnityEngine.Object,string,object[])
UnityEngine.Logger:Log (UnityEngine.LogType,object,UnityEngine.Object)
UnityEngine.Debug:Log (object,UnityEngine.Object)
DMT321.JsonDataTwin.TelemetryReceiver:ReceiveJson (string) (at Assets/DMT321/JsonDataTwin/Scripts/TelemetryReceiver.cs:418)
DMT321.JsonDataTwin.TextAssetTelemetrySource:SendFile (UnityEngine.TextAsset) (at Assets/DMT321/JsonDataTwin/Scripts/TextAssetTelemetrySource.cs:88)
DMT321.JsonDataTwin.TextAssetTelemetrySource:LoadHotJson () (at Assets/DMT321/JsonDataTwin/Scripts/TextAssetTelemetrySource.cs:51)
UnityEngine.Events.InvokableCall:Invoke ()
UnityEngine.Events.UnityEvent:Invoke ()
UnityEngine.UI.Button:Press () (at ./Library/PackageCache/com.unity.ugui@377fd60ad87b/Runtime/UGUI/UI/Core/Button.cs:71)
UnityEngine.UI.Button:OnPointerClick (UnityEngine.EventSystems.PointerEventData) (at ./Library/PackageCache/com.unity.ugui@377fd60ad87b/Runtime/UGUI/UI/Core/Button.cs:115)
UnityEngine.EventSystems.ExecuteEvents:Execute (UnityEngine.EventSystems.IPointerClickHandler,UnityEngine.EventSystems.BaseEventData) (at ./Library/PackageCache/com.unity.ugui@377fd60ad87b/Runtime/UGUI/EventSystem/ExecuteEvents.cs:57)
UnityEngine.EventSystems.ExecuteEvents:Execute<UnityEngine.EventSystems.IPointerClickHandler> (UnityEngine.GameObject,UnityEngine.EventSystems.BaseEventData,UnityEngine.EventSystems.ExecuteEvents/EventFunction`1<UnityEngine.EventSystems.IPointerClickHandler>) (at ./Library/PackageCache/com.unity.ugui@377fd60ad87b/Runtime/UGUI/EventSystem/ExecuteEvents.cs:272)
UnityEngine.EventSystems.StandaloneInputModule:ReleaseMouse (UnityEngine.EventSystems.PointerEventData,UnityEngine.GameObject) (at ./Library/PackageCache/com.unity.ugui@377fd60ad87b/Runtime/UGUI/EventSystem/InputModules/StandaloneInputModule.cs:216)
UnityEngine.EventSystems.StandaloneInputModule:ProcessMousePress (UnityEngine.EventSystems.PointerInputModule/MouseButtonEventData) (at ./Library/PackageCache/com.unity.ugui@377fd60ad87b/Runtime/UGUI/EventSystem/InputModules/StandaloneInputModule.cs:678)
UnityEngine.EventSystems.StandaloneInputModule:ProcessMouseEvent (int) (at ./Library/PackageCache/com.unity.ugui@377fd60ad87b/Runtime/UGUI/EventSystem/InputModules/StandaloneInputModule.cs:578)
UnityEngine.EventSystems.StandaloneInputModule:ProcessMouseEvent () (at ./Library/PackageCache/com.unity.ugui@377fd60ad87b/Runtime/UGUI/EventSystem/InputModules/StandaloneInputModule.cs:558)
UnityEngine.EventSystems.StandaloneInputModule:Process () (at ./Library/PackageCache/com.unity.ugui@377fd60ad87b/Runtime/UGUI/EventSystem/InputModules/StandaloneInputModule.cs:306)
UnityEngine.EventSystems.EventSystem:Update () (at ./Library/PackageCache/com.unity.ugui@377fd60ad87b/Runtime/UGUI/EventSystem/EventSystem.cs:516)

(Filename: Assets/DMT321/JsonDataTwin/Scripts/TelemetryReceiver.cs Line: 418)

Telemetry accepted: GH-01 / TEMP: 25.0 C / HUMIDITY: 65.0 %RH
UnityEngine.Debug:ExtractStackTraceNoAlloc (byte*,int,string)
UnityEngine.StackTraceUtility:ExtractStackTrace ()
UnityEngine.DebugLogHandler:Internal_Log (UnityEngine.LogType,UnityEngine.LogOption,string,UnityEngine.Object)
UnityEngine.DebugLogHandler:LogFormat (UnityEngine.LogType,UnityEngine.Object,string,object[])
UnityEngine.Logger:Log (UnityEngine.LogType,object,UnityEngine.Object)
UnityEngine.Debug:Log (object,UnityEngine.Object)
DMT321.JsonDataTwin.TelemetryReceiver:ReceiveJson (string) (at Assets/DMT321/JsonDataTwin/Scripts/TelemetryReceiver.cs:418)
DMT321.JsonDataTwin.TextAssetTelemetrySource:SendFile (UnityEngine.TextAsset) (at Assets/DMT321/JsonDataTwin/Scripts/TextAssetTelemetrySource.cs:88)
DMT321.JsonDataTwin.TextAssetTelemetrySource:LoadNormalJson () (at Assets/DMT321/JsonDataTwin/Scripts/TextAssetTelemetrySource.cs:46)
UnityEngine.Events.InvokableCall:Invoke ()
UnityEngine.Events.UnityEvent:Invoke ()
UnityEngine.UI.Button:Press () (at ./Library/PackageCache/com.unity.ugui@377fd60ad87b/Runtime/UGUI/UI/Core/Button.cs:71)
UnityEngine.UI.Button:OnPointerClick (UnityEngine.EventSystems.PointerEventData) (at ./Library/PackageCache/com.unity.ugui@377fd60ad87b/Runtime/UGUI/UI/Core/Button.cs:115)
UnityEngine.EventSystems.ExecuteEvents:Execute (UnityEngine.EventSystems.IPointerClickHandler,UnityEngine.EventSystems.BaseEventData) (at ./Library/PackageCache/com.unity.ugui@377fd60ad87b/Runtime/UGUI/EventSystem/ExecuteEvents.cs:57)
UnityEngine.EventSystems.ExecuteEvents:Execute<UnityEngine.EventSystems.IPointerClickHandler> (UnityEngine.GameObject,UnityEngine.EventSystems.BaseEventData,UnityEngine.EventSystems.ExecuteEvents/EventFunction`1<UnityEngine.EventSystems.IPointerClickHandler>) (at ./Library/PackageCache/com.unity.ugui@377fd60ad87b/Runtime/UGUI/EventSystem/ExecuteEvents.cs:272)
UnityEngine.EventSystems.StandaloneInputModule:ReleaseMouse (UnityEngine.EventSystems.PointerEventData,UnityEngine.GameObject) (at ./Library/PackageCache/com.unity.ugui@377fd60ad87b/Runtime/UGUI/EventSystem/InputModules/StandaloneInputModule.cs:216)
UnityEngine.EventSystems.StandaloneInputModule:ProcessMousePress (UnityEngine.EventSystems.PointerInputModule/MouseButtonEventData) (at ./Library/PackageCache/com.unity.ugui@377fd60ad87b/Runtime/UGUI/EventSystem/InputModules/StandaloneInputModule.cs:678)
UnityEngine.EventSystems.StandaloneInputModule:ProcessMouseEvent (int) (at ./Library/PackageCache/com.unity.ugui@377fd60ad87b/Runtime/UGUI/EventSystem/InputModules/StandaloneInputModule.cs:578)
UnityEngine.EventSystems.StandaloneInputModule:ProcessMouseEvent () (at ./Library/PackageCache/com.unity.ugui@377fd60ad87b/Runtime/UGUI/EventSystem/InputModules/StandaloneInputModule.cs:558)
UnityEngine.EventSystems.StandaloneInputModule:Process () (at ./Library/PackageCache/com.unity.ugui@377fd60ad87b/Runtime/UGUI/EventSystem/InputModules/StandaloneInputModule.cs:306)
UnityEngine.EventSystems.EventSystem:Update () (at ./Library/PackageCache/com.unity.ugui@377fd60ad87b/Runtime/UGUI/EventSystem/EventSystem.cs:516)

(Filename: Assets/DMT321/JsonDataTwin/Scripts/TelemetryReceiver.cs Line: 418)

Asset Pipeline Refresh (id=a4911f0b284f9e44f9b0d025344a154f): Total: 0.006 seconds - Initiated by RefreshV2(NoUpdateAssetOptions)
Asset Pipeline Refresh (id=932b3a02b93dfc942b692477d8ab4932): Total: 0.007 seconds - Initiated by RefreshV2(NoUpdateAssetOptions)
Asset Pipeline Refresh (id=4aaf5a97f250f984c9b6cd16b66f4f29): Total: 0.044 seconds - Initiated by RefreshV2(NoUpdateAssetOptions)
Unloading 1 Unused Serialized files (Serialized files now loaded: 0)
Loaded scene 'Temp/__Backupscenes/0.backup'
	Deserialize:            38.870 ms
	Integration:            256.574 ms
	Integration of assets:  0.402 ms
	Thread Wait Time:       -0.380 ms
	Total Operation Time:   295.466 ms
Unloading 5 unused Assets / (50.7 KB). Loaded Objects now: 2719.
Memory consumption went from 388.5 MB to 388.4 MB.
Total: 195.723800 ms (FindLiveObjects: 1.449400 ms CreateObjectMapping: 0.177500 ms MarkObjects: 193.139500 ms  DeleteObjects: 0.948700 ms)

[Licensing::Client] Successfully resolved entitlement details
[Licensing::Module] License group:
  Id: F4-V2HH-7T9E-WBHF-A6SK-XXXX
  Product: Unity Personal
  Type: ULF
  Expiration: 2026-09-29T13:59:33Z
[Licensing::Module] License group:
  Id: 18968482900132-UnityPersXXXX
  Product: Unity Personal
  Type: Assigned
  Expiration: Unlimited
Importing 'GUID: 2e498d1c8094910479dc3e1b768306a4 - Path: Assets/TextMesh Pro/Resources/Fonts & Materials/LiberationSans SDF - Fallback.asset' with importer (NativeFormatImporter)
Imported 'GUID: 2e498d1c8094910479dc3e1b768306a4' -> (Import Result ID: '5efe22b379db72de634a012d1ad871d5') in 0.077 seconds [static dependencies only]. Details - ImportResultOutputID=94ce4dace069634644df4d315a8acf11 DependenciesID=4af567a94ef9df894a854b4e4aa211e0 StaticDependenciesID=dddec72f30212215ff43d0d7e480071a 

Asset Pipeline Refresh (id=301bafa1eb1ff3c41812d4380afa3f53): Total: 0.498 seconds - Initiated by StopAssetImportingV2(NoUpdateAssetOptions)
	(Values over 0.05ms)
	Summary:
		Imports: total=1 (actual=1, local cache=0, cache server=0)
		Asset DB Process Time: managed=14 ms, native=164 ms
		Asset DB Callback time: managed=295 ms, native=23 ms
		Scripting: domain reloads=0, domain reload time=0 ms, compile time=0 ms, other=0 ms
		Project Asset Count: scripts=139, non-scripts=105
		Asset File Changes: new=0, changed=1, moved=0, deleted=0
		Scan Filter Count: 5
	ApplyChangesToAssetFolders: 0.059ms
	Scan: 46.188ms
	Collect global state as custom dependencies: 0.065ms
	OnSourceAssetsModified: 11.576ms
	CategorizeScriptCompilationAssets: 0.318ms
	ProcessAssetsWithTransientArtifactChanges: 0.251ms
	CategorizeAssets: 1.208ms
	ImportOutOfDateAssets: 109.389ms (7.714ms without children)
		ImportManagerImport: 96.412ms (13.324ms without children)
			UpdateCategorizedAssets: 0.062ms
		UnloadImportedAssets: 0.463ms
		EnsureUptoDateAssetsAreRegisteredWithGuidPM: 0.152ms
		ImportSchedulerStart: 4.589ms
	PostProcessAllAssets: 292.927ms
		AssemblyValidation.PostprocessAllAssets 0.393ms
		WindowTitlePostprocess 0.358ms
		MonoPostProcessAllAssets: 285.966ms
			BuilderAssetPostprocessor.OnPostprocessAllAssets 89.798ms
			AssetChangedListener.OnPostprocessAllAssets 72.817ms
			TMPro_TexturePostProcessor.OnPostprocessAllAssets 42.434ms
			AssetPostprocessor.OnPostprocessAllAssets 35.994ms
			RetainedModeAssetPostprocessor.OnPostprocessAllAssets 14.258ms
			ArtifactBrowserPostProcessor.OnPostprocessAllAssets 10.758ms
			TextAssetPostProcessor.OnPostprocessAllAssets 4.160ms
			ConfigAssetsTracker.OnPostprocessAllAssets 2.635ms
			AudioMixerPostprocessor.OnPostprocessAllAssets 2.162ms
			AssetEvents.OnPostprocessAllAssets 1.949ms
			ScenarioDriftAssetsTracker.OnPostprocessAllAssets 1.939ms
			StyleCatalogPostProcessor.OnPostprocessAllAssets 1.597ms
			SpeedTreePostProcessor.OnPostprocessAllAssets 1.402ms
			AudioContainerPostProcessor.OnPostprocessAllAssets 0.648ms
			EditModeScopePostprocessor.OnPostprocessAllAssets 0.420ms
			SyncVS.PostprocessSyncProject 0.112ms
			SpeedTree9Postprocessor.OnPostprocessAllAssets 0.065ms
	PostAssetChangesProfiler: 14.543ms
	GatherAllCurrentPrimaryImportResultRevisions: 0.526ms
	PersistCurrentRevisions: 0.590ms
	UnloadStreamsEnd: 0.141ms
	Untracked: 19.749ms

MonoPathRemapper: Attempts to remap: 5511; Successful remaps: 1152
Serialized file version minimum: 23, current 23
[LAYOUT] About to save layout C:\Users\Asus\Desktop\DMT321-HW\DMT321_Lab02_Unity6.5\UserSettings\Layouts\default-6000.dwlt
[LAYOUT] About to save layout C:/Users/Asus/AppData/Roaming/Unity/Editor-5.x/Preferences\Layouts\current\default-6000.dwlt
Clearing [LiberationSans SDF - Fallback] dynamic font asset data.
UnityEngine.Debug:ExtractStackTraceNoAlloc (byte*,int,string)
UnityEngine.StackTraceUtility:ExtractStackTrace ()
UnityEngine.DebugLogHandler:Internal_Log (UnityEngine.LogType,UnityEngine.LogOption,string,UnityEngine.Object)
UnityEngine.DebugLogHandler:LogFormat (UnityEngine.LogType,UnityEngine.Object,string,object[])
UnityEngine.Logger:Log (UnityEngine.LogType,object)
UnityEngine.Debug:Log (object)
TMPro.EditorEventCallbacks/<>c:<InitializeFontAssetResourceChangeCallBacks>b__0_0 () (at ./Library/PackageCache/com.unity.ugui@377fd60ad87b/Editor/TMP/TMP_EditorResourceManager.cs:36)
UnityEditor.EditorApplication:Internal_EditorApplicationQuit ()

(Filename: ./Library/PackageCache/com.unity.ugui@377fd60ad87b/Editor/TMP/TMP_EditorResourceManager.cs Line: 36)

Importing 'GUID: 2e498d1c8094910479dc3e1b768306a4 - Path: Assets/TextMesh Pro/Resources/Fonts & Materials/LiberationSans SDF - Fallback.asset' with importer (NativeFormatImporter)
Imported 'GUID: 2e498d1c8094910479dc3e1b768306a4' -> (Import Result ID: 'b1adcc4a3d005a109cb5670b5fa4c1d4') in 0.006 seconds [static dependencies only]. Details - ImportResultOutputID=94ce4dace069634644df4d315a8acf11 DependenciesID=e1d182fd3bad90314ac317467317a2ac StaticDependenciesID=2394d26e8c4c3a980cb8df92fdd9e8b9 
Asset Pipeline Refresh (id=9ac6b973190f00b449c5c7803399b17e): Total: 0.084 seconds - Initiated by StopAssetImportingV2(NoUpdateAssetOptions)
[Physics::Module] Cleanup current backend.
[Physics::Module] Id: 0xf2b8ea05
Input System module state changed to: ShutdownInProgress.
Input Polling Thread exited.
Input System module state changed to: Shutdown.
[Licensing::IpcConnector] LicenseClient-Asus-6000.5.3-notifications channel disconnected successfully.
[Licensing::IpcConnector] LicenseClient-Asus-6000.5.3 channel disconnected successfully.
Shut down.
AcceleratorClientConnectionCallback - disconnected - :0
Cleanup mono
CodeReloadManager destroyed
abort_threads: Failed aborting id: 0000000000000B00, mono_thread_manage will ignore it

abort_threads: Failed aborting id: 0000000000000B00, mono_thread_manage will ignore it

debugger-agent: Unable to listen on 4864
Checking for leaked weakptr:
  Found no leaked weakptrs.
[Package Manager] Server process was shutdown
##utp:{"type":"MemoryLeaks","version":2,"phase":"Immediate","time":1787491309033,"processId":8340,"allocatedMemory":46847843,"memoryLabels":[{"Default":181446},{"Permanent":15516},{"NewDelete":69237},{"Thread":4205688},{"Manager":32872},{"VertexData":8},{"Geometry":816},{"Texture":24},{"Shader":840623},{"Material":24},{"GfxDevice":62744},{"GfxThread":1536},{"Animation":952},{"Audio":1168},{"FreeType":8},{"FontEngine":736},{"Physics":2146},{"Physics2D":16},{"Serialization":292232},{"Input":42840},{"JobScheduler":256},{"TextLib":65017},{"Mono":48},{"ScriptingNativeRuntime":707732},{"BaseObject":1768235},{"Resource":1208},{"Renderer":3080},{"Transform":4685},{"File":6962},{"WebCam":616},{"Culling":32},{"Terrain":11442},{"Wind":24},{"STL":40},{"String":9989},{"StaticString":3808},{"Utility":2673426},{"Curl":48},{"PoolAlloc":2168},{"AI":80},{"TypeTree":8869},{"CodeReload":448},{"RuntimeInitializeOnLoadManager":64},{"Sprites":102},{"SpriteAtlas":120},{"GI":7816},{"Director":8296},{"CloudService":7384},{"WebRequest":10628},{"VR":47114},{"SceneManager":608},{"Video":208},{"LazyScriptCache":32},{"NativeArray":33059312},{"Camera":136849},{"Secure":265},{"SerializationCache":1576},{"APIUpdating":10320},{"Subsystems":336},{"VirtualTexturing":57888},{"StaticSafetyDebugInfo":278528},{"Analytics":552},{"Hierarchy":1176},{"UIElements":1097704},{"CoreStats":13688},{"Identifiers":6768},{"Gui":269723},{"EditorUtility":263240},{"VersionControl":8},{"Undo":931},{"AssetDatabase":495402},{"AssetImporter":40},{"EditorGi":328},{"UnityConnect":35346},{"Upm":1988},{"UpmDiagnostics":8},{"AssetCompliance":64},{"DrivenProperties":72},{"LocalIPC":210},{"ProfilerEditor":9746},{"CoreBusinessMetrics":3478},{"Windowing":456},{"Licensing":664},{"AssetReference":32},{"IPCStream":32}]}
