[Licensing::Module] Trying to connect to existing licensing client channel...
Built from '6000.5/staging' branch; Version is '6000.5.2f1 (eb73d3b415a1) revision 15430611'; Using compiler version '194234433'; Build Type 'Release'
[Licensing::IpcConnector] Successfully connected to: "LicenseClient-Asus" at "2026-09-01T12:52:49.1277861Z"
OS: 'Windows 11  (10.0.26200) CoreSingleLanguage' Language: 'en' Physical Memory: 16106 MB
BatchMode: 0, IsHumanControllingUs: 1, StartBugReporterOnCrash: 1, Is64bit: 1
System  architecture: x64
Process architecture: x64
Date: 2026-09-01T12:52:49Z

COMMAND LINE ARGUMENTS:
C:\Program Files\Unity\Hub\Editor\6000.5.2f1\Editor\Unity.exe
-projectpath
C:\Users\Asus\Desktop\DMT321-HW\DMT321_Lab03_Unity6_5
-acceptSoftwareTermsForThisRunOnly
-useHub
-hubIPC
-cloudEnvironment
production
-licensingIpc
LicenseClient-Asus
-hubSessionId
db7160d5-a569-4f03-bcc7-3053c43fd219
-accessToken
wBUYb8mpFm62KgWNEU3-_k_hUtjzIeNrQPtJTa5GtGo011f
Successfully changed project path to: C:\Users\Asus\Desktop\DMT321-HW\DMT321_Lab03_Unity6_5
C:/Users/Asus/Desktop/DMT321-HW/DMT321_Lab03_Unity6_5
[UnityMemory] Configuration Parameters - Can be set up in boot.config
    "memorysetup-temp-allocator-size-gi-baking-worker=262144"
    "memorysetup-temp-allocator-size-gi-baking-worker=262144"
    "memorysetup-temp-allocator-size-gi-baking-worker=262144"
    "memorysetup-temp-allocator-size-gi-baking-worker=262144"
    "memorysetup-temp-allocator-size-gi-baking-worker=262144"
    "memorysetup-temp-allocator-size-nav-mesh-worker=65536"
    "memorysetup-temp-allocator-size-audio-worker=65536"
    "memorysetup-temp-allocator-size-cloud-worker=32768"
    "memorysetup-temp-allocator-size-gfx=262144"
    "memorysetup-temp-allocator-size-preload-manager=33554432"
    "memorysetup-allocator-temp-initial-block-size-main=262144"
    "memorysetup-allocator-temp-initial-block-size-worker=262144"
    "memorysetup-temp-allocator-size-job-worker=262144"
    "memorysetup-temp-allocator-size-background-worker=32768"
    "memorysetup-bucket-allocator-granularity=16"
    "memorysetup-bucket-allocator-bucket-count=8"
    "memorysetup-bucket-allocator-block-size=33554432"
    "memorysetup-bucket-allocator-block-count=8"
    "memorysetup-main-allocator-block-size=16777216"
    "memorysetup-thread-allocator-block-size=16777216"
    "memorysetup-main-allocator-mimalloc-enabled=0"
    "memorysetup-gfx-main-allocator-block-size=16777216"
    "memorysetup-gfx-thread-allocator-block-size=16777216"
    "memorysetup-cache-allocator-block-size=4194304"
    "memorysetup-typetree-allocator-block-size=2097152"
    "memorysetup-profiler-bucket-allocator-granularity=16"
    "memorysetup-profiler-bucket-allocator-bucket-count=8"
    "memorysetup-profiler-bucket-allocator-block-size=33554432"
    "memorysetup-profiler-bucket-allocator-block-count=8"
    "memorysetup-profiler-allocator-block-size=16777216"
    "memorysetup-profiler-editor-allocator-block-size=1048576"
    "memorysetup-temp-allocator-size-main=16777216"
    "memorysetup-job-temp-allocator-block-size=2097152"
    "memorysetup-job-temp-allocator-block-size-background=1048576"
    "memorysetup-job-temp-allocator-reduction-small-platforms=262144"
Player connection [12432]  Target information:

Player connection [12432]  * "[IP] 26.209.92.76 [Port] 55504 [Flags] 2 [Guid] 3443331279 [EditorId] 3443331279 [Version] 1048832 [Id] WindowsEditor(7,LAPTOP-304ELUFL) [Debug] 1 [PackageName] WindowsEditor [ProjectName] Editor" 

Player connection [12432]  * "[IP] 192.168.1.114 [Port] 55504 [Flags] 2 [Guid] 3443331279 [EditorId] 3443331279 [Version] 1048832 [Id] WindowsEditor(7,LAPTOP-304ELUFL) [Debug] 1 [PackageName] WindowsEditor [ProjectName] Editor" 

Player connection [12432] Host joined multi-casting on [225.0.0.222:54997]...
Player connection [12432] Host joined alternative multi-casting on [225.0.0.222:34997]...
Input System module state changed to: Initialized.
[Physics::Module] Initialized fallback backend.
[Physics::Module] Id: 0xdecafbad
[Package Manager] Connected to IPC stream "Upm-26584" after 0.5 seconds.
[Licensing::Module] Licensing is not yet initialized.
[Licensing::Client] Error: HandshakeResponse reported an error:
	ResponseCode: 505
	ResponseStatus: Unsupported protocol version '1.18.1'.
[Licensing::Module] Error: Failed to handshake to channel: "LicenseClient-Asus"
[Licensing::IpcConnector] LicenseClient-Asus channel disconnected successfully.
[Licensing::IpcConnector] Channel LicenseClient-Asus-6000.5.2 doesn't exist
[Licensing::Module] Successfully launched the LicensingClient (PId: 7204)
Starting IPC server.
Waiting for clients to connect on \\.\pipe\Unity-LicenseClient-Asus-6000.5.2, press Ctrl-C to exit.
[Licensing::IpcConnector] Successfully connected to: "LicenseClient-Asus-6000.5.2" at "2026-09-01T12:53:09.4696553Z"
[Licensing::Client] Code 10 while verifying Licensing Client signature (process Id: 7204, path: "C:/Program Files/Unity/Hub/Editor/6000.5.2f1/Editor/Data/Resources/Licensing/Client/Unity.Licensing.Client.exe")
[Licensing::Module] LicensingClient has failed validation; ignoring
[Licensing::Client] Handshaking with LicensingClient:
  Version:                 1.18.1+9fbee8e
  Session Id:              f3379360bb4545a4b78de60f68b0942c
  Correlation Id:          1d5601368cd89ef558c02ecc019f9079
  External correlation Id: 2353911991573078547
  Machine Id:              lKdBEv9B6sk68+5oeNpT9LNO8Ok=
[Licensing::Module] Successfully connected to LicensingClient on channel: "LicenseClient-Asus-6000.5.2" (connect: 14.77s, validation: 0.95s, handshake: 0.30s)
[Licensing::IpcConnector] Successfully connected to: "LicenseClient-Asus-6000.5.2-notifications" at "2026-09-01T12:53:10.7166389Z"
[Licensing::Module] Connected to LicensingClient (PId: 7204, launch time: 0.08, total connection time: 16.01s)
[Licensing::Client] Successfully updated the access token
[Licensing::Module] Successfully updated the access token wBUYb8mpFm...
[Licensing::Client] Successfully resolved entitlement details
[Licensing::Module] License group:
  Id: F4-V2HH-7T9E-WBHF-A6SK-XXXX
  Product: Unity Personal
  Type: ULF
  Expiration: 2026-09-29T14:22:19Z
[Licensing::Module] License group:
  Id: 18968317507188-UnityPersXXXX
  Product: Unity Personal
  Type: Assigned
  Expiration: Unlimited
[Licensing::Client] Successfully updated license, isAsync: True, time: 0.01
[Licensing::Client] Successfully resolved entitlement details
[Licensing::Module] License group:
  Id: F4-V2HH-7T9E-WBHF-A6SK-XXXX
  Product: Unity Personal
  Type: ULF
  Expiration: 2026-09-29T14:22:19Z
[Licensing::Module] License group:
  Id: 18968317507188-UnityPersXXXX
  Product: Unity Personal
  Type: Assigned
  Expiration: Unlimited
[Licensing::Module] Licensing Background thread has ended after 21.64s
[Licensing::Module] Licensing is initialized (took 18.72s).
[Licensing::Client] Successfully resolved entitlement details
[Licensing::Module] License group:
  Id: F4-V2HH-7T9E-WBHF-A6SK-XXXX
  Product: Unity Personal
  Type: ULF
  Expiration: 2026-09-29T14:22:19Z
[Licensing::Module] License group:
  Id: 18968317507188-UnityPersXXXX
  Product: Unity Personal
  Type: Assigned
  Expiration: Unlimited
Library Redirect Path: Library/
Rebuilding Library because the asset database could not be found!
[Physics::Module] Selected backend.
[Physics::Module] Name: PhysX
[Physics::Module] Id: 0xf2b8ea05
[Physics::Module] SDK Version: 4.1.2
[Physics::Module] Integration Version: 1.0.0
[Physics::Module] Threading Mode: Multi-Threaded
Initialize engine version: 6000.5.2f1 (eb73d3b415a1)
[Subsystems] Discovering subsystems at path C:/Program Files/Unity/Hub/Editor/6000.5.2f1/Editor/Data/Resources/UnitySubsystems
[Subsystems] Discovering subsystems at path C:/Users/Asus/Desktop/DMT321-HW/DMT321_Lab03_Unity6_5/Assets
[D3D12 Device Filter] Vendor Name: NVIDIA
[D3D12 Device Filter] Device Name: NVIDIA GeForce RTX 3050 Laptop GPU
[D3D12 Device Filter] Driver Version: 32.0.15.9649
[D3D12 Device Filter] Feature Level: 12.2
[D3D12 Device Filter] Graphics Memory: 3962 MB
[D3D12 Device Filter] Processor Count: 12
[D3D12 Device Filter] Device Type: Discrete
GfxDevice: creating device client; kGfxThreadingModeSplitJobs
d3d12: failed to query info queue interface (0x80004002).
Direct3D:
    Version:         Direct3D 12 [level 12.2]
    Renderer:        NVIDIA GeForce RTX 3050 Laptop GPU (ID=0x25a5)
    Vendor:          NVIDIA
    VRAM:            3962 MB
    App VRAM Budget: 3367 MB
    Driver:          32.0.15.9649
Initialize mono
Mono path[0] = 'C:/Program Files/Unity/Hub/Editor/6000.5.2f1/Editor/Data/Managed'
Mono path[1] = 'C:/Program Files/Unity/Hub/Editor/6000.5.2f1/Editor/Data/BCLExtensions/runtime/netstandard2.1'
Mono path[2] = 'C:/Program Files/Unity/Hub/Editor/6000.5.2f1/Editor/Data/MonoBleedingEdge/lib/mono/unityjit-win32'
Mono config path = 'C:/Program Files/Unity/Hub/Editor/6000.5.2f1/Editor/Data/MonoBleedingEdge/etc'
Using monoOptions --debugger-agent=transport=dt_socket,embedding=1,server=y,suspend=n,address=127.0.0.1:56584
CodeReloadManager initialized
ImportWorker Server TCP listen port: 0
AcceleratorClientConnectionCallback - disconnected - :0
Begin MonoManager ReloadAssembly
Registering precompiled unity dll's ...
Register platform support module: C:/Program Files/Unity/Hub/Editor/6000.5.2f1/Editor/Data/PlaybackEngines/WindowsStandaloneSupport/UnityEditor.WindowsStandalone.Extensions.dll
Registered in 0.709961 seconds.
Native extension for WindowsStandalone target not found
Package Manager log level set to [2]
ScheduleIndexationOnStartup MainProcess:False IndexOnStartup:False
Mono: successfully reloaded assembly
- Finished resetting the current domain, in  1.025 seconds
Domain Reload Profiling: 7679ms
	BeginReloadAssembly (793ms)
		CreateAndSetChildDomain (22ms)
	RebuildCommonClasses (17ms)
	RebuildNativeTypeToScriptingClass (653ms)
	initialDomainReloadingComplete (1218ms)
	LoadAllAssembliesAndSetupDomain (3967ms)
		LoadAssemblies (763ms)
		AnalyzeDomain (3789ms)
			TypeCache.Refresh (3785ms)
				TypeCache.ScanAssembly (3034ms)
	FinalizeReload (1031ms)
		SetupLoadedEditorAssemblies (0ms)
			InitializePlatformSupportModulesInManaged (5ms)
			BeforeProcessingInitializeOnLoad (222ms)
			ProcessInitializeOnLoadAttributes (258ms)
			ProcessInitializeOnLoadMethodAttributes (367ms)
[Licensing::Client] Successfully resolved entitlement details
[Licensing::Module] License group:
  Id: F4-V2HH-7T9E-WBHF-A6SK-XXXX
  Product: Unity Personal
  Type: ULF
  Expiration: 2026-10-08T13:53:13Z
[Licensing::Module] License group:
  Id: 18968317507188-UnityPersXXXX
  Product: Unity Personal
  Type: Assigned
  Expiration: Unlimited
Application.AssetDatabase Initial Refresh Start
[Package Manager] Done resolving packages in 4.67 seconds
[Licensing::Client] Successfully resolved entitlement details
[Package Manager] Registered 9 packages:
  Built-in packages:
    com.unity.modules.imageconversion@1.0.0 (location: C:\Users\Asus\Desktop\DMT321-HW\DMT321_Lab03_Unity6_5\Library\PackageCache\com.unity.modules.imageconversion)
    com.unity.modules.jsonserialize@1.0.0 (location: C:\Users\Asus\Desktop\DMT321-HW\DMT321_Lab03_Unity6_5\Library\PackageCache\com.unity.modules.jsonserialize)
    com.unity.ugui@2.5.0 (location: C:\Users\Asus\Desktop\DMT321-HW\DMT321_Lab03_Unity6_5\Library\PackageCache\com.unity.ugui@3d1ea40b73ef)
    com.unity.modules.ui@1.0.0 (location: C:\Users\Asus\Desktop\DMT321-HW\DMT321_Lab03_Unity6_5\Library\PackageCache\com.unity.modules.ui)
    com.unity.modules.imgui@1.0.0 (location: C:\Users\Asus\Desktop\DMT321-HW\DMT321_Lab03_Unity6_5\Library\PackageCache\com.unity.modules.imgui)
    com.unity.modules.audio@1.0.0 (location: C:\Users\Asus\Desktop\DMT321-HW\DMT321_Lab03_Unity6_5\Library\PackageCache\com.unity.modules.audio)
    com.unity.modules.physics2d@1.0.0 (location: C:\Users\Asus\Desktop\DMT321-HW\DMT321_Lab03_Unity6_5\Library\PackageCache\com.unity.modules.physics2d)
    com.unity.modules.physics@1.0.0 (location: C:\Users\Asus\Desktop\DMT321-HW\DMT321_Lab03_Unity6_5\Library\PackageCache\com.unity.modules.physics)
    com.unity.modules.physicscore2d@1.0.0 (location: C:\Users\Asus\Desktop\DMT321-HW\DMT321_Lab03_Unity6_5\Library\PackageCache\com.unity.modules.physicscore2d)
[Subsystems] No new subsystems found in resolved package list.
[Package Manager] Done registering packages in 0.00 seconds
AcceleratorClientConnectionCallback - disconnected - :0
[ScriptCompilation] Requested script compilation because: Assembly Definition File(s) changed
[ScriptCompilation] Requested script compilation because: AssetDatabase observed changes in script compilation related files
info: Microsoft.Hosting.Lifetime[14]
      Now listening on: http://localhost:80
info: Microsoft.Hosting.Lifetime[0]
      Application started. Press Ctrl+C to shut down.
info: Microsoft.Hosting.Lifetime[0]
      Hosting environment: Production
info: Microsoft.Hosting.Lifetime[0]
      Content root path: C:\Users\Asus\Desktop\DMT321-HW\DMT321_Lab03_Unity6_5
info: Microsoft.AspNetCore.Hosting.Diagnostics[1]
      Request starting HTTP/2 POST http://ilpp/UnityILPP.PostProcessing/Ping - application/grpc -
info: Microsoft.AspNetCore.Routing.EndpointMiddleware[0]
      Executing endpoint 'gRPC - /UnityILPP.PostProcessing/Ping'
info: Microsoft.AspNetCore.Routing.EndpointMiddleware[1]
      Executed endpoint 'gRPC - /UnityILPP.PostProcessing/Ping'
info: Microsoft.AspNetCore.Hosting.Diagnostics[2]
      Request finished HTTP/2 POST http://ilpp/UnityILPP.PostProcessing/Ping - 200 - application/grpc 139.0942ms
Starting: C:\Program Files\Unity\Hub\Editor\6000.5.2f1\Editor\Data\Tools\BuildPipeline\bee_backend.exe --ipc --defer-dag-verification --dagfile="Library/Bee/1900b0aE.dag" --continue-on-failure --profile="Library/Bee/backend1.traceevents" ScriptAssemblies
WorkingDir: C:/Users/Asus/Desktop/DMT321-HW/DMT321_Lab03_Unity6_5
ExitCode: 4 Duration: 0s193ms
[             ] Require frontend run.  Library/Bee/1900b0aE.dag couldn't be loaded
Starting: C:\Program Files\Unity\Hub\Editor\6000.5.2f1\Editor\Data\netcorerun\netcorerun.exe "C:\Program Files\Unity\Hub\Editor\6000.5.2f1\Editor\Data\Tools\BuildPipeline\ScriptCompilationBuildProgram.exe" "Library/Bee/1900b0aE.dag.json" "Library/Bee/1900b0aE-inputdata.json" "Library\Bee\buildprogram0.traceevents"
WorkingDir: C:/Users/Asus/Desktop/DMT321-HW/DMT321_Lab03_Unity6_5
ExitCode: 0 Duration: 4s41ms
Starting: C:\Program Files\Unity\Hub\Editor\6000.5.2f1\Editor\Data\Tools\BuildPipeline\bee_backend.exe --ipc --defer-dag-verification --dagfile="Library/Bee/1900b0aE.dag" --continue-on-failure --dagfilejson="Library\Bee\1900b0aE.dag.json" --profile="Library/Bee/backend2.traceevents" ScriptAssemblies
WorkingDir: C:/Users/Asus/Desktop/DMT321-HW/DMT321_Lab03_Unity6_5
ExitCode: 0 Duration: 28s
Finished compiling graph: 216 nodes, 1482 flattened edges (1406 ToBuild, 14 ToUse), maximum node priority 94
[  1/213    0s] MovedFromExtractor Library/Bee/artifacts/mvdfrm/UnityEditor.TextCoreFontEngineModule.dll_22487820A463BFB3.mvfrm
[  2/213    0s] MovedFromExtractor Library/Bee/artifacts/mvdfrm/UnityEditor.TextRenderingModule.dll_A646DB45890708DD.mvfrm
[  3/213    0s] MovedFromExtractor Library/Bee/artifacts/mvdfrm/UnityEditor.TilemapModule.dll_9D6C9AF587D7035C.mvfrm
[  4/213    0s] MovedFromExtractor Library/Bee/artifacts/mvdfrm/UnityEditor.TextCoreTextEngineModule.dll_6A30AE9233E778D1.mvfrm
[  5/213    0s] MovedFromExtractor Library/Bee/artifacts/mvdfrm/UnityEditor.UIBuilderModule.dll_7F0234419C7ED215.mvfrm
[  6/213    0s] MovedFromExtractor Library/Bee/artifacts/mvdfrm/UnityEditor.UIAutomationModule.dll_E16EE4EF0B0CDEB1.mvfrm
[  7/213    0s] MovedFromExtractor Library/Bee/artifacts/mvdfrm/UnityEditor.UmbraModule.dll_6517C2A62910CF87.mvfrm
[  8/213    0s] MovedFromExtractor Library/Bee/artifacts/mvdfrm/UnityEditor.UIElementsModule.dll_C7F58EBDC338E2F1.mvfrm
[  9/213    0s] MovedFromExtractor Library/Bee/artifacts/mvdfrm/UnityEditor.U2DModule.dll_C02FF29CCEC792C5.mvfrm
[ 10/213    0s] MovedFromExtractor Library/Bee/artifacts/mvdfrm/UnityEditor.UIToolkitAuthoringModule.dll_559F0CADC2EA4373.mvfrm
[ 11/213    0s] MovedFromExtractor Library/Bee/artifacts/mvdfrm/UnityEditor.TreeModule.dll_A2F040345C99F714.mvfrm
[ 12/213    0s] MovedFromExtractor Library/Bee/artifacts/mvdfrm/UnityEditor.UIElementsSamplesModule.dll_67A44457BB9B988C.mvfrm
[ 13/213    0s] MovedFromExtractor Library/Bee/artifacts/mvdfrm/UnityEditor.ShaderCompilationModule.dll_7372A6CF9E9F8D5C.mvfrm
[ 14/213    0s] MovedFromExtractor Library/Bee/artifacts/mvdfrm/UnityEditor.SketchUpModule.dll_264AEA54F53E1FAD.mvfrm
[ 15/213    0s] MovedFromExtractor Library/Bee/artifacts/mvdfrm/UnityEditor.SpriteShapeModule.dll_099B4573CAC0731A.mvfrm
[ 16/213    0s] MovedFromExtractor Library/Bee/artifacts/mvdfrm/UnityEditor.SubstanceModule.dll_D45913FEB97E30EE.mvfrm
[ 17/213    0s] MovedFromExtractor Library/Bee/artifacts/mvdfrm/UnityEditor.SpriteMaskModule.dll_5909C6F3F1C4BEE7.mvfrm
[ 18/213    0s] MovedFromExtractor Library/Bee/artifacts/mvdfrm/UnityEditor.ShaderFoundryModule.dll_9B83894D5959D412.mvfrm
[ 19/213    0s] MovedFromExtractor Library/Bee/artifacts/mvdfrm/UnityEditor.ShaderBuildSettingsModule.dll_4C77BD29DDA7E28A.mvfrm
[ 20/213    0s] MovedFromExtractor Library/Bee/artifacts/mvdfrm/UnityEditor.TerrainModule.dll_FE703374701A2253.mvfrm
[ 21/213    0s] MovedFromExtractor Library/Bee/artifacts/mvdfrm/UnityEditor.SafeModeModule.dll_3E360504AA0C8396.mvfrm
[ 22/213    0s] MovedFromExtractor Library/Bee/artifacts/mvdfrm/UnityEditor.SceneViewModule.dll_69296A2D1EE925EF.mvfrm
[ 23/213    0s] MovedFromExtractor Library/Bee/artifacts/mvdfrm/UnityEngine.MultiplayerModule.dll_75A80434E01FD90D.mvfrm
[ 24/213    0s] MovedFromExtractor Library/Bee/artifacts/mvdfrm/UnityEditor.SceneTemplateModule.dll_5CA3B90A36AA5784.mvfrm
[ 25/213    0s] MovedFromExtractor Library/Bee/artifacts/mvdfrm/UnityEditor.PropertiesModule.dll_9D1893A243408DA9.mvfrm
[ 26/213    0s] MovedFromExtractor Library/Bee/artifacts/mvdfrm/UnityEditor.ProjectAuditorModule.dll_7A31092F4B343D7B.mvfrm
[ 27/213    0s] MovedFromExtractor Library/Bee/artifacts/mvdfrm/UnityEditor.QuickInstallModule.dll_0FAD443DB01F8424.mvfrm
[ 28/213    0s] MovedFromExtractor Library/Bee/artifacts/mvdfrm/UnityEditor.Physics2DModule.dll_8FBF0255BFA07337.mvfrm
[ 29/213    0s] MovedFromExtractor Library/Bee/artifacts/mvdfrm/UnityEditor.QuickSearchModule.dll_B216B4B6C4F196A3.mvfrm
[ 30/213    0s] MovedFromExtractor Library/Bee/artifacts/mvdfrm/UnityEditor.PlayModeModule.dll_8429F6BE48D592FD.mvfrm
[ 31/213    0s] MovedFromExtractor Library/Bee/artifacts/mvdfrm/UnityEditor.PresetsUIModule.dll_E5DFC0072C1EB0E6.mvfrm
[ 32/213    0s] MovedFromExtractor Library/Bee/artifacts/mvdfrm/UnityEditor.PhysicsCore2DModule.dll_F0CC0A251CCCF0E6.mvfrm
[ 33/213    0s] MovedFromExtractor Library/Bee/artifacts/mvdfrm/UnityEditor.PhysicsModule.dll_E429B8059A5BD965.mvfrm
[ 34/213    0s] MovedFromExtractor Library/Bee/artifacts/mvdfrm/UnityEditor.MediaModule.dll_B603301F1A36ACA2.mvfrm
[ 35/213    0s] MovedFromExtractor Library/Bee/artifacts/mvdfrm/UnityEditor.MultiplayerModule.dll_6FE234A5CDE5C888.mvfrm
[ 36/213    0s] MovedFromExtractor Library/Bee/artifacts/mvdfrm/UnityEditor.MathematicsModule.dll_154EC5F289963244.mvfrm
[ 37/213    0s] MovedFromExtractor Library/Bee/artifacts/mvdfrm/UnityEditor.LightingModule.dll_383D7C80FCF84CC2.mvfrm
[ 38/213    0s] MovedFromExtractor Library/Bee/artifacts/mvdfrm/UnityEditor.GridModule.dll_22B56713ED28F7CC.mvfrm
[ 39/213    0s] MovedFromExtractor Library/Bee/artifacts/mvdfrm/UnityEditor.GraphicsStateCollectionSerializerModule.dll_5A3BAFCF4A275924.mvfrm
[ 40/213    0s] MovedFromExtractor Library/Bee/artifacts/mvdfrm/UnityEditor.GridAndSnapModule.dll_30C01A2AEF7F5739.mvfrm
[ 41/213    0s] MovedFromExtractor Library/Bee/artifacts/mvdfrm/UnityEditor.GIModule.dll_31435D069BA87BD8.mvfrm
[ 42/213    0s] MovedFromExtractor Library/Bee/artifacts/mvdfrm/UnityEditor.GenericRemoteModule.dll_990988551FCC24FB.mvfrm
[ 43/213    0s] MovedFromExtractor Library/Bee/artifacts/mvdfrm/UnityEditor.GraphToolkitModule.dll_4CAADAA95F484476.mvfrm
[ 44/213    0s] MovedFromExtractor Library/Bee/artifacts/mvdfrm/UnityEditor.EmbreeModule.dll_F55B841E3C3786BE.mvfrm
[ 45/213    0s] MovedFromExtractor Library/Bee/artifacts/mvdfrm/UnityEditor.GraphViewModule.dll_2A79872529C658E1.mvfrm
[ 46/213    0s] WriteText Library/Bee/artifacts/1900b0aE.dag/UnityEngine.UI.rsp2
[ 47/213    0s] MovedFromExtractor Library/Bee/artifacts/mvdfrm/UnityEditor.EditorToolbarModule.dll_3904484C37BDAD4C.mvfrm
[ 48/213    0s] WriteText Library/Bee/artifacts/1900b0aE.dag/UnityEngine.UI.UnityAdditionalFile.txt
[ 49/213    0s] MovedFromExtractor Library/Bee/artifacts/mvdfrm/UnityEditor.DiagnosticsModule.dll_270733A96C1A9A4A.mvfrm
[ 50/213    0s] MovedFromExtractor Library/Bee/artifacts/mvdfrm/UnityEditor.DeviceSimulatorModule.dll_BEEDDAA0632E86FC.mvfrm
[ 51/213    0s] MovedFromExtractor Library/Bee/artifacts/mvdfrm/UnityEditor.ClothModule.dll_512B7388760702F8.mvfrm
[ 52/213    0s] MovedFromExtractor Library/Bee/artifacts/mvdfrm/UnityEditor.CoreBusinessMetricsModule.dll_C43C6FFB30EFE042.mvfrm
[ 53/213    0s] MovedFromExtractor Library/Bee/artifacts/mvdfrm/UnityEditor.BuildProfileModule.dll_30CDF5FE6E9915F1.mvfrm
[ 54/213    0s] MovedFromExtractor Library/Bee/artifacts/mvdfrm/UnityEditor.ContentLoadModule.dll_89507159E3A0E2FD.mvfrm
[ 55/213    0s] MovedFromExtractor Library/Bee/artifacts/mvdfrm/UnityEditor.AssetComplianceModule.dll_F7C8EA8EDDEA6B29.mvfrm
[ 56/213    0s] MovedFromExtractor Library/Bee/artifacts/mvdfrm/UnityEditor.AdaptivePerformanceModule.dll_445176810AA8B148.mvfrm
[ 57/213    0s] MovedFromExtractor Library/Bee/artifacts/mvdfrm/UnityEditor.CoreModule.dll_45444B25D4D461D5.mvfrm
[ 58/213    0s] MovedFromExtractor Library/Bee/artifacts/mvdfrm/UnityEditor.AccessibilityModule.dll_03083279BE27FBFC.mvfrm
[ 59/213    0s] MovedFromExtractor Library/Bee/artifacts/mvdfrm/UnityEditor.AIModule.dll_990713F8FFF993BE.mvfrm
[ 60/213    0s] MovedFromExtractor Library/Bee/artifacts/mvdfrm/Unity.Scripting.dll_404214396626315C.mvfrm
[ 61/213    0s] MovedFromExtractor Library/Bee/artifacts/mvdfrm/UnityEngine.VirtualTexturingModule.dll_37437825C9F8579E.mvfrm
[ 62/213    0s] MovedFromExtractor Library/Bee/artifacts/mvdfrm/UnityEngine.dll_0D3CAD17A3D14C95.mvfrm
[ 63/213    0s] MovedFromExtractor Library/Bee/artifacts/mvdfrm/UnityEngine.UnityCurlModule.dll_2C1BA47F74371F74.mvfrm
[ 64/213    0s] MovedFromExtractor Library/Bee/artifacts/mvdfrm/UnityEngine.VFXModule.dll_A078EA0D08DB406B.mvfrm
[ 65/213    0s] MovedFromExtractor Library/Bee/artifacts/mvdfrm/UnityEngine.UnityConnectModule.dll_196787838E04FBB6.mvfrm
[ 66/213    0s] MovedFromExtractor Library/Bee/artifacts/mvdfrm/UnityEngine.UnityConsentModule.dll_EB0D1EAF9B0F9206.mvfrm
[ 67/213    0s] MovedFromExtractor Library/Bee/artifacts/mvdfrm/UnityEngine.UnityAnalyticsCommonModule.dll_49E0A55D63A7001D.mvfrm
[ 68/213    0s] MovedFromExtractor Library/Bee/artifacts/mvdfrm/UnityEngine.UIModule.dll_D2E943B5C7BDCD35.mvfrm
[ 69/213    0s] MovedFromExtractor Library/Bee/artifacts/mvdfrm/UnityEngine.U2DRuntimeModule.dll_9541EB6492AC3652.mvfrm
[ 70/213    0s] MovedFromExtractor Library/Bee/artifacts/mvdfrm/UnityEngine.TextRenderingModule.dll_3287CD6D01FF8C02.mvfrm
[ 71/213    0s] MovedFromExtractor Library/Bee/artifacts/mvdfrm/UnityEngine.TextCoreTextEngineModule.dll_E89029E546E5379C.mvfrm
[ 72/213    0s] MovedFromExtractor Library/Bee/artifacts/mvdfrm/UnityEngine.TextCoreFontEngineModule.dll_A0A7F373B7617E7E.mvfrm
[ 73/213    0s] MovedFromExtractor Library/Bee/artifacts/mvdfrm/UnityEngine.TLSModule.dll_1F9A519E326DD6FE.mvfrm
[ 74/213    0s] MovedFromExtractor Library/Bee/artifacts/mvdfrm/UnityEngine.SubstanceModule.dll_8A3F04E79EFDE2D3.mvfrm
[ 75/213    0s] MovedFromExtractor Library/Bee/artifacts/mvdfrm/UnityEngine.StreamingModule.dll_AD93F09E53AAE4C5.mvfrm
[ 76/213    0s] MovedFromExtractor Library/Bee/artifacts/mvdfrm/UnityEngine.SpriteShapeModule.dll_0F611502DCFA839F.mvfrm
[ 77/213    0s] MovedFromExtractor Library/Bee/artifacts/mvdfrm/UnityEngine.SpriteMaskModule.dll_59B8343BF408D832.mvfrm
[ 78/213    0s] MovedFromExtractor Library/Bee/artifacts/mvdfrm/UnityEngine.SharedInternalsModule.dll_B49DD997CC3C47C4.mvfrm
[ 79/213    0s] MovedFromExtractor Library/Bee/artifacts/mvdfrm/UnityEngine.ScriptingModule.dll_10205C1483AADC3A.mvfrm
[ 80/213    0s] MovedFromExtractor Library/Bee/artifacts/mvdfrm/UnityEngine.ShaderVariantAnalyticsModule.dll_CCE8DC649B3DFE87.mvfrm
[ 81/213    0s] MovedFromExtractor Library/Bee/artifacts/mvdfrm/UnityEngine.RuntimeInitializeOnLoadManagerInitializerModule.dll_2A29AE930B79CDE5.mvfrm
[ 82/213    0s] MovedFromExtractor Library/Bee/artifacts/mvdfrm/UnityEngine.RenderAs2DModule.dll_DEFEC37024DEF12B.mvfrm
[ 83/213    0s] MovedFromExtractor Library/Bee/artifacts/mvdfrm/UnityEngine.PropertiesModule.dll_9DC700EA4584A6F4.mvfrm
[ 84/213    0s] MovedFromExtractor Library/Bee/artifacts/mvdfrm/UnityEngine.PhysicsModule.dll_D6A470AFFF6AC0AA.mvfrm
[ 85/213    0s] MovedFromExtractor Library/Bee/artifacts/mvdfrm/UnityEngine.PhysicsBackendPhysXModule.dll_DEF4F2C428AA470C.mvfrm
[ 86/213    0s] MovedFromExtractor Library/Bee/artifacts/mvdfrm/UnityEngine.PhysicsCore2DModule.dll_7D0CFC4C95C5740B.mvfrm
[ 87/213    0s] MovedFromExtractor Library/Bee/artifacts/mvdfrm/UnityEngine.Physics2DModule.dll_45A4F33EA520251C.mvfrm
[ 88/213    0s] MovedFromExtractor Library/Bee/artifacts/mvdfrm/UnityEngine.PerformanceReportingModule.dll_AEA1E81949BE61BF.mvfrm
[ 89/213    0s] MovedFromExtractor Library/Bee/artifacts/mvdfrm/UnityEditor.HierarchyModule.dll_17ED8E00E7A597A3.mvfrm
[ 90/213    0s] MovedFromExtractor Library/Bee/artifacts/mvdfrm/UnityEngine.JSONSerializeModule.dll_EF60ADDD365BDFAB.mvfrm
[ 91/213    0s] MovedFromExtractor Library/Bee/artifacts/mvdfrm/UnityEngine.LocalizationModule.dll_E9F142DCDC80C0CA.mvfrm
[ 92/213    0s] MovedFromExtractor Library/Bee/artifacts/mvdfrm/UnityEngine.MathematicsModule.dll_1B1495819BD042C9.mvfrm
[ 93/213    0s] MovedFromExtractor Library/Bee/artifacts/mvdfrm/UnityEngine.MarshallingModule.dll_9E68863D0B8078E7.mvfrm
[ 94/213    0s] MovedFromExtractor Library/Bee/artifacts/mvdfrm/UnityEngine.InsightsModule.dll_D3139015B854AA9C.mvfrm
[ 95/213    0s] MovedFromExtractor Library/Bee/artifacts/mvdfrm/UnityEngine.InputModule.dll_16E59AA2439F795D.mvfrm
[ 96/213    0s] MovedFromExtractor Library/Bee/artifacts/mvdfrm/UnityEngine.IdentifiersModule.dll_CE896F9DE9D119AD.mvfrm
[ 97/213    0s] MovedFromExtractor Library/Bee/artifacts/mvdfrm/UnityEngine.ImageConversionModule.dll_308C9AC2550E4C74.mvfrm
[ 98/213    0s] MovedFromExtractor Library/Bee/artifacts/mvdfrm/UnityEngine.InputLegacyModule.dll_874502C6BF4A0186.mvfrm
[ 99/213    0s] MovedFromExtractor Library/Bee/artifacts/mvdfrm/UnityEngine.InputForUIModule.dll_733E1BC532B9DF74.mvfrm
[100/213    0s] MovedFromExtractor Library/Bee/artifacts/mvdfrm/UnityEngine.HotReloadModule.dll_7A47C153DF564909.mvfrm
[101/213    0s] MovedFromExtractor Library/Bee/artifacts/mvdfrm/UnityEngine.IMGUIModule.dll_E8CF72589398E89A.mvfrm
[102/213    0s] MovedFromExtractor Library/Bee/artifacts/mvdfrm/UnityEngine.GridModule.dll_45D63A66952E62F7.mvfrm
[103/213    0s] MovedFromExtractor Library/Bee/artifacts/mvdfrm/UnityEngine.GraphicsStateCollectionSerializerModule.dll_632F7CBF1726A289.mvfrm
[104/213    0s] MovedFromExtractor Library/Bee/artifacts/mvdfrm/UnityEngine.GameCenterModule.dll_708BC1ABD29942B8.mvfrm
[105/213    0s] MovedFromExtractor Library/Bee/artifacts/mvdfrm/UnityEngine.DSPGraphModule.dll_3E9E28EEA0382C3E.mvfrm
[106/213    0s] MovedFromExtractor Library/Bee/artifacts/mvdfrm/UnityEngine.GIModule.dll_6FB1EE960725AFA3.mvfrm
[107/213    0s] MovedFromExtractor Library/Bee/artifacts/mvdfrm/UnityEngine.ClusterRendererModule.dll_C49A9D11D2E99480.mvfrm
[108/213    0s] MovedFromExtractor Library/Bee/artifacts/mvdfrm/UnityEngine.CoreModule.dll_68651E787CD9CD00.mvfrm
[109/213    0s] MovedFromExtractor Library/Bee/artifacts/mvdfrm/UnityEngine.CrashReportingModule.dll_978E7718A4768098.mvfrm
[110/213    0s] MovedFromExtractor Library/Bee/artifacts/mvdfrm/UnityEngine.ContentLoadModule.dll_8F1640E8F5DAF382.mvfrm
[111/213    0s] WriteText Library/Bee/artifacts/1900b0aE.dag/UnityEngine.UI.dll.mvfrm.rsp
[112/213    0s] WriteText Library/Bee/artifacts/1900b0aE.dag/UnityEngine.UI.rsp
[113/213    0s] WriteText Library/Bee/artifacts/1900b0aE.dag/UnityEditor.UI.rsp2
[114/213    0s] WriteText Library/Bee/artifacts/1900b0aE.dag/UnityEditor.UI.UnityAdditionalFile.txt
[115/213    0s] MovedFromExtractor Library/Bee/artifacts/mvdfrm/UnityEngine.ClusterInputModule.dll_ABA4788A4504CDD1.mvfrm
[116/213    0s] MovedFromExtractor Library/Bee/artifacts/mvdfrm/UnityEngine.AudioModule.dll_B06FD2F1CD6754B9.mvfrm
[117/213    0s] MovedFromExtractor Library/Bee/artifacts/mvdfrm/UnityEditor.dll_DA98663F455DBFB0.mvfrm
[118/213    0s] MovedFromExtractor Library/Bee/artifacts/mvdfrm/UnityEngine.ARModule.dll_90E86A8BC8942652.mvfrm
[119/213    0s] MovedFromExtractor Library/Bee/artifacts/mvdfrm/UnityEditor.XRModule.dll_1A0B9BB087356C40.mvfrm
[120/213    0s] MovedFromExtractor Library/Bee/artifacts/mvdfrm/UnityEditor.VideoModule.dll_0F4C9AF85E7C3FB9.mvfrm
[121/213    0s] MovedFromExtractor Library/Bee/artifacts/mvdfrm/UnityEditor.VectorGraphicsModule.dll_C6C394FE88A1EE64.mvfrm
[122/213    0s] MovedFromExtractor Library/Bee/artifacts/mvdfrm/UnityEditor.VFXModule.dll_945747B9992B3266.mvfrm
[123/213    0s] MovedFromExtractor Library/Bee/artifacts/mvdfrm/UnityEngine.HierarchyModule.dll_CDD37EE9CD254988.mvfrm
[124/213    0s] MovedFromExtractor Library/Bee/artifacts/mvdfrm/UnityEditor.WindowsStandalone.Extensions.dll_DE58C3BE98D4DA1B.mvfrm
[125/213    0s] MovedFromExtractor Library/Bee/artifacts/mvdfrm/UnityEditor.UnityConnectModule.dll_2C080374937CFB0B.mvfrm
[126/213    0s] MovedFromExtractor Library/Bee/artifacts/mvdfrm/UnityEditor.Graphs.dll_4C577743C526D707.mvfrm
[127/213    0s] MovedFromExtractor Library/Bee/artifacts/mvdfrm/UnityEngine.TerrainPhysicsModule.dll_EB1B69382BCB06B3.mvfrm
[128/213    0s] MovedFromExtractor Library/Bee/artifacts/mvdfrm/UnityEngine.TerrainModule.dll_F0EAEC1ED5290998.mvfrm
[129/213    0s] MovedFromExtractor Library/Bee/artifacts/mvdfrm/UnityEngine.UnityWebRequestTextureModule.dll_0C2EBEB3EF71C30C.mvfrm
[130/213    0s] MovedFromExtractor Library/Bee/artifacts/mvdfrm/UnityEngine.NVIDIAModule.dll_4D6C9C0599D4A16C.mvfrm
[131/213    0s] MovedFromExtractor Library/Bee/artifacts/mvdfrm/UnityEngine.SubsystemsModule.dll_C4659A9DC250C045.mvfrm
[132/213    0s] MovedFromExtractor Library/Bee/artifacts/mvdfrm/UnityEngine.ScreenCaptureModule.dll_09485B624AC80C0D.mvfrm
[133/213    0s] MovedFromExtractor Library/Bee/artifacts/mvdfrm/UnityEngine.ParticleSystemModule.dll_EAA0C06512880C26.mvfrm
[134/213    0s] MovedFromExtractor Library/Bee/artifacts/mvdfrm/UnityEngine.DirectorModule.dll_394CC7852DD75B1D.mvfrm
[135/213    0s] MovedFromExtractor Library/Bee/artifacts/mvdfrm/UnityEngine.ClothModule.dll_17582FECA784339D.mvfrm
[136/213    0s] MovedFromExtractor Library/Bee/artifacts/mvdfrm/UnityEngine.AssetBundleModule.dll_F5FFE7A827584B95.mvfrm
[137/213    0s] MovedFromExtractor Library/Bee/artifacts/mvdfrm/UnityEngine.AnimationModule.dll_F8FF034E04232D87.mvfrm
[138/213    0s] MovedFromExtractor-Combine Library/Bee/artifacts/1900b0aE.dag/UnityEngine.UI.dll.mvfrm
[139/213    0s] MovedFromExtractor Library/Bee/artifacts/mvdfrm/UnityEngine.AdaptivePerformanceModule.dll_04E10B3745EE044D.mvfrm
[140/213    0s] MovedFromExtractor Library/Bee/artifacts/mvdfrm/UnityEngine.AndroidJNIModule.dll_463E77910C5851C7.mvfrm
[141/213    0s] MovedFromExtractor Library/Bee/artifacts/mvdfrm/UnityEngine.AccessibilityModule.dll_8F4924A137207F21.mvfrm
[142/213    0s] MovedFromExtractor Library/Bee/artifacts/mvdfrm/UnityEngine.AIModule.dll_D775A5886B76C789.mvfrm
[143/213    0s] MovedFromExtractor Library/Bee/artifacts/mvdfrm/UnityEngine.AMDModule.dll_210A8E390B3D5BAB.mvfrm
[144/213    0s] MovedFromExtractor Library/Bee/artifacts/mvdfrm/UnityEngine.WindModule.dll_DEB3F9A10E104B69.mvfrm
[145/213    0s] MovedFromExtractor Library/Bee/artifacts/mvdfrm/UnityEngine.XRModule.dll_587A2D3FF2B2A00B.mvfrm
[146/213    0s] MovedFromExtractor Library/Bee/artifacts/mvdfrm/UnityEngine.VideoModule.dll_D579575C8FF9705E.mvfrm
[147/213    0s] MovedFromExtractor Library/Bee/artifacts/mvdfrm/UnityEngine.VehiclesModule.dll_B10FC104A8012AB8.mvfrm
[148/213    0s] WriteText Library/Bee/artifacts/1900b0aE.dag/UnityEditor.UI.dll.mvfrm.rsp
[149/213    0s] WriteText Library/Bee/artifacts/1900b0aE.dag/UnityEditor.UI.rsp
[150/213    0s] WriteText Library/Bee/artifacts/1900b0aE.dag/Unity.InternalAPIEngineBridge.004.UnityAdditionalFile.txt
[151/213    0s] WriteText Library/Bee/artifacts/1900b0aE.dag/Unity.InternalAPIEngineBridge.004.rsp2
[152/213    0s] WriteText Library/Bee/artifacts/1900b0aE.dag/Unity.InternalAPIEngineBridge.004.dll.mvfrm.rsp
[153/213    0s] WriteText Library/Bee/artifacts/1900b0aE.dag/Unity.InternalAPIEngineBridge.004.rsp
[154/213    0s] WriteText Library/Bee/artifacts/1900b0aE.dag/Unity.TextMeshPro.rsp2
[155/213    0s] WriteText Library/Bee/artifacts/1900b0aE.dag/Unity.TextMeshPro.UnityAdditionalFile.txt
[156/213    0s] WriteText Library/Bee/artifacts/1900b0aE.dag/Unity.TextMeshPro.dll.mvfrm.rsp
[157/213    0s] WriteText Library/Bee/artifacts/1900b0aE.dag/Unity.TextMeshPro.rsp
[158/213    0s] WriteText Library/Bee/artifacts/1900b0aE.dag/UnityEditor.UI.Analytics.rsp2
[159/213    0s] WriteText Library/Bee/artifacts/1900b0aE.dag/Unity.TextMeshPro.Editor.rsp2
[160/213    0s] WriteText Library/Bee/artifacts/1900b0aE.dag/Unity.TextMeshPro.Editor.UnityAdditionalFile.txt
[161/213    0s] WriteText Library/Bee/artifacts/1900b0aE.dag/UnityEditor.UI.Analytics.UnityAdditionalFile.txt
[162/213    0s] WriteText Library/Bee/artifacts/1900b0aE.dag/UnityEditor.UI.Analytics.dll.mvfrm.rsp
[163/213    0s] WriteText Library/Bee/artifacts/1900b0aE.dag/Unity.TextMeshPro.Editor.dll.mvfrm.rsp
[164/213    0s] WriteText Library/Bee/artifacts/1900b0aE.dag/UnityEditor.UI.Analytics.rsp
[165/213    0s] WriteText Library/Bee/artifacts/1900b0aE.dag/Unity.TextMeshPro.Editor.rsp
[166/213    0s] WriteText Library/Bee/artifacts/1900b0aE.dag/Assembly-CSharp.rsp2
[167/213    0s] WriteText Library/Bee/artifacts/1900b0aE.dag/Assembly-CSharp.UnityAdditionalFile.txt
[168/213    0s] WriteText Library/Bee/artifacts/1900b0aE.dag/Assembly-CSharp.dll.mvfrm.rsp
[169/213    0s] WriteText Library/Bee/artifacts/1900b0aE.dag/Assembly-CSharp.rsp
[170/213    0s] MovedFromExtractor Library/Bee/artifacts/mvdfrm/UnityEngine.VectorGraphicsModule.dll_81E7F699A48E826F.mvfrm
[171/213    0s] MovedFromExtractor Library/Bee/artifacts/mvdfrm/UnityEngine.UnityWebRequestWWWModule.dll_B3526F4136A4F408.mvfrm
[172/213    0s] MovedFromExtractor Library/Bee/artifacts/mvdfrm/UnityEngine.UnityWebRequestModule.dll_422BA26C6002E6F3.mvfrm
[173/213    0s] MovedFromExtractor Library/Bee/artifacts/mvdfrm/UnityEngine.HierarchyCoreModule.dll_0663C17BA5CDD817.mvfrm
[174/213    0s] MovedFromExtractor Library/Bee/artifacts/mvdfrm/UnityEngine.UnityWebRequestAudioModule.dll_269E3BF7D0292C57.mvfrm
[175/213    0s] MovedFromExtractor Library/Bee/artifacts/mvdfrm/UnityEngine.UnityWebRequestAssetBundleModule.dll_9BC251559C344A73.mvfrm
[176/213    0s] MovedFromExtractor Library/Bee/artifacts/mvdfrm/UnityEngine.UmbraModule.dll_2B447F0A5A8E002C.mvfrm
[177/213    0s] MovedFromExtractor Library/Bee/artifacts/mvdfrm/UnityEngine.UnityAnalyticsModule.dll_0A40312EBEAF5E22.mvfrm
[178/213    0s] MovedFromExtractor Library/Bee/artifacts/mvdfrm/UnityEngine.TilemapModule.dll_8FE7539FECE5EAA1.mvfrm
[179/213    0s] MovedFromExtractor Library/Bee/artifacts/mvdfrm/UnityEngine.UIElementsModule.dll_C8A3FC05C57CFC3C.mvfrm
[           0s] Csc Library/Bee/artifacts/1900b0aE.dag/UnityEngine.UI.dll (+2 others) [CacheMiss 81037a29e7dfcbc13266f293e6dbb41700000000000000000000000000000006]
[BUSY       6s] Csc Library/Bee/artifacts/1900b0aE.dag/UnityEngine.UI.dll (+2 others)
[180/213    7s] Csc Library/Bee/artifacts/1900b0aE.dag/UnityEngine.UI.dll (+2 others)
[           0s] Csc Library/Bee/artifacts/1900b0aE.dag/UnityEngine.UI.dll (+2 others) [CacheWrite 81037a29e7dfcbc13266f293e6dbb41700000000000000000000000000000006]
[181/213    0s] CopyFiles Library/ScriptAssemblies/UnityEngine.UI.pdb
[182/213    0s] CopyFiles Library/ScriptAssemblies/UnityEngine.UI.dll
[183/213    0s] MovedFromExtractor Library/Bee/artifacts/mvdfrm/UnityEngine.UI.ref.dll_08FEAA520A2EFD60.mvfrm
[184/213    0s] MovedFromExtractor-Combine Library/Bee/artifacts/1900b0aE.dag/UnityEditor.UI.dll.mvfrm
[           0s] Csc Library/Bee/artifacts/1900b0aE.dag/UnityEditor.UI.dll (+2 others) [CacheMiss 5f648aa7e35696693131df4c0d2efc7800000000000000000000000000000006]
[185/213    0s] Csc Library/Bee/artifacts/1900b0aE.dag/UnityEditor.UI.dll (+2 others)
[           0s] Csc Library/Bee/artifacts/1900b0aE.dag/UnityEditor.UI.dll (+2 others) [CacheWrite 5f648aa7e35696693131df4c0d2efc7800000000000000000000000000000006]
[186/213    0s] CopyFiles Library/ScriptAssemblies/UnityEditor.UI.pdb
[187/213    0s] MovedFromExtractor Library/Bee/artifacts/mvdfrm/UnityEditor.UI.ref.dll_4C98D3F7040CD4F5.mvfrm
[188/213    0s] CopyFiles Library/ScriptAssemblies/UnityEditor.UI.dll
[189/213    0s] MovedFromExtractor-Combine Library/Bee/artifacts/1900b0aE.dag/Unity.InternalAPIEngineBridge.004.dll.mvfrm
[           0s] Csc Library/Bee/artifacts/1900b0aE.dag/Unity.InternalAPIEngineBridge.004.dll (+2 others) [CacheMiss a7f2591e78d4196eebb602e15776d6dc00000000000000000000000000000006]
[190/213    0s] Csc Library/Bee/artifacts/1900b0aE.dag/Unity.InternalAPIEngineBridge.004.dll (+2 others)
[           0s] Csc Library/Bee/artifacts/1900b0aE.dag/Unity.InternalAPIEngineBridge.004.dll (+2 others) [CacheWrite a7f2591e78d4196eebb602e15776d6dc00000000000000000000000000000006]
[191/213    0s] CopyFiles Library/ScriptAssemblies/Unity.InternalAPIEngineBridge.004.dll
[192/213    0s] CopyFiles Library/ScriptAssemblies/Unity.InternalAPIEngineBridge.004.pdb
[193/213    0s] MovedFromExtractor Library/Bee/artifacts/mvdfrm/Unity.InternalAPIEngineBridge.004.ref.dll_9F91F1CFF2D20E26.mvfrm
[194/213    0s] MovedFromExtractor-Combine Library/Bee/artifacts/1900b0aE.dag/Unity.TextMeshPro.dll.mvfrm
[           0s] Csc Library/Bee/artifacts/1900b0aE.dag/Unity.TextMeshPro.dll (+2 others) [CacheMiss beaab38da04614fb4e6a533a07012c1900000000000000000000000000000006]
[195/213    2s] Csc Library/Bee/artifacts/1900b0aE.dag/Unity.TextMeshPro.dll (+2 others)
[           0s] Csc Library/Bee/artifacts/1900b0aE.dag/Unity.TextMeshPro.dll (+2 others) [CacheWrite beaab38da04614fb4e6a533a07012c1900000000000000000000000000000006]
[196/213    0s] CopyFiles Library/ScriptAssemblies/Unity.TextMeshPro.pdb
[197/213    0s] CopyFiles Library/ScriptAssemblies/Unity.TextMeshPro.dll
[198/213    0s] MovedFromExtractor Library/Bee/artifacts/mvdfrm/Unity.TextMeshPro.ref.dll_84A4293DBDD182DB.mvfrm
[199/213    0s] MovedFromExtractor-Combine Library/Bee/artifacts/1900b0aE.dag/Unity.TextMeshPro.Editor.dll.mvfrm
[200/213    0s] MovedFromExtractor-Combine Library/Bee/artifacts/1900b0aE.dag/UnityEditor.UI.Analytics.dll.mvfrm
[           0s] Csc Library/Bee/artifacts/1900b0aE.dag/UnityEditor.UI.Analytics.dll (+2 others) [CacheMiss bf63237f80e850c6232a9f353a91747500000000000000000000000000000006]
[           0s] Csc Library/Bee/artifacts/1900b0aE.dag/Unity.TextMeshPro.Editor.dll (+2 others) [CacheMiss 20a203efe181c5ba29e32c21b98ac4ba00000000000000000000000000000006]
[201/213    0s] Csc Library/Bee/artifacts/1900b0aE.dag/UnityEditor.UI.Analytics.dll (+2 others)
[           0s] Csc Library/Bee/artifacts/1900b0aE.dag/UnityEditor.UI.Analytics.dll (+2 others) [CacheWrite bf63237f80e850c6232a9f353a91747500000000000000000000000000000006]
[202/213    0s] CopyFiles Library/ScriptAssemblies/UnityEditor.UI.Analytics.dll
[203/213    0s] CopyFiles Library/ScriptAssemblies/UnityEditor.UI.Analytics.pdb
[204/213    0s] MovedFromExtractor Library/Bee/artifacts/mvdfrm/UnityEditor.UI.Analytics.ref.dll_3B64A5A3A726AD5D.mvfrm
[205/213    1s] Csc Library/Bee/artifacts/1900b0aE.dag/Unity.TextMeshPro.Editor.dll (+2 others)
[           0s] Csc Library/Bee/artifacts/1900b0aE.dag/Unity.TextMeshPro.Editor.dll (+2 others) [CacheWrite 20a203efe181c5ba29e32c21b98ac4ba00000000000000000000000000000006]
[206/213    0s] CopyFiles Library/ScriptAssemblies/Unity.TextMeshPro.Editor.pdb
[207/213    0s] MovedFromExtractor Library/Bee/artifacts/mvdfrm/Unity.TextMeshPro.Editor.ref.dll_159E061D77A10B86.mvfrm
[208/213    0s] MovedFromExtractor-Combine Library/Bee/artifacts/1900b0aE.dag/Assembly-CSharp.dll.mvfrm
[209/213    0s] CopyFiles Library/ScriptAssemblies/Unity.TextMeshPro.Editor.dll
[210/213    0s] Csc Library/Bee/artifacts/1900b0aE.dag/Assembly-CSharp.dll (+2 others)
[211/213    0s] CopyFiles Library/ScriptAssemblies/Assembly-CSharp.pdb
[212/213    0s] CopyFiles Library/ScriptAssemblies/Assembly-CSharp.dll
*** Tundra build success (28.69 seconds), 212 items updated, 213 evaluated
Total cache size 269651380
Total cache size after purge 267737804, took 00:00:01.2006993
AssetDatabase: script compilation time: 38.051135s
Begin MonoManager ReloadAssembly
Importing 'GUID: 00000000000000001000000000000000 - Path: Assets' with importer (DefaultImporter)
Imported 'GUID: 00000000000000001000000000000000' -> (Import Result ID: '738cbbd604dc2195b6321aa19a8f34f1') in 0.054 seconds [static dependencies only]. Details - ImportResultOutputID=931399766a3d35f20ee4474945b75a67 DependenciesID=6ef059e16f77d89b65de4395ffdd5ce7 StaticDependenciesID=021a196fb38bf0e383cdb5199031682f 
Importing 'GUID: 00000000000000002000000000000000 - Path: ProjectSettings/InputManager.asset' with importer (LibraryAssetImporter)
Imported 'GUID: 00000000000000002000000000000000' -> (Import Result ID: '066489c8afb6c38ba445ee068d1b1ddc') in 0.013 seconds [static dependencies only]. Details - ImportResultOutputID=0290babc70dea6fa2c98f564a251f1f8 DependenciesID=96b9d86faebbda27390899bf82e6a4fe StaticDependenciesID=a819cc153f9a909a1659e9d6be4ee3ff 
Importing 'GUID: 00000000000000003000000000000000 - Path: ProjectSettings/TagManager.asset' with importer (LibraryAssetImporter)
Imported 'GUID: 00000000000000003000000000000000' -> (Import Result ID: '0bbec23a6e25bf2a1e3a4193cab14c78') in 0.002 seconds [static dependencies only]. Details - ImportResultOutputID=fd6696bcbef029973bb12ace65e33982 DependenciesID=d27284f49037644be5128a4d2aaacf61 StaticDependenciesID=375832bd3beff761901d315947853e68 
Importing 'GUID: 00000000000000004000000000000000 - Path: ProjectSettings/ProjectSettings.asset' with importer (LibraryAssetImporter)
Imported 'GUID: 00000000000000004000000000000000' -> (Import Result ID: 'cc3401a8051da3db26427f610ac22f14') in 0.002 seconds [static dependencies only]. Details - ImportResultOutputID=276a810dac73e1f29404d5e5f692e214 DependenciesID=35ed8cad7141b2872af98ccce72d8e3c StaticDependenciesID=40c54e02b7e587dcdc3da7d0915b3853 
Importing 'GUID: 00000000000000006000000000000000 - Path: ProjectSettings/AudioManager.asset' with importer (LibraryAssetImporter)
Imported 'GUID: 00000000000000006000000000000000' -> (Import Result ID: '267fe03007c6632b7379b56c633b722d') in 0.002 seconds [static dependencies only]. Details - ImportResultOutputID=acca44841ee8003c72d524064efb6e35 DependenciesID=a71a58753d87cd72fe767341614d2166 StaticDependenciesID=e96d5e218a01b19b3672dd88e6cf87a1 
Importing 'GUID: 00000000000000007000000000000000 - Path: ProjectSettings/TimeManager.asset' with importer (LibraryAssetImporter)
Imported 'GUID: 00000000000000007000000000000000' -> (Import Result ID: '0a60df3c20d93b723ae0b35ded6c2a63') in 0.001 seconds [static dependencies only]. Details - ImportResultOutputID=bcbe57e6eed4f14d697ceae3e9a4ee48 DependenciesID=50b65264b9bb240314e092a3620af00b StaticDependenciesID=47e7cd4ba931b595a0bce618b57fd01d 
Importing 'GUID: 00000000000000008000000000000000 - Path: ProjectSettings/DynamicsManager.asset' with importer (LibraryAssetImporter)
Imported 'GUID: 00000000000000008000000000000000' -> (Import Result ID: '02efe62c9ed3749ab9cec6d097892d59') in 0.002 seconds [static dependencies only]. Details - ImportResultOutputID=af765d07e318cf68f695edacf91778bd DependenciesID=2b45fcae813f302d806b4f1ec3374c4d StaticDependenciesID=ebc0a92d8af4bb518e7ae866ccaab55f 
Importing 'GUID: 00000000000000009000000000000000 - Path: ProjectSettings/QualitySettings.asset' with importer (LibraryAssetImporter)
Imported 'GUID: 00000000000000009000000000000000' -> (Import Result ID: '9a10a44ea2899d5322e76596960c0c12') in 0.002 seconds [static dependencies only]. Details - ImportResultOutputID=7b12711da11c94ad897442b4820d3f7b DependenciesID=4b9edf5a6fde83c7e59ce271cd623904 StaticDependenciesID=2d78082e6b042ac96c9e20b6e6e81f2d 
Importing 'GUID: 0000000000000000b000000000000000 - Path: ProjectSettings/EditorBuildSettings.asset' with importer (LibraryAssetImporter)
Imported 'GUID: 0000000000000000b000000000000000' -> (Import Result ID: '2657bb30b0063a3b82989679a9f03024') in 0.001 seconds [static dependencies only]. Details - ImportResultOutputID=4647dd083cfc32cebcd7526e8846440c DependenciesID=d86e6556638f3db49f09ce68ab983df7 StaticDependenciesID=ab84b5520c3ce95a90cb94e3f302b3b3 
Importing 'GUID: 0000000000000000c000000000000000 - Path: ProjectSettings/EditorSettings.asset' with importer (LibraryAssetImporter)
Imported 'GUID: 0000000000000000c000000000000000' -> (Import Result ID: '16406c0f83b39dfbaa9f7c81e65b3833') in 0.002 seconds [static dependencies only]. Details - ImportResultOutputID=fc08cc28cef36a03227c22ef67b54535 DependenciesID=185fb233f0c1deb9730c288eae1847e9 StaticDependenciesID=1e59283d9fd5d7d0a2c911761dae675c 
Importing 'GUID: 00000000000000004100000000000000 - Path: ProjectSettings/NavMeshAreas.asset' with importer (LibraryAssetImporter)
Imported 'GUID: 00000000000000004100000000000000' -> (Import Result ID: 'e31f50702c7b8e68dd2168fe8bd964ea') in 0.002 seconds [static dependencies only]. Details - ImportResultOutputID=90afd57cd2fd79df9534381ff5673272 DependenciesID=1ac24e485698ab387aef910ba13b9e8f StaticDependenciesID=a2a3ab8c7d0fbb3870236fae267ea2f9 
Importing 'GUID: 00000000000000005100000000000000 - Path: ProjectSettings/Physics2DSettings.asset' with importer (LibraryAssetImporter)
Imported 'GUID: 00000000000000005100000000000000' -> (Import Result ID: '6f6946c701cae6c8d3565647c9af0adb') in 0.001 seconds [static dependencies only]. Details - ImportResultOutputID=51a8098361d5b0c1ab07bfc06e51f152 DependenciesID=a3c6a2585dd089b2e6472ccf0702028e StaticDependenciesID=8fa4e4cbc19fa8820d725e5e587dba6b 
Importing 'GUID: 00000000000000006100000000000000 - Path: ProjectSettings/GraphicsSettings.asset' with importer (LibraryAssetImporter)
Imported 'GUID: 00000000000000006100000000000000' -> (Import Result ID: '6ed8a6c4863db25fc48600017d6a93c6') in 0.002 seconds [static dependencies only]. Details - ImportResultOutputID=f9600466f06a676b7a4f639f6629ea48 DependenciesID=1d4431a6e5b0bcd73a527372bc5878ec StaticDependenciesID=37bd7e141dbd565f3b044442b258dcb3 
Importing 'GUID: 00000000000000007100000000000000 - Path: ProjectSettings/ClusterInputManager.asset' with importer (LibraryAssetImporter)
Imported 'GUID: 00000000000000007100000000000000' -> (Import Result ID: '98df8fe07f74a43636e12ba0b1dff325') in 0.001 seconds [static dependencies only]. Details - ImportResultOutputID=8ce0cedd10b8cd8471ed9838bfc872ed DependenciesID=301d2e79b9cea8c2e09ddfe7eb603702 StaticDependenciesID=a4e674332c32893975d6fb27021957ee 
Importing 'GUID: 0000000000000000a100000000000000 - Path: ProjectSettings/UnityConnectSettings.asset' with importer (LibraryAssetImporter)
Imported 'GUID: 0000000000000000a100000000000000' -> (Import Result ID: '2634e3eb62b3fca8d90b10940f3b2c5e') in 0.002 seconds [static dependencies only]. Details - ImportResultOutputID=1989c27f310e62ee2c72d63f16a698d0 DependenciesID=17dacb10d1b65a95821e1a79ebdbcde5 StaticDependenciesID=bc8eee46cb26771f9c0a8ef851e008b6 
Importing 'GUID: 0000000000000000b100000000000000 - Path: ProjectSettings/PresetManager.asset' with importer (LibraryAssetImporter)
Imported 'GUID: 0000000000000000b100000000000000' -> (Import Result ID: 'eff0b076cc50aa251a41c786a59fa98b') in 0.002 seconds [static dependencies only]. Details - ImportResultOutputID=d271a469f14af9d29dbd89abc966f7ef DependenciesID=c09356504a645f13590159c4dd0e0dde StaticDependenciesID=df9d007f7f046b433cd723615d666307 
Importing 'GUID: 0000000000000000c100000000000000 - Path: ProjectSettings/VFXManager.asset' with importer (LibraryAssetImporter)
Imported 'GUID: 0000000000000000c100000000000000' -> (Import Result ID: '71922488826273df871f003f093a936c') in 0.001 seconds [static dependencies only]. Details - ImportResultOutputID=d5b1cc1b236d3087c4a5fc9e9cb18618 DependenciesID=ed8958b0d19e15ae5904deb4308242d7 StaticDependenciesID=137e8b8e1996c5471f6058ca4efd87d7 
Importing 'GUID: 0000000000000000d100000000000000 - Path: ProjectSettings/VersionControlSettings.asset' with importer (LibraryAssetImporter)
Imported 'GUID: 0000000000000000d100000000000000' -> (Import Result ID: 'd27f353fbd4ff1f73b0687b74f5d991f') in 0.001 seconds [static dependencies only]. Details - ImportResultOutputID=0a19189542c4b1aa9afad4d76b36cbef DependenciesID=f00364dcb6cb50f2625ab809a5979749 StaticDependenciesID=311985edc9778dea0eea5a80fb8121ad 
Importing 'GUID: 0000000000000000f100000000000000 - Path: ProjectSettings/MemorySettings.asset' with importer (LibraryAssetImporter)
Imported 'GUID: 0000000000000000f100000000000000' -> (Import Result ID: 'd2c0e5a0c47587b96859ecb79a41c9ab') in 0.002 seconds [static dependencies only]. Details - ImportResultOutputID=078c9215d0d3f7dcc6c2ea9c2e21e93e DependenciesID=7e9bcdb8fcdaf4bf9ecb2aaaaae84b08 StaticDependenciesID=e04556c3a58344066f969a6b932b1ed8 
Importing 'GUID: 00000000000000000200000000000000 - Path: ProjectSettings/MultiplayerManager.asset' with importer (LibraryAssetImporter)
Imported 'GUID: 00000000000000000200000000000000' -> (Import Result ID: 'c9f9a55c6b21646b674230215e04698d') in 0.001 seconds [static dependencies only]. Details - ImportResultOutputID=cc8bc420ff0fb13a9534be625b324364 DependenciesID=28864cc60eb647eb9d009809daf565a6 StaticDependenciesID=8f9e3c2c7511546a36b486c4d19fa0a5 
Importing 'GUID: 00000000000000001200000000000000 - Path: ProjectSettings/PhysicsCoreProjectSettings2D.asset' with importer (LibraryAssetImporter)
Imported 'GUID: 00000000000000001200000000000000' -> (Import Result ID: 'e35c32b4147096ac983c198680c6d41c') in 0.001 seconds [static dependencies only]. Details - ImportResultOutputID=07b8874da21d0d67c4347d012422ba62 DependenciesID=14f16869a4b7b615a31502a3b18404b9 StaticDependenciesID=c379bb28f8ef25e6cea6bb5c10bd415a 
Importing 'GUID: 00000000000000002300000000000000 - Path: Library/BuildInstructions' with importer (DefaultImporter)
Imported 'GUID: 00000000000000002300000000000000' -> (Import Result ID: '622a8fd548d91ef719400ddc42467044') in 0.003 seconds [static dependencies only]. Details - ImportResultOutputID=d2da4dbe7433590953d90148eb4e1f22 DependenciesID=8a94f9095adb7389af01fc576c08004e StaticDependenciesID=ae1c4908a8fb44c52d73aa775822d0f3 
Importing 'GUID: c060426bfd6e82575228df6656368eaa - Path: Packages/com.unity.modules.imgui' with importer (DefaultImporter)
Imported 'GUID: c060426bfd6e82575228df6656368eaa' -> (Import Result ID: 'c03191d9700d867c6a9aae555f02173b') in 0.003 seconds [static dependencies only]. Details - ImportResultOutputID=dcc23da4b16b268ee6e83200b7ebb805 DependenciesID=071b8244e916ba1f8bc0d9e9172f4f66 StaticDependenciesID=8cc5901bf27deb6d2e4e45d3edd45f07 
Importing 'GUID: 14a15924e26804546bb6d377b839ea11 - Path: Assets/Prefabs' with importer (DefaultImporter)
Imported 'GUID: 14a15924e26804546bb6d377b839ea11' -> (Import Result ID: '3dace637d29a4dded8a3620b60274569') in 0.004 seconds [static dependencies only]. Details - ImportResultOutputID=7c46c3312e19eff0dbf0cb2934e41c4c DependenciesID=2d679c9419cd1b3c65f9ac1fb7e4014e StaticDependenciesID=3f1a99532ef527c2fe47589d2090f4e6 
Importing 'GUID: a44a5a2431b0944dbaf26edd41938bd9 - Path: Assets/DMT321' with importer (DefaultImporter)
Imported 'GUID: a44a5a2431b0944dbaf26edd41938bd9' -> (Import Result ID: '9764ecfeafd7aaaec4eab9315978ab6a') in 0.003 seconds [static dependencies only]. Details - ImportResultOutputID=db87ea69b0e6446f57fe5c495ff04217 DependenciesID=2eeb5eec1e78f425f5b3a5ac0b13aaf9 StaticDependenciesID=4539709dc26d6a116cbe575833ec5d9e 
Importing 'GUID: 85d6aae9f8db204a9cdef06a75d15d11 - Path: Packages/com.unity.ugui' with importer (DefaultImporter)
Imported 'GUID: 85d6aae9f8db204a9cdef06a75d15d11' -> (Import Result ID: '8c77f79dd337099cc82311dc6022140d') in 0.003 seconds [static dependencies only]. Details - ImportResultOutputID=ebba4041a87726447344179be0239c74 DependenciesID=7da243fdf889f382797d0e0d2c8d72f6 StaticDependenciesID=be37bb6911788151a98e6a91420ff817 
Importing 'GUID: 850c54ee0b9e1aa740b1c67792eb1f26 - Path: Packages/com.unity.modules.imageconversion' with importer (DefaultImporter)
Imported 'GUID: 850c54ee0b9e1aa740b1c67792eb1f26' -> (Import Result ID: '21deabad27fc95d7e0474789acf0c644') in 0.003 seconds [static dependencies only]. Details - ImportResultOutputID=5e29084e34474b819d3f42b6f87fa2f1 DependenciesID=f8676791f92d41abd7e981d91dbbef19 StaticDependenciesID=a328d4847189a01efbc0969f9ea60779 
Importing 'GUID: f54d1bd14bd3ca042bd867b519fee8cc - Path: Assets/TextMesh Pro' with importer (DefaultImporter)
Imported 'GUID: f54d1bd14bd3ca042bd867b519fee8cc' -> (Import Result ID: '0017850b1cc0d8935007fcf3cc1d26c2') in 0.003 seconds [static dependencies only]. Details - ImportResultOutputID=557aa16bff1fbbdf58ca7fb84f237fd8 DependenciesID=ac7e4a2425da1062e0ff42823ad9add0 StaticDependenciesID=131756df98bf4b89be992c4e23362381 
Importing 'GUID: d6db7caf2e852b75ebb9c6098418179c - Path: Packages/com.unity.modules.physics' with importer (DefaultImporter)
Imported 'GUID: d6db7caf2e852b75ebb9c6098418179c' -> (Import Result ID: '3be31cd571d86302122c2fbd040a54fe') in 0.003 seconds [static dependencies only]. Details - ImportResultOutputID=ca9e398e0fe23d8852b03b4ef733b883 DependenciesID=7280b59d3b74262aea8686fbc3020be8 StaticDependenciesID=cf4c3d5428251d80a90b0ad594809e5f 
Importing 'GUID: 376c84ea405e0f2b80562c23bb977216 - Path: Packages/com.unity.modules.physics2d' with importer (DefaultImporter)
Imported 'GUID: 376c84ea405e0f2b80562c23bb977216' -> (Import Result ID: '0dc0bc826dbb6a655de29a92779ca8f7') in 0.003 seconds [static dependencies only]. Details - ImportResultOutputID=3c523e0fa92287aeca10533038c4ad8c DependenciesID=fb8e35e6fa5947f9a4f1648b4b71a6b0 StaticDependenciesID=d405ef47b73d15923aefb5e36e86e935 
Importing 'GUID: 68e0be7bb6e024093b6985f281238e67 - Path: Assets/Editor' with importer (DefaultImporter)
Imported 'GUID: 68e0be7bb6e024093b6985f281238e67' -> (Import Result ID: '308f1625da318c9d32b754a6695b0637') in 0.003 seconds [static dependencies only]. Details - ImportResultOutputID=834e077b62aff32dedfb4acf701433b6 DependenciesID=e516ef4ac8b183fdd0c32ef84ae913f7 StaticDependenciesID=1268dfcc32ff751b28d6b75c80516e81 
Importing 'GUID: 39728903e57c60021f80449a8bbc0096 - Path: Packages/com.unity.modules.ui' with importer (DefaultImporter)
Imported 'GUID: 39728903e57c60021f80449a8bbc0096' -> (Import Result ID: '14af1c1fe9b4344526c7abc7277865ba') in 0.003 seconds [static dependencies only]. Details - ImportResultOutputID=d7a4a57fb3c24edd8687328a72cff587 DependenciesID=0cabb1fe237f6e2870db6cbe4fe7714d StaticDependenciesID=7987e1d1c98b48c5c9b0f2593535bcb6 
Importing 'GUID: fc3a810351931f5e6183e16b9beb5563 - Path: Packages/com.unity.modules.jsonserialize' with importer (DefaultImporter)
Imported 'GUID: fc3a810351931f5e6183e16b9beb5563' -> (Import Result ID: '64859958ccf1e2db5e09c361794e1f6c') in 0.003 seconds [static dependencies only]. Details - ImportResultOutputID=65186f4186bf0f33d3946d1d6d75958c DependenciesID=fae883bb4d985a9d790ce2593e9c8994 StaticDependenciesID=8295b792470579d57941ab04af89f790 
Importing 'GUID: 2d6ba5cbe47e6ad3c87474c56174d4e0 - Path: Packages/com.unity.modules.audio' with importer (DefaultImporter)
Imported 'GUID: 2d6ba5cbe47e6ad3c87474c56174d4e0' -> (Import Result ID: 'fdaaaea30fe180bc04e461a556693a1f') in 0.003 seconds [static dependencies only]. Details - ImportResultOutputID=8643a11ddcb415e1ae77356bdcd0e31f DependenciesID=25f9d0671fd0d4f37da2ead7c31143a5 StaticDependenciesID=2ff39f5c93529778aafe692e74132cab 
Importing 'GUID: 5e22a8d6e557a1b3cae09054b0b5f9d8 - Path: Packages/com.unity.modules.physicscore2d' with importer (DefaultImporter)
Imported 'GUID: 5e22a8d6e557a1b3cae09054b0b5f9d8' -> (Import Result ID: '105150cf53106daea2c5b3b41c4cbfb5') in 0.003 seconds [static dependencies only]. Details - ImportResultOutputID=8aeec98806d48c587b06189bc919a668 DependenciesID=85fe88ca4f4fdbd538864fc4ce324b20 StaticDependenciesID=9bca5bb16668432354f208a37b47fd54 
Importing 'GUID: d0603b6d5186471b96c778c3949c7ce2 - Path: Assets/TextMesh Pro/Sprites' with importer (DefaultImporter)
Imported 'GUID: d0603b6d5186471b96c778c3949c7ce2' -> (Import Result ID: '69437387480ea93376bb5bee740fba44') in 0.003 seconds [static dependencies only]. Details - ImportResultOutputID=e8625b9256b73c13361a7fa65432eaf8 DependenciesID=9d20b63dd8fe89d48ba592f310e5581c StaticDependenciesID=ccbdd196f278cd652b53656b2df68db0 
Importing 'GUID: d1a0a27327b54c3bac52a08929c33f81 - Path: Packages/com.unity.ugui/Editor Resources' with importer (DefaultImporter)
Imported 'GUID: d1a0a27327b54c3bac52a08929c33f81' -> (Import Result ID: 'b0ae62d89f88da6d8388ba36b0351267') in 0.004 seconds [static dependencies only]. Details - ImportResultOutputID=695664e202fc795a75462811fbd33121 DependenciesID=b158e3b5b1780e271b2c70ec7efcaca5 StaticDependenciesID=de17b35f613800baadbe9da848b9e86e 
Importing 'GUID: 243e06394e614e5d99fab26083b707fa - Path: Assets/TextMesh Pro/Resources' with importer (DefaultImporter)
Imported 'GUID: 243e06394e614e5d99fab26083b707fa' -> (Import Result ID: '1795669bef589f41f65e5b5a1ba7e39c') in 0.003 seconds [static dependencies only]. Details - ImportResultOutputID=382f7cc76f7e0ef44c3e00e0c51ddb0e DependenciesID=8c54250bdf78ade8fd1a16af3b85506d StaticDependenciesID=06f56e13cb1e3043e10f00113a136709 
Importing 'GUID: c44fcea38c3fe49f398878c203602b29 - Path: Assets/DMT321/JsonDataTwin' with importer (DefaultImporter)
Imported 'GUID: c44fcea38c3fe49f398878c203602b29' -> (Import Result ID: '99fe1b447bc01d0713e071ce6555832b') in 0.003 seconds [static dependencies only]. Details - ImportResultOutputID=f554578bd575860713d3a49346cc4b5d DependenciesID=5c15b79f6c3568df8fcde8fb3b01e316 StaticDependenciesID=4965dca2955c5d2d4771006580f898d3 
Importing 'GUID: 985cecc213257403aa516785f1e38af5 - Path: Assets/DMT321/CommandAckTwin' with importer (DefaultImporter)
Imported 'GUID: 985cecc213257403aa516785f1e38af5' -> (Import Result ID: '26809ae85c9ad2d433a6109a864bf1b8') in 0.003 seconds [static dependencies only]. Details - ImportResultOutputID=1b80d8f27c83e94a2f1a642c6ec5a82c DependenciesID=6aee4f1e8d585972188d1fa80ef030d1 StaticDependenciesID=2492f201722c1c5e28c205cbfd14ace2 
Importing 'GUID: d850db319a63d2546932ff76fe55a498 - Path: Packages/com.unity.ugui/Tests' with importer (DefaultImporter)
Imported 'GUID: d850db319a63d2546932ff76fe55a498' -> (Import Result ID: 'd739b29e7438f3ce9a6cfd4477ce3bda') in 0.003 seconds [static dependencies only]. Details - ImportResultOutputID=abceecebbc57ab2f2a42971575985de8 DependenciesID=b2e9c637e98db3e9d00a74022590c5d5 StaticDependenciesID=535c20ac0da5ae5371ce3c6f3a144e71 
Importing 'GUID: e9f693669af91aa45ad615fc681ed29f - Path: Assets/TextMesh Pro/Shaders' with importer (DefaultImporter)
Imported 'GUID: e9f693669af91aa45ad615fc681ed29f' -> (Import Result ID: '43b76911144b1550a04aa8d032441da0') in 0.003 seconds [static dependencies only]. Details - ImportResultOutputID=c55828ba2a08028dd91c5ff527d45c01 DependenciesID=ecfcaca5d83a0adfa6f6e9850b510900 StaticDependenciesID=deb4015ae3a00789ccbf32f3dc66088d 
Importing 'GUID: 6ab70aee4d56447429c680537fbf93ed - Path: Assets/TextMesh Pro/Fonts' with importer (DefaultImporter)
Imported 'GUID: 6ab70aee4d56447429c680537fbf93ed' -> (Import Result ID: 'e252175a7f1be1e3a49ee3c515d4df2c') in 0.003 seconds [static dependencies only]. Details - ImportResultOutputID=f0bff5ce80c71aee7b4896349cd22958 DependenciesID=6e3631f064b6985639b9212b237cca7d StaticDependenciesID=7f7677a7df09ee425cee3b782621474e 
Importing 'GUID: aa14b70e6a58c5b4fa6663623e3dca91 - Path: Packages/com.unity.ugui/Runtime' with importer (DefaultImporter)
Imported 'GUID: aa14b70e6a58c5b4fa6663623e3dca91' -> (Import Result ID: 'fbb136941a8265c2d7be49759119403a') in 0.003 seconds [static dependencies only]. Details - ImportResultOutputID=edf2cf7cc75f9be7b59d1670d0b363e4 DependenciesID=85a5d783623b4b69b6224a4788a3d50d StaticDependenciesID=5b80c5cfbc783f223cd4e8c8bc7cbeba 
Importing 'GUID: 5ec95f4d5b2d1f14e9ff8682562553f9 - Path: Packages/com.unity.ugui/Package Resources' with importer (DefaultImporter)
Imported 'GUID: 5ec95f4d5b2d1f14e9ff8682562553f9' -> (Import Result ID: 'e3f8f8e4df6a400108db67752ad47e18') in 0.004 seconds [static dependencies only]. Details - ImportResultOutputID=37d5f8fa3807d672ce79f5e231dfd943 DependenciesID=d75ccae7a1874de41d158877f1e171f0 StaticDependenciesID=088a7481d10525a545d63a7d5b833490 
Importing 'GUID: bee384ad5b4d1a843a018082e7db53cd - Path: Packages/com.unity.ugui/Editor' with importer (DefaultImporter)
Imported 'GUID: bee384ad5b4d1a843a018082e7db53cd' -> (Import Result ID: '591a297eb1ff0964f23a7357fe3e6221') in 0.002 seconds [static dependencies only]. Details - ImportResultOutputID=42520d36d104454aa16867d8198eb466 DependenciesID=8af97f74b75a5e4be569dfca291cfb96 StaticDependenciesID=d8707da7ac327daf4d3fdc0094ee720e 
Importing 'GUID: 10d1425d9e87841d9a9deafe9e93a6f2 - Path: Packages/com.unity.ugui/Editor/TMP' with importer (DefaultImporter)
Imported 'GUID: 10d1425d9e87841d9a9deafe9e93a6f2' -> (Import Result ID: '0e8173254c0794e13cb79d7f9220804f') in 0.003 seconds [static dependencies only]. Details - ImportResultOutputID=fcd24172dfd83eb509fc77e803a18eea DependenciesID=5d442ce514234319db8b413e135e2281 StaticDependenciesID=06e7d42493f02333e44043d686bf64f8 
Importing 'GUID: 21315d5db03114ec6a3707bd0435a7c6 - Path: Assets/DMT321/CommandAckTwin/Editor' with importer (DefaultImporter)
Imported 'GUID: 21315d5db03114ec6a3707bd0435a7c6' -> (Import Result ID: '820bbe449c10496a69fe400221f17285') in 0.002 seconds [static dependencies only]. Details - ImportResultOutputID=27cc26119d72c5d1ba845da62f45cc49 DependenciesID=1c856374fc5640ed14a4fd6ec12caffd StaticDependenciesID=6e3787a849fac5af8dfe4f9e0df33285 
Importing 'GUID: 512a49d95c0c4332bdd98131869c23c9 - Path: Assets/TextMesh Pro/Resources/Sprite Assets' with importer (DefaultImporter)
Imported 'GUID: 512a49d95c0c4332bdd98131869c23c9' -> (Import Result ID: '71d5222255e4f1882d88881cc1bbaf53') in 0.003 seconds [static dependencies only]. Details - ImportResultOutputID=9848e0aa1422436d1d697d68695b9c33 DependenciesID=5de8fa751d560295b83e20c978231b68 StaticDependenciesID=8d923867da0c316ab29ba3dd87d28146 
Importing 'GUID: 619aadd8f276341ca84d7ad5a9c6db21 - Path: Packages/com.unity.ugui/Runtime/TMP' with importer (DefaultImporter)
Imported 'GUID: 619aadd8f276341ca84d7ad5a9c6db21' -> (Import Result ID: 'b414debb2b060375cb4e6b022f6ed4ae') in 0.002 seconds [static dependencies only]. Details - ImportResultOutputID=8ba3c278c33727d9fc8cf73ab4ee1324 DependenciesID=1ab8958fffce2c28a26d5b7aae0ed77e StaticDependenciesID=8b32378d2c6dcc4b054ad9e3d003fd93 
Importing 'GUID: a23d68cf6d07949f1a4b93d0bfe4017a - Path: Assets/DMT321/CommandAckTwin/Scenes' with importer (DefaultImporter)
Imported 'GUID: a23d68cf6d07949f1a4b93d0bfe4017a' -> (Import Result ID: '4d5b2d733d5c938a17dd687a4098ccf6') in 0.003 seconds [static dependencies only]. Details - ImportResultOutputID=1dc6a4709f774376188e3d500c3d735e DependenciesID=2275064e209b3ffc5ad9cd41a70585e2 StaticDependenciesID=9f3a3688299e6931506b58774e13dcf1 
Importing 'GUID: 731f1baa9d144a9897cb1d341c2092b8 - Path: Assets/TextMesh Pro/Resources/Fonts & Materials' with importer (DefaultImporter)
Imported 'GUID: 731f1baa9d144a9897cb1d341c2092b8' -> (Import Result ID: '54cedab0ffe5c516e3414022bf581fa7') in 0.004 seconds [static dependencies only]. Details - ImportResultOutputID=cf24996e50fb4ab70ff6e0410592c4d4 DependenciesID=75f690b4b9db00c2cf466ff41bfda445 StaticDependenciesID=f7b54e65ec517d4dfa4056d7a71dd310 
Importing 'GUID: 936bea4b2545c4a4fad2e623b0f6371f - Path: Packages/com.unity.ugui/Tests/Editor' with importer (DefaultImporter)
Imported 'GUID: 936bea4b2545c4a4fad2e623b0f6371f' -> (Import Result ID: '68ee8be507c84ed11d89196dbf5c44ec') in 0.002 seconds [static dependencies only]. Details - ImportResultOutputID=6e7dd9e2a1aa209ff560d6a592335c7c DependenciesID=7c00c11b25316e711d3e0432f0605362 StaticDependenciesID=efb9ec42afe716ac0b0237941dcf12c2 
Importing 'GUID: c545241cf2e56ec4997d7677f01ef43d - Path: Packages/com.unity.ugui/Tests/Runtime' with importer (DefaultImporter)
Imported 'GUID: c545241cf2e56ec4997d7677f01ef43d' -> (Import Result ID: 'e28146b9cba52b16f8a5199838c75079') in 0.002 seconds [static dependencies only]. Details - ImportResultOutputID=23714be275632e43abe8c1d7b3185e3f DependenciesID=c05ffc929a4e968dfcd67f9d755703de StaticDependenciesID=4d8f08d4879a00414407b405a178486f 
Importing 'GUID: c52726d811a9f66459355df6b0c3977b - Path: Packages/com.unity.ugui/Editor/Analytics' with importer (DefaultImporter)
Imported 'GUID: c52726d811a9f66459355df6b0c3977b' -> (Import Result ID: '0bc2875df41b78c9662dde862f87f619') in 0.003 seconds [static dependencies only]. Details - ImportResultOutputID=a4fcbdcd7e8b14801fa5403679319dc4 DependenciesID=62f819774af0ba0b367afe602f9f64d6 StaticDependenciesID=535ffded4062bc8800f840bb789c8ee6 
Importing 'GUID: 278b6073a5bdd4362acd72ca43ff9e0d - Path: Packages/com.unity.ugui/Editor/UGUI' with importer (DefaultImporter)
Imported 'GUID: 278b6073a5bdd4362acd72ca43ff9e0d' -> (Import Result ID: '5306a9de8c3fedc14d6a1406d660d1b5') in 0.003 seconds [static dependencies only]. Details - ImportResultOutputID=32981cfd7c53e5ac7cdf5f6f6552ea5d DependenciesID=9528df9ecdf12f4378bcbb1fbd7dd05f StaticDependenciesID=1f5f1b31ef27955646fe29085de9818c 
Importing 'GUID: 1817d28a5343b4ec19b4ec7903730e2c - Path: Packages/com.unity.ugui/Runtime/UGUI' with importer (DefaultImporter)
Imported 'GUID: 1817d28a5343b4ec19b4ec7903730e2c' -> (Import Result ID: 'd4d67976387058535693ff9b83d9a6a6') in 0.002 seconds [static dependencies only]. Details - ImportResultOutputID=b06f593c5ff66d4aa68f7839745ff577 DependenciesID=7765bcf552e4d767c50129935629b426 StaticDependenciesID=825226c8719fb20da17de56b1861525f 
Importing 'GUID: f8e6a2d47aba4c6c9b3c5a72d9f48da5 - Path: Packages/com.unity.ugui/Editor Resources/Textures' with importer (DefaultImporter)
Imported 'GUID: f8e6a2d47aba4c6c9b3c5a72d9f48da5' -> (Import Result ID: '054afea714a281dcc953b7b56804e116') in 0.003 seconds [static dependencies only]. Details - ImportResultOutputID=8cf7045d5f9dd1aae7326268b1ec842f DependenciesID=588a5d2613647595dc974b26441ddfa5 StaticDependenciesID=9ec7b7db6e5654e976462e359d9f0102 
Importing 'GUID: 094aa3080b6cd4f9990bdfef223306d1 - Path: Assets/DMT321/JsonDataTwin/Data' with importer (DefaultImporter)
Imported 'GUID: 094aa3080b6cd4f9990bdfef223306d1' -> (Import Result ID: '0bd55d0d949efabf6dd547ad45ad12f4') in 0.003 seconds [static dependencies only]. Details - ImportResultOutputID=e8da97f9648ff2203cfab1032945df9d DependenciesID=40064ba910b4f15507db174b0ff00fa1 StaticDependenciesID=7e71ab271fa467cb6c7f3f35bb82c69f 
Importing 'GUID: e93ec7eb6de342aabd156833e253f838 - Path: Packages/com.unity.ugui/Editor Resources/Gizmos' with importer (DefaultImporter)
Imported 'GUID: e93ec7eb6de342aabd156833e253f838' -> (Import Result ID: 'd03c6bbb3e9d04ea112df2fee7d6628c') in 0.003 seconds [static dependencies only]. Details - ImportResultOutputID=743817b4d4f54461c188b303660a9ff3 DependenciesID=74ebff5dae394a8d0d0dacc484e75cef StaticDependenciesID=60d1f7f7201cd57a893737710846ca09 
Importing 'GUID: 4aecb92fff08436c8303b10eab8da368 - Path: Assets/TextMesh Pro/Resources/Style Sheets' with importer (DefaultImporter)
Imported 'GUID: 4aecb92fff08436c8303b10eab8da368' -> (Import Result ID: '69787c6d3a2840f971edfa9c373f86ac') in 0.003 seconds [static dependencies only]. Details - ImportResultOutputID=f378c55f2a9550ce27e4502ec7e8aa57 DependenciesID=a5f74ce777c4240404b27739e23a8bbb StaticDependenciesID=9f33d1836065238c392f8a479fc6190f 
Importing 'GUID: aac27101afeeb4798823987292d34283 - Path: Assets/DMT321/JsonDataTwin/Scripts' with importer (DefaultImporter)
Imported 'GUID: aac27101afeeb4798823987292d34283' -> (Import Result ID: '88802f18d42f9f0ec8e9782b5745fa97') in 0.003 seconds [static dependencies only]. Details - ImportResultOutputID=68255b8626ee1f235b51668d05b60900 DependenciesID=248efa4a376215c5b96a97b3d270b2ef StaticDependenciesID=b2ee5e6402a054c9383117df8da56ef4 
Importing 'GUID: bab3a29ab4f214742a44add41efffb7d - Path: Packages/com.unity.ugui/Runtime/InternalBridge' with importer (DefaultImporter)
Imported 'GUID: bab3a29ab4f214742a44add41efffb7d' -> (Import Result ID: 'fdfe58abc04d8f204c7b4a5ebd5de37a') in 0.004 seconds [static dependencies only]. Details - ImportResultOutputID=86a5c7933efe546e3f374d55a299b47f DependenciesID=26f2d87a957fbaeae13d7e4c981e948c StaticDependenciesID=aacb2fb34af88cf917a3aaf967ad164d 
Importing 'GUID: 5ce0eaa0f59b8410f900ec9dee2ebef7 - Path: Assets/DMT321/CommandAckTwin/Scripts' with importer (DefaultImporter)
Imported 'GUID: 5ce0eaa0f59b8410f900ec9dee2ebef7' -> (Import Result ID: '56225929173cd54446ab94addd4d2c0f') in 0.001 seconds [static dependencies only]. Details - ImportResultOutputID=60281e7b7d3e41e792e84679f648e303 DependenciesID=20472484df1e7077c1bce7365f02e005 StaticDependenciesID=a117d93a9bc00a31550d07767d6ffe02 
Importing 'GUID: 2da27f5fe80a3a549ac7331d9f52f5f0 - Path: Packages/com.unity.ugui/Editor Resources/Shaders' with importer (DefaultImporter)
Imported 'GUID: 2da27f5fe80a3a549ac7331d9f52f5f0' -> (Import Result ID: 'd529e5f3e9260fa6c7a25523694a2026') in 0.001 seconds [static dependencies only]. Details - ImportResultOutputID=c5ee6abea7cc760dbb172bf171dd2a5a DependenciesID=58d1635bfdb62dc5d2492c1bf9ead36f StaticDependenciesID=4dd097b81d7dafafd9e991b5bf14a3b9 
Importing 'GUID: dd707f77a64c5463fba56eb7f8c002e8 - Path: Assets/DMT321/JsonDataTwin/Materials' with importer (DefaultImporter)
Imported 'GUID: dd707f77a64c5463fba56eb7f8c002e8' -> (Import Result ID: '9b4263c8ea0a881f7d6434f6ea77d328') in 0.003 seconds [static dependencies only]. Details - ImportResultOutputID=cb86bdb2f6dcb4d03456fbd36566761b DependenciesID=70aa289c14bc775c200aba9699a33de6 StaticDependenciesID=8563b262ff914cd3ae13648b1909658f 
Importing 'GUID: bec76d6245c394c45b650e6904c78fb3 - Path: Assets/DMT321/CommandAckTwin/GeneratedFanMaterials' with importer (DefaultImporter)
Imported 'GUID: bec76d6245c394c45b650e6904c78fb3' -> (Import Result ID: '07dff9f8967f79aaf8457cd8a9f768f4') in 0.004 seconds [static dependencies only]. Details - ImportResultOutputID=3718548817e071bc0974a32bc651c928 DependenciesID=f1e8ef5002530704ea96d431ce65579e StaticDependenciesID=ac653053c0626087fee47ad2a6f769c4 
Importing 'GUID: ef6fa75d503c44ae9a828c6999f6b1d3 - Path: Assets/DMT321/JsonDataTwin/Scenes' with importer (DefaultImporter)
Imported 'GUID: ef6fa75d503c44ae9a828c6999f6b1d3' -> (Import Result ID: '8748970372b4d6deb25432c4b5596914') in 0.002 seconds [static dependencies only]. Details - ImportResultOutputID=3e5a67c4d4a9f360060b8cf7aa57658a DependenciesID=8a9de0f70a7d766e3c5f8eafa7997715 StaticDependenciesID=42e8cd7a0ebfbebbb6d867caebda1c02 
Importing 'GUID: 914613548ded44a43a59eb9852503f18 - Path: Packages/com.unity.ugui/Tests/Runtime/TMP' with importer (DefaultImporter)
Imported 'GUID: 914613548ded44a43a59eb9852503f18' -> (Import Result ID: 'ba1802cc80e0476d41869cc77bb0fed7') in 0.002 seconds [static dependencies only]. Details - ImportResultOutputID=b500f95098bd8afbc140ba73b7eb0a49 DependenciesID=276efcb32a2ebc6712e3bfa6ada052c7 StaticDependenciesID=8506af402eef6f5c7b76b4600f22fcb9 
Importing 'GUID: 32e2186f4598cff489784aae586f2215 - Path: Packages/com.unity.ugui/Runtime/UGUI/Properties' with importer (DefaultImporter)
Imported 'GUID: 32e2186f4598cff489784aae586f2215' -> (Import Result ID: '52934f7ca26001be8d711f541a8f9254') in 0.003 seconds [static dependencies only]. Details - ImportResultOutputID=a60620db748042d095a7e923ff9e81ec DependenciesID=e711878be0f9d03ddacf7012d46c5f8d StaticDependenciesID=4bba1df84027fd5279e7b2482ef6c5b8 
Importing 'GUID: 53caebc5909234b4ebe1fcaf3dc913a5 - Path: Packages/com.unity.ugui/Tests/Runtime/UGUI' with importer (DefaultImporter)
Imported 'GUID: 53caebc5909234b4ebe1fcaf3dc913a5' -> (Import Result ID: 'cd56a9c786b5cfa84c4fa11c2cb5f52e') in 0.002 seconds [static dependencies only]. Details - ImportResultOutputID=95ad371b8cdb9a294da03dc87e76abaf DependenciesID=5219d2877d3e19ba748467025dc67766 StaticDependenciesID=de6b267ea931fd7a2f55ab494bf85983 
Importing 'GUID: 742654cad2425334696ba6ed4495cfef - Path: Packages/com.unity.ugui/Runtime/UGUI/UI' with importer (DefaultImporter)
Imported 'GUID: 742654cad2425334696ba6ed4495cfef' -> (Import Result ID: 'b1f907699d65e351108024d8ab3306c3') in 0.004 seconds [static dependencies only]. Details - ImportResultOutputID=8f485f614be7a5de5c0d226177544e64 DependenciesID=dec74d5cc14aa287b15da746c2725d58 StaticDependenciesID=1ee9ed290800601f494bd7daa210f6a3 
Importing 'GUID: 853edc343b78a7c4c81cbb3851d48c0a - Path: Packages/com.unity.ugui/Editor/UGUI/UI' with importer (DefaultImporter)
Imported 'GUID: 853edc343b78a7c4c81cbb3851d48c0a' -> (Import Result ID: 'c1785bf5d1d7d3d8f0b703d635d04a9d') in 0.002 seconds [static dependencies only]. Details - ImportResultOutputID=817852a677c79b120ebfea9b2a6e2b87 DependenciesID=6bc0f34e7f27b206d89477fd9e8c8097 StaticDependenciesID=45c9348384ce382dc1b92206a9472cb9 
Importing 'GUID: f525580684527b147b70cf94aaa70dbc - Path: Packages/com.unity.ugui/Editor/UGUI/EventSystem' with importer (DefaultImporter)
Imported 'GUID: f525580684527b147b70cf94aaa70dbc' -> (Import Result ID: '4d9974c63ad1949666d3415f64e126c6') in 0.004 seconds [static dependencies only]. Details - ImportResultOutputID=edff13cc3063d13a3ad3adc5db6eeaf3 DependenciesID=e3d9833d600aca483d1d11b186224b2b StaticDependenciesID=5cb461e217097c517458ed76909b5598 
Importing 'GUID: 77417b0f4cf6d334f916c64448d24133 - Path: Packages/com.unity.ugui/Editor/Analytics/IAnalytic' with importer (DefaultImporter)
Imported 'GUID: 77417b0f4cf6d334f916c64448d24133' -> (Import Result ID: '0f153130fdd0ab261ff4a601a6212232') in 0.004 seconds [static dependencies only]. Details - ImportResultOutputID=ece3f7a2bcd50b0789c1d53c4fb48926 DependenciesID=01bf9327f4c7a95cb5bc866083f5b9e8 StaticDependenciesID=5b451ec40beb90616947168c98c54485 
Importing 'GUID: ea7c31b5b377c314db28ad3fabbbd38d - Path: Packages/com.unity.ugui/Editor/TMP/PropertyDrawers' with importer (DefaultImporter)
Imported 'GUID: ea7c31b5b377c314db28ad3fabbbd38d' -> (Import Result ID: '90d32960314150c09756899606817ad2') in 0.004 seconds [static dependencies only]. Details - ImportResultOutputID=95a87702fc86b39cbacf451c7f177369 DependenciesID=553abe810ae77e49c3b6267549821af7 StaticDependenciesID=0ae54d848e00c5b63420068291909088 
Importing 'GUID: fae3ac1997e164d1eba5fa5c417cbefd - Path: Packages/com.unity.ugui/Tests/Editor/UGUI' with importer (DefaultImporter)
Imported 'GUID: fae3ac1997e164d1eba5fa5c417cbefd' -> (Import Result ID: '7ca14117c799a3443c815b40a0cff3e2') in 0.002 seconds [static dependencies only]. Details - ImportResultOutputID=f15c9f61e52059636fa1bfea359a8585 DependenciesID=7f54018304ce5cf9716bfcf6f1eb71dd StaticDependenciesID=a2833e9cbd855df16c74cddce7b7e892 
Importing 'GUID: 3ddaad49a7bcb4087b403f2225d54840 - Path: Packages/com.unity.ugui/Tests/Editor/TMP' with importer (DefaultImporter)
Imported 'GUID: 3ddaad49a7bcb4087b403f2225d54840' -> (Import Result ID: 'ca963de5fa05cf2e9b8a6354fca2aaa8') in 0.002 seconds [static dependencies only]. Details - ImportResultOutputID=e22ab0a25656273b62edba6142a39ddb DependenciesID=405c8e26a4b99c031347a249bd12700d StaticDependenciesID=e66e45302b370d03180f6bd1ad87de9a 
Importing 'GUID: cd9c8fc1c8d64d54ab1e22aae9678d84 - Path: Packages/com.unity.ugui/Tests/Editor/Common' with importer (DefaultImporter)
Imported 'GUID: cd9c8fc1c8d64d54ab1e22aae9678d84' -> (Import Result ID: '74eb976079e78171a9ed4c7d6a530a78') in 0.004 seconds [static dependencies only]. Details - ImportResultOutputID=ee82f341fd2cc14f6f5c118dd6183bd9 DependenciesID=b84dbe512f75f0d0bfa0abf62cfb9520 StaticDependenciesID=d00f7a8ba8856d0277a743b30f6c7589 
Importing 'GUID: eecc124dc0b994047aac97ccf8c8ed0a - Path: Packages/com.unity.ugui/Editor/TMP/HDRP' with importer (DefaultImporter)
Imported 'GUID: eecc124dc0b994047aac97ccf8c8ed0a' -> (Import Result ID: '85690843dd99913afa340db16ff46914') in 0.005 seconds [static dependencies only]. Details - ImportResultOutputID=1fe5e75746ef34eb01ea21b850a03ce1 DependenciesID=d9019ed8623abd6a33c7e0d7d65a297e StaticDependenciesID=b251a444f926162d2ca4e6f6dc89dfbf 
Importing 'GUID: 7f27709c942d91541be1fd6aa5cb3d78 - Path: Packages/com.unity.ugui/Runtime/UGUI/EventSystem' with importer (DefaultImporter)
Imported 'GUID: 7f27709c942d91541be1fd6aa5cb3d78' -> (Import Result ID: '905dff21d2cb6e3dc650fc7957c0d3b2') in 0.002 seconds [static dependencies only]. Details - ImportResultOutputID=43bd66607a2454aa18f8b68ac3e488a7 DependenciesID=fedd6e85f43c17500a507471e48a3f6d StaticDependenciesID=f8635d9883ecbcd7b0b451b80606ef49 
Importing 'GUID: cf97e54bcd5479a46bdbade48da047cc - Path: Packages/com.unity.ugui/Editor/UGUI/Properties' with importer (DefaultImporter)
Imported 'GUID: cf97e54bcd5479a46bdbade48da047cc' -> (Import Result ID: 'fdcee9bbf6cd5830753ecdf3b5424d31') in 0.002 seconds [static dependencies only]. Details - ImportResultOutputID=4d90aedc7e855070ad84cb498caa8788 DependenciesID=9afb9ff4eae67c10da610d7a07541579 StaticDependenciesID=d1fd7b374fb9ad0aaa120222b8267e17 
Importing 'GUID: 1091bc2ad06e3234aac2b2fa2841c09d - Path: Packages/com.unity.ugui/Tests/Runtime/UGUI/Image' with importer (DefaultImporter)
Imported 'GUID: 1091bc2ad06e3234aac2b2fa2841c09d' -> (Import Result ID: '7e36de576c284fea2ba5b5a3ee8e2ace') in 0.006 seconds [static dependencies only]. Details - ImportResultOutputID=ab87c4a4643da9977eacf38a9ec170a3 DependenciesID=9a4b310e5f9b05b5066a51d500d002d7 StaticDependenciesID=03829788650253d2600ab5c168cc2d85 
Importing 'GUID: 305ca32be1aa5504aa182f583895dfe4 - Path: Packages/com.unity.ugui/Tests/Editor/UGUI/RectMask2D' with importer (DefaultImporter)
Imported 'GUID: 305ca32be1aa5504aa182f583895dfe4' -> (Import Result ID: 'd002324ff64ea1363f0f59f3f231a8f3') in 0.004 seconds [static dependencies only]. Details - ImportResultOutputID=178aea4244a57395a1fc2ea9c0b74bc4 DependenciesID=51e32af918f7a82e0e6e2399748af1dd StaticDependenciesID=a93898e59d64c4b5024edf9598b10ee4 
Importing 'GUID: c16c54fe03afb5740bcc0a2a295cb79d - Path: Packages/com.unity.ugui/Tests/Editor/UGUI/InputField' with importer (DefaultImporter)
Imported 'GUID: c16c54fe03afb5740bcc0a2a295cb79d' -> (Import Result ID: '5c1b1899c4a8971a8fdf82bba25170a0') in 0.004 seconds [static dependencies only]. Details - ImportResultOutputID=8074335b50bd51817a71966b5917dc8c DependenciesID=82c67f8cd0639cd8af2a52c860d149eb StaticDependenciesID=de4bf1223276d33e9a13949cc8b67a37 
Importing 'GUID: 12c42068351bb084abde965d725b9887 - Path: Packages/com.unity.ugui/Runtime/UGUI/UI/Core' with importer (DefaultImporter)
Imported 'GUID: 12c42068351bb084abde965d725b9887' -> (Import Result ID: '0c79c046eee4b180e53c0a23b17d633e') in 0.003 seconds [static dependencies only]. Details - ImportResultOutputID=317bf4c76346e7a88f5e1b45cd3b91f9 DependenciesID=eb9974728b36f75b8318c08f110adc40 StaticDependenciesID=840e98c90b5a23d7119b70b3b26a38ac 
Importing 'GUID: e210c8bf2e9c6514d90a1bd77586af1f - Path: Packages/com.unity.ugui/Tests/Runtime/UGUI/Toggle' with importer (DefaultImporter)
Imported 'GUID: e210c8bf2e9c6514d90a1bd77586af1f' -> (Import Result ID: 'b8f8e9298fe893dcd336effaefc23dfd') in 0.004 seconds [static dependencies only]. Details - ImportResultOutputID=9448b0e9da76256a2e2f124cd7e1a042 DependenciesID=30061b4d99812e46c831fdd48d4284d9 StaticDependenciesID=2a2cc5be68b7b7cb61001f21d08fb1de 
Importing 'GUID: 239dd6edc8e5cd14585c03e09e86a747 - Path: Packages/com.unity.ugui/Tests/Runtime/UGUI/Button' with importer (DefaultImporter)
Imported 'GUID: 239dd6edc8e5cd14585c03e09e86a747' -> (Import Result ID: '3c5378b5728948748493276904eac473') in 0.004 seconds [static dependencies only]. Details - ImportResultOutputID=2fbb41bc5748889d5aef3498cb1ad9a7 DependenciesID=5bfa95813bd7a676143d6b191241fd19 StaticDependenciesID=dbca46d5032f819fb1a9d0255e48620a 
Importing 'GUID: 43b1467da3d29ae4597a733828cdd84a - Path: Packages/com.unity.ugui/Tests/Runtime/UGUI/ScrollBar' with importer (DefaultImporter)
Imported 'GUID: 43b1467da3d29ae4597a733828cdd84a' -> (Import Result ID: '658a2139584a4904593de9cd66ae69d6') in 0.004 seconds [static dependencies only]. Details - ImportResultOutputID=3580236fa0b2481d906e782a804543f1 DependenciesID=8ca35ec62661ae86b0a0e808a124eb28 StaticDependenciesID=b8dd23dd9c0833d3c9c178503747233d 
Importing 'GUID: 8313ea704470a264295ec9e09aec6ebc - Path: Packages/com.unity.ugui/Tests/Runtime/UGUI/Graphic' with importer (DefaultImporter)
Imported 'GUID: 8313ea704470a264295ec9e09aec6ebc' -> (Import Result ID: 'ff2276255baaeb5f595e7e55b55f23f5') in 0.004 seconds [static dependencies only]. Details - ImportResultOutputID=1d33c468ea3c9340793582932e6840f7 DependenciesID=3315c461ebb0e23435657247bbb90065 StaticDependenciesID=b479cf3c8eecefef5099103809a73e69 
Importing 'GUID: b3cdabf2f1e76854d8aab5930305d70d - Path: Packages/com.unity.ugui/Runtime/UGUI/EventSystem/EventData' with importer (DefaultImporter)
Imported 'GUID: b3cdabf2f1e76854d8aab5930305d70d' -> (Import Result ID: '36a7cff522deb660edacd52cf898712f') in 0.004 seconds [static dependencies only]. Details - ImportResultOutputID=c9d722ac87bb07ad64c80480bc0c3487 DependenciesID=406bec392633e2b61cc6df430f8b5881 StaticDependenciesID=c20de736207512676940208e52e53fb6 
Importing 'GUID: 5472815444de2ce45bf2053a4af04b9d - Path: Packages/com.unity.ugui/Runtime/UGUI/UI/Animation' with importer (DefaultImporter)
Imported 'GUID: 5472815444de2ce45bf2053a4af04b9d' -> (Import Result ID: '31ea5907930f27113654fc94fd204f79') in 0.004 seconds [static dependencies only]. Details - ImportResultOutputID=02387668f373194356ec29799a11d5d0 DependenciesID=392c2e01ac7882d312145fc14f87422f StaticDependenciesID=81ed34c6259c55bf892252aed3b475f8 
Importing 'GUID: 850af9f3bf6d14143baf2ecfbf25db52 - Path: Packages/com.unity.ugui/Tests/Runtime/UGUI/Slider' with importer (DefaultImporter)
Imported 'GUID: 850af9f3bf6d14143baf2ecfbf25db52' -> (Import Result ID: 'fd4b53994539c4749a0ff6c9d39a0bc5') in 0.004 seconds [static dependencies only]. Details - ImportResultOutputID=417451072301af04851224ed30accd20 DependenciesID=b1606749a1ec3323136f06126153cf7e StaticDependenciesID=16ad619d485587c9b5af1df6aad72780 
Importing 'GUID: 46646a5562f14984690c85ee7b946bc9 - Path: Packages/com.unity.ugui/Runtime/UGUI/EventSystem/Raycasters' with importer (DefaultImporter)
Imported 'GUID: 46646a5562f14984690c85ee7b946bc9' -> (Import Result ID: '1071a609f642ac9db30620b15777b640') in 0.003 seconds [static dependencies only]. Details - ImportResultOutputID=db9398800965861d01f2bd43cf496132 DependenciesID=5d1b976dadd944d1daa6a5ab8ff4f6d6 StaticDependenciesID=ff3907e86208b223f2a97808db1352ab 
Importing 'GUID: a69b08936f9f74179ae333a4bebe7c54 - Path: Packages/com.unity.ugui/Tests/Runtime/UGUI/CanvasRenderer' with importer (DefaultImporter)
Imported 'GUID: a69b08936f9f74179ae333a4bebe7c54' -> (Import Result ID: 'e8331725c7fe540203db0d608fb1935c') in 0.003 seconds [static dependencies only]. Details - ImportResultOutputID=efdc4229cbf0a99a099ceae7028c9b0e DependenciesID=1945b57106ebcdb4e3257db917ddc19d StaticDependenciesID=6dfdd9185f170ab3406e6c341c6bed5f 
Importing 'GUID: e7689eda3a8b1a847a8b197dbe90d9a6 - Path: Packages/com.unity.ugui/Tests/Editor/UGUI/UI' with importer (DefaultImporter)
Imported 'GUID: e7689eda3a8b1a847a8b197dbe90d9a6' -> (Import Result ID: '51fd41d9b75fdb357d8bb3cd5e28317a') in 0.002 seconds [static dependencies only]. Details - ImportResultOutputID=0619e96954c1117a1ee94a507e80202d DependenciesID=097be61c2e59632bb3fa64b620ce7526 StaticDependenciesID=ae61aca124b3fb65fdb5645bd6c8d7c2 
Importing 'GUID: 98d14ab1acf42df4f88a0561822ac807 - Path: Packages/com.unity.ugui/Tests/Editor/UGUI/EventSystem' with importer (DefaultImporter)
Imported 'GUID: 98d14ab1acf42df4f88a0561822ac807' -> (Import Result ID: 'fb643ad3228bc58c8f92ee69314bdea3') in 0.001 seconds [static dependencies only]. Details - ImportResultOutputID=6603dd8da4d7905c6bd3055da0051439 DependenciesID=64d9ad6430a122f10027b204d622afd9 StaticDependenciesID=e3a93ea832ac328a667ca1eef0e83001 
Importing 'GUID: b86b117346968ac4d9cc63e4385becb7 - Path: Packages/com.unity.ugui/Tests/Editor/UGUI/Canvas' with importer (DefaultImporter)
Imported 'GUID: b86b117346968ac4d9cc63e4385becb7' -> (Import Result ID: '1dce7a5c2e28c7ee8f4c84593e4b7c32') in 0.003 seconds [static dependencies only]. Details - ImportResultOutputID=8e476afd0593550eb88e8c6624d87515 DependenciesID=d3c991e7ab56eb19a5c909f3c982a9b5 StaticDependenciesID=236e146ff9ee3ec34a2bf4158ddfc3a5 
Importing 'GUID: e90cc37a5ccf4a44dbecc5b7172ec512 - Path: Packages/com.unity.ugui/Tests/Editor/UGUI/UnityEvent' with importer (DefaultImporter)
Imported 'GUID: e90cc37a5ccf4a44dbecc5b7172ec512' -> (Import Result ID: '331d0c6ea52fe295742e00af5015d2f3') in 0.004 seconds [static dependencies only]. Details - ImportResultOutputID=a0bc94d63c9e6f6a4b020ee487fe309b DependenciesID=7cf83d920e1d5c4de26ac27b299e6529 StaticDependenciesID=4cbb7055fa019b33346bea4b158f57a2 
Importing 'GUID: 2a28c2fab6b1bb745a844ef6b908e7ee - Path: Packages/com.unity.ugui/Tests/Runtime/UGUI/InputField' with importer (DefaultImporter)
Imported 'GUID: 2a28c2fab6b1bb745a844ef6b908e7ee' -> (Import Result ID: '8ad3911501b37bb9e08d79d4e8737931') in 0.002 seconds [static dependencies only]. Details - ImportResultOutputID=e58836774379c95673eb78fae8afcfc0 DependenciesID=2d0cf1f9ab0bb90cefaa939558cac3b1 StaticDependenciesID=5edbd16c4baa0972b9014db37360105d 
Importing 'GUID: 9a3557da07c729b4eb774b8e30e157a4 - Path: Packages/com.unity.ugui/Tests/Runtime/UGUI/Canvas' with importer (DefaultImporter)
Imported 'GUID: 9a3557da07c729b4eb774b8e30e157a4' -> (Import Result ID: '186bad7cc908f14e7a873628a07b2485') in 0.002 seconds [static dependencies only]. Details - ImportResultOutputID=7d088037bf937e0424a9d6b638c327bc DependenciesID=c8969e9de66c45a058152ea880f34008 StaticDependenciesID=80744e148d8aebfdf852ca9a590dc045 
Importing 'GUID: bae197be297529d4fa735fbe7c91828d - Path: Packages/com.unity.ugui/Tests/Runtime/UGUI/Dropdown' with importer (DefaultImporter)
Imported 'GUID: bae197be297529d4fa735fbe7c91828d' -> (Import Result ID: '23c112dded6735f6497701199ceaa548') in 0.040 seconds [static dependencies only]. Details - ImportResultOutputID=6965364a0d1585b32a69589405f69568 DependenciesID=2d90b6308cafbab36fb76a67c813b294 StaticDependenciesID=7013eff6489fd14b22773c9a3c22dee1 
Importing 'GUID: 2bc8a181dfd9de24388de89bb8db7713 - Path: Packages/com.unity.ugui/Tests/Runtime/UGUI/MaskClipping' with importer (DefaultImporter)
Imported 'GUID: 2bc8a181dfd9de24388de89bb8db7713' -> (Import Result ID: '31d436e0edbdeee123375a1fd6a17fc6') in 0.004 seconds [static dependencies only]. Details - ImportResultOutputID=cf24f9eca233f2ba4f2d58fafaa1207b DependenciesID=622636e62c405512edcf740283a54b86 StaticDependenciesID=ac791cb4f34f1eaa918acdb00cb66845 
Importing 'GUID: 9bedab6f9886aee42b33e424bffdb640 - Path: Packages/com.unity.ugui/Tests/Runtime/UGUI/ScrollRect' with importer (DefaultImporter)
Imported 'GUID: 9bedab6f9886aee42b33e424bffdb640' -> (Import Result ID: 'e51886ab394d76c76ab34154fe5792e6') in 0.004 seconds [static dependencies only]. Details - ImportResultOutputID=1e1e42b1ee74118f6935739ac2a182ad DependenciesID=b2ddc8249d9ce83561aab57c99e07eae StaticDependenciesID=15641e9ffac66306181099ca497edb94 
Importing 'GUID: ab93e1a81defc3243a6e9cd0df3cb443 - Path: Packages/com.unity.ugui/Tests/Runtime/UGUI/EventSystem' with importer (DefaultImporter)
Imported 'GUID: ab93e1a81defc3243a6e9cd0df3cb443' -> (Import Result ID: 'f000eedccfb8be323d53cb5c0d0ad109') in 0.002 seconds [static dependencies only]. Details - ImportResultOutputID=b30f8b8e5eb481e24f93b908a7a0420f DependenciesID=cb9c1f20ca633131c43c16a8e08eec4a StaticDependenciesID=117fd94efed2c8d311a9e114cecd0f2a 
Importing 'GUID: eb7e44c5cec24463ab95d52834898a3b - Path: Packages/com.unity.ugui/Tests/Runtime/UGUI/RawImage' with importer (DefaultImporter)
Imported 'GUID: eb7e44c5cec24463ab95d52834898a3b' -> (Import Result ID: '850c35a4b44849c7c8281e776594c88c') in 0.004 seconds [static dependencies only]. Details - ImportResultOutputID=5f3dd41893760011c03943e595e0e2b9 DependenciesID=892a1feaff4bc06664305dbb77cfcc2b StaticDependenciesID=508ba7c36be299635a79bc41986f9f46 
Importing 'GUID: 4cfe5ade9a1375e40aed87618b92bd12 - Path: Packages/com.unity.ugui/Tests/Editor/UGUI/Slider' with importer (DefaultImporter)
Imported 'GUID: 4cfe5ade9a1375e40aed87618b92bd12' -> (Import Result ID: '2d2826d88b3957b057491ddef6b78373') in 0.002 seconds [static dependencies only]. Details - ImportResultOutputID=e22ecf5b6dbe3e62a296c4d455bdc050 DependenciesID=f9da84db7c8f32b2a7de76964a8cf657 StaticDependenciesID=f7366a191e5b540199e627df24bf5d86 
Importing 'GUID: bc9aa6d5a7945f34882c442e9e201537 - Path: Packages/com.unity.ugui/Editor/UGUI/UI/PropertyDrawers' with importer (DefaultImporter)
Imported 'GUID: bc9aa6d5a7945f34882c442e9e201537' -> (Import Result ID: '48ab9f9363248cd0d0bc4e760a777dfa') in 0.002 seconds [static dependencies only]. Details - ImportResultOutputID=63c8cf390e7a4e4d540c9298ab92bed8 DependenciesID=525d657ac77abab16680689797da7829 StaticDependenciesID=c8427c7903bd45bf52de34b38b92f32b 
Importing 'GUID: cc313cc004395df4a9884390556690a5 - Path: Packages/com.unity.ugui/Tests/Runtime/UGUI/Layout' with importer (DefaultImporter)
Imported 'GUID: cc313cc004395df4a9884390556690a5' -> (Import Result ID: '22615179deca4e20564f376146615e99') in 0.004 seconds [static dependencies only]. Details - ImportResultOutputID=60415242162df86570f1c45c1cd3de97 DependenciesID=5f68f315ab7cd085eaa037458f3e3e89 StaticDependenciesID=52bdb6af89c10ac5a7e4b54e2d534faa 
Importing 'GUID: cce7e34ecb3cc43ebabe7154ebe11414 - Path: Packages/com.unity.ugui/Tests/Runtime/UGUI/RaycastReceiver' with importer (DefaultImporter)
Imported 'GUID: cce7e34ecb3cc43ebabe7154ebe11414' -> (Import Result ID: 'faf35c10bd1e10017842aef0a36ba11a') in 0.003 seconds [static dependencies only]. Details - ImportResultOutputID=93b7fb6b6bb40adb488bc0f68fc48255 DependenciesID=e855a18271bce82f95cba247a58eb8c4 StaticDependenciesID=6f7169d2e4813f02843102f187879e70 
Importing 'GUID: 2d9b6ff056b6f484ba6500aa8e06bcf3 - Path: Packages/com.unity.ugui/Tests/Runtime/UGUI/LayoutGroup' with importer (DefaultImporter)
Imported 'GUID: 2d9b6ff056b6f484ba6500aa8e06bcf3' -> (Import Result ID: '30b58de1f3e3a620ee9fdcee3fb863ae') in 0.003 seconds [static dependencies only]. Details - ImportResultOutputID=c2f016a97ca6b758214e30a50ac04dd1 DependenciesID=33a3b95cd42249bcfed927e8127d305b StaticDependenciesID=3c4021e21fe6e8531dca2b9154dfefad 
Importing 'GUID: 5dc64c943466a44498be3b620c743b45 - Path: Packages/com.unity.ugui/Runtime/UGUI/EventSystem/UIElements' with importer (DefaultImporter)
Imported 'GUID: 5dc64c943466a44498be3b620c743b45' -> (Import Result ID: 'c82d5500e78e7b8e5054de2c9dfe41f6') in 0.004 seconds [static dependencies only]. Details - ImportResultOutputID=fd828e0499fcd47e19fa0a0b494b1491 DependenciesID=a909f5784e90ee0fd57b70d4cfa82362 StaticDependenciesID=146e6d06819629e3caf971737863bec3 
Importing 'GUID: 8e78f8a8575e4a04f8337a54e241cdc5 - Path: Packages/com.unity.ugui/Runtime/UGUI/EventSystem/InputModules' with importer (DefaultImporter)
Imported 'GUID: 8e78f8a8575e4a04f8337a54e241cdc5' -> (Import Result ID: '84ec6b9845a2904044fff3b69b16767c') in 0.003 seconds [static dependencies only]. Details - ImportResultOutputID=84df937fc484b7ab7b594c4d33eb072c DependenciesID=248803569c9cdf8b095bcd6fb5d83bc7 StaticDependenciesID=c21ca8f127d7bb9b40876c5ca0f9bc43 
Importing 'GUID: ae242449e9279d44789513b922d3178a - Path: Packages/com.unity.ugui/Tests/Editor/UGUI/CanvasRenderer' with importer (DefaultImporter)
Imported 'GUID: ae242449e9279d44789513b922d3178a' -> (Import Result ID: '91c2c2569dd99dbd10b96ea0cf024c4a') in 0.002 seconds [static dependencies only]. Details - ImportResultOutputID=e5bf496d94443ae3ec9c556233743fcb DependenciesID=032ed0598b7360dd7d91bd9ce4f8760a StaticDependenciesID=347db14e13f1e4149af7d7893ce77a76 
Importing 'GUID: 1f71aeacc4a9f1a40b22a1a590331f6b - Path: Packages/com.unity.ugui/Tests/Editor/UGUI/Dropdown' with importer (DefaultImporter)
Imported 'GUID: 1f71aeacc4a9f1a40b22a1a590331f6b' -> (Import Result ID: 'ae9f9d24845932ffda71dbb8868f94f2') in 0.002 seconds [static dependencies only]. Details - ImportResultOutputID=9c7b3a89084fcba7d2db4de1536c8b5e DependenciesID=57f5bd3174d6147772975b8bc88f69ef StaticDependenciesID=f127ef573df39f957a1368ddc528c8a0 
Importing 'GUID: 4f9ac6e545d53f94b9f09c85b9576f36 - Path: Packages/com.unity.ugui/Tests/Editor/UGUI/Text' with importer (DefaultImporter)
Imported 'GUID: 4f9ac6e545d53f94b9f09c85b9576f36' -> (Import Result ID: 'b9eb564471757e906791d3d3535e64a9') in 0.003 seconds [static dependencies only]. Details - ImportResultOutputID=0a6c93c4388846596449e13fb9ee76e4 DependenciesID=72a5087ef9c21d9911e7f22fd3a0f037 StaticDependenciesID=c9ad8a0e3a34ed2e9c012ed8e8d0169f 
Importing 'GUID: af30a361ab68260438b6ec3fb7e64500 - Path: Packages/com.unity.ugui/Tests/Runtime/UGUI/Util' with importer (DefaultImporter)
Imported 'GUID: af30a361ab68260438b6ec3fb7e64500' -> (Import Result ID: '0b4869edc9d07ff2692a268cdb665405') in 0.004 seconds [static dependencies only]. Details - ImportResultOutputID=62ba854b2b9d1dd6ed122b47ebaa7e4a DependenciesID=70a2bca31c0f5c120432b37cf54cb9ef StaticDependenciesID=610ae20be33f740988bc702ad6aa6508 
Importing 'GUID: efad3ddb7270ac241b9b1357ec5ee2f2 - Path: Packages/com.unity.ugui/Tests/Runtime/UGUI/NestedLayout' with importer (DefaultImporter)
Imported 'GUID: efad3ddb7270ac241b9b1357ec5ee2f2' -> (Import Result ID: 'c2d70223b2f2af1bf6677a20c8762015') in 0.004 seconds [static dependencies only]. Details - ImportResultOutputID=6ea828bc1b4844d62080f5a23272f6ef DependenciesID=8ed20738a9202b36e2ade9e8bb23815f StaticDependenciesID=dbeb2467a6631632a7855475300a1aa8 
Importing 'GUID: 24333a116497b144f9782b1160984b57 - Path: Packages/com.unity.ugui/Tests/Editor/UGUI/UI/PropertyDrawers' with importer (DefaultImporter)
Imported 'GUID: 24333a116497b144f9782b1160984b57' -> (Import Result ID: '8647fadb1b812c06b3d994cd53f5f11d') in 0.002 seconds [static dependencies only]. Details - ImportResultOutputID=ecae9bd5d0156d4f227ceb9a1d09b3a1 DependenciesID=652b153a5cda2e2b765c4f541f95bef4 StaticDependenciesID=8333272252e43483606b1941dce8160a 
Importing 'GUID: d63dd1a776d383248a21ec2a8a6e7868 - Path: Packages/com.unity.ugui/Runtime/UGUI/UI/Core/Utility' with importer (DefaultImporter)
Imported 'GUID: d63dd1a776d383248a21ec2a8a6e7868' -> (Import Result ID: 'e0ec6195f264258227cc5f28f11f84d6') in 0.004 seconds [static dependencies only]. Details - ImportResultOutputID=c238abcbd70b2a0dc4dc3ba9d2c6093d DependenciesID=35fb3b47f50a4225d7d5d704ebcdba3a StaticDependenciesID=3d0217a3e330d9d4c278bd2778d69273 
Importing 'GUID: 27ed3e221887b3544bd9d6505d4a789f - Path: Packages/com.unity.ugui/Runtime/UGUI/UI/Core/Culling' with importer (DefaultImporter)
Imported 'GUID: 27ed3e221887b3544bd9d6505d4a789f' -> (Import Result ID: 'd4dc00d303fdbaf9e83734de81bd32cc') in 0.004 seconds [static dependencies only]. Details - ImportResultOutputID=56abe916306638a477b6ac3ba6307677 DependenciesID=ddd4450598e494a8e16273a11cf66829 StaticDependenciesID=fa37298242dfef678dc54f2cd00e176c 
Importing 'GUID: f8ed4321a98682942b9980996131cf26 - Path: Packages/com.unity.ugui/Runtime/UGUI/UI/Core/SpecializedCollections' with importer (DefaultImporter)
Imported 'GUID: f8ed4321a98682942b9980996131cf26' -> (Import Result ID: 'c7d6ed0a776c27c83f2e740455ec7ddc') in 0.004 seconds [static dependencies only]. Details - ImportResultOutputID=d35aeaf4a8cadeb54cb7cfa1c1e01dd1 DependenciesID=4e6e00a4322bd88235fe5eddbdb43a6b StaticDependenciesID=7039e32cc943597b2710bf0d10e02ec6 
Importing 'GUID: 1999349e7f492c947bb6eb70f624382e - Path: Packages/com.unity.ugui/Runtime/UGUI/UI/Core/Layout' with importer (DefaultImporter)
Imported 'GUID: 1999349e7f492c947bb6eb70f624382e' -> (Import Result ID: '433b4a70f933a0248aa5798589c62a9a') in 0.002 seconds [static dependencies only]. Details - ImportResultOutputID=1a984b17ea58808f819e522d983d3a34 DependenciesID=cc4297a48d3ec5291ac1a9450b1713ee StaticDependenciesID=79e2ca577d9ebeeae5023b282f3138ce 
Importing 'GUID: 7a892c920c8ad2848b469ec9579c5219 - Path: Packages/com.unity.ugui/Tests/Runtime/UGUI/EventSystem/InputModuleTests' with importer (DefaultImporter)
Imported 'GUID: 7a892c920c8ad2848b469ec9579c5219' -> (Import Result ID: '52910d26acae74127f58dab9d1cecfaa') in 0.004 seconds [static dependencies only]. Details - ImportResultOutputID=65fc0fa1452fdf4535fd027d3e85177b DependenciesID=cfa0c9b126375804439d6c73f02468f5 StaticDependenciesID=0deb29a4953583eb33a10e363929357a 
Importing 'GUID: 7c6295db74da28645bf49db58b7c9c65 - Path: Packages/com.unity.ugui/Runtime/UGUI/UI/Core/MaterialModifiers' with importer (DefaultImporter)
Imported 'GUID: 7c6295db74da28645bf49db58b7c9c65' -> (Import Result ID: '8d438ff838a9b66c7c81f249dd0bc6ff') in 0.004 seconds [static dependencies only]. Details - ImportResultOutputID=d3c51eb5e7281175d51c01db2a8fe935 DependenciesID=839603e154f52ffb5077f7ad347d05b4 StaticDependenciesID=c7b3f1416648b30b63c75ac97fc01564 
Importing 'GUID: cfa73a847eeff06448bb50a8ac6a94e0 - Path: Packages/com.unity.ugui/Runtime/UGUI/UI/Core/VertexModifiers' with importer (DefaultImporter)
Imported 'GUID: cfa73a847eeff06448bb50a8ac6a94e0' -> (Import Result ID: '4b00f4d28b221efcb512e70c9326e78d') in 0.004 seconds [static dependencies only]. Details - ImportResultOutputID=ba0a329ea4dd35886e4a78d8110278b1 DependenciesID=a288619731efc3db97274b438d268ec6 StaticDependenciesID=001c642807bfd0e571ac062d5daa8a29 
Importing 'GUID: 6055be8ebefd69e48b49212b09b47b2f - Path: Packages/com.unity.ugui/Runtime/TMP/Unity.TextMeshPro.asmdef' with importer (AssemblyDefinitionImporter)
Imported 'GUID: 6055be8ebefd69e48b49212b09b47b2f' -> (Import Result ID: '81ac2afe783fb1fc6d3c5201821e20d2') in 0.005 seconds [static dependencies only]. Details - ImportResultOutputID=541b2a82a300c713c8a02120fb24a4f9 DependenciesID=fd54f4c765e819c3c92d43f52de21e0d StaticDependenciesID=6df74661a88fc9699f79f683d8c99df4 
Importing 'GUID: 43b111c4a445f446abd2c02e77750ff5 - Path: Packages/com.unity.ugui/Runtime/InternalBridge/Unity.InternalAPIEngineBridge.004.asmdef' with importer (AssemblyDefinitionImporter)
Imported 'GUID: 43b111c4a445f446abd2c02e77750ff5' -> (Import Result ID: '47265ea127f4718028d1093fd7dbb2c2') in 0.004 seconds [static dependencies only]. Details - ImportResultOutputID=8c3a5df3965578a47b17aa72b16192f2 DependenciesID=ee07c89c44f30a7fc6fe479bb62ed8ea StaticDependenciesID=4624c94225b8090cb4ad5d7b14f0b1fb 
Importing 'GUID: 8394c018a82352f41ae354f7bdad54e3 - Path: Packages/com.unity.ugui/Editor/Analytics/UnityEditor.UI.Analytics.asmdef' with importer (AssemblyDefinitionImporter)
Imported 'GUID: 8394c018a82352f41ae354f7bdad54e3' -> (Import Result ID: '38a904073d1c5a52f769051ed85803d1') in 0.004 seconds [static dependencies only]. Details - ImportResultOutputID=6d32872d2527bee86ba217c72ed92cc2 DependenciesID=2459dcff2d9a620507e01999886d5622 StaticDependenciesID=2d59deba94eef731dd9997e3fcd26e46 
Importing 'GUID: 343deaaf83e0cee4ca978e7df0b80d21 - Path: Packages/com.unity.ugui/Editor/UGUI/UnityEditor.UI.asmdef' with importer (AssemblyDefinitionImporter)
Imported 'GUID: 343deaaf83e0cee4ca978e7df0b80d21' -> (Import Result ID: 'b7aa20ea00a497dcbb65afad91840934') in 0.003 seconds [static dependencies only]. Details - ImportResultOutputID=80f05667bf02ba97735e00fb392e42b7 DependenciesID=bf470a314cf005d270325f86c2ee26d5 StaticDependenciesID=79c7f3e8c9223e1073e8f53af75fbccd 
Importing 'GUID: 05242c3d99f24a74f99cc20369fcb344 - Path: Packages/com.unity.ugui/Tests/Editor/Common/UnityEditor.UI.Common.Tests.asmdef' with importer (AssemblyDefinitionImporter)
Imported 'GUID: 05242c3d99f24a74f99cc20369fcb344' -> (Import Result ID: 'b616b6afd11e6c4e077d82e5bd43745d') in 0.004 seconds [static dependencies only]. Details - ImportResultOutputID=13355475c8cf726890e4967ddaff5c0e DependenciesID=96e900de9c650922f88c626f87926949 StaticDependenciesID=3a7c9f7c68bda75a1e9b1318f85fa43a 
Importing 'GUID: 6546d7765b4165b40850b3667f981c26 - Path: Packages/com.unity.ugui/Editor/TMP/Unity.TextMeshPro.Editor.asmdef' with importer (AssemblyDefinitionImporter)
Imported 'GUID: 6546d7765b4165b40850b3667f981c26' -> (Import Result ID: '0f306951be12a9d5700f9db1d1ce154b') in 0.005 seconds [static dependencies only]. Details - ImportResultOutputID=36008b569067be9a06f56cb2b5d49597 DependenciesID=56bd4bb7e76a6fb584ec9dc36f6dd3f6 StaticDependenciesID=49dec85aaeb8b3f6e5c935f327b6c18f 
Importing 'GUID: 656e461844099ae43a609ff6109b0877 - Path: Packages/com.unity.ugui/Tests/Editor/TMP/Unity.TextMeshPro.Editor.Tests.asmdef' with importer (AssemblyDefinitionImporter)
Imported 'GUID: 656e461844099ae43a609ff6109b0877' -> (Import Result ID: '4b62df1e93b4534f7873cf1076de6c66') in 0.004 seconds [static dependencies only]. Details - ImportResultOutputID=167b54fc7ec77217dc4d1af00b101ec3 DependenciesID=e7de35d9d5cdb97571906ff79d783e49 StaticDependenciesID=875fd39d39e3760618a7cc21c2204a2e 
Importing 'GUID: e9745f6a32442194c8dc5a43e9ab86f9 - Path: Packages/com.unity.ugui/Tests/Runtime/UGUI/UnityEngine.UI.Tests.asmdef' with importer (AssemblyDefinitionImporter)
Imported 'GUID: e9745f6a32442194c8dc5a43e9ab86f9' -> (Import Result ID: 'ed97ff1832a63f919e13e631a7c8a008') in 0.006 seconds [static dependencies only]. Details - ImportResultOutputID=f1b7fc1b8a4bb998167ba402c64af205 DependenciesID=3ecd5402263162ea7108e0cda71f0945 StaticDependenciesID=0f7bc44f4dba9caf329706f0471d95c2 
Importing 'GUID: 2bafac87e7f4b9b418d9448d219b01ab - Path: Packages/com.unity.ugui/Runtime/UGUI/UnityEngine.UI.asmdef' with importer (AssemblyDefinitionImporter)
Imported 'GUID: 2bafac87e7f4b9b418d9448d219b01ab' -> (Import Result ID: 'bfc3e88853b5d4907fdbd68d5cf2758a') in 0.004 seconds [static dependencies only]. Details - ImportResultOutputID=7ddcc014db2fd7397dc46e3d6a9725db DependenciesID=e0f1ed1621e259688d1820c0b7d6aae0 StaticDependenciesID=084a5d16eb2fd37b985ce845d50a8b6d 
Importing 'GUID: bb05cab7d802aa5468f8f2f86840d984 - Path: Packages/com.unity.ugui/Tests/Runtime/TMP/Unity.TextMeshPro.Tests.asmdef' with importer (AssemblyDefinitionImporter)
Imported 'GUID: bb05cab7d802aa5468f8f2f86840d984' -> (Import Result ID: 'ecc16ec8140adef3e33215227c2700b5') in 0.004 seconds [static dependencies only]. Details - ImportResultOutputID=e9011f648514f8bbd4c94ddd8d1d1122 DependenciesID=e4324be3aac59f71dd008877ba0c9a73 StaticDependenciesID=89420967dc742464bfc8b3d55355a8d5 
Importing 'GUID: 7c04f0dfa9243c04681a55d90d3ff3fc - Path: Packages/com.unity.ugui/Tests/Editor/UGUI/UnityEditor.UI.EditorTests.asmdef' with importer (AssemblyDefinitionImporter)
Imported 'GUID: 7c04f0dfa9243c04681a55d90d3ff3fc' -> (Import Result ID: '89c99134bb2483e1794ce17b6dcbe0e8') in 0.004 seconds [static dependencies only]. Details - ImportResultOutputID=718332123925c2264ef1b92f2b680e79 DependenciesID=dd19272aae8a156ad2855892a836effc StaticDependenciesID=40c3addc55af8fe368ee9fd836295b67 
Importing 'GUID: 51fa60bb2bd1e5bc74e8cc95a7bfd5b7 - Path: Packages/com.unity.modules.ui/package.ModuleCompilationTrigger' with importer (DefaultImporter)
Imported 'GUID: 51fa60bb2bd1e5bc74e8cc95a7bfd5b7' -> (Import Result ID: 'da7146f36f38740ef799f0a8ef745d23') in 0.054 seconds [static dependencies only]. Details - ImportResultOutputID=97b097896283fafd162f5103b6da9350 DependenciesID=4055109e607a57d2f1170335fea6f5b6 StaticDependenciesID=5848334a9c3afd485e2598f9889c3997 
Importing 'GUID: 830a36a23cf3ab1e61fa47940a6dc35e - Path: Packages/com.unity.modules.imageconversion/package.ModuleCompilationTrigger' with importer (DefaultImporter)
Imported 'GUID: 830a36a23cf3ab1e61fa47940a6dc35e' -> (Import Result ID: 'c66208759bd0d44fd4d2a27542eefb33') in 0.002 seconds [static dependencies only]. Details - ImportResultOutputID=1312c79305670b6aa3bce9ff3efd03b9 DependenciesID=f8cb08a20abc734962c2341d4974f066 StaticDependenciesID=8d04c7f3854d2da2a085adb5c4d3be84 
Importing 'GUID: 042dc296246916648e55a43d0eeb2036 - Path: Packages/com.unity.modules.audio/package.ModuleCompilationTrigger' with importer (DefaultImporter)
Imported 'GUID: 042dc296246916648e55a43d0eeb2036' -> (Import Result ID: '825ada01a22a932fe6b253644dbb5f47') in 0.002 seconds [static dependencies only]. Details - ImportResultOutputID=ab0921e937c1d9c2d7fbdebe7091d6c2 DependenciesID=6049530c758a625436c89437f1cf97e1 StaticDependenciesID=533919d559210c186a6980f973acb706 
Importing 'GUID: 14e86f88e9a8c9c448d7e7df92f2aeec - Path: Packages/com.unity.modules.physicscore2d/package.ModuleCompilationTrigger' with importer (DefaultImporter)
Imported 'GUID: 14e86f88e9a8c9c448d7e7df92f2aeec' -> (Import Result ID: '770388cac41ce694b07489e2f2fbdbb4') in 0.002 seconds [static dependencies only]. Details - ImportResultOutputID=94d25b776bc28f679880cb17bd31ec6c DependenciesID=ffaa61fcace8cf822466238f111acb5a StaticDependenciesID=5ffdfec73670d4b28ccaa62dac2ca25a 
Importing 'GUID: e6a135e3ea9cb46795d1b0e05ac3e1e5 - Path: Packages/com.unity.modules.jsonserialize/package.ModuleCompilationTrigger' with importer (DefaultImporter)
Imported 'GUID: e6a135e3ea9cb46795d1b0e05ac3e1e5' -> (Import Result ID: '4cdab18d31f425b5b000c178ce4411d7') in 0.002 seconds [static dependencies only]. Details - ImportResultOutputID=16fe18d7d4fb3289b89d1d866fdd26db DependenciesID=13fef97da21472d8b844ad9b278d33c8 StaticDependenciesID=4a0c3cda941c34f53512e620dc71b2ee 
Importing 'GUID: 5c1ee4056d0ac7ad3c5a16597fcaa38a - Path: Packages/com.unity.modules.physics/package.ModuleCompilationTrigger' with importer (DefaultImporter)
Imported 'GUID: 5c1ee4056d0ac7ad3c5a16597fcaa38a' -> (Import Result ID: '55275c48f2a6e4d48c8aa1eeb75f6ed2') in 0.002 seconds [static dependencies only]. Details - ImportResultOutputID=47c1ddfb4cd3ec43bc350d5b06504d59 DependenciesID=48f26736b494d81c81a6df45682d2d56 StaticDependenciesID=bdc9ac5cc7a083ce43d55389511396dd 
Importing 'GUID: be13c398521e3c1ad21fb9da30ab2ab6 - Path: Packages/com.unity.modules.imgui/package.ModuleCompilationTrigger' with importer (DefaultImporter)
Imported 'GUID: be13c398521e3c1ad21fb9da30ab2ab6' -> (Import Result ID: 'b271e59c9cc378c98b4a96aa59e0c678') in 0.002 seconds [static dependencies only]. Details - ImportResultOutputID=68bbcc9e8372c6860b60d924cb4f595c DependenciesID=0f048d2c25447920d8aee15b7f46bdba StaticDependenciesID=c60d30096816420cf21f408d2eaffbc8 
Importing 'GUID: fe6a6957b37b61417b457a1e0541791d - Path: Packages/com.unity.modules.physics2d/package.ModuleCompilationTrigger' with importer (DefaultImporter)
Imported 'GUID: fe6a6957b37b61417b457a1e0541791d' -> (Import Result ID: 'bf99c7c3fa8aead1b3b167c8bea112f4') in 0.002 seconds [static dependencies only]. Details - ImportResultOutputID=007ff8c01aa675f4b695ba99a36210ad DependenciesID=88b918f05d5ac819ead3a3b060478b14 StaticDependenciesID=111770f12ca0822f165f44c14271bd5e 
Native extension for WindowsStandalone target not found
ScheduleIndexationOnStartup MainProcess:True IndexOnStartup:True
Mono: successfully reloaded assembly
- Finished resetting the current domain, in  1.010 seconds
Domain Reload Profiling: 2047ms
	BeginReloadAssembly (536ms)
		DisableScriptedObjects (53ms)
		CreateAndSetChildDomain (128ms)
	RebuildCommonClasses (19ms)
	RebuildNativeTypeToScriptingClass (29ms)
	initialDomainReloadingComplete (76ms)
	LoadAllAssembliesAndSetupDomain (371ms)
		LoadAssemblies (352ms)
		AnalyzeDomain (76ms)
			TypeCache.Refresh (56ms)
				TypeCache.ScanAssembly (13ms)
			BuildScriptInfoCaches (11ms)
			ResolveRequiredComponents (4ms)
	FinalizeReload (1016ms)
		SetupLoadedEditorAssemblies (0ms)
			InitializePlatformSupportModulesInManaged (4ms)
			BeforeProcessingInitializeOnLoad (225ms)
			ProcessInitializeOnLoadAttributes (216ms)
			ProcessInitializeOnLoadMethodAttributes (179ms)
			AfterProcessingInitializeOnLoad (12ms)
		AwakeInstancesAfterBackupRestoration (58ms)
Importing 'GUID: 00000000000000005000000000000000 - Path: Library/BuildPlayer.prefs' with importer (DefaultImporter)
Imported 'GUID: 00000000000000005000000000000000' -> (Import Result ID: '26e9c7e281adb4cf8f3ea59b4c171d86') in 0.036 seconds [static dependencies only]. Details - ImportResultOutputID=1f9c19b30680da8dab47159f77a4e657 DependenciesID=14a8d38dd6eb846d74b0ecabdcf1e954 StaticDependenciesID=6a158df055d9d94d7d60efaaf8b24b39 
Importing 'GUID: 124c112a6e8f1a54e8b0870e881b56d8 - Path: Assets/TextMesh Pro/Shaders/TMP_SDF-URP Unlit.shadergraph' with importer (DefaultImporter)
Imported 'GUID: 124c112a6e8f1a54e8b0870e881b56d8' -> (Import Result ID: '7a8ec7f6a627f5ab50b268f49a5c0196') in 0.007 seconds [static dependencies only]. Details - ImportResultOutputID=3bdb64179b1687430e17c372a60e230c DependenciesID=219c6dfd8b2f4f66a5eb8bf1ede397a7 StaticDependenciesID=a44f3c65acb32a0649d7e5efbc3ea03c 
Importing 'GUID: a3d800b099a06e0478fb790c5e79057a - Path: Assets/TextMesh Pro/Shaders/TMP_SDF-URP Lit.shadergraph' with importer (DefaultImporter)
Imported 'GUID: a3d800b099a06e0478fb790c5e79057a' -> (Import Result ID: 'e63f734a15fcd8399ecfd9ac8216ee2e') in 0.003 seconds [static dependencies only]. Details - ImportResultOutputID=b0737424a86d17413e22efd4b05d14d9 DependenciesID=e030668b0faa3592f71c46b708b6966f StaticDependenciesID=03807e28210a7577c2db5d4aaa2e1313 
Importing 'GUID: f63d574838ccfb44f84acc05fed0af48 - Path: Assets/TextMesh Pro/Shaders/TMP_SDF-HDRP UNLIT.shadergraph' with importer (DefaultImporter)
Imported 'GUID: f63d574838ccfb44f84acc05fed0af48' -> (Import Result ID: '05116faa89bffd4a3b4f2ef0965e3f89') in 0.003 seconds [static dependencies only]. Details - ImportResultOutputID=a002d4f71fdb3e63c9f70062605785b3 DependenciesID=a0fc3f5bd1fca6c9cb9f9128f89dca73 StaticDependenciesID=ef24b446c1bfe6a994918eb1e08243e9 
Importing 'GUID: ca2ed216f98028c4dae6c5224a952b3c - Path: Assets/TextMesh Pro/Shaders/TMP_SDF-HDRP LIT.shadergraph' with importer (DefaultImporter)
Imported 'GUID: ca2ed216f98028c4dae6c5224a952b3c' -> (Import Result ID: '69b6b90d269b74660ed9c6bf2b64e406') in 0.003 seconds [static dependencies only]. Details - ImportResultOutputID=ee6afe84a6b089e251dcb4d1d57cee2b DependenciesID=d9512165d424efdbd46ccd6953d1a8ee StaticDependenciesID=c3630bf2aefe9c259e98130b6071d953 
Importing 'GUID: bc00e25696e4132499f56528d3fed2e3 - Path: Packages/com.unity.ugui/Package Resources/TMP Examples & Extras.unitypackage' with importer (DefaultImporter)
Imported 'GUID: bc00e25696e4132499f56528d3fed2e3' -> (Import Result ID: '5a86085750982a5f51eb8d6d9861869e') in 0.007 seconds [static dependencies only]. Details - ImportResultOutputID=5e64def7f760c9c68f91d0f7e63b32d7 DependenciesID=9fc32243de8d8d95d292caee0c506bb5 StaticDependenciesID=20bb8e0c00927ec0a45b579ddc595d27 
Importing 'GUID: ce4ff17ca867d2b48b5c8a4181611901 - Path: Packages/com.unity.ugui/Package Resources/TMP Essential Resources.unitypackage' with importer (DefaultImporter)
Imported 'GUID: ce4ff17ca867d2b48b5c8a4181611901' -> (Import Result ID: '71db0493b205e94fb70067bc795f17bc') in 0.003 seconds [static dependencies only]. Details - ImportResultOutputID=1b08adab5828572d6bd38dd46d26db87 DependenciesID=c13bc7ea654fa92bc1c412822473dfab StaticDependenciesID=9471d56e53c90eb64965ed3a6431689a 
Importing 'GUID: 11f3059b299354f6487689a4cb4c1d40 - Path: Assets/DMT321/JsonDataTwin/Scenes/L02_JSONDataQualityTwin.unity' with importer (DefaultImporter)
Imported 'GUID: 11f3059b299354f6487689a4cb4c1d40' -> (Import Result ID: '14637bd74d54c93a858574fa7b4c6eeb') in 0.004 seconds [static dependencies only]. Details - ImportResultOutputID=66bab22de9a102e50be0cf97bb44ab40 DependenciesID=2860f6a4f528733142272fce4d562b8a StaticDependenciesID=7893898621dc31ae525b48cac7f2d318 
Importing 'GUID: a82e49fb4744845de9a29f362e62b2e6 - Path: Assets/DMT321/CommandAckTwin/Scenes/L03_StartHere.unity' with importer (DefaultImporter)
Imported 'GUID: a82e49fb4744845de9a29f362e62b2e6' -> (Import Result ID: '01338c69225a10389219c98c891feec0') in 0.003 seconds [static dependencies only]. Details - ImportResultOutputID=ec95c61d5a73fbb1d83d6535df0e2779 DependenciesID=0ea5173e00a8e3a79ae93e93602e2ef1 StaticDependenciesID=4ad2aa0490cb977a54f8923968130235 
Importing 'GUID: 0d06746ca0bb047d9b76614ce04c204c - Path: Assets/DMT321/JsonDataTwin/Scenes/L02_StartHere.unity' with importer (DefaultImporter)
Imported 'GUID: 0d06746ca0bb047d9b76614ce04c204c' -> (Import Result ID: 'de330abd9fb84867e871d539e8b45229') in 0.004 seconds [static dependencies only]. Details - ImportResultOutputID=fa65db1da9146a4d1e864e4e2462845e DependenciesID=20ec584ab81455b83eb181fa1739b20f StaticDependenciesID=e8a3629dbd74fdd12e16522d47ebb1f6 
Importing 'GUID: e05ace3bd15740cda0bad60d89092a5b - Path: Packages/com.unity.ugui/Editor Resources/Textures/btn_AlignRight_Light.psd' with importer (TextureImporter)
Imported 'GUID: e05ace3bd15740cda0bad60d89092a5b' -> (Import Result ID: 'd213277389b703ea8fd7a28d12abc521') in 0.025 seconds [static and dynamic dependencies]. Details - ImportResultOutputID=a229af3b5010fa0147b7e41b87f8b5f1 DependenciesID=82a701625c50577366a98b13a81aecd7 StaticDependenciesID=a72a3f45942b0d911a67d02dcd110582 
Importing 'GUID: 41b96614b2e6494ba995ddcd252d11ae - Path: Packages/com.unity.ugui/Editor Resources/Textures/btn_AlignMiddle.psd' with importer (TextureImporter)
Imported 'GUID: 41b96614b2e6494ba995ddcd252d11ae' -> (Import Result ID: '29b6be88e960369c1b2bbe94eb33d45a') in 0.006 seconds [static and dynamic dependencies]. Details - ImportResultOutputID=b38c5c4b03712d9e30dc9b459f1ceaf3 DependenciesID=bf47a1706b9d95161ce909229e4eb3b3 StaticDependenciesID=3aefd0abb1ea977de447f517c6e12372 
Importing 'GUID: 81ed8c76d2bc4a4c95d092c98af4e58f - Path: Packages/com.unity.ugui/Editor Resources/Textures/btn_AlignCenter.psd' with importer (TextureImporter)
Imported 'GUID: 81ed8c76d2bc4a4c95d092c98af4e58f' -> (Import Result ID: 'ac210c50f9bcd501ae23820cf01dcff7') in 0.006 seconds [static and dynamic dependencies]. Details - ImportResultOutputID=c2b44cb03f452f87f5ab1cf554fe1cf1 DependenciesID=42cfad72780cce0ca3f3d37aa72b1a99 StaticDependenciesID=f240d5cfda00b209c156baab86b25418 
Importing 'GUID: 12736c98af174f91827a26b66d2b01b9 - Path: Packages/com.unity.ugui/Editor Resources/Textures/btn_AlignLeft_Light.psd' with importer (TextureImporter)
Imported 'GUID: 12736c98af174f91827a26b66d2b01b9' -> (Import Result ID: '590c9a3d8d2a6e754524a6215e6d6e6b') in 0.005 seconds [static and dynamic dependencies]. Details - ImportResultOutputID=2ac4f4f3cb224304354550257cad106c DependenciesID=039a1956c545e185dac63cdce32f0b26 StaticDependenciesID=9c64da912f5b7980065ac489d466eaf4 
Importing 'GUID: 92027f7f8cfc4feaa477da0dc38d3d46 - Path: Packages/com.unity.ugui/Editor Resources/Textures/btn_AlignJustified.psd' with importer (TextureImporter)
Imported 'GUID: 92027f7f8cfc4feaa477da0dc38d3d46' -> (Import Result ID: '4da80fb0b3b09f70cecc80989e5763dd') in 0.005 seconds [static and dynamic dependencies]. Details - ImportResultOutputID=556e8a56f6e919eb180530019938d010 DependenciesID=f317fa72943fccbbeb187c9b791662e7 StaticDependenciesID=4523259c4dcfaf024a01ef7da1edf85e 
Importing 'GUID: 9288066c33474b94b6ee5465f4df1cc0 - Path: Packages/com.unity.ugui/Editor Resources/Textures/btn_AlignLeft.psd' with importer (TextureImporter)
Imported 'GUID: 9288066c33474b94b6ee5465f4df1cc0' -> (Import Result ID: 'cf3e28dfbc625981280d4e71d2e40bbf') in 0.005 seconds [static and dynamic dependencies]. Details - ImportResultOutputID=7d85fc9205bc0ed4ceee655c3b2c3cce DependenciesID=443a376325572e27f3e60932f0a2a953 StaticDependenciesID=a6564db806505f1f451c5948ed5901d1 
Importing 'GUID: c2f7f6a88b4c4f20a53deb72f3d9144c - Path: Packages/com.unity.ugui/Editor Resources/Textures/btn_AlignMidLine.psd' with importer (TextureImporter)
Imported 'GUID: c2f7f6a88b4c4f20a53deb72f3d9144c' -> (Import Result ID: 'b48cc91a73da055fe0f5a2dcf48aa42e') in 0.005 seconds [static and dynamic dependencies]. Details - ImportResultOutputID=60efec1956b072c106cd57152f9c114b DependenciesID=a3df2c461a08f5c4d2169a224b3c1089 StaticDependenciesID=2e1da3edd8c0b8380ed5eb78f0078a96 
Importing 'GUID: e3b0f810fdea84e40ab4ba20f256f7e8 - Path: Packages/com.unity.ugui/Editor Resources/Textures/SectionHeader_Light.psd' with importer (TextureImporter)
Imported 'GUID: e3b0f810fdea84e40ab4ba20f256f7e8' -> (Import Result ID: '731d010f9ee3382ab96e6fde381a822e') in 0.005 seconds [static and dynamic dependencies]. Details - ImportResultOutputID=a9923641f45f2bb5b8a3110d4d1cacde DependenciesID=f386f5d83836da4255134fd6eaa0880b StaticDependenciesID=d8196a8332eea4329c4c4638ec39c23c 
Importing 'GUID: 342a0f8aca7f4f0691338912faec0494 - Path: Packages/com.unity.ugui/Editor Resources/Textures/btn_AlignRight.psd' with importer (TextureImporter)
Imported 'GUID: 342a0f8aca7f4f0691338912faec0494' -> (Import Result ID: '5129f156e9b0575261f193c5488a9203') in 0.005 seconds [static and dynamic dependencies]. Details - ImportResultOutputID=8346911a928d5462bcd7f594b4b8246c DependenciesID=25a22c7ef765545dae4b3bcde4a7143a StaticDependenciesID=03cdd4cc67a634eb7e7f2d115bb26574 
Importing 'GUID: 64b9fad609434c489c32b1cdf2004a1c - Path: Packages/com.unity.ugui/Editor Resources/Textures/btn_AlignFlush_Light.psd' with importer (TextureImporter)
Imported 'GUID: 64b9fad609434c489c32b1cdf2004a1c' -> (Import Result ID: '8867ecfb4477368f7bd635153b1d0408') in 0.005 seconds [static and dynamic dependencies]. Details - ImportResultOutputID=06fa58f761b54fae695a49da5341696f DependenciesID=aba23a5c3e81d76419234f9e9d6805b4 StaticDependenciesID=06ec1caee865604e3621a33caa1838ba 
Importing 'GUID: 35ff0937876540d3bd4b6a941df62a92 - Path: Packages/com.unity.ugui/Editor Resources/Textures/btn_AlignCenterGeo_Light.psd' with importer (TextureImporter)
Imported 'GUID: 35ff0937876540d3bd4b6a941df62a92' -> (Import Result ID: 'f0ae42223245a0593893d6713ad3a6ef') in 0.005 seconds [static and dynamic dependencies]. Details - ImportResultOutputID=d33d6ed5dd12b5829705f2845c603899 DependenciesID=4670eb06bc94cc89a494c0979bf73c6e StaticDependenciesID=267c468312115d868370feab4d58b31c 
Importing 'GUID: 066619c9c9c84f89acb1b48c11a7efe2 - Path: Packages/com.unity.ugui/Editor Resources/Textures/btn_AlignMiddle_Light.psd' with importer (TextureImporter)
Imported 'GUID: 066619c9c9c84f89acb1b48c11a7efe2' -> (Import Result ID: 'e210796d193c781dd905901f321738ac') in 0.006 seconds [static and dynamic dependencies]. Details - ImportResultOutputID=274cde89f5e476065cf1635fae9320c7 DependenciesID=971670fd445b14c188dba97e419bcf45 StaticDependenciesID=7b725d5196bb439b05a6fc7f8cd1c99f 
Importing 'GUID: a7ec9e7ad8b847b7ae4510af83c5d868 - Path: Packages/com.unity.ugui/Editor Resources/Gizmos/TMP - Dropdown Icon.psd' with importer (TextureImporter)
Imported 'GUID: a7ec9e7ad8b847b7ae4510af83c5d868' -> (Import Result ID: 'f7fe705cf9d8e3a954fb5753e03f0aaf') in 0.007 seconds [static and dynamic dependencies]. Details - ImportResultOutputID=c2213d370bd4d602ca4fcec2465bafb1 DependenciesID=3e0b6de6b45502fcaa7b7ed115f5ff98 StaticDependenciesID=e8babd171845cb02d591e1ede4e64d8e 
Importing 'GUID: c76700ea0062413d9f69409b4e9e151b - Path: Packages/com.unity.ugui/Editor Resources/Textures/btn_AlignCenterGeo.psd' with importer (TextureImporter)
Imported 'GUID: c76700ea0062413d9f69409b4e9e151b' -> (Import Result ID: '6e9f701528e2582abe102ca6ed62ad71') in 0.005 seconds [static and dynamic dependencies]. Details - ImportResultOutputID=81774207d2d6eb1abb366093865b6b45 DependenciesID=7eb917d12cbe8218d6263e2fce5ac479 StaticDependenciesID=678f1428a0fa19ed17d3319a84cc9401 
Importing 'GUID: 18775b51e3bd42299fd30bd036ea982f - Path: Packages/com.unity.ugui/Editor Resources/Textures/btn_AlignBaseLine_Light.psd' with importer (TextureImporter)
Imported 'GUID: 18775b51e3bd42299fd30bd036ea982f' -> (Import Result ID: '7ca51c69dc8e646fefea5acfcf089802') in 0.005 seconds [static and dynamic dependencies]. Details - ImportResultOutputID=8dc94930ba8826d7650b1a3ad34e010c DependenciesID=669f6c30d81888205971c294b939365c StaticDependenciesID=36b5fedac47a39dd23237e4d57c7179a 
Importing 'GUID: 48d034c499ee4697af9dd6e327110249 - Path: Packages/com.unity.ugui/Editor Resources/Textures/btn_AlignTop.psd' with importer (TextureImporter)
Imported 'GUID: 48d034c499ee4697af9dd6e327110249' -> (Import Result ID: '97636d76b4912f5f47aa5613c57e75ec') in 0.005 seconds [static and dynamic dependencies]. Details - ImportResultOutputID=d586cc6ea8c01f7af95f9fc6c438db53 DependenciesID=e35920ae27395be77f6379075af3fb8e StaticDependenciesID=1ef52aac0fbbc6e75a8e230581142c53 
Importing 'GUID: 585b70cb75dd43efbfead809c30a1731 - Path: Packages/com.unity.ugui/Editor Resources/Textures/btn_AlignBottom_Light.psd' with importer (TextureImporter)
Imported 'GUID: 585b70cb75dd43efbfead809c30a1731' -> (Import Result ID: '55d5696f6510b384f78957dc3ddc96e6') in 0.005 seconds [static and dynamic dependencies]. Details - ImportResultOutputID=cfd6fde3290bf04e003043afd7cf0769 DependenciesID=8360f46c90ac34f432782e4840861fd0 StaticDependenciesID=e97ff400ee29b058653f137c2519fa4c 
Importing 'GUID: 49679f302ac6408697f6b9314a38985c - Path: Packages/com.unity.ugui/Editor Resources/Textures/btn_AlignCapLine_Light.psd' with importer (TextureImporter)
Imported 'GUID: 49679f302ac6408697f6b9314a38985c' -> (Import Result ID: 'c0956edf79a7699c19eee432ed4d7773') in 0.005 seconds [static and dynamic dependencies]. Details - ImportResultOutputID=10983419734de9da7cbb72e17d4ba54f DependenciesID=c49fdca23ea49b4cfd0997825dff610a StaticDependenciesID=611618b7851a0d939e6fdc711e294008 
Importing 'GUID: 691475c57a824010be0c6f474caeb7e1 - Path: Packages/com.unity.ugui/Editor Resources/Textures/btn_AlignFlush.psd' with importer (TextureImporter)
Imported 'GUID: 691475c57a824010be0c6f474caeb7e1' -> (Import Result ID: 'bf3af272fd9c759a44eb22c85bea7632') in 0.005 seconds [static and dynamic dependencies]. Details - ImportResultOutputID=d0ca6edd42b828ecc958e09e3445969e DependenciesID=296a1d3563975dfc59976ebb9bc796dc StaticDependenciesID=7df2f5ee9e62f60d87b988ea7dee7cf5 
Importing 'GUID: 6ace62d30f494c948b71d5594afce11d - Path: Packages/com.unity.ugui/Editor Resources/Textures/btn_AlignCenter_Light.psd' with importer (TextureImporter)
Imported 'GUID: 6ace62d30f494c948b71d5594afce11d' -> (Import Result ID: '723a7f701fc3cd664fd6ad526268aa01') in 0.005 seconds [static and dynamic dependencies]. Details - ImportResultOutputID=3cbcc66c70982070b4c5e6611bb976e3 DependenciesID=0afa191a6f486f372a4be516e7a7dda9 StaticDependenciesID=63ec30629bd1ab9f51cc00df6bdaf68f 
Importing 'GUID: ca51b19024094d1b87f3e07edb0a75fb - Path: Packages/com.unity.ugui/Editor Resources/Textures/btn_AlignBottom.psd' with importer (TextureImporter)
Imported 'GUID: ca51b19024094d1b87f3e07edb0a75fb' -> (Import Result ID: '6135fff7d4b81e1b8db0c646121b5f0f') in 0.005 seconds [static and dynamic dependencies]. Details - ImportResultOutputID=fc2b97cd0e6bbe790aa9341cf2cf8875 DependenciesID=d4891d4f14282193d5f8086fe095232a StaticDependenciesID=fa3d37a0a4fae1c1d484a51926473813 
Importing 'GUID: fa6bd40a216346b783a4cce741d277a5 - Path: Packages/com.unity.ugui/Editor Resources/Textures/btn_AlignJustified_Light.psd' with importer (TextureImporter)
Imported 'GUID: fa6bd40a216346b783a4cce741d277a5' -> (Import Result ID: '94613c59cea6793e39cfa0dd9e9b53b0') in 0.005 seconds [static and dynamic dependencies]. Details - ImportResultOutputID=32e4300f1918b119a9851eb373a5b68f DependenciesID=94c153cd7dcd47e2159e75c8dd9d3032 StaticDependenciesID=287c9671a60c2ecc4c318768b6cbe54e 
Importing 'GUID: 8bc445bb79654bf496c92d0407840a92 - Path: Packages/com.unity.ugui/Editor Resources/Textures/btn_AlignBaseLine.psd' with importer (TextureImporter)
Imported 'GUID: 8bc445bb79654bf496c92d0407840a92' -> (Import Result ID: '3d15b9056d38a1178a4838f2b634356b') in 0.005 seconds [static and dynamic dependencies]. Details - ImportResultOutputID=2b63d30b6f3e4a087599212249181e4a DependenciesID=8ae60512a8bc89717921ca5d4efa77dd StaticDependenciesID=a6254f1de6bd24ab894f99521c4ce15d 
Importing 'GUID: bb42b2d967d6427983c901a4ffc8ecd9 - Path: Packages/com.unity.ugui/Editor Resources/Textures/btn_AlignMidline_Light.psd' with importer (TextureImporter)
Imported 'GUID: bb42b2d967d6427983c901a4ffc8ecd9' -> (Import Result ID: '8aeb02af396c271820ff8f54ffc8eb67') in 0.006 seconds [static and dynamic dependencies]. Details - ImportResultOutputID=62f6d6621d0caeedab94ed0e9304d23b DependenciesID=1d633d3cce5fce4c18a9e9fab1f5eb6d StaticDependenciesID=9f810a4d205e95c838e64ae3cfae7d6f 
Importing 'GUID: fb5730e24283d0c489e5c7d0bee023d9 - Path: Packages/com.unity.ugui/Editor Resources/Textures/SectionHeader_Dark.psd' with importer (TextureImporter)
Imported 'GUID: fb5730e24283d0c489e5c7d0bee023d9' -> (Import Result ID: 'bf12001639a11a27abb7c566b8906165') in 0.005 seconds [static and dynamic dependencies]. Details - ImportResultOutputID=73e39860f08594ba96e2e6a192ea49c9 DependenciesID=5fa9a25432a904b8f2bc8254bb52837d StaticDependenciesID=d91bba1cc9a3e068a4d5c859ba023477 
Importing 'GUID: ec7c645d93308c04d8840982af12101e - Path: Packages/com.unity.ugui/Editor Resources/Gizmos/TMP - Sprite Asset Icon.psd' with importer (TextureImporter)
Imported 'GUID: ec7c645d93308c04d8840982af12101e' -> (Import Result ID: 'b5559b1f6943ec6433c2f6037bfe4bfc') in 0.007 seconds [static and dynamic dependencies]. Details - ImportResultOutputID=9071c4828f82f1de0327c30d57be7e91 DependenciesID=c86b10ee0a92ff9843c60ae837cb651f StaticDependenciesID=8abb3b76b9e07a04f5da31bcbae33264 
Importing 'GUID: 0d9a36012a224080966c7b55896aa0f9 - Path: Packages/com.unity.ugui/Editor Resources/Textures/btn_AlignCapLine.psd' with importer (TextureImporter)
Imported 'GUID: 0d9a36012a224080966c7b55896aa0f9' -> (Import Result ID: '210dc133bd37c6cf6172990b9a5af99e') in 0.005 seconds [static and dynamic dependencies]. Details - ImportResultOutputID=ae207cfba64a8301badb7412e6d6f5d2 DependenciesID=dc8ad42931a1a8c0655815e616fcec73 StaticDependenciesID=1b7b108b58171f850434c765f1841c58 
Importing 'GUID: ed041e68439749a69d0efa0e3d896c2e - Path: Packages/com.unity.ugui/Editor Resources/Textures/btn_AlignTop_Light.psd' with importer (TextureImporter)
Imported 'GUID: ed041e68439749a69d0efa0e3d896c2e' -> (Import Result ID: 'c95b07f45ee74f0049677574ae8ed456') in 0.006 seconds [static and dynamic dependencies]. Details - ImportResultOutputID=6d533b6f0b98db9bc47da5a392606fad DependenciesID=bb59e82ed63cd3b0c97f171876b7cb2c StaticDependenciesID=0dcedc13fa1202021212584b9d01c6b7 
Importing 'GUID: 3ee40aa79cd242a5b53b0b0ca4f13f0f - Path: Packages/com.unity.ugui/Editor Resources/Gizmos/TMP - Input Field Icon.psd' with importer (TextureImporter)
Imported 'GUID: 3ee40aa79cd242a5b53b0b0ca4f13f0f' -> (Import Result ID: 'c08a4bf391de4d6f36861c866014df8a') in 0.007 seconds [static and dynamic dependencies]. Details - ImportResultOutputID=2ce306adce7f67451b39c112a27afd5b DependenciesID=db5087d31a5eff6e32da0611476b474c StaticDependenciesID=1c24a3c58f281d81c9ba4f92ccc3dbc9 
Importing 'GUID: ee148e281f3c41c5b4ff5f8a5afe5a6c - Path: Packages/com.unity.ugui/Editor Resources/Gizmos/TMP - Font Asset Icon.psd' with importer (TextureImporter)
Imported 'GUID: ee148e281f3c41c5b4ff5f8a5afe5a6c' -> (Import Result ID: '5206a4a506150b2513e59bedef9a29f1') in 0.006 seconds [static and dynamic dependencies]. Details - ImportResultOutputID=3d68fe10b88ec561accde4267dcc18a0 DependenciesID=8c3a9db2986c56d93c3800bc390160df StaticDependenciesID=0ac2610afd7f46203c3fef1d822e4466 
Importing 'GUID: 2fd6421f253b4ef1a19526541f9ffc0c - Path: Packages/com.unity.ugui/Editor Resources/Gizmos/TMP - Text Component Icon.psd' with importer (TextureImporter)
Imported 'GUID: 2fd6421f253b4ef1a19526541f9ffc0c' -> (Import Result ID: '05b1e5aad55ad2fc3d11c30b9d926388') in 0.007 seconds [static and dynamic dependencies]. Details - ImportResultOutputID=6676a7ff42669b4e910efa4b273aee84 DependenciesID=eef8e413f2924951d3c65c29beb55865 StaticDependenciesID=91b5d4440110bc5d09e7501d84b9b2bb 
Importing 'GUID: dffef66376be4fa480fb02b19edbe903 - Path: Assets/TextMesh Pro/Sprites/EmojiOne.png' with importer (TextureImporter)
Imported 'GUID: dffef66376be4fa480fb02b19edbe903' -> (Import Result ID: '4c65044fab107c5324304c0f8b52033b') in 0.036 seconds [static and dynamic dependencies]. Details - ImportResultOutputID=d62cf3628722a8ed77ed09e4db03d238 DependenciesID=29f7a7bd7e3ed0e017d34e98a6db9b26 StaticDependenciesID=b97d98b6c5ec0b965b18e4afe37cc789 
Importing 'GUID: 407bc68d299748449bbf7f48ee690f8d - Path: Assets/TextMesh Pro/Shaders/TMPro.cginc' with importer (ShaderIncludeImporter)
Imported 'GUID: 407bc68d299748449bbf7f48ee690f8d' -> (Import Result ID: '755691b39a7eaf9a01ccf06b67d7de2e') in 0.008 seconds [static dependencies only]. Details - ImportResultOutputID=1bd22da0221ba991566ca4e6dfae75f5 DependenciesID=5889aa507d4a06388365cb826a98c438 StaticDependenciesID=521d6c93053fc029167aa11c355be29c 
Importing 'GUID: c334973cef89a9840b0b0c507e0377ab - Path: Assets/TextMesh Pro/Shaders/TMPro_Mobile.cginc' with importer (ShaderIncludeImporter)
Imported 'GUID: c334973cef89a9840b0b0c507e0377ab' -> (Import Result ID: '31376ab28a9a8e81f026341ccce59d09') in 0.005 seconds [static dependencies only]. Details - ImportResultOutputID=9e8a43846baefc8da31eb43e9237046f DependenciesID=37d8cacc1d3c05971f436d902e8eab4f StaticDependenciesID=e0421e9f6d278ebb9dc61c887ea15b29 
Importing 'GUID: 96de908384869cd409c75efa351d5edf - Path: Assets/TextMesh Pro/Shaders/SDFFunctions.hlsl' with importer (ShaderIncludeImporter)
Imported 'GUID: 96de908384869cd409c75efa351d5edf' -> (Import Result ID: 'b6890be2d552e53322ab781ee7090e66') in 0.004 seconds [static dependencies only]. Details - ImportResultOutputID=32e6910ee6b9c4e28f824306c10569da DependenciesID=90aabc7a50f64addd4f40407e8f29857 StaticDependenciesID=ea2fe5af8cc97904c571f815349b6092 
Importing 'GUID: 3997e2241185407d80309a82f9148466 - Path: Assets/TextMesh Pro/Shaders/TMPro_Properties.cginc' with importer (ShaderIncludeImporter)
Imported 'GUID: 3997e2241185407d80309a82f9148466' -> (Import Result ID: '5b67ef15f8bfd78451ff3a968156b7f5') in 0.004 seconds [static dependencies only]. Details - ImportResultOutputID=d4afa331a41c35391aae778b3b6475ec DependenciesID=b80d35624f3cf730970fae06de86d16d StaticDependenciesID=541c287f2051d708758ecc434b7cb58b 
Importing 'GUID: d930090c0cd643c7b55f19a38538c162 - Path: Assets/TextMesh Pro/Shaders/TMPro_Surface.cginc' with importer (ShaderIncludeImporter)
Imported 'GUID: d930090c0cd643c7b55f19a38538c162' -> (Import Result ID: '528ed2b89101001d10a990ea4bf01cc6') in 0.005 seconds [static dependencies only]. Details - ImportResultOutputID=458955789dc03a0d58de79767947df90 DependenciesID=0e5e8da774def45ef6ba13ceeace65a9 StaticDependenciesID=75c4313cf57c58c19dc0c730a6b2fbfc 
Importing 'GUID: abe6991365a27d341a10580f3b7c0f44 - Path: Packages/com.unity.ugui/Editor Resources/Shaders/TMP_SDF_SSD.cginc' with importer (ShaderIncludeImporter)
Imported 'GUID: abe6991365a27d341a10580f3b7c0f44' -> (Import Result ID: '4a16520890faa07e834ce34137afd09b') in 0.005 seconds [static dependencies only]. Details - ImportResultOutputID=e2ffcc5f3f3567bf2339dee0e44b2a1a DependenciesID=e3eec9bfbf9978578c445daa9a50835b StaticDependenciesID=63a2ed5242b0a7175ee8407389afcb84 
Importing 'GUID: 3c6c403084eacec478a1129ce20061ea - Path: Packages/com.unity.ugui/Editor Resources/Shaders/TMP_Properties.cginc' with importer (ShaderIncludeImporter)
Imported 'GUID: 3c6c403084eacec478a1129ce20061ea' -> (Import Result ID: '507a83b9155732e9f3d2ec1ea6348ec5') in 0.004 seconds [static dependencies only]. Details - ImportResultOutputID=3f1c6854e6ecba6bc6f0c8f9f359ecd4 DependenciesID=54eedf8fc1d770ba6b1470887d00ab9f StaticDependenciesID=79a7583f07dc97e806a2819ee215231e 
Importing 'GUID: a02a7d8c237544f1962732b55a9aebf1 - Path: Assets/TextMesh Pro/Shaders/TMP_SDF-Mobile Overlay.shader' with importer (ShaderImporter)
Launched and connected shader compiler UnityShaderCompiler.exe after 0.10 seconds
Imported 'GUID: a02a7d8c237544f1962732b55a9aebf1' -> (Import Result ID: '089edfc5d0fa03ba3d62df40824e712c') in 0.584 seconds [static and dynamic dependencies]. Details - ImportResultOutputID=2b74d16fbeacfe2875c39f3aec85e823 DependenciesID=435e0cd870fe1a4b9d5129a30ae5562c StaticDependenciesID=5cce7fb4abf2fe8cba544b942f9c445f 
Importing 'GUID: 0178fcb869bafef4690d177d31d17db8 - Path: Assets/TextMesh Pro/Shaders/TMP_SDF-Mobile-2-Pass.shader' with importer (ShaderImporter)
Imported 'GUID: 0178fcb869bafef4690d177d31d17db8' -> (Import Result ID: '3997b5141dea3ec98429c24cdb947bb7') in 0.013 seconds [static and dynamic dependencies]. Details - ImportResultOutputID=76ca6b4a7648d9be783483d1f59a6902 DependenciesID=3f3c12ddbc49fdf00d4a209c06b12fe8 StaticDependenciesID=e5b7ec745476634faf5287bce5823f70 
Importing 'GUID: 128e987d567d4e2c824d754223b3f3b0 - Path: Assets/TextMesh Pro/Shaders/TMP_Bitmap.shader' with importer (ShaderImporter)
Imported 'GUID: 128e987d567d4e2c824d754223b3f3b0' -> (Import Result ID: 'a6210f73c1348e0dad193ab27b583e3d') in 0.009 seconds [static and dynamic dependencies]. Details - ImportResultOutputID=1aea37352a424b4c3acb40217d428405 DependenciesID=e0c72b47bede24b67bbb00660ba833e1 StaticDependenciesID=26c489bb0cd3813725bde94de7053b1a 
Importing 'GUID: 14eb328de4b8eb245bb7cea29e4ac00b - Path: Assets/TextMesh Pro/Shaders/TMP_SDF SSD.shader' with importer (ShaderImporter)
Imported 'GUID: 14eb328de4b8eb245bb7cea29e4ac00b' -> (Import Result ID: '5d9f374e3104af4aab08b6986a234c5e') in 0.012 seconds [static and dynamic dependencies]. Details - ImportResultOutputID=b6201e8866c54c34d604b02f1070fea4 DependenciesID=9eaf9ed542039341865390b83c7df52e StaticDependenciesID=2e495aefa14ac23412e96b01952d1a0f 
Importing 'GUID: 85187c2149c549c5b33f0cdb02836b17 - Path: Assets/TextMesh Pro/Shaders/TMP_SDF-Surface-Mobile.shader' with importer (ShaderImporter)
Imported 'GUID: 85187c2149c549c5b33f0cdb02836b17' -> (Import Result ID: 'aa79c3eed3b21f957dabaf4f52d0e251') in 0.637 seconds [static and dynamic dependencies]. Details - ImportResultOutputID=7fad1b1717a0d8fb67f389fb7680c1fe DependenciesID=310e77b0748fca6644269d52f5825380 StaticDependenciesID=ffeb4f45e28e65505d4ee25b8da72696 
Importing 'GUID: f7ada0af4f174f0694ca6a487b8f543d - Path: Assets/TextMesh Pro/Shaders/TMP_SDF-Surface.shader' with importer (ShaderImporter)
Imported 'GUID: f7ada0af4f174f0694ca6a487b8f543d' -> (Import Result ID: '5597c7a2c5294e28d254cd512318c927') in 0.721 seconds [static and dynamic dependencies]. Details - ImportResultOutputID=a6f4a25894090073221af34a1b144c85 DependenciesID=c3314b9ce9b72fa23eb7f9c605ab139b StaticDependenciesID=d3bcdb9df70bb81643e3691663bf096f 
Importing 'GUID: 48bb5f55d8670e349b6e614913f9d910 - Path: Assets/TextMesh Pro/Shaders/TMP_Bitmap-Custom-Atlas.shader' with importer (ShaderImporter)
Imported 'GUID: 48bb5f55d8670e349b6e614913f9d910' -> (Import Result ID: '7e721cd162f5d9eaf24cd99f99f61f94') in 0.010 seconds [static and dynamic dependencies]. Details - ImportResultOutputID=c2486a4c31bed7bacdfd6794fea3205c DependenciesID=8a60a1eb9165b68e8eacb1fbdb15ad59 StaticDependenciesID=eecfc2e69e8d4fafd164b6460bdb3e48 
Importing 'GUID: 68e6db2ebdc24f95958faec2be5558d6 - Path: Assets/TextMesh Pro/Shaders/TMP_SDF.shader' with importer (ShaderImporter)
Imported 'GUID: 68e6db2ebdc24f95958faec2be5558d6' -> (Import Result ID: '37bcb5c9fec5edfffa6ae6af1aa4ae06') in 0.011 seconds [static and dynamic dependencies]. Details - ImportResultOutputID=4d67c4dc18bb9f7bd04a2e78e07b6ef5 DependenciesID=5a970f3e91f6de7f3b1f9cc30646cbf7 StaticDependenciesID=ce46f6b8173b936aa86ff4da14988f5e 
Importing 'GUID: c8d12adcee749c344b8117cf7c7eb912 - Path: Assets/TextMesh Pro/Shaders/TMP_SDF-Mobile SSD.shader' with importer (ShaderImporter)
Imported 'GUID: c8d12adcee749c344b8117cf7c7eb912' -> (Import Result ID: '64dfcdb9b620c98fca5e6c3ffcce2098') in 0.011 seconds [static and dynamic dependencies]. Details - ImportResultOutputID=cdae873562d46c8ca7327f44da105fb8 DependenciesID=7b02e6ec041814b14ea142c4e2cfc9b9 StaticDependenciesID=1693b0f3b602df34fb05cd0ca65ce651 
Importing 'GUID: 9c442dc870b456e48b615cd8add0e9ef - Path: Packages/com.unity.ugui/Editor Resources/Shaders/TMP_SDF Internal Editor.shader' with importer (ShaderImporter)
Imported 'GUID: 9c442dc870b456e48b615cd8add0e9ef' -> (Import Result ID: '26f4dd20484c77acfce16d9e51d1eaea') in 0.010 seconds [static and dynamic dependencies]. Details - ImportResultOutputID=6493dbbd5887a2d861604936deedae64 DependenciesID=77650c516cc8bb2800c39092fb00a287 StaticDependenciesID=d6794af3edbd937daa1ec69a72eea80b 
Importing 'GUID: bc1ede39bf3643ee8e493720e4259791 - Path: Assets/TextMesh Pro/Shaders/TMP_SDF-Mobile Masking.shader' with importer (ShaderImporter)
Imported 'GUID: bc1ede39bf3643ee8e493720e4259791' -> (Import Result ID: '90c96b396dccfd700771c73dfc0066cf') in 0.010 seconds [static and dynamic dependencies]. Details - ImportResultOutputID=b7870331dd29eb9b8f14bb2e40c66fb9 DependenciesID=1a8a795e1f078ddb4dd75e14022bf241 StaticDependenciesID=b990e054b50fb1dd9be86c1d8b26a2e4 
Importing 'GUID: dd89cf5b9246416f84610a006f916af7 - Path: Assets/TextMesh Pro/Shaders/TMP_SDF Overlay.shader' with importer (ShaderImporter)
Imported 'GUID: dd89cf5b9246416f84610a006f916af7' -> (Import Result ID: 'eb6312e7215a0f1894388fc5d3d8e972') in 0.011 seconds [static and dynamic dependencies]. Details - ImportResultOutputID=f4ca6216cf1c9854ddab89982447affe DependenciesID=5143755d7bc484a6f67bb5435e8cdd4f StaticDependenciesID=ddb73010edf3141e4a2300c00b290ce1 
Importing 'GUID: 1e3b057af24249748ff873be7fafee47 - Path: Assets/TextMesh Pro/Shaders/TMP_Bitmap-Mobile.shader' with importer (ShaderImporter)
Imported 'GUID: 1e3b057af24249748ff873be7fafee47' -> (Import Result ID: '66ca9861a8de7f8e3f1237c7f7273e6c') in 0.010 seconds [static and dynamic dependencies]. Details - ImportResultOutputID=2a1945fbc39cb9d3777fc871d492af93 DependenciesID=89669a5af1a3fa0eed176dc4dc479fbd StaticDependenciesID=443c6c89ff3c66d5b3a8eb511638b2f2 
Importing 'GUID: fe393ace9b354375a9cb14cdbbc28be4 - Path: Assets/TextMesh Pro/Shaders/TMP_SDF-Mobile.shader' with importer (ShaderImporter)
Imported 'GUID: fe393ace9b354375a9cb14cdbbc28be4' -> (Import Result ID: '40d05be9be84d00131eaaf4e10905140') in 0.011 seconds [static and dynamic dependencies]. Details - ImportResultOutputID=279153efe01ccf1d989db4c204d93970 DependenciesID=ed23aba5332019b9e78f191c27ab4009 StaticDependenciesID=29781338420a4779e7771f833bf64b82 
Importing 'GUID: cf81c85f95fe47e1a27f6ae460cf182c - Path: Assets/TextMesh Pro/Shaders/TMP_Sprite.shader' with importer (ShaderImporter)
Imported 'GUID: cf81c85f95fe47e1a27f6ae460cf182c' -> (Import Result ID: '99744b0a2d739ed83da72298cbf2ab20') in 0.009 seconds [static and dynamic dependencies]. Details - ImportResultOutputID=1b064a08fe9cc7d36c1f926ed72ac187 DependenciesID=184f784298a34538505850b5080163d0 StaticDependenciesID=0ff142873cec264322f12ce089275c18 
Importing 'GUID: 9095a79d30edf40709c9c80145a4a4fa - Path: Assets/DMT321/CommandAckTwin/GeneratedFanMaterials/M_FanDetail.mat' with importer (NativeFormatImporter)
Imported 'GUID: 9095a79d30edf40709c9c80145a4a4fa' -> (Import Result ID: '1cc44263bacbecf10bed3d77f06e5f50') in 0.007 seconds [static dependencies only]. Details - ImportResultOutputID=0b286537a7fb9575715d999c71060092 DependenciesID=346a29b61a166d7ea82737e40ff4ad3d StaticDependenciesID=90fa31dc52b476d02ff81f8a885527ca 
Importing 'GUID: 21c4a2663cf704315871155cf53a2c9a - Path: Assets/DMT321/CommandAckTwin/GeneratedFanMaterials/M_FanAccent.mat' with importer (NativeFormatImporter)
Imported 'GUID: 21c4a2663cf704315871155cf53a2c9a' -> (Import Result ID: 'cd91cfea5b386cebe3a22237e00ef9a4') in 0.003 seconds [static dependencies only]. Details - ImportResultOutputID=a0ef23ef9589f9ce91a220003e94fc00 DependenciesID=cd7bd80298b10bb5556379318f020df5 StaticDependenciesID=7c9025c8afce6d2fd782074b956c170b 
Importing 'GUID: f259526a15c8d4bd796bad0856804483 - Path: Assets/DMT321/JsonDataTwin/Materials/M_DeviceWhite.mat' with importer (NativeFormatImporter)
Imported 'GUID: f259526a15c8d4bd796bad0856804483' -> (Import Result ID: '78ea3864c72f68d9c7eb8e832ab5c4f8') in 0.002 seconds [static dependencies only]. Details - ImportResultOutputID=77820eda05602df33d230e1ca42e6284 DependenciesID=e914388c9e19c5b8311f572501d230cc StaticDependenciesID=b90ddf01dce5238941ccde7367b6f5cb 
Importing 'GUID: c5910c1d8665545fab12ab235f8ad9f7 - Path: Assets/DMT321/CommandAckTwin/GeneratedFanMaterials/M_FanBody.mat' with importer (NativeFormatImporter)
Imported 'GUID: c5910c1d8665545fab12ab235f8ad9f7' -> (Import Result ID: '1f8fc88978371662dbf2b4527d486955') in 0.002 seconds [static dependencies only]. Details - ImportResultOutputID=5d7cad426380fd3ed00d7d8c195cee66 DependenciesID=572ae835cad63977a198e4019a3f60d9 StaticDependenciesID=757a22b54fc9b3cb6b487a8f0b505cdf 
Importing 'GUID: c5dfcd975e1974e9fbb386c7dbea781c - Path: Assets/DMT321/JsonDataTwin/Materials/M_DeviceDetail.mat' with importer (NativeFormatImporter)
Imported 'GUID: c5dfcd975e1974e9fbb386c7dbea781c' -> (Import Result ID: '691d0821a6e3fbc5dd879b8290162e68') in 0.002 seconds [static dependencies only]. Details - ImportResultOutputID=bbe9b5b9a940aa3d3affd4915a916fdd DependenciesID=cd60744c70db48fadc1f6b212452ab75 StaticDependenciesID=bdd42f716d87b361b8425eef64e221a3 
Importing 'GUID: 275cb0088e8e449af8e1946e948ce2b3 - Path: Assets/DMT321/JsonDataTwin/Materials/M_TemperatureNormal.mat' with importer (NativeFormatImporter)
Imported 'GUID: 275cb0088e8e449af8e1946e948ce2b3' -> (Import Result ID: 'aeaaca30b5225ab5347c755c66b7e7ca') in 0.002 seconds [static dependencies only]. Details - ImportResultOutputID=c8c02a76b613bab8d8fc76278dfea3ab DependenciesID=bd8179335768290338ccd88fb3152505 StaticDependenciesID=ab9ad5cf2d7cce09cfbd964aea959779 
Importing 'GUID: e73a58f6e2794ae7b1b7e50b7fb811b0 - Path: Assets/TextMesh Pro/Resources/Fonts & Materials/LiberationSans SDF - Drop Shadow.mat' with importer (NativeFormatImporter)
Imported 'GUID: e73a58f6e2794ae7b1b7e50b7fb811b0' -> (Import Result ID: '7a3f1f05de6ae894fe04e3fbc1dc3a8d') in 0.010 seconds [static dependencies only]. Details - ImportResultOutputID=88f815c0edef55493545dd7260b6379b DependenciesID=9b68c155c860efd2bd2bd7a5d138332a StaticDependenciesID=2c70f428f5d8a9d0e59b14cf9522aaee 
Importing 'GUID: 79459efec17a4d00a321bdcc27bbc385 - Path: Assets/TextMesh Pro/Resources/Fonts & Materials/LiberationSans SDF - Outline.mat' with importer (NativeFormatImporter)
Imported 'GUID: 79459efec17a4d00a321bdcc27bbc385' -> (Import Result ID: 'dbd51e9af9d561abcd481289f7ceb675') in 0.003 seconds [static dependencies only]. Details - ImportResultOutputID=f742fd837be57d5b294f4214e1f60ced DependenciesID=f83383c0c8b8187af0d43a0d31cf2cd6 StaticDependenciesID=983484032344b40f7260cac14d64dd2e 
Importing 'GUID: 0c3f7e2f9b81041bea60fbb9e37c9077 - Path: Assets/DMT321/JsonDataTwin/Materials/M_LastKnown.mat' with importer (NativeFormatImporter)
Imported 'GUID: 0c3f7e2f9b81041bea60fbb9e37c9077' -> (Import Result ID: 'ceecf75f947a9d39b9c6668a4d2d9bb1') in 0.002 seconds [static dependencies only]. Details - ImportResultOutputID=1b27d0f457f4a1146b07bc6d4595f0a4 DependenciesID=77bf9fac20d82e406f97e907ec255c11 StaticDependenciesID=3c4d0e7841b943c09d8a55869bfe22be 
Importing 'GUID: 6c6ca5b29b4de4904bb0203df90d7be1 - Path: Assets/DMT321/JsonDataTwin/Materials/M_BeaconWaiting.mat' with importer (NativeFormatImporter)
Imported 'GUID: 6c6ca5b29b4de4904bb0203df90d7be1' -> (Import Result ID: '9b4126ae1fdc8acfcfd5ac59be1ab991') in 0.002 seconds [static dependencies only]. Details - ImportResultOutputID=1ec596426f72ac2bad25ad75fe8518f3 DependenciesID=8e3ef55a32cdc822c77aa338eaafa60a StaticDependenciesID=f5c843da5639b831f9c97c228c397d4d 
Importing 'GUID: ae6ab849ef122475cbe8530a39c77900 - Path: Assets/DMT321/JsonDataTwin/Materials/M_GroundPurple.mat' with importer (NativeFormatImporter)
Imported 'GUID: ae6ab849ef122475cbe8530a39c77900' -> (Import Result ID: '2330f059d9d03c99748b1ab6d185c250') in 0.002 seconds [static dependencies only]. Details - ImportResultOutputID=3318ff625f616c224d92323138a64de5 DependenciesID=1dab592c385d089e17c673589ba8cab2 StaticDependenciesID=02d64e5257c7ee121e3610485fafb171 
Importing 'GUID: e3265ab4bf004d28a9537516768c1c75 - Path: Assets/TextMesh Pro/Fonts/LiberationSans.ttf' with importer (TrueTypeFontImporter)
Imported 'GUID: e3265ab4bf004d28a9537516768c1c75' -> (Import Result ID: '8549f705aea077aca5189e9c1a42321f') in 0.645 seconds [static and dynamic dependencies]. Details - ImportResultOutputID=7c7543333369427b3c7ecb54b7a8ba68 DependenciesID=5b11b41e74c0b8776d89691def1a7dee StaticDependenciesID=a52300c23b5ce3f9302cee57c0af6ee3 
Importing 'GUID: c41005c129ba4d66911b75229fd70b45 - Path: Assets/TextMesh Pro/Resources/Sprite Assets/EmojiOne.asset' with importer (NativeFormatImporter)
Imported 'GUID: c41005c129ba4d66911b75229fd70b45' -> (Import Result ID: '4fdf0707dec0b70f15d2e4efb8f9e626') in 0.009 seconds [static dependencies only]. Details - ImportResultOutputID=7123d3d78afbb5d20d62d4906312b65d DependenciesID=090ac2a4658041b199001f8ac7af255a StaticDependenciesID=ce89c5fd47fa9bde22b265be1827d0a1 
Importing 'GUID: f952c082cb03451daed3ee968ac6c63e - Path: Assets/TextMesh Pro/Resources/Style Sheets/Default Style Sheet.asset' with importer (NativeFormatImporter)
Imported 'GUID: f952c082cb03451daed3ee968ac6c63e' -> (Import Result ID: '3be2ed5059c1d0369d573b349821e61a') in 0.004 seconds [static dependencies only]. Details - ImportResultOutputID=8dd71883b584e82682a3aae71db361b6 DependenciesID=15f5bbfea9fd2cc58aea88e012eadd5d StaticDependenciesID=f1ad0af2836a1865a7a28db8e458bc73 
Importing 'GUID: 2e498d1c8094910479dc3e1b768306a4 - Path: Assets/TextMesh Pro/Resources/Fonts & Materials/LiberationSans SDF - Fallback.asset' with importer (NativeFormatImporter)
Imported 'GUID: 2e498d1c8094910479dc3e1b768306a4' -> (Import Result ID: '2bb8e9ce2b314bda2bd0703802d1cdb8') in 0.012 seconds [static dependencies only]. Details - ImportResultOutputID=94ce4dace069634644df4d315a8acf11 DependenciesID=57c4f50a4a2694e82789a692afb02c97 StaticDependenciesID=b9bd57100191ac21f3d00c9b44cee932 
Importing 'GUID: 3f5b5dff67a942289a9defa416b206f3 - Path: Assets/TextMesh Pro/Resources/TMP Settings.asset' with importer (NativeFormatImporter)
Imported 'GUID: 3f5b5dff67a942289a9defa416b206f3' -> (Import Result ID: 'f841acd4b471cbf3ea47f014d12be7a0') in 0.045 seconds [static dependencies only]. Details - ImportResultOutputID=f3a7f958421f64c2182feeeb9c024eba DependenciesID=545a642f532dfaa0a233aefc317afcc3 StaticDependenciesID=d9eadb4150c61ca5c5b338afd4c83175 
Importing 'GUID: 8f586378b4e144a9851e7b34d9b748ee - Path: Assets/TextMesh Pro/Resources/Fonts & Materials/LiberationSans SDF.asset' with importer (NativeFormatImporter)
Imported 'GUID: 8f586378b4e144a9851e7b34d9b748ee' -> (Import Result ID: '3c8b323e7d320dcd0fe18f56eb6ab594') in 0.002 seconds [static dependencies only]. Details - ImportResultOutputID=240fd601d528dfe2404501a6b4c703ff DependenciesID=06bb1279a8342a44092c1a2615127508 StaticDependenciesID=5157efe91d1109108bc5056f5e2a9749 
Importing 'GUID: 40bf3cec17fa0b49fe04443c8332d638 - Path: Packages/com.unity.modules.jsonserialize/package.json' with importer (PackageManifestImporter)
Imported 'GUID: 40bf3cec17fa0b49fe04443c8332d638' -> (Import Result ID: '56127e54790525077309a2beaad3f2df') in 0.004 seconds [static dependencies only]. Details - ImportResultOutputID=891918617c984cf929da287de3b28243 DependenciesID=7bfe4dceb37474cd2d98b63ecbdb8ab5 StaticDependenciesID=0fad0e8ea03e14690264ad9077aad7bf 
Importing 'GUID: e0ae6629cc70b514889df37fccb76832 - Path: Packages/com.unity.ugui/README.md' with importer (TextScriptImporter)
Imported 'GUID: e0ae6629cc70b514889df37fccb76832' -> (Import Result ID: '308e8b3f279c51c809eaa15fd4b119d3') in 0.004 seconds [static dependencies only]. Details - ImportResultOutputID=e372dbcb867529f2c4f22e24ad4af854 DependenciesID=e12dae3c92ecf82519d22a914f0466d3 StaticDependenciesID=c21c9aa643b2c95ff3caccb03db42a0b 
Importing 'GUID: 319b8889f363f5947acf209c17a94149 - Path: Packages/com.unity.ugui/package.json' with importer (PackageManifestImporter)
Imported 'GUID: 319b8889f363f5947acf209c17a94149' -> (Import Result ID: '116d704f791c261e2195f8cfc06b1292') in 0.004 seconds [static dependencies only]. Details - ImportResultOutputID=ac2955fcd73266b2be72ba9539cba12c DependenciesID=c1d25c615e7fdaf1692bf3f47c1639cf StaticDependenciesID=6d233f6ea9f226719a21aa3389efeb66 
Importing 'GUID: 42fe78c8fe682715a2cb531422e6ccb3 - Path: Packages/com.unity.modules.imgui/package.json' with importer (PackageManifestImporter)
Imported 'GUID: 42fe78c8fe682715a2cb531422e6ccb3' -> (Import Result ID: '735a12665b6273579c88ece974c1fa3d') in 0.003 seconds [static dependencies only]. Details - ImportResultOutputID=f3517442a7b9f2e47ee8fa5d575508d6 DependenciesID=db4a5b9676313a5113b8c3d58a8af841 StaticDependenciesID=823f2faa0588685f2bad41f521df6600 
Importing 'GUID: 05f5bfd584002f948982a1498890f9a9 - Path: Packages/com.unity.ugui/PackageConversionData.json' with importer (TextScriptImporter)
Imported 'GUID: 05f5bfd584002f948982a1498890f9a9' -> (Import Result ID: '3e212ef752d654225397e200dfb7ba56') in 0.004 seconds [static dependencies only]. Details - ImportResultOutputID=5eec638ae99a7edcb4f82e41b05f8a27 DependenciesID=92163894ff82f83c4b0d2b0c8c2deabd StaticDependenciesID=97da7a6adad9874c8d30399b35f4b27c 
Importing 'GUID: 953fab16d15d5885b3600fcd6388b2ad - Path: Packages/com.unity.modules.imageconversion/package.json' with importer (PackageManifestImporter)
Imported 'GUID: 953fab16d15d5885b3600fcd6388b2ad' -> (Import Result ID: 'ca90e3ddc4614fb97ef10d5096a2d3bf') in 0.004 seconds [static dependencies only]. Details - ImportResultOutputID=21af7c3c6098e54697c36eeb0f93f731 DependenciesID=70222f72007a9bb6226effc8d39c0cc4 StaticDependenciesID=feabfdcc1f02151e8ff93f9e08fed3d3 
Importing 'GUID: b5930dbc378b45d406aeb881f06b6dfa - Path: Packages/com.unity.modules.physicscore2d/package.json' with importer (PackageManifestImporter)
Imported 'GUID: b5930dbc378b45d406aeb881f06b6dfa' -> (Import Result ID: '52569d8072f06a7af2f61282bdb1f1b9') in 0.003 seconds [static dependencies only]. Details - ImportResultOutputID=17eebdd45c9292f6cb08e3796d0e3496 DependenciesID=82cd23feb7710eeee87454932e6c5d60 StaticDependenciesID=132977ef165f0d3ba6f71f883b5f89c9 
Importing 'GUID: b51b8c0c6384149fe84e616ca6c3b563 - Path: Assets/DMT321/JsonDataTwin/Data/cold.json' with importer (TextScriptImporter)
Imported 'GUID: b51b8c0c6384149fe84e616ca6c3b563' -> (Import Result ID: '212566daed63203eabb5379ab83752c1') in 0.004 seconds [static dependencies only]. Details - ImportResultOutputID=360e998d3136be2dc14a34a03793d45d DependenciesID=28a18e222c8b9d9de36744287ab568ae StaticDependenciesID=9d5066ccc0b38c54ac9dba8b5dd2477e 
Importing 'GUID: 0632d86ccfd97474eb69c880ffd000fd - Path: Assets/DMT321/JsonDataTwin/Data/normal.json' with importer (TextScriptImporter)
Imported 'GUID: 0632d86ccfd97474eb69c880ffd000fd' -> (Import Result ID: '81d3def630d3713799b08a57635ea1a9') in 0.004 seconds [static dependencies only]. Details - ImportResultOutputID=b0e72fdcc4f52ca880cb8e11e15e1ff3 DependenciesID=be59d4b5b6824db205226b04bf3b24ce StaticDependenciesID=87e3f609b720651be6875c73a784a051 
Importing 'GUID: f7a8357347c80dc69c08d0b1a05e2122 - Path: Packages/com.unity.modules.physics2d/package.json' with importer (PackageManifestImporter)
Imported 'GUID: f7a8357347c80dc69c08d0b1a05e2122' -> (Import Result ID: 'ed4a29267b8cf2f2ea88acd56522760b') in 0.004 seconds [static dependencies only]. Details - ImportResultOutputID=919e2a11128050effa789097769a2a78 DependenciesID=cf968784af1fa8086c395b1ede3f63f2 StaticDependenciesID=8faa0135c39d90e75cabdcc27fd78e0a 
Importing 'GUID: 381dcb09d5029d14897e55f98031fca5 - Path: Assets/TextMesh Pro/Sprites/EmojiOne Attribution.txt' with importer (TextScriptImporter)
Imported 'GUID: 381dcb09d5029d14897e55f98031fca5' -> (Import Result ID: '0767fa9a3ece5e767a23b703253f391a') in 0.003 seconds [static dependencies only]. Details - ImportResultOutputID=54504152894a321954595fe1dbb57ca2 DependenciesID=822a7fa5fb308343defef8de18b2cf44 StaticDependenciesID=666c79e3ea7f31b4d15c58c6af3208ee 
Importing 'GUID: c851bee4305bddf438cc6ffc515991ce - Path: Packages/com.unity.ugui/CHANGELOG.md' with importer (TextScriptImporter)
Imported 'GUID: c851bee4305bddf438cc6ffc515991ce' -> (Import Result ID: '075f48e8fcb2c3079ac28f301698ceeb') in 0.003 seconds [static dependencies only]. Details - ImportResultOutputID=1564753c8a5b332d7dc32e5d6570cca2 DependenciesID=8eaa666f6e0fa4746515cb6433d79c21 StaticDependenciesID=bbe3ba479ff278a5cfee9c84e89ad2ba 
Importing 'GUID: d82c1b31c7e74239bff1220585707d2b - Path: Assets/TextMesh Pro/Resources/LineBreaking Leading Characters.txt' with importer (TextScriptImporter)
Imported 'GUID: d82c1b31c7e74239bff1220585707d2b' -> (Import Result ID: '4a02e700c34c2ad1cde970c1a8cc443f') in 0.003 seconds [static dependencies only]. Details - ImportResultOutputID=656c264a72560bc6d5d4ff81ebbbd71e DependenciesID=f834cbd335f632acacd8815172c13c5c StaticDependenciesID=d7840e64148846ba609ef7d12d657b95 
Importing 'GUID: e9df95f53f1c1d0c9199e235d6c42b50 - Path: Packages/com.unity.modules.audio/package.json' with importer (PackageManifestImporter)
Imported 'GUID: e9df95f53f1c1d0c9199e235d6c42b50' -> (Import Result ID: '8770f2708177991f7bde600f5c7b4d5a') in 0.003 seconds [static dependencies only]. Details - ImportResultOutputID=7bff69c037aa519a654c229c1b6809dd DependenciesID=66220fce1dcba53fc6dd73d780cdfbfe StaticDependenciesID=813f78202562c10aaf2125f84cf31d49 
Importing 'GUID: 1a4266815e998967becf686f9c71f0a6 - Path: Packages/com.unity.modules.physics/package.json' with importer (PackageManifestImporter)
Imported 'GUID: 1a4266815e998967becf686f9c71f0a6' -> (Import Result ID: 'dfea013900fff6eb4694d3ebf064bfb6') in 0.003 seconds [static dependencies only]. Details - ImportResultOutputID=2c72742771a2c41ecd040e5a25968787 DependenciesID=957f7387fa947e4ad8b4742ec482885e StaticDependenciesID=24f161716ed4c67af2a5b4c6528c75af 
Importing 'GUID: faf26b52f32ba40a5a94688faab8e184 - Path: Assets/DMT321/JsonDataTwin/Data/hot.json' with importer (TextScriptImporter)
Imported 'GUID: faf26b52f32ba40a5a94688faab8e184' -> (Import Result ID: '478172f559ce465f7f2c08b4d49897e2') in 0.004 seconds [static dependencies only]. Details - ImportResultOutputID=ef3011f44bb4ec61f98767b3e68b0ee8 DependenciesID=06008d04cd0b7610aed162cf76e7536e StaticDependenciesID=0c5f870abf92a8848e7948777d5945de 
Importing 'GUID: fade42e8bc714b018fac513c043d323b - Path: Assets/TextMesh Pro/Resources/LineBreaking Following Characters.txt' with importer (TextScriptImporter)
Imported 'GUID: fade42e8bc714b018fac513c043d323b' -> (Import Result ID: 'c328e9a06595bd53e85ca959a0cd4837') in 0.003 seconds [static dependencies only]. Details - ImportResultOutputID=e7a4faf6f5567055bb2bb9f81ed43db7 DependenciesID=9f9546246fb8524ed520672a20bea9c6 StaticDependenciesID=db80cf50901edf496ff4be0daacaa63e 
Importing 'GUID: 4d3d51749e989f747b2674e0b4d9b3d7 - Path: Packages/com.unity.ugui/LICENSE.md' with importer (TextScriptImporter)
Imported 'GUID: 4d3d51749e989f747b2674e0b4d9b3d7' -> (Import Result ID: 'a6fe96939bb18d8b44d4bb44fdcd7b17') in 0.004 seconds [static dependencies only]. Details - ImportResultOutputID=a63b6dbba38e2df053a1afb5e5f27b0d DependenciesID=8ddb72dc8de43f661a47f98272e4399d StaticDependenciesID=97320e1786fcc0bb76ceae6f4133295f 
Importing 'GUID: 0e0afa652c0031c48896a97b424d027b - Path: Packages/com.unity.ugui/PackageConversionData_Assets.json' with importer (TextScriptImporter)
Imported 'GUID: 0e0afa652c0031c48896a97b424d027b' -> (Import Result ID: 'cc9158c479a9741ca366469b21e6bf64') in 0.004 seconds [static dependencies only]. Details - ImportResultOutputID=1c704b850f8573286bfa1a80c5c8b511 DependenciesID=7f1b71881f52121ccbd12be1e49be4b7 StaticDependenciesID=84df7f5de1a0c9054f071b3725953f75 
Importing 'GUID: 6e59c59b81ab47f9b6ec5781fa725d2c - Path: Assets/TextMesh Pro/Fonts/LiberationSans - OFL.txt' with importer (TextScriptImporter)
Imported 'GUID: 6e59c59b81ab47f9b6ec5781fa725d2c' -> (Import Result ID: 'cdb621947239b8fd72d72b1d7a9bb22c') in 0.004 seconds [static dependencies only]. Details - ImportResultOutputID=743c8d75f946ab41679b34651b3ba806 DependenciesID=f6073ec9658273740d6b349bfbd9b8b4 StaticDependenciesID=f22bf5ef59c26993cff677f464e4a9a5 
Importing 'GUID: 8f05276190cf498a8153f6cbe761d4e6 - Path: Assets/TextMesh Pro/Sprites/EmojiOne.json' with importer (TextScriptImporter)
Imported 'GUID: 8f05276190cf498a8153f6cbe761d4e6' -> (Import Result ID: 'e088753856d81d1854403b2aee1a404f') in 0.004 seconds [static dependencies only]. Details - ImportResultOutputID=f6fa9ad44cd439b449ce26dbc235b7bd DependenciesID=9af3af6a83fb6b478bd34a9fc288db79 StaticDependenciesID=bab2bd284de858d067fc3c8a4fd5b868 
Importing 'GUID: bfd567a3d1631a761bca9e99fa53d86d - Path: Packages/com.unity.modules.ui/package.json' with importer (PackageManifestImporter)
Imported 'GUID: bfd567a3d1631a761bca9e99fa53d86d' -> (Import Result ID: '5476e87972b831b8580d17d936061bf6') in 0.004 seconds [static dependencies only]. Details - ImportResultOutputID=7bb9b76f93faf76244e454a1fca49870 DependenciesID=5672e654b1200575666ab69c28794a5b StaticDependenciesID=671879968490d6f3d4db40a6a6b1efd2 
Importing 'GUID: b1f9d0cc41dbe41a5a336d68ba44aee4 - Path: Assets/Prefabs/DisconnectButton.prefab' with importer (PrefabImporter)
Imported 'GUID: b1f9d0cc41dbe41a5a336d68ba44aee4' -> (Import Result ID: 'c05028be82258332926b373dbce05502') in 0.038 seconds [static and dynamic dependencies]. Details - ImportResultOutputID=5c457652d9dd59c0250ffd591660e2e2 DependenciesID=baf48b183006b7793885ecfc573d6067 StaticDependenciesID=09d39f07654624581a813f84b99cb37f 
Importing 'GUID: c334a48a798664d36b4d47692bd1b52b - Path: Assets/Prefabs/LoadNormalButton.prefab' with importer (PrefabImporter)
Imported 'GUID: c334a48a798664d36b4d47692bd1b52b' -> (Import Result ID: '968e966f993b07b892ad1256dac85ea4') in 0.006 seconds [static and dynamic dependencies]. Details - ImportResultOutputID=b2e96a66c1b01137ada7ce74c0da2325 DependenciesID=47da61d020bbfc8c73120f37daa017da StaticDependenciesID=57544e30c1441dc16022b7442d868a68 
Importing 'GUID: 940f3ee3ee5994d3385b9e478fd3182e - Path: Assets/Prefabs/LoadHotButton.prefab' with importer (PrefabImporter)
Imported 'GUID: 940f3ee3ee5994d3385b9e478fd3182e' -> (Import Result ID: 'ece164ae59a632dc77a5f95935bc7ca0') in 0.006 seconds [static and dynamic dependencies]. Details - ImportResultOutputID=3a634d58fb351d717e45ef3e1560791d DependenciesID=b80263536e315c6cfced7283b7ae8f36 StaticDependenciesID=38c0c7b6263f5b4dcb7e1185cd779ca0 
Importing 'GUID: 1a50193083b9745c1806acab820cdc42 - Path: Assets/Prefabs/DataQualityPanel.prefab' with importer (PrefabImporter)
Imported 'GUID: 1a50193083b9745c1806acab820cdc42' -> (Import Result ID: 'b62c6a236d989066fa73d28cfedf5bcd') in 0.007 seconds [static and dynamic dependencies]. Details - ImportResultOutputID=8bf5337bc4867d646ea3104fc0e417dd DependenciesID=0349cbea5d806c7c852e78b819996c94 StaticDependenciesID=4ccc2b3737c98ba7ace4ce16b610e594 
Importing 'GUID: 5aba36f34483f42c9b8e437fa7ca4ed9 - Path: Assets/Prefabs/ReconnectButton.prefab' with importer (PrefabImporter)
Imported 'GUID: 5aba36f34483f42c9b8e437fa7ca4ed9' -> (Import Result ID: 'bf70f5e339af33b5d11f8a9563c013aa') in 0.007 seconds [static and dynamic dependencies]. Details - ImportResultOutputID=7acff321a7cd867d059ab6fec1dc4440 DependenciesID=3ef24d5adb35707d9aa4c111d4ae6de7 StaticDependenciesID=36aa3d4b4d6dd18c8ab213aa720535cd 
Importing 'GUID: 8c3be2a89f7f447fc81bf0639244320f - Path: Assets/Prefabs/LoadColdButton.prefab' with importer (PrefabImporter)
Imported 'GUID: 8c3be2a89f7f447fc81bf0639244320f' -> (Import Result ID: 'bdde50d8ddd91777b7b7eee4ee162a76') in 0.007 seconds [static and dynamic dependencies]. Details - ImportResultOutputID=8091a51c5ae3afe668bf3b1b505a5f7a DependenciesID=a1341229778d18bf2568b08f7cfd4b29 StaticDependenciesID=e764b5eac3183e2c0391de16e37cc2d5 
Importing 'GUID: de0ce0c8545b84c258044514bf2ddc5b - Path: Assets/Prefabs/SensorBeacon.prefab' with importer (PrefabImporter)
Imported 'GUID: de0ce0c8545b84c258044514bf2ddc5b' -> (Import Result ID: '72b19435e07eb68b8e5df80ac8d7ab63') in 0.013 seconds [static dependencies only]. Details - ImportResultOutputID=9814dbfb02d52ad950d72ac7b85577ab DependenciesID=ac8bb5c1785b270d463dc595f295ed27 StaticDependenciesID=3e8cade77314969ae3031dbc09fd3eae 
Starting new worker id: 0 with log in C:/Users/Asus/Desktop/DMT321-HW/DMT321_Lab03_Unity6_5/Logs/AssetImportWorkerHW0.log
Launched and connected shader compiler UnityShaderCompiler.exe after 0.03 seconds
Launched and connected shader compiler UnityShaderCompiler.exe after 0.02 seconds
Launched and connected shader compiler UnityShaderCompiler.exe after 0.03 seconds
Launched and connected shader compiler UnityShaderCompiler.exe after 0.03 seconds
Launched and connected shader compiler UnityShaderCompiler.exe after 0.04 seconds
Launched and connected shader compiler UnityShaderCompiler.exe after 0.04 seconds
Launched and connected shader compiler UnityShaderCompiler.exe after 0.03 seconds
Launched and connected shader compiler UnityShaderCompiler.exe after 0.03 seconds
Launched and connected shader compiler UnityShaderCompiler.exe after 0.02 seconds
Launched and connected shader compiler UnityShaderCompiler.exe after 0.02 seconds
Launched and connected shader compiler UnityShaderCompiler.exe after 0.02 seconds
Loading style catalogs (6)
	StyleSheets/Extensions/base/common.uss
	UIPackageResources/StyleSheets/Default/Variables/Public/common.uss
	StyleSheets/Northstar/common.uss
	StyleSheets/Extensions/fonts/inter.uss
	StyleSheets/Extensions/base/dark.uss
	UIPackageResources/StyleSheets/Default/Northstar/Palette/dark.uss

Asset Pipeline Refresh (id=b1eefea245a6f1c4d9a047166ed4b26c): Total: 54.010 seconds - Initiated by InitialRefreshV2(ForceSynchronousImport)
	(Values over 0.05ms)
	Summary:
		Imports: total=255 (actual=255, local cache=0, cache server=0)
		Asset DB Process Time: managed=38 ms, native=7105 ms
		Asset DB Callback time: managed=411 ms, native=7261 ms
		Scripting: domain reloads=1, domain reload time=1107 ms, compile time=38058 ms, other=26 ms
		Project Asset Count: scripts=145, non-scripts=110
		Asset File Changes: new=623, changed=623, moved=0, deleted=0
		Scan Filter Count: 0
	InvokePackagesCallback: 4721.516ms
	ApplyChangesToAssetFolders: 1.103ms
	Scan: 1832.234ms
	Collect global state as custom dependencies: 11.455ms
	OnSourceAssetsModified: 30.462ms
	CategorizeScriptCompilationAssets: 4.309ms
	ProcessAssetsWithTransientArtifactChanges: 22.276ms
	CategorizeAssets: 6.631ms
	CompileScripts: 38058.462ms
	ImportOutOfDateAssets: 5071.469ms (1042.274ms without children)
		ImportManagerImport: 4000.877ms (31.500ms without children)
			UpdateCategorizedAssets: 1.767ms
		UnloadImportedAssets: 0.673ms
		ReloadImportedAssets: 0.166ms
		EnsureUptoDateAssetsAreRegisteredWithGuidPM: 0.157ms
		ImportSchedulerStart: 27.471ms
	PostProcessAllAssets: 2998.437ms
		ShaderAssetModifiedCallback 1863.660ms
		VersionControlSettings.HiddenFilePostprocess 8.465ms
		PostProcessCallbackCreateDeferredMaterials 4.848ms
		AssemblyValidation.PostprocessAllAssets 3.569ms
		ComputeShaderImportPostprocess 1.833ms
		SpeedTreeImporter.PostprocessAllAssets 1.818ms
		RaytracingShaderImportPostprocess 1.697ms
		LocalizationDatabase.AssetDatabasePostprocessCallback 1.283ms
		BlockShaderImporter.PostprocessAllAssets 0.695ms
		VCAutoAddAssetPostprocess 0.366ms
		WindowTitlePostprocess 0.291ms
		MonoPostProcessAllAssets: 407.854ms
			StyleCatalogPostProcessor.OnPostprocessAllAssets 267.206ms
			AssetPostprocessor.OnPostprocessAllAssets 28.262ms
			WindowAssetPostprocessingWatcher.OnPostprocessAllAssets 24.508ms
			AssetChangedListener.OnPostprocessAllAssets 21.078ms
			BuilderAssetPostprocessor.OnPostprocessAllAssets 17.999ms
			TextAssetPostProcessor.OnPostprocessAllAssets 8.335ms
			SyncVS.PostprocessSyncProject 4.274ms
			RetainedModeAssetPostprocessor.OnPostprocessAllAssets 3.003ms
			SpeedTree9Postprocessor.OnPostprocessAllAssets 2.902ms
			ArtifactBrowserPostProcessor.OnPostprocessAllAssets 1.338ms
			ReferencedClipsPostProcessor.OnPostprocessAllAssets 0.911ms
			TMPro_TexturePostProcessor.OnPostprocessAllAssets 0.813ms
			AudioMixerPostprocessor.OnPostprocessAllAssets 0.623ms
			AssetEvents.OnPostprocessAllAssets 0.544ms
			TerrainToolbarOverlayPostProcessor.OnPostprocessAllAssets 0.528ms
			SpeedTreePostProcessor.OnPostprocessAllAssets 0.502ms
			AssetDatabaseCallbacks.OnPostprocessAllAssets 0.349ms
			ScenarioDriftAssetsTracker.OnPostprocessAllAssets 0.260ms
			ConfigAssetsTracker.OnPostprocessAllAssets 0.245ms
			RenderPipelineGlobalSettingsPostprocessor.OnPostprocessAllAssets 0.223ms
			AudioContainerPostProcessor.OnPostprocessAllAssets 0.161ms
	PostAssetChangesProfiler: 3.319ms
	UnloadStreamsBegin: 6.139ms
	PersistCurrentRevisions: 0.734ms
	UnloadStreamsEnd: 0.219ms
	GenerateScriptTypeHashes: 0.768ms
	GenerateScriptTypeSerializationHashes: 2.132ms
	Untracked: 1234.089ms

Application.AssetDatabase Initial Refresh End
Scanning for USB devices : 2.959ms
Initializing Unity extensions:
[MODES] ModeService[none].Initialize
[MODES] ModeService[none].LoadModes
[MODES] Loading mode Default (0) for mode-current-id-DMT321 JSON Data Twin
Unloading 3 Unused Serialized files (Serialized files now loaded: 0)
Unloading 382 unused Assets / (0.6 MB). Loaded Objects now: 1060.
Memory consumption went from 217.6 MB to 217.0 MB.
Total: 18.179500 ms (FindLiveObjects: 0.246500 ms CreateObjectMapping: 0.146900 ms MarkObjects: 16.279300 ms  DeleteObjects: 0.976900 ms)

[LAYOUT] About to load C:/Users/Asus/AppData/Roaming/Unity/Editor-5.x/Preferences\Layouts\current\default-6000.dwlt, keepMainWindow=False
Worker ready: AssetImportWorkerHW0 0
[LAYOUT] About to save layout C:\Users\Asus\Desktop\DMT321-HW\DMT321_Lab03_Unity6_5\UserSettings\Layouts\default-6000.dwlt
[LAYOUT] About to save layout C:/Users/Asus/AppData/Roaming/Unity/Editor-5.x/Preferences\Layouts\current\default-6000.dwlt
[MODES] ModeService[default].InitializeCurrentMode
[MODES] ModeService[default].RaiseModeChanged(default, default)
This project uses Input Manager, which is marked for deprecation. To manage input in your project, use the <a href="https://docs.unity3d.com/Packages/com.unity.inputsystem@latest">Input System package</a> instead.
<RI> Initializing input.
<RI> Input initialized.
[Project] Loading completed in 113.080 seconds
	Project init time: 				109.877 seconds
		Template init time: 		0.000 seconds
		Package Manager init time: 		19.241 seconds
		Asset Database init time: 		1.809 seconds
		Global illumination init time: 	0.018 seconds
		Assemblies load time: 			29.504 seconds
		Unity extensions init time: 	0.002 seconds
		Asset Database refresh time: 	54.012 seconds
	Scene opening time: 			2.844 seconds
##utp:{"type":"ProjectInfo","version":2,"phase":"Immediate","time":1788267282095,"processId":26584,"projectLoad":113.0797345,"projectInit":109.8767576,"templateInit":0.0,"packageManagerInit":19.2409742,"assetDatabaseInit":1.8087255,"globalIlluminationInit":0.0176268,"assembliesLoad":29.503924,"unityExtensionsInit":0.0018935,"assetDatabaseRefresh":54.0118054,"sceneOpening":2.8442338}
##utp:{"type":"EditorInfo","version":2,"phase":"Immediate","time":1788267282096,"processId":26584,"editorVersion":"6000.5.2f1 (eb73d3b415a1)","branch":"6000.5/staging","buildType":"Release","platform":"Windows"}
[Licensing::Client] Successfully resolved entitlement details
[Licensing::Module] License group:
  Id: F4-V2HH-7T9E-WBHF-A6SK-XXXX
  Product: Unity Personal
  Type: ULF
  Expiration: 2026-10-08T13:53:13Z
[Licensing::Module] License group:
  Id: 18968317507188-UnityPersXXXX
  Product: Unity Personal
  Type: Assigned
  Expiration: Unlimited
Asset Pipeline Refresh (id=8f140f18f35232840836caa23290ff62): Total: 0.016 seconds - Initiated by RefreshV2(AllowForceSynchronousImport)
[MODES] ModeService[default].LoadModes
Asset Pipeline Refresh (id=96efe760c76135c4cb1d7e7e5ed42b93): Total: 0.005 seconds - Initiated by RefreshV2(AllowForceSynchronousImport)
[Licensing::Client] Successfully resolved entitlement details
[Licensing::Module] License group:
  Id: F4-V2HH-7T9E-WBHF-A6SK-XXXX
  Product: Unity Personal
  Type: ULF
  Expiration: 2026-10-08T13:53:13Z
[Licensing::Module] License group:
  Id: 18968317507188-UnityPersXXXX
  Product: Unity Personal
  Type: Assigned
  Expiration: Unlimited
[Licensing::Client] Successfully resolved entitlement details
Dynamic Batching is deprecated and will be removed in a future release. Use GPU Instancing instead. Disable Dynamic Batching in Project Settings > Player > Other Settings to remove this warning.
UnityEngine.Debug:ExtractStackTraceNoAlloc (byte*,int,string)
UnityEngine.StackTraceUtility:ExtractStackTrace ()
UnityEngine.DebugLogHandler:Internal_Log (UnityEngine.LogType,UnityEngine.LogOption,string,UnityEngine.Object)
UnityEngine.DebugLogHandler:LogFormat (UnityEngine.LogType,UnityEngine.Object,string,object[])
UnityEngine.Logger:Log (UnityEngine.LogType,object)
UnityEngine.Debug:LogWarning (object)
UnityEditor.PlayerSettingsBatchingWarning:WarnIfDynamicBatchingEnabled ()
UnityEditor.EditorApplication:Internal_CallUpdateFunctions ()

Start Indexing on Editor startup
[Indexing] Starting Initial Indexing for Assets
Created GICache directory at C:/Users/Asus/AppData/LocalLow/Unity/Caches/GiCache. Took: 0.044s, timestamps: [117.538 - 117.582]
Starting new worker id: 1 with log in C:/Users/Asus/Desktop/DMT321-HW/DMT321_Lab03_Unity6_5/Logs/AssetImportWorkerHW1.log
[Licensing::Client] Successfully resolved entitlement details
[Licensing::Client] Successfully updated the access token
[Licensing::Module] Successfully updated access token: "wBUYb8mp"... (expires: 2026-09-01T14:35:13Z)
[Worker0] Imported GUID: c334a48a798664d36b4d47692bd1b52b - Path: Assets/Prefabs/LoadNormalButton.prefab - Importer: ScriptedImporter/UnityEditor.QuickSearchModule:UnityEditor.Search:ASIAI0B -> (ImportResultId: 'ec18eca2f253e02a6f007afb48da1979') in 0.3875466 seconds
Starting new worker id: 2 with log in C:/Users/Asus/Desktop/DMT321-HW/DMT321_Lab03_Unity6_5/Logs/AssetImportWorkerHW2.log
[Worker0] Imported GUID: 9f80eb28707bf49f1b6d07b0345795e4 - Path: Assets/DMT321/JsonDataTwin/Scripts/TelemetryReceiver.cs - Importer: ScriptedImporter/UnityEditor.QuickSearchModule:UnityEditor.Search:ASIAI0B -> (ImportResultId: '2a8692b5ab133d4db5f54a4fa5b1ebcb') in 0.0080027 seconds
[Worker0] Imported GUID: 124c112a6e8f1a54e8b0870e881b56d8 - Path: Assets/TextMesh Pro/Shaders/TMP_SDF-URP Unlit.shadergraph - Importer: ScriptedImporter/UnityEditor.QuickSearchModule:UnityEditor.Search:ASIAI0B -> (ImportResultId: '3c6daf64b67348b1bfbfe4b23cfe8724') in 0.0086061 seconds
[Worker0] Imported GUID: e73a58f6e2794ae7b1b7e50b7fb811b0 - Path: Assets/TextMesh Pro/Resources/Fonts & Materials/LiberationSans SDF - Drop Shadow.mat - Importer: ScriptedImporter/UnityEditor.QuickSearchModule:UnityEditor.Search:ASIAI0B -> (ImportResultId: '6156f4f75b2516a854a77141422e9b30') in 0.0609526 seconds
[Worker0] Imported GUID: bc1ede39bf3643ee8e493720e4259791 - Path: Assets/TextMesh Pro/Shaders/TMP_SDF-Mobile Masking.shader - Importer: ScriptedImporter/UnityEditor.QuickSearchModule:UnityEditor.Search:ASIAI0B -> (ImportResultId: '1438e65be2344ee8acce1ecab9a30a47') in 0.0155629 seconds
[Worker0] Imported GUID: 85187c2149c549c5b33f0cdb02836b17 - Path: Assets/TextMesh Pro/Shaders/TMP_SDF-Surface-Mobile.shader - Importer: ScriptedImporter/UnityEditor.QuickSearchModule:UnityEditor.Search:ASIAI0B -> (ImportResultId: '9ed8fe266367aed50ac6e9ca86be7b3d') in 0.010201 seconds
[Worker0] Imported GUID: b1f9d0cc41dbe41a5a336d68ba44aee4 - Path: Assets/Prefabs/DisconnectButton.prefab - Importer: ScriptedImporter/UnityEditor.QuickSearchModule:UnityEditor.Search:ASIAI0B -> (ImportResultId: '2f8a81a6512ce8962bcf70f5a2901df0') in 0.0588322 seconds
[Worker0] Imported GUID: fade42e8bc714b018fac513c043d323b - Path: Assets/TextMesh Pro/Resources/LineBreaking Following Characters.txt - Importer: ScriptedImporter/UnityEditor.QuickSearchModule:UnityEditor.Search:ASIAI0B -> (ImportResultId: '70be85d71f81db3bc6a3382fcc37bd6f') in 0.0067617 seconds
[Worker0] Imported GUID: e3265ab4bf004d28a9537516768c1c75 - Path: Assets/TextMesh Pro/Fonts/LiberationSans.ttf - Importer: ScriptedImporter/UnityEditor.QuickSearchModule:UnityEditor.Search:ASIAI0B -> (ImportResultId: '9358abbf60144c08944d2ce2bf376318') in 0.0442968 seconds
[Worker0] Imported GUID: 940f3ee3ee5994d3385b9e478fd3182e - Path: Assets/Prefabs/LoadHotButton.prefab - Importer: ScriptedImporter/UnityEditor.QuickSearchModule:UnityEditor.Search:ASIAI0B -> (ImportResultId: '4ab36bebb504df658bb6f4397a626e62') in 0.0569987 seconds
[Worker0] Imported GUID: 370d9e94ebb9045c4b1d93e0ca164637 - Path: Assets/DMT321/JsonDataTwin/Scripts/TextAssetTelemetrySource.cs - Importer: ScriptedImporter/UnityEditor.QuickSearchModule:UnityEditor.Search:ASIAI0B -> (ImportResultId: '947a2cbb974332563c214347a955af27') in 0.0050508 seconds
[Worker0] Imported GUID: de0ce0c8545b84c258044514bf2ddc5b - Path: Assets/Prefabs/SensorBeacon.prefab - Importer: ScriptedImporter/UnityEditor.QuickSearchModule:UnityEditor.Search:ASIAI0B -> (ImportResultId: '95b37cfae13a1f3b11422f06d3a229f3') in 0.0264974 seconds
[Worker0] Imported GUID: a3d800b099a06e0478fb790c5e79057a - Path: Assets/TextMesh Pro/Shaders/TMP_SDF-URP Lit.shadergraph - Importer: ScriptedImporter/UnityEditor.QuickSearchModule:UnityEditor.Search:ASIAI0B -> (ImportResultId: 'be7628e7b99d5338db00cd318f3f5710') in 0.0212664 seconds
[Worker0] Imported GUID: 48bb5f55d8670e349b6e614913f9d910 - Path: Assets/TextMesh Pro/Shaders/TMP_Bitmap-Custom-Atlas.shader - Importer: ScriptedImporter/UnityEditor.QuickSearchModule:UnityEditor.Search:ASIAI0B -> (ImportResultId: '1654f1eebceb07f7361e51d8a38a2d5b') in 0.0188789 seconds
[Worker0] Imported GUID: a02a7d8c237544f1962732b55a9aebf1 - Path: Assets/TextMesh Pro/Shaders/TMP_SDF-Mobile Overlay.shader - Importer: ScriptedImporter/UnityEditor.QuickSearchModule:UnityEditor.Search:ASIAI0B -> (ImportResultId: '5977a1ba0cb5e8e42f179e6dfd4627d0') in 0.0095062 seconds
[Worker0] Imported GUID: c5910c1d8665545fab12ab235f8ad9f7 - Path: Assets/DMT321/CommandAckTwin/GeneratedFanMaterials/M_FanBody.mat - Importer: ScriptedImporter/UnityEditor.QuickSearchModule:UnityEditor.Search:ASIAI0B -> (ImportResultId: '2491b3bef1fb6739830d0ddecc9a6ea7') in 0.0922943 seconds
[Worker0] Imported GUID: f259526a15c8d4bd796bad0856804483 - Path: Assets/DMT321/JsonDataTwin/Materials/M_DeviceWhite.mat - Importer: ScriptedImporter/UnityEditor.QuickSearchModule:UnityEditor.Search:ASIAI0B -> (ImportResultId: 'e276d9d06d914ab8bd71456b11fa428d') in 0.0085203 seconds
[Worker0] Imported GUID: 96de908384869cd409c75efa351d5edf - Path: Assets/TextMesh Pro/Shaders/SDFFunctions.hlsl - Importer: ScriptedImporter/UnityEditor.QuickSearchModule:UnityEditor.Search:ASIAI0B -> (ImportResultId: 'fea7696ce51d175cd22ebd7292606797') in 0.0052581 seconds
[Worker0] Imported GUID: 11f3059b299354f6487689a4cb4c1d40 - Path: Assets/DMT321/JsonDataTwin/Scenes/L02_JSONDataQualityTwin.unity - Importer: ScriptedImporter/UnityEditor.QuickSearchModule:UnityEditor.Search:ASIAI0B -> (ImportResultId: '05fa4c3d166bf8f3ca72380e76ab999f') in 0.01402 seconds
[Worker0] Imported GUID: 1a50193083b9745c1806acab820cdc42 - Path: Assets/Prefabs/DataQualityPanel.prefab - Importer: ScriptedImporter/UnityEditor.QuickSearchModule:UnityEditor.Search:ASIAI0B -> (ImportResultId: '832df6bab93c934596672869469082ea') in 0.0527192 seconds
[Worker0] Imported GUID: 6c6ca5b29b4de4904bb0203df90d7be1 - Path: Assets/DMT321/JsonDataTwin/Materials/M_BeaconWaiting.mat - Importer: ScriptedImporter/UnityEditor.QuickSearchModule:UnityEditor.Search:ASIAI0B -> (ImportResultId: '000d118cc8201f201f48ba0554ee3bcd') in 0.0156924 seconds
[Worker0] Imported GUID: f63d574838ccfb44f84acc05fed0af48 - Path: Assets/TextMesh Pro/Shaders/TMP_SDF-HDRP UNLIT.shadergraph - Importer: ScriptedImporter/UnityEditor.QuickSearchModule:UnityEditor.Search:ASIAI0B -> (ImportResultId: '295026aecff3d6fc672c6e67e58214ed') in 0.007844 seconds
[Worker0] Imported GUID: 0178fcb869bafef4690d177d31d17db8 - Path: Assets/TextMesh Pro/Shaders/TMP_SDF-Mobile-2-Pass.shader - Importer: ScriptedImporter/UnityEditor.QuickSearchModule:UnityEditor.Search:ASIAI0B -> (ImportResultId: 'c6697f862f525b7a0c636482c26cbd3d') in 0.0178967 seconds
[Worker0] Imported GUID: ca2ed216f98028c4dae6c5224a952b3c - Path: Assets/TextMesh Pro/Shaders/TMP_SDF-HDRP LIT.shadergraph - Importer: ScriptedImporter/UnityEditor.QuickSearchModule:UnityEditor.Search:ASIAI0B -> (ImportResultId: 'dd6a732677bfc31f664d33f2bb349455') in 0.0050518 seconds
[Worker0] Imported GUID: 55347e0c647f24f1aaa586e63b55af5a - Path: Assets/DMT321/CommandAckTwin/Scripts/FanCommandPacket.cs - Importer: ScriptedImporter/UnityEditor.QuickSearchModule:UnityEditor.Search:ASIAI0B -> (ImportResultId: '3873e803d9982ccdba13cd457001df70') in 0.0061623 seconds
[Worker0] Imported GUID: 3f5ee914ea2c9400b9e136f818237bc8 - Path: Assets/DMT321/CommandAckTwin/Scripts/FanCommandController.cs - Importer: ScriptedImporter/UnityEditor.QuickSearchModule:UnityEditor.Search:ASIAI0B -> (ImportResultId: 'feb9f3e0341d86f0ff2a77e4e195cbaa') in 0.0070547 seconds
[Worker0] Imported GUID: cf81c85f95fe47e1a27f6ae460cf182c - Path: Assets/TextMesh Pro/Shaders/TMP_Sprite.shader - Importer: ScriptedImporter/UnityEditor.QuickSearchModule:UnityEditor.Search:ASIAI0B -> (ImportResultId: 'f1a95222267aa1775541a724e6d6fc74') in 0.0142913 seconds
[Worker0] Imported GUID: 1e3b057af24249748ff873be7fafee47 - Path: Assets/TextMesh Pro/Shaders/TMP_Bitmap-Mobile.shader - Importer: ScriptedImporter/UnityEditor.QuickSearchModule:UnityEditor.Search:ASIAI0B -> (ImportResultId: '2f448668156755715b261a6644dc4048') in 0.0192077 seconds
[Worker0] Imported GUID: 8c3be2a89f7f447fc81bf0639244320f - Path: Assets/Prefabs/LoadColdButton.prefab - Importer: ScriptedImporter/UnityEditor.QuickSearchModule:UnityEditor.Search:ASIAI0B -> (ImportResultId: 'f9688d7c182b2792a616f34d2df82c43') in 0.084753 seconds
[Worker0] Imported GUID: ce2c6341694b846c7916b5ccab02db4f - Path: Assets/DMT321/CommandAckTwin/Scripts/FanAckPacket.cs - Importer: ScriptedImporter/UnityEditor.QuickSearchModule:UnityEditor.Search:ASIAI0B -> (ImportResultId: '5fb6d2893d57a3b63f28e5ff302ab465') in 0.0118993 seconds
[Worker0] Imported GUID: 407bc68d299748449bbf7f48ee690f8d - Path: Assets/TextMesh Pro/Shaders/TMPro.cginc - Importer: ScriptedImporter/UnityEditor.QuickSearchModule:UnityEditor.Search:ASIAI0B -> (ImportResultId: '0b2ff98ee7617f5edf9b9aeee0a10a92') in 0.0077826 seconds
[Worker0] Imported GUID: f76d0e9caf6734ea0bca69c2d5f75118 - Path: Assets/DMT321/JsonDataTwin/Scripts/SensorPacket.cs - Importer: ScriptedImporter/UnityEditor.QuickSearchModule:UnityEditor.Search:ASIAI0B -> (ImportResultId: '6d81295551f5536d650aae2e1b5d6a01') in 0.009654 seconds
[Worker0] Imported GUID: 275cb0088e8e449af8e1946e948ce2b3 - Path: Assets/DMT321/JsonDataTwin/Materials/M_TemperatureNormal.mat - Importer: ScriptedImporter/UnityEditor.QuickSearchModule:UnityEditor.Search:ASIAI0B -> (ImportResultId: '5cb27e90c492841f8ee9caac21c73c1b') in 0.0113519 seconds
[Worker0] Imported GUID: 68e6db2ebdc24f95958faec2be5558d6 - Path: Assets/TextMesh Pro/Shaders/TMP_SDF.shader - Importer: ScriptedImporter/UnityEditor.QuickSearchModule:UnityEditor.Search:ASIAI0B -> (ImportResultId: '8204f72ce99b5f22282ede69110aad42') in 0.0146388 seconds
[Worker0] Imported GUID: dd89cf5b9246416f84610a006f916af7 - Path: Assets/TextMesh Pro/Shaders/TMP_SDF Overlay.shader - Importer: ScriptedImporter/UnityEditor.QuickSearchModule:UnityEditor.Search:ASIAI0B -> (ImportResultId: 'ab2cef509a05e6b94260d329c93c3d34') in 0.0173768 seconds
[Worker0] Imported GUID: ae6ab849ef122475cbe8530a39c77900 - Path: Assets/DMT321/JsonDataTwin/Materials/M_GroundPurple.mat - Importer: ScriptedImporter/UnityEditor.QuickSearchModule:UnityEditor.Search:ASIAI0B -> (ImportResultId: '7276f41aef6627ed803eaa67563805ea') in 0.0083901 seconds
[Worker0] Imported GUID: 0d06746ca0bb047d9b76614ce04c204c - Path: Assets/DMT321/JsonDataTwin/Scenes/L02_StartHere.unity - Importer: ScriptedImporter/UnityEditor.QuickSearchModule:UnityEditor.Search:ASIAI0B -> (ImportResultId: '903973bb87993414b69bc9d228af5717') in 0.011007 seconds
[Worker0] Imported GUID: 3997e2241185407d80309a82f9148466 - Path: Assets/TextMesh Pro/Shaders/TMPro_Properties.cginc - Importer: ScriptedImporter/UnityEditor.QuickSearchModule:UnityEditor.Search:ASIAI0B -> (ImportResultId: '9402811a3dbb144b946806fbbb74a079') in 0.0135955 seconds
[Worker0] Imported GUID: 5aba36f34483f42c9b8e437fa7ca4ed9 - Path: Assets/Prefabs/ReconnectButton.prefab - Importer: ScriptedImporter/UnityEditor.QuickSearchModule:UnityEditor.Search:ASIAI0B -> (ImportResultId: 'd02b42f06853072716e862f8232ead65') in 0.0522833 seconds
[Worker0] Imported GUID: 21c4a2663cf704315871155cf53a2c9a - Path: Assets/DMT321/CommandAckTwin/GeneratedFanMaterials/M_FanAccent.mat - Importer: ScriptedImporter/UnityEditor.QuickSearchModule:UnityEditor.Search:ASIAI0B -> (ImportResultId: 'af038664ed5d96f6f9c6c6be9364d94c') in 0.0111302 seconds
[Worker0] Imported GUID: c334973cef89a9840b0b0c507e0377ab - Path: Assets/TextMesh Pro/Shaders/TMPro_Mobile.cginc - Importer: ScriptedImporter/UnityEditor.QuickSearchModule:UnityEditor.Search:ASIAI0B -> (ImportResultId: '48ac3fe474238bb15567077cd99f8548') in 0.007377 seconds
[Worker0] Imported GUID: 0632d86ccfd97474eb69c880ffd000fd - Path: Assets/DMT321/JsonDataTwin/Data/normal.json - Importer: ScriptedImporter/UnityEditor.QuickSearchModule:UnityEditor.Search:ASIAI0B -> (ImportResultId: 'd0b8bc6f9dbe1fd5dcc38aa73dfbe0ce') in 0.0066366 seconds
[Worker0] Imported GUID: 6e59c59b81ab47f9b6ec5781fa725d2c - Path: Assets/TextMesh Pro/Fonts/LiberationSans - OFL.txt - Importer: ScriptedImporter/UnityEditor.QuickSearchModule:UnityEditor.Search:ASIAI0B -> (ImportResultId: 'ae81eeb84b1bcf09f98bf2eb5eb01901') in 0.007223 seconds
[Worker0] Imported GUID: 381dcb09d5029d14897e55f98031fca5 - Path: Assets/TextMesh Pro/Sprites/EmojiOne Attribution.txt - Importer: ScriptedImporter/UnityEditor.QuickSearchModule:UnityEditor.Search:ASIAI0B -> (ImportResultId: '2f54eaa9f0dc44cdfd355f3f10b3787e') in 0.011904 seconds
[Worker0] Imported GUID: c8d12adcee749c344b8117cf7c7eb912 - Path: Assets/TextMesh Pro/Shaders/TMP_SDF-Mobile SSD.shader - Importer: ScriptedImporter/UnityEditor.QuickSearchModule:UnityEditor.Search:ASIAI0B -> (ImportResultId: '2e11db0240cae37b041df38e3c3a7766') in 0.0146204 seconds
[Worker0] Imported GUID: b51b8c0c6384149fe84e616ca6c3b563 - Path: Assets/DMT321/JsonDataTwin/Data/cold.json - Importer: ScriptedImporter/UnityEditor.QuickSearchModule:UnityEditor.Search:ASIAI0B -> (ImportResultId: 'e82a382656c7556eaef4bbaefaae0afb') in 0.0055924 seconds
[Worker0] Imported GUID: 35ce0a934489e462a8b7046d248a31ff - Path: Assets/DMT321/CommandAckTwin/Scripts/FanCommandView.cs - Importer: ScriptedImporter/UnityEditor.QuickSearchModule:UnityEditor.Search:ASIAI0B -> (ImportResultId: 'bf010a6143ff15a0acd99f811de5a2c6') in 0.0074123 seconds
[Worker0] Imported GUID: faf26b52f32ba40a5a94688faab8e184 - Path: Assets/DMT321/JsonDataTwin/Data/hot.json - Importer: ScriptedImporter/UnityEditor.QuickSearchModule:UnityEditor.Search:ASIAI0B -> (ImportResultId: '86698e2d4ba17784bde77a514e1c6e4e') in 0.0070905 seconds
[Worker0] Imported GUID: dffef66376be4fa480fb02b19edbe903 - Path: Assets/TextMesh Pro/Sprites/EmojiOne.png - Importer: ScriptedImporter/UnityEditor.QuickSearchModule:UnityEditor.Search:ASIAI0B -> (ImportResultId: '2e74ab1e06708a396f3628c7dd2b30d3') in 0.1477176 seconds
[Worker0] Imported GUID: 2e498d1c8094910479dc3e1b768306a4 - Path: Assets/TextMesh Pro/Resources/Fonts & Materials/LiberationSans SDF - Fallback.asset - Importer: ScriptedImporter/UnityEditor.QuickSearchModule:UnityEditor.Search:ASIAI0B -> (ImportResultId: '5783038cb59cfcb56156aca12a4140e5') in 0.0444682 seconds
[Worker0] Imported GUID: f7ada0af4f174f0694ca6a487b8f543d - Path: Assets/TextMesh Pro/Shaders/TMP_SDF-Surface.shader - Importer: ScriptedImporter/UnityEditor.QuickSearchModule:UnityEditor.Search:ASIAI0B -> (ImportResultId: 'a68f15c961508f4931f0e6929beeb13f') in 0.0127123 seconds
[Worker0] Imported GUID: c5dfcd975e1974e9fbb386c7dbea781c - Path: Assets/DMT321/JsonDataTwin/Materials/M_DeviceDetail.mat - Importer: ScriptedImporter/UnityEditor.QuickSearchModule:UnityEditor.Search:ASIAI0B -> (ImportResultId: 'e38e533eb5844bc878146217380bdfa0') in 0.0126366 seconds
[Worker0] Imported GUID: 4fa8d9e4272c547788f9fab0c2a06775 - Path: Assets/DMT321/CommandAckTwin/Scripts/MockFanDevice.cs - Importer: ScriptedImporter/UnityEditor.QuickSearchModule:UnityEditor.Search:ASIAI0B -> (ImportResultId: 'b660ffc1e8dbf3226936e00845b7a5f2') in 0.005508 seconds
[Worker0] Imported GUID: 43675d4cc65284d9a93be7630dcbd6c2 - Path: Assets/DMT321/JsonDataTwin/Scripts/TemperatureTwinView.cs - Importer: ScriptedImporter/UnityEditor.QuickSearchModule:UnityEditor.Search:ASIAI0B -> (ImportResultId: 'eb783e64b13bb9f739020ec6002789b6') in 0.0053563 seconds
[Worker0] Imported GUID: d930090c0cd643c7b55f19a38538c162 - Path: Assets/TextMesh Pro/Shaders/TMPro_Surface.cginc - Importer: ScriptedImporter/UnityEditor.QuickSearchModule:UnityEditor.Search:ASIAI0B -> (ImportResultId: '04ba97af46a71f2b8ff8e63b9e85d17f') in 0.0067652 seconds
[Worker0] Imported GUID: d82c1b31c7e74239bff1220585707d2b - Path: Assets/TextMesh Pro/Resources/LineBreaking Leading Characters.txt - Importer: ScriptedImporter/UnityEditor.QuickSearchModule:UnityEditor.Search:ASIAI0B -> (ImportResultId: '394804018723337d90790397db664d9d') in 0.0058426 seconds
[Worker0] Imported GUID: fe393ace9b354375a9cb14cdbbc28be4 - Path: Assets/TextMesh Pro/Shaders/TMP_SDF-Mobile.shader - Importer: ScriptedImporter/UnityEditor.QuickSearchModule:UnityEditor.Search:ASIAI0B -> (ImportResultId: 'ab87aa0f10127b9013f68a29b8bdc18d') in 0.0078832 seconds
[Worker0] Imported GUID: 0c3f7e2f9b81041bea60fbb9e37c9077 - Path: Assets/DMT321/JsonDataTwin/Materials/M_LastKnown.mat - Importer: ScriptedImporter/UnityEditor.QuickSearchModule:UnityEditor.Search:ASIAI0B -> (ImportResultId: '23b0bdfdf50158117b2305f6b9a48375') in 0.0071043 seconds
[Worker0] Imported GUID: 14eb328de4b8eb245bb7cea29e4ac00b - Path: Assets/TextMesh Pro/Shaders/TMP_SDF SSD.shader - Importer: ScriptedImporter/UnityEditor.QuickSearchModule:UnityEditor.Search:ASIAI0B -> (ImportResultId: '8ee3566f07215ee0919058ae21885b01') in 0.0113974 seconds
[Worker0] Imported GUID: a82e49fb4744845de9a29f362e62b2e6 - Path: Assets/DMT321/CommandAckTwin/Scenes/L03_StartHere.unity - Importer: ScriptedImporter/UnityEditor.QuickSearchModule:UnityEditor.Search:ASIAI0B -> (ImportResultId: '6169b7b5ffa33473b8e8d60d958579f0') in 0.015051 seconds
[Worker0] Imported GUID: 3f5b5dff67a942289a9defa416b206f3 - Path: Assets/TextMesh Pro/Resources/TMP Settings.asset - Importer: ScriptedImporter/UnityEditor.QuickSearchModule:UnityEditor.Search:ASIAI0B -> (ImportResultId: 'c831db80ea1ac033dc3118b70b740a14') in 0.1404135 seconds
[Worker0] Imported GUID: 128e987d567d4e2c824d754223b3f3b0 - Path: Assets/TextMesh Pro/Shaders/TMP_Bitmap.shader - Importer: ScriptedImporter/UnityEditor.QuickSearchModule:UnityEditor.Search:ASIAI0B -> (ImportResultId: '24a154ece41b2bf44877a2e097eddf95') in 0.0248563 seconds
[Worker0] Imported GUID: 9095a79d30edf40709c9c80145a4a4fa - Path: Assets/DMT321/CommandAckTwin/GeneratedFanMaterials/M_FanDetail.mat - Importer: ScriptedImporter/UnityEditor.QuickSearchModule:UnityEditor.Search:ASIAI0B -> (ImportResultId: '36dfabb0e52e7cc954e90fa0e84e411f') in 0.0207186 seconds
[Worker0] Imported GUID: 8f05276190cf498a8153f6cbe761d4e6 - Path: Assets/TextMesh Pro/Sprites/EmojiOne.json - Importer: ScriptedImporter/UnityEditor.QuickSearchModule:UnityEditor.Search:ASIAI0B -> (ImportResultId: 'ca8748e1d442d6cb5f3a14c337b1203d') in 0.0111075 seconds
[Worker0] Imported GUID: ea11495227d864849bdb4fa69e931cbc - Path: Packages/com.unity.ugui/Editor/Analytics/UGUIBuildAnalytics.cs - Importer: ScriptedImporter/UnityEditor.QuickSearchModule:UnityEditor.Search:ASIAI0B -> (ImportResultId: '3a55f4313fb4ff55f42d6c8afe9a3f56') in 0.0087272 seconds
[Worker0] Imported GUID: c851bee4305bddf438cc6ffc515991ce - Path: Packages/com.unity.ugui/CHANGELOG.md - Importer: ScriptedImporter/UnityEditor.QuickSearchModule:UnityEditor.Search:ASIAI0B -> (ImportResultId: '3f477364c5266865747838710b4a0da5') in 0.0136114 seconds
[Worker0] Imported GUID: ff6d34f71e1a6af4290f9275ff94616c - Path: Packages/com.unity.ugui/Editor/Analytics/UGUIAnalytics.cs - Importer: ScriptedImporter/UnityEditor.QuickSearchModule:UnityEditor.Search:ASIAI0B -> (ImportResultId: 'e4d0d863e10d8239700de84502dfd1a3') in 0.0067603 seconds
[Worker0] Imported GUID: 2300e75732d74890b38a8ff257a3ae15 - Path: Packages/com.unity.ugui/Editor/TMP/TMP_EditorUtility.cs - Importer: ScriptedImporter/UnityEditor.QuickSearchModule:UnityEditor.Search:ASIAI0B -> (ImportResultId: 'b8f66d323b32d1d47041fbbc6049b6c7') in 0.0102384 seconds
[Worker0] Imported GUID: be13c398521e3c1ad21fb9da30ab2ab6 - Path: Packages/com.unity.modules.imgui/package.ModuleCompilationTrigger - Importer: ScriptedImporter/UnityEditor.QuickSearchModule:UnityEditor.Search:ASIAI0B -> (ImportResultId: '6f60cb5bb3fb7e93d6a056765746bcf5') in 0.013966 seconds
[Worker0] Imported GUID: e9df95f53f1c1d0c9199e235d6c42b50 - Path: Packages/com.unity.modules.audio/package.json - Importer: ScriptedImporter/UnityEditor.QuickSearchModule:UnityEditor.Search:ASIAI0B -> (ImportResultId: '8ccedc5f1b188c83760393aed1899940') in 0.0166339 seconds
[Worker0] Imported GUID: f4935fb862d54980b1bcbca942962642 - Path: Packages/com.unity.ugui/Editor/TMP/TMPro_TexturePostProcessor.cs - Importer: ScriptedImporter/UnityEditor.QuickSearchModule:UnityEditor.Search:ASIAI0B -> (ImportResultId: 'a08b27472dd7f60e75eb18687c171c0e') in 0.0121334 seconds
[Worker0] Imported GUID: 0386b6eb838c47138cd51d1c1b879a35 - Path: Packages/com.unity.ugui/Editor/TMP/TMP_SettingsEditor.cs - Importer: ScriptedImporter/UnityEditor.QuickSearchModule:UnityEditor.Search:ASIAI0B -> (ImportResultId: 'a144352a29b8f9b692aa8a15c34b8cac') in 0.0138515 seconds
[Worker0] Imported GUID: 5c1ee4056d0ac7ad3c5a16597fcaa38a - Path: Packages/com.unity.modules.physics/package.ModuleCompilationTrigger - Importer: ScriptedImporter/UnityEditor.QuickSearchModule:UnityEditor.Search:ASIAI0B -> (ImportResultId: 'ef993b2ce986418cf7b04503638ca4a5') in 0.0142518 seconds
[Worker0] Imported GUID: 96b44f7d98314b139324a8a87eb66067 - Path: Packages/com.unity.ugui/Editor/TMP/TMP_FontAssetEditor.cs - Importer: ScriptedImporter/UnityEditor.QuickSearchModule:UnityEditor.Search:ASIAI0B -> (ImportResultId: '6052de58d39122c7ec3b02e7ac5a33ed') in 0.0125821 seconds
[Worker0] Imported GUID: 02893ffb522b490a9fa28eedd2584309 - Path: Packages/com.unity.ugui/Editor/TMP/TMPro_TextContainerEditor.cs - Importer: ScriptedImporter/UnityEditor.QuickSearchModule:UnityEditor.Search:ASIAI0B -> (ImportResultId: '720bb73e650fa01ea90384c7d5abcd1d') in 0.0101972 seconds
[Worker0] Imported GUID: 830a36a23cf3ab1e61fa47940a6dc35e - Path: Packages/com.unity.modules.imageconversion/package.ModuleCompilationTrigger - Importer: ScriptedImporter/UnityEditor.QuickSearchModule:UnityEditor.Search:ASIAI0B -> (ImportResultId: '1f03d76f08428ad984c30096a5639f80') in 0.0215769 seconds
[Worker0] Imported GUID: b09be1f217d34247af54863a2f5587e1 - Path: Packages/com.unity.ugui/Editor/TMP/TMP_SpriteAssetEditor.cs - Importer: ScriptedImporter/UnityEditor.QuickSearchModule:UnityEditor.Search:ASIAI0B -> (ImportResultId: '54c40ca9f667bda14c990cf6cf94247c') in 0.0137052 seconds
[Worker0] Imported GUID: 953fab16d15d5885b3600fcd6388b2ad - Path: Packages/com.unity.modules.imageconversion/package.json - Importer: ScriptedImporter/UnityEditor.QuickSearchModule:UnityEditor.Search:ASIAI0B -> (ImportResultId: '8524bc6b5821538bc00404f1f5ec124e') in 0.0122868 seconds
[Worker0] Imported GUID: 1a4266815e998967becf686f9c71f0a6 - Path: Packages/com.unity.modules.physics/package.json - Importer: ScriptedImporter/UnityEditor.QuickSearchModule:UnityEditor.Search:ASIAI0B -> (ImportResultId: '247a2ff4e834fd628ed142ad887dfa0a') in 0.0094138 seconds
[Worker0] Imported GUID: 225b67dcce9247b4c806e435b34695d2 - Path: Packages/com.unity.ugui/Editor/TMP/TMP_MarkupTagUpdateUtility.cs - Importer: ScriptedImporter/UnityEditor.QuickSearchModule:UnityEditor.Search:ASIAI0B -> (ImportResultId: '4dff4d6b334eab2db298935954558167') in 0.0101636 seconds
[Worker0] Imported GUID: d9647b571c5e44729b71d756b3d55317 - Path: Packages/com.unity.ugui/Editor/TMP/TMP_ColorGradientAssetMenu.cs - Importer: ScriptedImporter/UnityEditor.QuickSearchModule:UnityEditor.Search:ASIAI0B -> (ImportResultId: 'c14e0af66eeb1af103770c4494697961') in 0.0077101 seconds
[Worker0] Imported GUID: bf8befe3c500aa84b9ce3860a226cf41 - Path: Packages/com.unity.ugui/Editor/TMP/TMP_PreBuildProcessor.cs - Importer: ScriptedImporter/UnityEditor.QuickSearchModule:UnityEditor.Search:ASIAI0B -> (ImportResultId: 'dba3ef4a33533773f7853b94df05960f') in 0.0092268 seconds
[Worker0] Imported GUID: 88ed537c17c34f339121fe9a7d6d7a0e - Path: Packages/com.unity.ugui/Editor/TMP/TMPro_SortingLayerHelper.cs - Importer: ScriptedImporter/UnityEditor.QuickSearchModule:UnityEditor.Search:ASIAI0B -> (ImportResultId: 'dff0af9db9ebd0980ff36fa040f8e584') in 0.0097269 seconds
[Worker0] Imported GUID: 438efd46088d408d8a53f707fa68d976 - Path: Packages/com.unity.ugui/Editor/TMP/TMP_BaseShaderGUI.cs - Importer: ScriptedImporter/UnityEditor.QuickSearchModule:UnityEditor.Search:ASIAI0B -> (ImportResultId: '970184ae98e49d10d6bd6950e2724277') in 0.0063609 seconds
[Worker0] Imported GUID: 0e0afa652c0031c48896a97b424d027b - Path: Packages/com.unity.ugui/PackageConversionData_Assets.json - Importer: ScriptedImporter/UnityEditor.QuickSearchModule:UnityEditor.Search:ASIAI0B -> (ImportResultId: '44f9bc19bd77127b18de6880580bc639') in 0.0082289 seconds
[Worker0] Imported GUID: 6fdea2af3daa40fe8f88e5e9cfc17abb - Path: Packages/com.unity.ugui/Editor/TMP/TMP_PostBuildProcessHandler.cs - Importer: ScriptedImporter/UnityEditor.QuickSearchModule:UnityEditor.Search:ASIAI0B -> (ImportResultId: '11085161f76e9250cb687ef9dd05ab04') in 0.0062862 seconds
[Worker0] Imported GUID: 68eedd4e5b33b37429c02c4add0036fe - Path: Packages/com.unity.ugui/Editor/TMP/TMP_PackageUtilities.cs - Importer: ScriptedImporter/UnityEditor.QuickSearchModule:UnityEditor.Search:ASIAI0B -> (ImportResultId: '9315babdc991d88f685fbcf9f9af9331') in 0.006064 seconds
[Worker0] Imported GUID: ce4ff17ca867d2b48b5c8a4181611901 - Path: Packages/com.unity.ugui/Package Resources/TMP Essential Resources.unitypackage - Importer: ScriptedImporter/UnityEditor.QuickSearchModule:UnityEditor.Search:ASIAI0B -> (ImportResultId: '919c34ea8d466c04736b46657f5a9dc6') in 0.0067961 seconds
[Worker0] Imported GUID: 21c0044a7f964773be90d197a78e4703 - Path: Packages/com.unity.ugui/Editor/TMP/TMP_EditorPanelUI.cs - Importer: ScriptedImporter/UnityEditor.QuickSearchModule:UnityEditor.Search:ASIAI0B -> (ImportResultId: '4fc77e5ae1f066c1df51384a414a0b5b') in 0.0053464 seconds
[Worker0] Imported GUID: b5930dbc378b45d406aeb881f06b6dfa - Path: Packages/com.unity.modules.physicscore2d/package.json - Importer: ScriptedImporter/UnityEditor.QuickSearchModule:UnityEditor.Search:ASIAI0B -> (ImportResultId: '4d6ab42338894dd0650fca7453c991ca') in 0.006268 seconds
[Worker0] Imported GUID: 9c4a050f089abb04ebd4125e419f4548 - Path: Packages/com.unity.ugui/Editor/TMP/TMP_SerializedPropertyHolder.cs - Importer: ScriptedImporter/UnityEditor.QuickSearchModule:UnityEditor.Search:ASIAI0B -> (ImportResultId: 'e50aa97d1ff6859c24d942f2b8c7a726') in 0.005286 seconds
[Worker0] Imported GUID: 8394c018a82352f41ae354f7bdad54e3 - Path: Packages/com.unity.ugui/Editor/Analytics/UnityEditor.UI.Analytics.asmdef - Importer: ScriptedImporter/UnityEditor.QuickSearchModule:UnityEditor.Search:ASIAI0B -> (ImportResultId: '553b9896ee6d3a9577b86e28857ee9e3') in 0.0064715 seconds
[Worker0] Imported GUID: 319b8889f363f5947acf209c17a94149 - Path: Packages/com.unity.ugui/package.json - Importer: ScriptedImporter/UnityEditor.QuickSearchModule:UnityEditor.Search:ASIAI0B -> (ImportResultId: '7dca2219608a3d7d5844fed66aa0f259') in 0.0054567 seconds
[Worker0] Imported GUID: fcc60c1d6bb544d9b712b652f418ff3a - Path: Packages/com.unity.ugui/Editor/TMP/TMP_ColorGradientEditor.cs - Importer: ScriptedImporter/UnityEditor.QuickSearchModule:UnityEditor.Search:ASIAI0B -> (ImportResultId: '386f72baeb9814df89db17769d1d8589') in 0.0069733 seconds
[Worker0] Imported GUID: 4d3d51749e989f747b2674e0b4d9b3d7 - Path: Packages/com.unity.ugui/LICENSE.md - Importer: ScriptedImporter/UnityEditor.QuickSearchModule:UnityEditor.Search:ASIAI0B -> (ImportResultId: 'adcc5d2c31c330e9976e2643f63a9ffd') in 0.0057483 seconds
[Worker0] Imported GUID: 806de5a9211448c8b65c8435ebb48dd4 - Path: Packages/com.unity.ugui/Editor/TMP/TMP_BitmapShaderGUI.cs - Importer: ScriptedImporter/UnityEditor.QuickSearchModule:UnityEditor.Search:ASIAI0B -> (ImportResultId: 'd46191bf0dbe3078f8f71b3a6cc7f9ba') in 0.0123585 seconds
[Worker0] Imported GUID: 8f586378b4e144a9851e7b34d9b748ee - Path: Assets/TextMesh Pro/Resources/Fonts & Materials/LiberationSans SDF.asset - Importer: ScriptedImporter/UnityEditor.QuickSearchModule:UnityEditor.Search:ASIAI0B -> (ImportResultId: '74d3fa510ff75d23ae7afafade05e544') in 0.2848763 seconds
[Worker0] Imported GUID: 40bf3cec17fa0b49fe04443c8332d638 - Path: Packages/com.unity.modules.jsonserialize/package.json - Importer: ScriptedImporter/UnityEditor.QuickSearchModule:UnityEditor.Search:ASIAI0B -> (ImportResultId: '17e9b8de5cd1ad5f51ddf97378a1825e') in 0.0232175 seconds
[Worker0] Imported GUID: 042dc296246916648e55a43d0eeb2036 - Path: Packages/com.unity.modules.audio/package.ModuleCompilationTrigger - Importer: ScriptedImporter/UnityEditor.QuickSearchModule:UnityEditor.Search:ASIAI0B -> (ImportResultId: '6c693c479d384571dd366be3f012d826') in 0.0064434 seconds
[Worker0] Imported GUID: 6b259c4003a802847b9ada90744e34c5 - Path: Packages/com.unity.ugui/Editor/TMP/TMP_EditorResourceManager.cs - Importer: ScriptedImporter/UnityEditor.QuickSearchModule:UnityEditor.Search:ASIAI0B -> (ImportResultId: '30cfbefb60639c9eb5eeb131e5a816c5') in 0.0054637 seconds
[Worker0] Imported GUID: 05f5bfd584002f948982a1498890f9a9 - Path: Packages/com.unity.ugui/PackageConversionData.json - Importer: ScriptedImporter/UnityEditor.QuickSearchModule:UnityEditor.Search:ASIAI0B -> (ImportResultId: 'a1f5b0d6354274e4d88f77760b37e672') in 0.0070238 seconds
[Worker0] Imported GUID: 0e751e877ed14d71a6b8e63ac54949cf - Path: Packages/com.unity.ugui/Editor/TMP/TMP_ProjectTextSettings.cs - Importer: ScriptedImporter/UnityEditor.QuickSearchModule:UnityEditor.Search:ASIAI0B -> (ImportResultId: '230066783b97e50ecdac5fb9f61d38f2') in 0.0056284 seconds
[Worker0] Imported GUID: 7241c7dc25374fc1a6ab3ef9da79c363 - Path: Packages/com.unity.ugui/Editor/TMP/TMP_ResourcesLoader.cs - Importer: ScriptedImporter/UnityEditor.QuickSearchModule:UnityEditor.Search:ASIAI0B -> (ImportResultId: 'c557139b40c7fa02f3e81b6909dccb36') in 0.0069566 seconds
[Worker0] Imported GUID: 6dbcf248c987476181a37f01a1814975 - Path: Packages/com.unity.ugui/Editor/TMP/TMP_DropdownEditor.cs - Importer: ScriptedImporter/UnityEditor.QuickSearchModule:UnityEditor.Search:ASIAI0B -> (ImportResultId: '249dacde8f1d7cb2ce6919d2efd33b15') in 0.0078681 seconds
[Worker0] Imported GUID: 14e86f88e9a8c9c448d7e7df92f2aeec - Path: Packages/com.unity.modules.physicscore2d/package.ModuleCompilationTrigger - Importer: ScriptedImporter/UnityEditor.QuickSearchModule:UnityEditor.Search:ASIAI0B -> (ImportResultId: '820e4b805c168fe1ab179c40eaa7cf37') in 0.0054116 seconds
[Worker0] Imported GUID: aa76955fe5bb44f7915d91db8c7043c4 - Path: Packages/com.unity.ugui/Editor/TMP/TMPro_EditorShaderUtilities.cs - Importer: ScriptedImporter/UnityEditor.QuickSearchModule:UnityEditor.Search:ASIAI0B -> (ImportResultId: 'fd639c4c70c5c8d250d9d050d8d09013') in 0.0088193 seconds
[Worker0] Imported GUID: c41005c129ba4d66911b75229fd70b45 - Path: Assets/TextMesh Pro/Resources/Sprite Assets/EmojiOne.asset - Importer: ScriptedImporter/UnityEditor.QuickSearchModule:UnityEditor.Search:ASIAI0B -> (ImportResultId: '17029316d28fe981e6fa3665705bb700') in 0.019282 seconds
[Worker0] Imported GUID: f952c082cb03451daed3ee968ac6c63e - Path: Assets/TextMesh Pro/Resources/Style Sheets/Default Style Sheet.asset - Importer: ScriptedImporter/UnityEditor.QuickSearchModule:UnityEditor.Search:ASIAI0B -> (ImportResultId: 'bba2768f9831540542812ef501f830af') in 0.0372383 seconds
[Worker0] Imported GUID: 34f6695d37a94370a3697f6b068f5d5e - Path: Packages/com.unity.ugui/Editor/TMP/TMP_EditorPanel.cs - Importer: ScriptedImporter/UnityEditor.QuickSearchModule:UnityEditor.Search:ASIAI0B -> (ImportResultId: '2d7512744dfc4125f546af3bf4bd6bf2') in 0.0075044 seconds
[Worker0] Imported GUID: 79459efec17a4d00a321bdcc27bbc385 - Path: Assets/TextMesh Pro/Resources/Fonts & Materials/LiberationSans SDF - Outline.mat - Importer: ScriptedImporter/UnityEditor.QuickSearchModule:UnityEditor.Search:ASIAI0B -> (ImportResultId: 'd8b21372a2b1f763d5791c134919f40c') in 0.1120302 seconds
[Worker0] Imported GUID: 383966e89d344865a36addd5d378ffd3 - Path: Packages/com.unity.ugui/Editor/TMP/TMPro_FontAssetCreatorWindow.cs - Importer: ScriptedImporter/UnityEditor.QuickSearchModule:UnityEditor.Search:ASIAI0B -> (ImportResultId: 'eeb7e841d6410f66b3a288585b23cd38') in 0.0056848 seconds
[Worker0] Imported GUID: 42fe78c8fe682715a2cb531422e6ccb3 - Path: Packages/com.unity.modules.imgui/package.json - Importer: ScriptedImporter/UnityEditor.QuickSearchModule:UnityEditor.Search:ASIAI0B -> (ImportResultId: '003ff1b4829e31a12c0802873849a0cb') in 0.0071031 seconds
[Worker0] Imported GUID: aa160f27c3fe4052a5850e21108811b6 - Path: Packages/com.unity.ugui/Editor/TMP/TMP_InputFieldEditor.cs - Importer: ScriptedImporter/UnityEditor.QuickSearchModule:UnityEditor.Search:ASIAI0B -> (ImportResultId: '6a72057a77615f4763a70c4c982bafbe') in 0.0253102 seconds
[Worker0] Imported GUID: 7065397ff8184621aa3ca4f854491259 - Path: Packages/com.unity.ugui/Editor/TMP/TMPro_CreateObjectMenu.cs - Importer: ScriptedImporter/UnityEditor.QuickSearchModule:UnityEditor.Search:ASIAI0B -> (ImportResultId: 'f65d5b7686d9b4d34906186920415840') in 0.0062717 seconds
[Worker0] Imported GUID: e0ae6629cc70b514889df37fccb76832 - Path: Packages/com.unity.ugui/README.md - Importer: ScriptedImporter/UnityEditor.QuickSearchModule:UnityEditor.Search:ASIAI0B -> (ImportResultId: 'bd72550850676188177416b8397260fc') in 0.008361 seconds
[Worker0] Imported GUID: e6a135e3ea9cb46795d1b0e05ac3e1e5 - Path: Packages/com.unity.modules.jsonserialize/package.ModuleCompilationTrigger - Importer: ScriptedImporter/UnityEditor.QuickSearchModule:UnityEditor.Search:ASIAI0B -> (ImportResultId: 'ea8c3ec853abbf47cb6abe300c6a9aa4') in 0.0052239 seconds
[Worker0] Imported GUID: 44e1d646473a40178712cb2150f54cec - Path: Packages/com.unity.ugui/Editor/TMP/TMPro_ContextMenus.cs - Importer: ScriptedImporter/UnityEditor.QuickSearchModule:UnityEditor.Search:ASIAI0B -> (ImportResultId: 'b5dfb0685ca9722c96eb3e297adedd7f') in 0.0058749 seconds
[Worker0] Imported GUID: bc00e25696e4132499f56528d3fed2e3 - Path: Packages/com.unity.ugui/Package Resources/TMP Examples & Extras.unitypackage - Importer: ScriptedImporter/UnityEditor.QuickSearchModule:UnityEditor.Search:ASIAI0B -> (ImportResultId: '1b55d01ee91d1865334eeba6e20ed0e5') in 0.0065469 seconds
[Worker0] Imported GUID: 91950f78729ab144aa36e94690b28fad - Path: Packages/com.unity.ugui/Editor/TMP/TMP_BaseEditorPanel.cs - Importer: ScriptedImporter/UnityEditor.QuickSearchModule:UnityEditor.Search:ASIAI0B -> (ImportResultId: 'f2fa75f544f09653785835f80e29b033') in 0.0055637 seconds
[Worker0] Imported GUID: 8413ca0e506d42a1a4bd9769f204ad16 - Path: Packages/com.unity.ugui/Editor/TMP/TMP_SDFShaderGUI.cs - Importer: ScriptedImporter/UnityEditor.QuickSearchModule:UnityEditor.Search:ASIAI0B -> (ImportResultId: '1d2bc623906e7947e1cc4d5dad3e6f67') in 0.0073689 seconds
[Worker0] Imported GUID: 27a0335dab59ec542aadd6636a5b4ebd - Path: Packages/com.unity.ugui/Editor/TMP/TMP_EditorCoroutine.cs - Importer: ScriptedImporter/UnityEditor.QuickSearchModule:UnityEditor.Search:ASIAI0B -> (ImportResultId: 'cb8c7d0870294a21dda95cffd914b3ce') in 0.0053052 seconds
[Worker0] Imported GUID: 7496af95dfe67cf429ac65edaaf99106 - Path: Packages/com.unity.ugui/Editor/TMP/TMP_FontAsset_CreationMenu.cs - Importer: ScriptedImporter/UnityEditor.QuickSearchModule:UnityEditor.Search:ASIAI0B -> (ImportResultId: '420328b03f71fb4bfd603c8624f8426f') in 0.010646 seconds
[Worker0] Imported GUID: 43b111c4a445f446abd2c02e77750ff5 - Path: Packages/com.unity.ugui/Runtime/InternalBridge/Unity.InternalAPIEngineBridge.004.asmdef - Importer: ScriptedImporter/UnityEditor.QuickSearchModule:UnityEditor.Search:ASIAI0B -> (ImportResultId: '5455367ad96fdb1ee3025ef73494f60f') in 0.0059512 seconds
[Worker0] Imported GUID: 34e2c9b9d9e44953933afe37461f44e6 - Path: Packages/com.unity.ugui/Editor/TMP/TMP_StyleSheetEditor.cs - Importer: ScriptedImporter/UnityEditor.QuickSearchModule:UnityEditor.Search:ASIAI0B -> (ImportResultId: 'cd978429b41a81367e533023c062f63b') in 0.0051914 seconds
[Worker0] Imported GUID: 326e2b1b31fc06d4fa884c803b27b46a - Path: Packages/com.unity.ugui/Runtime/TMP/FontFeatureCommon.cs - Importer: ScriptedImporter/UnityEditor.QuickSearchModule:UnityEditor.Search:ASIAI0B -> (ImportResultId: '7a01bc771f16f7a67092eb209d8e6d91') in 0.0056685 seconds
[Worker0] Imported GUID: 35ff0937876540d3bd4b6a941df62a92 - Path: Packages/com.unity.ugui/Editor Resources/Textures/btn_AlignCenterGeo_Light.psd - Importer: ScriptedImporter/UnityEditor.QuickSearchModule:UnityEditor.Search:ASIAI0B -> (ImportResultId: '7c9ddd3c5f69bea739968163ed28e269') in 0.0190283 seconds
[Worker0] Imported GUID: 0ce5fe4db14be432cab1bc46704eef4c - Path: Packages/com.unity.ugui/Runtime/InternalBridge/ObjectUtilsBridge.cs - Importer: ScriptedImporter/UnityEditor.QuickSearchModule:UnityEditor.Search:ASIAI0B -> (ImportResultId: 'cef6771bd8a1a36b824b800ac182dd17') in 0.0110975 seconds
[Worker0] Imported GUID: 9541d86e2fd84c1d9990edf0852d74ab - Path: Packages/com.unity.ugui/Runtime/TMP/TextMeshPro.cs - Importer: ScriptedImporter/UnityEditor.QuickSearchModule:UnityEditor.Search:ASIAI0B -> (ImportResultId: '7e57a585189667ed5ed5e1a803f8cffb') in 0.0109568 seconds
[Worker0] Imported GUID: ca51b19024094d1b87f3e07edb0a75fb - Path: Packages/com.unity.ugui/Editor Resources/Textures/btn_AlignBottom.psd - Importer: ScriptedImporter/UnityEditor.QuickSearchModule:UnityEditor.Search:ASIAI0B -> (ImportResultId: 'decc920dff172711e5600f913a33ab86') in 0.0215356 seconds
[Worker0] Imported GUID: 49679f302ac6408697f6b9314a38985c - Path: Packages/com.unity.ugui/Editor Resources/Textures/btn_AlignCapLine_Light.psd - Importer: ScriptedImporter/UnityEditor.QuickSearchModule:UnityEditor.Search:ASIAI0B -> (ImportResultId: 'c8c46b97e84a490d62f9232a16b6caf9') in 0.0211341 seconds
[Worker0] Imported GUID: 9288066c33474b94b6ee5465f4df1cc0 - Path: Packages/com.unity.ugui/Editor Resources/Textures/btn_AlignLeft.psd - Importer: ScriptedImporter/UnityEditor.QuickSearchModule:UnityEditor.Search:ASIAI0B -> (ImportResultId: '08859bd6d1b1793e860c21ed3ca2f406') in 0.0242199 seconds
[Worker0] Imported GUID: effb76e1937b45ff8adf45e51a4c08cf - Path: Packages/com.unity.ugui/Runtime/TMP/TMPro_MeshUtilities.cs - Importer: ScriptedImporter/UnityEditor.QuickSearchModule:UnityEditor.Search:ASIAI0B -> (ImportResultId: 'a2a1a59c97ce729b9996b51d6996702c') in 0.0058316 seconds
[Worker0] Imported GUID: 41b96614b2e6494ba995ddcd252d11ae - Path: Packages/com.unity.ugui/Editor Resources/Textures/btn_AlignMiddle.psd - Importer: ScriptedImporter/UnityEditor.QuickSearchModule:UnityEditor.Search:ASIAI0B -> (ImportResultId: '331dd8650d350e8107d41590ce03314a') in 0.0119683 seconds
[Worker0] Imported GUID: 9c442dc870b456e48b615cd8add0e9ef - Path: Packages/com.unity.ugui/Editor Resources/Shaders/TMP_SDF Internal Editor.shader - Importer: ScriptedImporter/UnityEditor.QuickSearchModule:UnityEditor.Search:ASIAI0B -> (ImportResultId: 'dba5b16d7fae74b2f7b20b3aa6c3fef9') in 0.0091005 seconds
[Worker0] Imported GUID: 96e9072453a441618754c478755b3028 - Path: Packages/com.unity.ugui/Runtime/TMP/TMPro_EventManager.cs - Importer: ScriptedImporter/UnityEditor.QuickSearchModule:UnityEditor.Search:ASIAI0B -> (ImportResultId: '56d70d3f81fc00c5f87d4e9d0f9d5e71') in 0.0053431 seconds
[Worker0] Imported GUID: fb5730e24283d0c489e5c7d0bee023d9 - Path: Packages/com.unity.ugui/Editor Resources/Textures/SectionHeader_Dark.psd - Importer: ScriptedImporter/UnityEditor.QuickSearchModule:UnityEditor.Search:ASIAI0B -> (ImportResultId: '16b6479829893a901876234c54f73200') in 0.0136703 seconds
[Worker0] Imported GUID: e3b0f810fdea84e40ab4ba20f256f7e8 - Path: Packages/com.unity.ugui/Editor Resources/Textures/SectionHeader_Light.psd - Importer: ScriptedImporter/UnityEditor.QuickSearchModule:UnityEditor.Search:ASIAI0B -> (ImportResultId: '8b41e29255daf7b720f7076e66937a97') in 0.0164314 seconds
[Worker0] Imported GUID: 0d9a36012a224080966c7b55896aa0f9 - Path: Packages/com.unity.ugui/Editor Resources/Textures/btn_AlignCapLine.psd - Importer: ScriptedImporter/UnityEditor.QuickSearchModule:UnityEditor.Search:ASIAI0B -> (ImportResultId: 'd373c77689d52ebad5b344d2befd34cb') in 0.0154355 seconds
[Worker0] Imported GUID: c76700ea0062413d9f69409b4e9e151b - Path: Packages/com.unity.ugui/Editor Resources/Textures/btn_AlignCenterGeo.psd - Importer: ScriptedImporter/UnityEditor.QuickSearchModule:UnityEditor.Search:ASIAI0B -> (ImportResultId: '02a60d9a2e2a36c5d4d93db4ff4a1794') in 0.0155814 seconds
[Worker0] Imported GUID: 3bda1886f58f4e0ab1139400b160c3ee - Path: Packages/com.unity.ugui/Runtime/TMP/TMP_Asset.cs - Importer: ScriptedImporter/UnityEditor.QuickSearchModule:UnityEditor.Search:ASIAI0B -> (ImportResultId: 'c364022d2609924ffbcd46253ceed91a') in 0.0057375 seconds
[Worker0] Imported GUID: 32d40088a6124c578ad6b428df586e2e - Path: Packages/com.unity.ugui/Runtime/TMP/TextContainer.cs - Importer: ScriptedImporter/UnityEditor.QuickSearchModule:UnityEditor.Search:ASIAI0B -> (ImportResultId: '3c8b5a932015b96ac9219ebac4898db8') in 0.0067727 seconds
[Worker0] Imported GUID: ed041e68439749a69d0efa0e3d896c2e - Path: Packages/com.unity.ugui/Editor Resources/Textures/btn_AlignTop_Light.psd - Importer: ScriptedImporter/UnityEditor.QuickSearchModule:UnityEditor.Search:ASIAI0B -> (ImportResultId: '8492006ff507522197847ab8800f1ac6') in 0.0165602 seconds
[Worker0] Imported GUID: 92027f7f8cfc4feaa477da0dc38d3d46 - Path: Packages/com.unity.ugui/Editor Resources/Textures/btn_AlignJustified.psd - Importer: ScriptedImporter/UnityEditor.QuickSearchModule:UnityEditor.Search:ASIAI0B -> (ImportResultId: '7e982fbe85f0ff7c36a4d3578914d46c') in 0.0145585 seconds
[Worker0] Imported GUID: 1c147d10db452eb4b854a35f84472017 - Path: Packages/com.unity.ugui/Runtime/TMP/AssemblyInfo.cs - Importer: ScriptedImporter/UnityEditor.QuickSearchModule:UnityEditor.Search:ASIAI0B -> (ImportResultId: '94448f8c47054a0c1e807b34c6dc4d3f') in 0.0083444 seconds
[Worker0] Imported GUID: afc31ad767318c9488de260c166cd21d - Path: Packages/com.unity.ugui/Runtime/TMP/ITextPreProcessor.cs - Importer: ScriptedImporter/UnityEditor.QuickSearchModule:UnityEditor.Search:ASIAI0B -> (ImportResultId: 'f41836b68cc8227d0deac7a615211ca3') in 0.0107601 seconds
[Worker0] Imported GUID: 3c6c403084eacec478a1129ce20061ea - Path: Packages/com.unity.ugui/Editor Resources/Shaders/TMP_Properties.cginc - Importer: ScriptedImporter/UnityEditor.QuickSearchModule:UnityEditor.Search:ASIAI0B -> (ImportResultId: '22c5d7803ab128752b82bcd733a54295') in 0.0084041 seconds
[Worker0] Imported GUID: e05ace3bd15740cda0bad60d89092a5b - Path: Packages/com.unity.ugui/Editor Resources/Textures/btn_AlignRight_Light.psd - Importer: ScriptedImporter/UnityEditor.QuickSearchModule:UnityEditor.Search:ASIAI0B -> (ImportResultId: 'b6c346032fa53935de38231062adccd8') in 0.0170991 seconds
[Worker0] Imported GUID: 54d21f6ece3b46479f0c328f8c6007e0 - Path: Packages/com.unity.ugui/Runtime/TMP/TMP_ColorGradient.cs - Importer: ScriptedImporter/UnityEditor.QuickSearchModule:UnityEditor.Search:ASIAI0B -> (ImportResultId: '66d2a95f9212eda6a2ccb1276361a0d0') in 0.006971 seconds
[Worker0] Imported GUID: 48d034c499ee4697af9dd6e327110249 - Path: Packages/com.unity.ugui/Editor Resources/Textures/btn_AlignTop.psd - Importer: ScriptedImporter/UnityEditor.QuickSearchModule:UnityEditor.Search:ASIAI0B -> (ImportResultId: '07a9f013629f9de329f16e39d8c86724') in 0.0173551 seconds
[Worker0] Imported GUID: 6546d7765b4165b40850b3667f981c26 - Path: Packages/com.unity.ugui/Editor/TMP/Unity.TextMeshPro.Editor.asmdef - Importer: ScriptedImporter/UnityEditor.QuickSearchModule:UnityEditor.Search:ASIAI0B -> (ImportResultId: '6abd80147ea947831a3a8664bb91fec1') in 0.0075495 seconds
[Worker0] Imported GUID: 90fe1c65e6bb3bc4e90862df7297719e - Path: Packages/com.unity.ugui/Runtime/TMP/TMP_CharacterInfo.cs - Importer: ScriptedImporter/UnityEditor.QuickSearchModule:UnityEditor.Search:ASIAI0B -> (ImportResultId: 'b55592a1924b948c3b6e4e1a0c2a4d9c') in 0.0071903 seconds
[Worker0] Imported GUID: 2fd6421f253b4ef1a19526541f9ffc0c - Path: Packages/com.unity.ugui/Editor Resources/Gizmos/TMP - Text Component Icon.psd - Importer: ScriptedImporter/UnityEditor.QuickSearchModule:UnityEditor.Search:ASIAI0B -> (ImportResultId: 'cd2cfcad6e8e9b0e9c4daefdc2c29091') in 0.0138043 seconds
[Worker0] Imported GUID: 987fa2c7d1a0e2242839cb8af2fcecc9 - Path: Packages/com.unity.ugui/Runtime/InternalBridge/TMPHelpURL.cs - Importer: ScriptedImporter/UnityEditor.QuickSearchModule:UnityEditor.Search:ASIAI0B -> (ImportResultId: 'be05d915eb5d6988b75191d306da2163') in 0.0072373 seconds
[Worker0] Imported GUID: c2f7f6a88b4c4f20a53deb72f3d9144c - Path: Packages/com.unity.ugui/Editor Resources/Textures/btn_AlignMidLine.psd - Importer: ScriptedImporter/UnityEditor.QuickSearchModule:UnityEditor.Search:ASIAI0B -> (ImportResultId: '11fda13d5381627c551039d302b84ab3') in 0.016714 seconds
[Worker0] Imported GUID: 6ace62d30f494c948b71d5594afce11d - Path: Packages/com.unity.ugui/Editor Resources/Textures/btn_AlignCenter_Light.psd - Importer: ScriptedImporter/UnityEditor.QuickSearchModule:UnityEditor.Search:ASIAI0B -> (ImportResultId: 'ac0ac78006614554773abd1d3bcf249a') in 0.018297 seconds
[Worker0] Imported GUID: bb42b2d967d6427983c901a4ffc8ecd9 - Path: Packages/com.unity.ugui/Editor Resources/Textures/btn_AlignMidline_Light.psd - Importer: ScriptedImporter/UnityEditor.QuickSearchModule:UnityEditor.Search:ASIAI0B -> (ImportResultId: '463d86c386457b894d96c10fb081e9fb') in 0.0200441 seconds
[Worker0] Imported GUID: 4ac5b6a65aaeb59478e3b78660e9f134 - Path: Packages/com.unity.ugui/Runtime/TMP/TMP_Character.cs - Importer: ScriptedImporter/UnityEditor.QuickSearchModule:UnityEditor.Search:ASIAI0B -> (ImportResultId: '3f6ba98b835320b9ba7ce90f76494fde') in 0.0070918 seconds
[Worker0] Imported GUID: 64b9fad609434c489c32b1cdf2004a1c - Path: Packages/com.unity.ugui/Editor Resources/Textures/btn_AlignFlush_Light.psd - Importer: ScriptedImporter/UnityEditor.QuickSearchModule:UnityEditor.Search:ASIAI0B -> (ImportResultId: '63b592757184ecbfee47e560c2e42214') in 0.0163793 seconds
[Worker0] Imported GUID: 77476292f9fa4905a787e6417853846b - Path: Packages/com.unity.ugui/Runtime/TMP/TMPro_ExtensionMethods.cs - Importer: ScriptedImporter/UnityEditor.QuickSearchModule:UnityEditor.Search:ASIAI0B -> (ImportResultId: '2f958dc09071044bd672215c5f37e90c') in 0.0064524 seconds
[Worker0] Imported GUID: 3ee40aa79cd242a5b53b0b0ca4f13f0f - Path: Packages/com.unity.ugui/Editor Resources/Gizmos/TMP - Input Field Icon.psd - Importer: ScriptedImporter/UnityEditor.QuickSearchModule:UnityEditor.Search:ASIAI0B -> (ImportResultId: 'db55e9c012148a65f2debce5bb0fd6fa') in 0.0189191 seconds
[Worker0] Imported GUID: 585b70cb75dd43efbfead809c30a1731 - Path: Packages/com.unity.ugui/Editor Resources/Textures/btn_AlignBottom_Light.psd - Importer: ScriptedImporter/UnityEditor.QuickSearchModule:UnityEditor.Search:ASIAI0B -> (ImportResultId: '59d3afe94badd2bab350cad2d42d8658') in 0.0180831 seconds
[Worker0] Imported GUID: 23a562f2cac6401f9f91251c68a1a794 - Path: Packages/com.unity.ugui/Editor/TMP/TMP_StyleAssetMenu.cs - Importer: ScriptedImporter/UnityEditor.QuickSearchModule:UnityEditor.Search:ASIAI0B -> (ImportResultId: 'bc043df2357924ad73174e8b2eb297b9') in 0.0080878 seconds
[Worker0] Imported GUID: dd2fe74169b54bf58fca17288513ef38 - Path: Packages/com.unity.ugui/Editor/TMP/TMP_SubMesh_Editor.cs - Importer: ScriptedImporter/UnityEditor.QuickSearchModule:UnityEditor.Search:ASIAI0B -> (ImportResultId: 'abcdc4dfea72d23056f5d8776529f947') in 0.0071716 seconds
[Worker0] Imported GUID: ee148e281f3c41c5b4ff5f8a5afe5a6c - Path: Packages/com.unity.ugui/Editor Resources/Gizmos/TMP - Font Asset Icon.psd - Importer: ScriptedImporter/UnityEditor.QuickSearchModule:UnityEditor.Search:ASIAI0B -> (ImportResultId: 'e03e5c212194815a92db6cfd45ef6ad3') in 0.0200265 seconds
[Worker0] Imported GUID: 81ed8c76d2bc4a4c95d092c98af4e58f - Path: Packages/com.unity.ugui/Editor Resources/Textures/btn_AlignCenter.psd - Importer: ScriptedImporter/UnityEditor.QuickSearchModule:UnityEditor.Search:ASIAI0B -> (ImportResultId: '57c57f7c90684c925fda30e739842b98') in 0.0218472 seconds
[Worker0] Imported GUID: abe6991365a27d341a10580f3b7c0f44 - Path: Packages/com.unity.ugui/Editor Resources/Shaders/TMP_SDF_SSD.cginc - Importer: ScriptedImporter/UnityEditor.QuickSearchModule:UnityEditor.Search:ASIAI0B -> (ImportResultId: '565dbc95259fa8d512903848904b35b5') in 0.0068197 seconds
[Worker0] Imported GUID: 342a0f8aca7f4f0691338912faec0494 - Path: Packages/com.unity.ugui/Editor Resources/Textures/btn_AlignRight.psd - Importer: ScriptedImporter/UnityEditor.QuickSearchModule:UnityEditor.Search:ASIAI0B -> (ImportResultId: '484361455078d024e28b1988899b68e0') in 0.0187705 seconds
[Worker0] Imported GUID: a7ec9e7ad8b847b7ae4510af83c5d868 - Path: Packages/com.unity.ugui/Editor Resources/Gizmos/TMP - Dropdown Icon.psd - Importer: ScriptedImporter/UnityEditor.QuickSearchModule:UnityEditor.Search:ASIAI0B -> (ImportResultId: '5ff2a08fe05b44c781e508b27e3d69c2') in 0.016118 seconds
[Worker0] Imported GUID: 1048a87135154606808bf2030da32d18 - Path: Packages/com.unity.ugui/Editor/TMP/TMP_SpriteAssetMenu.cs - Importer: ScriptedImporter/UnityEditor.QuickSearchModule:UnityEditor.Search:ASIAI0B -> (ImportResultId: 'efdff58bf185ed3a166362a5e252579b') in 0.0092455 seconds
[Worker0] Imported GUID: 18775b51e3bd42299fd30bd036ea982f - Path: Packages/com.unity.ugui/Editor Resources/Textures/btn_AlignBaseLine_Light.psd - Importer: ScriptedImporter/UnityEditor.QuickSearchModule:UnityEditor.Search:ASIAI0B -> (ImportResultId: 'd33749fe7d806085ab709b4b2d962644') in 0.0165384 seconds
[Worker0] Imported GUID: 77b2d47bca9376f4a8ae69084a485957 - Path: Packages/com.unity.ugui/Runtime/TMP/FontFeatureCommonGSUB.cs - Importer: ScriptedImporter/UnityEditor.QuickSearchModule:UnityEditor.Search:ASIAI0B -> (ImportResultId: '923bd663da2adb2e8e98d0f54e682776') in 0.0086568 seconds
[Worker0] Imported GUID: 871f8edd56e84b8fb295b10cc3c78f36 - Path: Packages/com.unity.ugui/Runtime/TMP/FastAction.cs - Importer: ScriptedImporter/UnityEditor.QuickSearchModule:UnityEditor.Search:ASIAI0B -> (ImportResultId: '317451f68e71eb375a3029d8b20cd311') in 0.012649 seconds
[Worker0] Imported GUID: 11a6a034ab84493cbed6af5ae7aae78b - Path: Packages/com.unity.ugui/Runtime/TMP/MaterialReferenceManager.cs - Importer: ScriptedImporter/UnityEditor.QuickSearchModule:UnityEditor.Search:ASIAI0B -> (ImportResultId: 'be888efa84d1e8e845423b5ea148ebf5') in 0.0072109 seconds
[Worker0] Imported GUID: a4bbbb1fed4e2b7448af9313d6d00536 - Path: Packages/com.unity.ugui/Runtime/TMP/FontFeatureCommonGPOS.cs - Importer: ScriptedImporter/UnityEditor.QuickSearchModule:UnityEditor.Search:ASIAI0B -> (ImportResultId: 'dbd9bc3e32dc1c462cd241c1d050f47c') in 0.0086084 seconds
[Worker0] Imported GUID: 30a939dce2fd4073955f2f20e659d506 - Path: Packages/com.unity.ugui/Editor/TMP/TMP_UIStyleManager.cs - Importer: ScriptedImporter/UnityEditor.QuickSearchModule:UnityEditor.Search:ASIAI0B -> (ImportResultId: '73f7a597140460eb192f261327d5fa2d') in 0.0103987 seconds
[Worker0] Imported GUID: f1ea944dcf8849ebab391e461b99ccb7 - Path: Packages/com.unity.ugui/Editor/TMP/TMP_SpriteAssetImporter.cs - Importer: ScriptedImporter/UnityEditor.QuickSearchModule:UnityEditor.Search:ASIAI0B -> (ImportResultId: 'ef447607b72e622e00d53b3abdc958eb') in 0.0082693 seconds
[Worker0] Imported GUID: f4688fdb7df04437aeb418b961361dc5 - Path: Packages/com.unity.ugui/Runtime/TMP/TextMeshProUGUI.cs - Importer: ScriptedImporter/UnityEditor.QuickSearchModule:UnityEditor.Search:ASIAI0B -> (ImportResultId: 'e6604aa2be06a187554484cf6646966a') in 0.0101317 seconds
[Worker0] Imported GUID: 8bc445bb79654bf496c92d0407840a92 - Path: Packages/com.unity.ugui/Editor Resources/Textures/btn_AlignBaseLine.psd - Importer: ScriptedImporter/UnityEditor.QuickSearchModule:UnityEditor.Search:ASIAI0B -> (ImportResultId: '304a8b7fa34fc892fc9df3abfb6c2830') in 0.0396098 seconds
[Worker0] Imported GUID: 12736c98af174f91827a26b66d2b01b9 - Path: Packages/com.unity.ugui/Editor Resources/Textures/btn_AlignLeft_Light.psd - Importer: ScriptedImporter/UnityEditor.QuickSearchModule:UnityEditor.Search:ASIAI0B -> (ImportResultId: '55da3f97dd48fbd7936da0c6251b78f6') in 0.0224219 seconds
[Worker0] Imported GUID: 066619c9c9c84f89acb1b48c11a7efe2 - Path: Packages/com.unity.ugui/Editor Resources/Textures/btn_AlignMiddle_Light.psd - Importer: ScriptedImporter/UnityEditor.QuickSearchModule:UnityEditor.Search:ASIAI0B -> (ImportResultId: '058bf8bf686ca8306acc1eccc6ba5865') in 0.0234341 seconds
[Worker0] Imported GUID: 691475c57a824010be0c6f474caeb7e1 - Path: Packages/com.unity.ugui/Editor Resources/Textures/btn_AlignFlush.psd - Importer: ScriptedImporter/UnityEditor.QuickSearchModule:UnityEditor.Search:ASIAI0B -> (ImportResultId: 'c5cd6e191038578f720fac1d95b7faf2') in 0.0253717 seconds
[Worker0] Imported GUID: ec7c645d93308c04d8840982af12101e - Path: Packages/com.unity.ugui/Editor Resources/Gizmos/TMP - Sprite Asset Icon.psd - Importer: ScriptedImporter/UnityEditor.QuickSearchModule:UnityEditor.Search:ASIAI0B -> (ImportResultId: '4c89e1809a1ce921e7ca599276dc4af7') in 0.0233138 seconds
[Worker0] Imported GUID: 6b01141ed8f74d198965c86f25eb7040 - Path: Packages/com.unity.ugui/Editor/TMP/TMP_SubMeshUI_Editor.cs - Importer: ScriptedImporter/UnityEditor.QuickSearchModule:UnityEditor.Search:ASIAI0B -> (ImportResultId: '9e8b813de163624782f941aa227b70ad') in 0.0056432 seconds
[Worker0] Imported GUID: fa6bd40a216346b783a4cce741d277a5 - Path: Packages/com.unity.ugui/Editor Resources/Textures/btn_AlignJustified_Light.psd - Importer: ScriptedImporter/UnityEditor.QuickSearchModule:UnityEditor.Search:ASIAI0B -> (ImportResultId: 'cc1d069d3f2b85da8d950c7847ab3448') in 0.0166168 seconds
[Worker0] Imported GUID: f5bdc05a613799d43845f94fb8735763 - Path: Packages/com.unity.ugui/Runtime/InternalBridge/AssemblyInfo.cs - Importer: ScriptedImporter/UnityEditor.QuickSearchModule:UnityEditor.Search:ASIAI0B -> (ImportResultId: 'a3aa003ca82e024840813742d618433d') in 0.0089541 seconds
[Worker0] Imported GUID: 343deaaf83e0cee4ca978e7df0b80d21 - Path: Packages/com.unity.ugui/Editor/UGUI/UnityEditor.UI.asmdef - Importer: ScriptedImporter/UnityEditor.QuickSearchModule:UnityEditor.Search:ASIAI0B -> (ImportResultId: '44989e037a7677556fad8d828b084eb6') in 0.0144648 seconds
[Worker0] Imported GUID: 658c1fb149e7498aa072b0c0f3bf13f0 - Path: Packages/com.unity.ugui/Runtime/TMP/TMP_CoroutineTween.cs - Importer: ScriptedImporter/UnityEditor.QuickSearchModule:UnityEditor.Search:ASIAI0B -> (ImportResultId: '5ff64a4a72ac0eaed6c15bb3b94b4f83') in 0.0061329 seconds
[Worker0] Imported GUID: 8bc2b083b068f3546a9509c805e0541c - Path: Packages/com.unity.ugui/Editor/TMP/PropertyDrawers/GlyphRectPropertyDrawer.cs - Importer: ScriptedImporter/UnityEditor.QuickSearchModule:UnityEditor.Search:ASIAI0B -> (ImportResultId: '952dcd51b7613455d530eb5abda6751c') in 0.0070603 seconds
[Worker0] Imported GUID: aaf9006568d76504f982305b517fb490 - Path: Packages/com.unity.ugui/Runtime/TMP/TMP_DynamicFontAssetUtilities.cs - Importer: ScriptedImporter/UnityEditor.QuickSearchModule:UnityEditor.Search:ASIAI0B -> (ImportResultId: '7a382eff4e3aa6be0acb1616ef3ecc4a') in 0.0064204 seconds
[Worker0] Imported GUID: fea49a0730244a98bf1087f7ca9410a8 - Path: Packages/com.unity.ugui/Runtime/TMP/TMP_ShaderUtilities.cs - Importer: ScriptedImporter/UnityEditor.QuickSearchModule:UnityEditor.Search:ASIAI0B -> (ImportResultId: '0edf02024682bf6a4dc041b24e7e5594') in 0.0140008 seconds
[Worker0] Imported GUID: 27df3b12f30d0b74a9b10a3968c402ff - Path: Packages/com.unity.ugui/Runtime/TMP/TMP_FontFeaturesCommon.cs - Importer: ScriptedImporter/UnityEditor.QuickSearchModule:UnityEditor.Search:ASIAI0B -> (ImportResultId: 'd2652ba1a0ccb772f70e0c55e8d67f42') in 0.0073842 seconds
[Worker0] Imported GUID: 2705215ac5b84b70bacc50632be6e391 - Path: Packages/com.unity.ugui/Runtime/TMP/TMP_Settings.cs - Importer: ScriptedImporter/UnityEditor.QuickSearchModule:UnityEditor.Search:ASIAI0B -> (ImportResultId: '8da1bdccc54c4ae7391eb29d547af301') in 0.0088547 seconds
[Worker0] Imported GUID: d256fa541faf5d4409992c631adb98a1 - Path: Packages/com.unity.ugui/Editor/TMP/PropertyDrawers/GlyphPairAdjustmentRecordPropertyDrawer.cs - Importer: ScriptedImporter/UnityEditor.QuickSearchModule:UnityEditor.Search:ASIAI0B -> (ImportResultId: 'fa3b2285c24df60650bdad9857b9d007') in 0.0100414 seconds
[Worker0] Imported GUID: 2bafac87e7f4b9b418d9448d219b01ab - Path: Packages/com.unity.ugui/Runtime/UGUI/UnityEngine.UI.asmdef - Importer: ScriptedImporter/UnityEditor.QuickSearchModule:UnityEditor.Search:ASIAI0B -> (ImportResultId: 'bd35ff7059e04679aaa4e4970bf65bdc') in 0.010211 seconds
[Worker0] Imported GUID: 6366ee97f6b541449155028b9487355a - Path: Packages/com.unity.ugui/Runtime/TMP/TMP_SpriteAnimator.cs - Importer: ScriptedImporter/UnityEditor.QuickSearchModule:UnityEditor.Search:ASIAI0B -> (ImportResultId: '0c5d4fed940d6cc3302e24ee4bf74832') in 0.0105506 seconds
[Worker0] Imported GUID: 9545c9eb3bf94265810463794fec8334 - Path: Packages/com.unity.ugui/Editor/TMP/PropertyDrawers/DropdownOptionListDrawer.cs - Importer: ScriptedImporter/UnityEditor.QuickSearchModule:UnityEditor.Search:ASIAI0B -> (ImportResultId: 'f942919c1dfe72791347aeddba0bdd67') in 0.020702 seconds
[Worker0] Imported GUID: e3795795b029fde4395e6953ce72b5a6 - Path: Packages/com.unity.ugui/Editor/TMP/HDRP/TMP_BaseHDRPLitShaderGUI.cs - Importer: ScriptedImporter/UnityEditor.QuickSearchModule:UnityEditor.Search:ASIAI0B -> (ImportResultId: 'c35637902683d94b551f2f1f14a55f85') in 0.0068911 seconds
[Worker0] Imported GUID: 84a92b25f83d49b9bc132d206b370281 - Path: Packages/com.unity.ugui/Runtime/TMP/TMP_SpriteAsset.cs - Importer: ScriptedImporter/UnityEditor.QuickSearchModule:UnityEditor.Search:ASIAI0B -> (ImportResultId: 'f2ba17b3ccbf40829213ca1203f59c4b') in 0.0091812 seconds
[Worker0] Imported GUID: ca819640f53b48919bf7774744f7f15e - Path: Packages/com.unity.ugui/Runtime/TMP/TMP_SelectionCaret.cs - Importer: ScriptedImporter/UnityEditor.QuickSearchModule:UnityEditor.Search:ASIAI0B -> (ImportResultId: '88c5954942642fecf582822acee06300') in 0.0076212 seconds
[Worker0] Imported GUID: 322392995be44d23a3c86cfd972f838f - Path: Packages/com.unity.ugui/Runtime/TMP/TMP_DefaultControls.cs - Importer: ScriptedImporter/UnityEditor.QuickSearchModule:UnityEditor.Search:ASIAI0B -> (ImportResultId: 'b7662c2b5b7542498aa69753a719e49c') in 0.0087094 seconds
[Worker0] Imported GUID: 6d9df2bc198c417db00037803568139c - Path: Packages/com.unity.ugui/Runtime/TMP/TMP_MaterialManager.cs - Importer: ScriptedImporter/UnityEditor.QuickSearchModule:UnityEditor.Search:ASIAI0B -> (ImportResultId: '1807e56f8b2e107122f44b57d8eb7f04') in 0.0073376 seconds
[Worker0] Imported GUID: 691db8cb70c4426a8ae718465c21345f - Path: Packages/com.unity.ugui/Runtime/TMP/TMP_UpdateManager.cs - Importer: ScriptedImporter/UnityEditor.QuickSearchModule:UnityEditor.Search:ASIAI0B -> (ImportResultId: '67a95f99d5256e7a96a8ef00b3fee5bf') in 0.0080824 seconds
[Worker0] Imported GUID: e4e0b1de1aee400d81ed4273141e7823 - Path: Packages/com.unity.ugui/Runtime/TMP/TMP_SpriteAssetImportFormats.cs - Importer: ScriptedImporter/UnityEditor.QuickSearchModule:UnityEditor.Search:ASIAI0B -> (ImportResultId: '1cc24f339d1b7a840f67a61a1c7d09f8') in 0.0106174 seconds
[Worker0] Imported GUID: b6e75d7f429a4e7e9e1ffb4f85cff49f - Path: Packages/com.unity.ugui/Runtime/TMP/TMP_LineInfo.cs - Importer: ScriptedImporter/UnityEditor.QuickSearchModule:UnityEditor.Search:ASIAI0B -> (ImportResultId: 'de48ba1fc0d19c2adc9d4b8b7680efe4') in 0.0122163 seconds
[Worker0] Imported GUID: e21bec35f48a44298911b25ead550ce3 - Path: Packages/com.unity.ugui/Runtime/TMP/TMP_MeshInfo.cs - Importer: ScriptedImporter/UnityEditor.QuickSearchModule:UnityEditor.Search:ASIAI0B -> (ImportResultId: '67388938d635d6e076bd7be206be769d') in 0.0172089 seconds
[Worker0] Imported GUID: 30bed781e402439ab8ce4e3357708115 - Path: Packages/com.unity.ugui/Runtime/TMP/TMP_Style.cs - Importer: ScriptedImporter/UnityEditor.QuickSearchModule:UnityEditor.Search:ASIAI0B -> (ImportResultId: 'ed2c365d4992006726ee109d8ae39dc1') in 0.0166906 seconds
[Worker0] Imported GUID: 968a09f153574430a6e15ae975145768 - Path: Packages/com.unity.ugui/Runtime/TMP/TMP_Sprite.cs - Importer: ScriptedImporter/UnityEditor.QuickSearchModule:UnityEditor.Search:ASIAI0B -> (ImportResultId: '1a25cc649408adda8fbe06e5f4cbb4d5') in 0.0085858 seconds
[Worker0] Imported GUID: 79ff392d1bde4ad78a3836a4a480392d - Path: Packages/com.unity.ugui/Runtime/TMP/TMP_InputValidator.cs - Importer: ScriptedImporter/UnityEditor.QuickSearchModule:UnityEditor.Search:ASIAI0B -> (ImportResultId: 'ba13974c2fd976e7131ac9cf64507d21') in 0.0116849 seconds
[Worker0] Imported GUID: 58c9792f08de21b4194eb2f9d862dc22 - Path: Packages/com.unity.ugui/Runtime/UGUI/AssemblyInfo.cs - Importer: ScriptedImporter/UnityEditor.QuickSearchModule:UnityEditor.Search:ASIAI0B -> (ImportResultId: '3266c656d35652d204d878e5a6413f23') in 0.0182938 seconds
[Worker0] Imported GUID: 28375447bcea455c9b51a6650b10c9d7 - Path: Packages/com.unity.ugui/Runtime/TMP/TMP_ListPool.cs - Importer: ScriptedImporter/UnityEditor.QuickSearchModule:UnityEditor.Search:ASIAI0B -> (ImportResultId: '1b5722fdf1aa92f46bb83fca8b9f42e3') in 0.0170588 seconds
[Worker0] Imported GUID: 37cff9f5a86ae494c8cb04423580480d - Path: Packages/com.unity.ugui/Editor/TMP/PropertyDrawers/TMP_SpriteCharacterPropertyDrawer.cs - Importer: ScriptedImporter/UnityEditor.QuickSearchModule:UnityEditor.Search:ASIAI0B -> (ImportResultId: '09691e09f85542bb0059c6b028871e3d') in 0.0113172 seconds
[Worker0] Imported GUID: 645409e9544820042937871953f20509 - Path: Packages/com.unity.ugui/Editor/TMP/HDRP/TMP_BaseHDRPUnlitShaderGUI.cs - Importer: ScriptedImporter/UnityEditor.QuickSearchModule:UnityEditor.Search:ASIAI0B -> (ImportResultId: '1a260fb72fc603c490f37a4ac7cde717') in 0.0135109 seconds
[Worker0] Imported GUID: 371a2245f9a9ff344997fec3609bf73e - Path: Packages/com.unity.ugui/Editor/TMP/PropertyDrawers/TMP_PropertyDrawerUtilities.cs - Importer: ScriptedImporter/UnityEditor.QuickSearchModule:UnityEditor.Search:ASIAI0B -> (ImportResultId: 'c6429004853e86da212c182aa5859a18') in 0.0122952 seconds
[Worker0] Imported GUID: 4f0ca6874aa74540bb3d4fe5a0f86bcc - Path: Packages/com.unity.ugui/Runtime/TMP/TMP_TextUtilities.cs - Importer: ScriptedImporter/UnityEditor.QuickSearchModule:UnityEditor.Search:ASIAI0B -> (ImportResultId: '95d758d7f213398d3562c5e0e2e13ee5') in 0.0160098 seconds
[Worker0] Imported GUID: cf1fe50a641faac4691bf49eb32ce333 - Path: Packages/com.unity.ugui/Runtime/TMP/TMP_PackageResourceImporter.cs - Importer: ScriptedImporter/UnityEditor.QuickSearchModule:UnityEditor.Search:ASIAI0B -> (ImportResultId: '23128013a877e98696c4220080220be3') in 0.0113743 seconds
[Worker0] Imported GUID: 6055be8ebefd69e48b49212b09b47b2f - Path: Packages/com.unity.ugui/Runtime/TMP/Unity.TextMeshPro.asmdef - Importer: ScriptedImporter/UnityEditor.QuickSearchModule:UnityEditor.Search:ASIAI0B -> (ImportResultId: '48ed67723203256dab33b8264b110b43') in 0.0098633 seconds
[Worker0] Imported GUID: 87ab1bebe13f41f89d5427e7d2c34d58 - Path: Packages/com.unity.ugui/Runtime/TMP/TMP_TextElement_Legacy.cs - Importer: ScriptedImporter/UnityEditor.QuickSearchModule:UnityEditor.Search:ASIAI0B -> (ImportResultId: '9b41fb9217c3ec33f5163c05335e11d6') in 0.0120257 seconds
[Worker0] Imported GUID: b458b2c7f196bdc4581b2f9fd6a5d931 - Path: Packages/com.unity.ugui/Runtime/TMP/TMP_RichTextTagsCommon.cs - Importer: ScriptedImporter/UnityEditor.QuickSearchModule:UnityEditor.Search:ASIAI0B -> (ImportResultId: '9cbea598e22647549c6f9340cbc3c981') in 0.0109822 seconds
[Worker0] Imported GUID: 71c1514a6bd24e1e882cebbe1904ce04 - Path: Packages/com.unity.ugui/Runtime/TMP/TMP_FontAsset.cs - Importer: ScriptedImporter/UnityEditor.QuickSearchModule:UnityEditor.Search:ASIAI0B -> (ImportResultId: '7af9d15d3522256dd3d233b0f3af75b5') in 0.0148159 seconds
[Worker0] Imported GUID: ab2114bdc8544297b417dfefe9f1e410 - Path: Packages/com.unity.ugui/Runtime/TMP/TMP_StyleSheet.cs - Importer: ScriptedImporter/UnityEditor.QuickSearchModule:UnityEditor.Search:ASIAI0B -> (ImportResultId: '8e7169cacf114da6ae7eaa8b88305d3b') in 0.0275646 seconds
[Worker0] Imported GUID: 4ae64f3f72004807a9f919f9c27af0db - Path: Packages/com.unity.ugui/Runtime/TMP/TMP_TextInfo.cs - Importer: ScriptedImporter/UnityEditor.QuickSearchModule:UnityEditor.Search:ASIAI0B -> (ImportResultId: 'b2143d53074438cf2caa36b7f284464f') in 0.0157974 seconds
[Worker0] Imported GUID: 20a9b557a46149dfbfa04a3a7080f5aa - Path: Packages/com.unity.ugui/Runtime/TMP/TMP_TextProcessingStack.cs - Importer: ScriptedImporter/UnityEditor.QuickSearchModule:UnityEditor.Search:ASIAI0B -> (ImportResultId: '2f0c078930c72cc17513dfe2ea00572b') in 0.0091709 seconds
[Worker0] Imported GUID: 5ea9f573d4b800a49b9d83a1f61c0a88 - Path: Packages/com.unity.ugui/Runtime/TMP/TMP_FontFeatureTable.cs - Importer: ScriptedImporter/UnityEditor.QuickSearchModule:UnityEditor.Search:ASIAI0B -> (ImportResultId: '399cff07bbc994cfff427a72b395a729') in 0.0068499 seconds
[Worker0] Imported GUID: 07994bfe8b0e4adb97d706de5dea48d5 - Path: Packages/com.unity.ugui/Runtime/TMP/TMP_SubMesh.cs - Importer: ScriptedImporter/UnityEditor.QuickSearchModule:UnityEditor.Search:ASIAI0B -> (ImportResultId: 'c431aa4d7150a7bb236e6d8df4690f94') in 0.0069017 seconds
[Worker0] Imported GUID: 2da0c512f12947e489f739169773d7ca - Path: Packages/com.unity.ugui/Runtime/TMP/TMP_InputField.cs - Importer: ScriptedImporter/UnityEditor.QuickSearchModule:UnityEditor.Search:ASIAI0B -> (ImportResultId: '5a13b6b795bf135d8c3920ea91e92cb2') in 0.0070042 seconds
[Worker0] Imported GUID: a55fb7b4961a425381d1282fc424f966 - Path: Packages/com.unity.ugui/Runtime/TMP/TMP_UpdateRegistery.cs - Importer: ScriptedImporter/UnityEditor.QuickSearchModule:UnityEditor.Search:ASIAI0B -> (ImportResultId: '69e9ed97ab6e4e3588b4d14c4ce2e5e0') in 0.0048232 seconds
[Worker0] Imported GUID: c4777500b5da6094e956c3d4f04de4db - Path: Packages/com.unity.ugui/Editor/TMP/PropertyDrawers/TMP_GlyphPropertyDrawer.cs - Importer: ScriptedImporter/UnityEditor.QuickSearchModule:UnityEditor.Search:ASIAI0B -> (ImportResultId: '59ad834962c74ccc8c076c5d87902d9b') in 0.005393 seconds
[Worker0] Imported GUID: 543674eec776b1442a192c932e6cd9b3 - Path: Packages/com.unity.ugui/Runtime/TMP/TMP_TextElement.cs - Importer: ScriptedImporter/UnityEditor.QuickSearchModule:UnityEditor.Search:ASIAI0B -> (ImportResultId: '99b38da708e9fa7179872b822109a2f1') in 0.0066395 seconds
[Worker0] Imported GUID: 065a7fcf0d7286d418f3114ec18d1a2d - Path: Packages/com.unity.ugui/Editor/TMP/PropertyDrawers/TMP_MarkToBaseAdjustmentRecordPropertyDrawer.cs - Importer: ScriptedImporter/UnityEditor.QuickSearchModule:UnityEditor.Search:ASIAI0B -> (ImportResultId: '29a962d9b1ecfbad6c3fae0404ac868e') in 0.0215007 seconds
[Worker0] Imported GUID: 5143f58107604835ab1a5efa2d8818fd - Path: Packages/com.unity.ugui/Runtime/TMP/TMP_Text.cs - Importer: ScriptedImporter/UnityEditor.QuickSearchModule:UnityEditor.Search:ASIAI0B -> (ImportResultId: '1f1c87c0fd353bf78757c522097f70d5') in 0.0080931 seconds
[Worker0] Imported GUID: 202d758d102b6854a9710c8b93db742c - Path: Packages/com.unity.ugui/Runtime/TMP/TMP_SpriteCharacter.cs - Importer: ScriptedImporter/UnityEditor.QuickSearchModule:UnityEditor.Search:ASIAI0B -> (ImportResultId: 'b686671ee385df89efedd43384e1acb4') in 0.012897 seconds
[Worker0] Imported GUID: 056819c66570ca54cadb72330a354050 - Path: Packages/com.unity.ugui/Editor/TMP/PropertyDrawers/TMP_SpriteGlyphPropertyDrawer.cs - Importer: ScriptedImporter/UnityEditor.QuickSearchModule:UnityEditor.Search:ASIAI0B -> (ImportResultId: 'fc585321dbca211ef1abe819e838f372') in 0.0127382 seconds
[Worker0] Imported GUID: 149e85704eb73624ba2d705408274f3e - Path: Packages/com.unity.ugui/Editor/TMP/PropertyDrawers/TMP_MarkToMarkAdjustmentRecordPropertyDrawer.cs - Importer: ScriptedImporter/UnityEditor.QuickSearchModule:UnityEditor.Search:ASIAI0B -> (ImportResultId: 'ea61f66fc563ef8d738c0cc41144c549') in 0.0164822 seconds
[Worker0] Imported GUID: e69259f6ff914146ad610be5491eb44a - Path: Packages/com.unity.ugui/Runtime/TMP/TMP_ObjectPool.cs - Importer: ScriptedImporter/UnityEditor.QuickSearchModule:UnityEditor.Search:ASIAI0B -> (ImportResultId: 'af6819700491a114002fac8942b8000d') in 0.0120285 seconds
[Worker0] Imported GUID: 24cda912b57cf784d9eebefb7c59111c - Path: Packages/com.unity.ugui/Editor/Analytics/IAnalytic/UGUIBuildEvent.cs - Importer: ScriptedImporter/UnityEditor.QuickSearchModule:UnityEditor.Search:ASIAI0B -> (ImportResultId: '8e7901f8fe81ceeb171b05826be15501') in 0.0331156 seconds
[Worker0] Imported GUID: 85016528879d5d644981050d1d0a4368 - Path: Packages/com.unity.ugui/Editor/TMP/HDRP/TMP_SDF_HDRPLitShaderGUI.cs - Importer: ScriptedImporter/UnityEditor.QuickSearchModule:UnityEditor.Search:ASIAI0B -> (ImportResultId: '95c43a372a72ad8fd30c4f0a9f09de72') in 0.0056752 seconds
[Worker0] Imported GUID: 7b743370ac3e4ec2a1668f5455a8ef8a - Path: Packages/com.unity.ugui/Runtime/TMP/TMP_Dropdown.cs - Importer: ScriptedImporter/UnityEditor.QuickSearchModule:UnityEditor.Search:ASIAI0B -> (ImportResultId: '9c42ccd54a5a059a276c4baf20323d2d') in 0.0146638 seconds
[Worker0] Imported GUID: 0a017569bfe174e4890797b4d64cbabc - Path: Packages/com.unity.ugui/Runtime/TMP/TMP_FontAssetUtilities.cs - Importer: ScriptedImporter/UnityEditor.QuickSearchModule:UnityEditor.Search:ASIAI0B -> (ImportResultId: 'ef8f86b94a2edb862ed2347f44084bbe') in 0.0129425 seconds
[Worker0] Imported GUID: 7b6c2e51603686247afd5ab620c490e6 - Path: Packages/com.unity.ugui/Editor/TMP/PropertyDrawers/LigatureSubstitutionRecordPropertyDrawer.cs - Importer: ScriptedImporter/UnityEditor.QuickSearchModule:UnityEditor.Search:ASIAI0B -> (ImportResultId: 'f9157188616f96c922b51f3fa15382e4') in 0.01438 seconds
[Worker0] Imported GUID: 4877f87131635e6408f8c44e5d86791e - Path: Packages/com.unity.ugui/Runtime/TMP/TMP_ResourcesManager.cs - Importer: ScriptedImporter/UnityEditor.QuickSearchModule:UnityEditor.Search:ASIAI0B -> (ImportResultId: '62f23c8db88259627a6844c69ac608ef') in 0.0164901 seconds
[Worker0] Imported GUID: e3882522a08b6f5459b4dea6f8791278 - Path: Packages/com.unity.ugui/Editor/TMP/PropertyDrawers/GlyphMetricsPropertyDrawer.cs - Importer: ScriptedImporter/UnityEditor.QuickSearchModule:UnityEditor.Search:ASIAI0B -> (ImportResultId: '814f990461f99477060b6e577fe97115') in 0.0089914 seconds
[Worker0] Imported GUID: 5b5c6a576605b3c4aab7d27193785f27 - Path: Packages/com.unity.ugui/Runtime/TMP/TMP_SpriteGlyph.cs - Importer: ScriptedImporter/UnityEditor.QuickSearchModule:UnityEditor.Search:ASIAI0B -> (ImportResultId: '98f5d2eb880c3005dd2519d43c65244f') in 0.0158386 seconds
[Worker0] Imported GUID: c8f647c4cc6a64e4ba36c171768ab9a7 - Path: Packages/com.unity.ugui/Runtime/TMP/TMP_TextProcessingCommon.cs - Importer: ScriptedImporter/UnityEditor.QuickSearchModule:UnityEditor.Search:ASIAI0B -> (ImportResultId: '0dd61a70d8d79999866a5b70ecbe883f') in 0.016404 seconds
[Worker0] Imported GUID: f695b5f9415c40b39ae877eaff41c96e - Path: Packages/com.unity.ugui/Runtime/TMP/TMP_FontAssetCommon.cs - Importer: ScriptedImporter/UnityEditor.QuickSearchModule:UnityEditor.Search:ASIAI0B -> (ImportResultId: 'f3f8fe97d83d42213932b630e040210d') in 0.0231798 seconds
[Worker0] Imported GUID: 6ad632cbcc87f634d9b86006cdffdaf5 - Path: Packages/com.unity.ugui/Runtime/TMP/TMP_TextParsingUtilities.cs - Importer: ScriptedImporter/UnityEditor.QuickSearchModule:UnityEditor.Search:ASIAI0B -> (ImportResultId: 'a2971d044b25268a631e2b733f4088ce') in 0.0122394 seconds
[Worker0] Imported GUID: bad96c2cfa78a124cb8ec890d2386dfe - Path: Packages/com.unity.ugui/Editor/TMP/HDRP/TMP_SDF_HDRPUnlitShaderGUI.cs - Importer: ScriptedImporter/UnityEditor.QuickSearchModule:UnityEditor.Search:ASIAI0B -> (ImportResultId: '2728049a7461bb7a61c2ec35c9c1f0f6') in 0.0099145 seconds
[Worker0] Imported GUID: 058cba836c1846c3aa1c5fd2e28aea77 - Path: Packages/com.unity.ugui/Runtime/TMP/TMP_SubMeshUI.cs - Importer: ScriptedImporter/UnityEditor.QuickSearchModule:UnityEditor.Search:ASIAI0B -> (ImportResultId: 'b087e8cf183a8b270f36ca64417e0bb8') in 0.0116379 seconds
[Worker0] Imported GUID: 21364f754cf9b9b47a60742332d4af56 - Path: Packages/com.unity.ugui/Runtime/TMP/TMP_Compatibility.cs - Importer: ScriptedImporter/UnityEditor.QuickSearchModule:UnityEditor.Search:ASIAI0B -> (ImportResultId: '71808ef06186fd7df14b7b80b40c6689') in 0.015281 seconds
[Worker0] Imported GUID: 34e150112c1c42ac83170b52d898e322 - Path: Packages/com.unity.ugui/Runtime/TMP/TMP_ScrollbarEventHandler.cs - Importer: ScriptedImporter/UnityEditor.QuickSearchModule:UnityEditor.Search:ASIAI0B -> (ImportResultId: 'cb00914708b315a8c0bddceaf63fbc18') in 0.0336183 seconds
[Worker0] Imported GUID: 01ada73c4792aba4c937ff5d92cce866 - Path: Packages/com.unity.ugui/Editor/TMP/PropertyDrawers/TMP_CharacterPropertyDrawer.cs - Importer: ScriptedImporter/UnityEditor.QuickSearchModule:UnityEditor.Search:ASIAI0B -> (ImportResultId: 'f1d3805eeac377f415761ef09e045f8a') in 0.0140935 seconds
[Worker0] Imported GUID: a62706dc421fc9b4fa368a8050a930f7 - Path: Packages/com.unity.ugui/Editor/UGUI/UI/PrefabLayoutRebuilder.cs - Importer: ScriptedImporter/UnityEditor.QuickSearchModule:UnityEditor.Search:ASIAI0B -> (ImportResultId: '3ef329c480a2cea6c494fc1bb4592dc5') in 0.0090767 seconds
[Worker0] Imported GUID: 76c392e42b5098c458856cdf6ecaaaa1 - Path: Packages/com.unity.ugui/Runtime/UGUI/EventSystem/EventSystem.cs - Importer: ScriptedImporter/UnityEditor.QuickSearchModule:UnityEditor.Search:ASIAI0B -> (ImportResultId: 'f71728d45cceda3ca6e6895b22bb74b8') in 0.011424 seconds
[Worker0] Imported GUID: d0b148fe25e99eb48b9724523833bab1 - Path: Packages/com.unity.ugui/Runtime/UGUI/EventSystem/EventTrigger.cs - Importer: ScriptedImporter/UnityEditor.QuickSearchModule:UnityEditor.Search:ASIAI0B -> (ImportResultId: '4ccacd1d2d48a1a488b7f9cca8e9ec35') in 0.0087653 seconds
[Worker0] Imported GUID: b759d61544e231c41bc88530b1d94ee8 - Path: Packages/com.unity.ugui/Editor/UGUI/UI/ImageEditor.cs - Importer: ScriptedImporter/UnityEditor.QuickSearchModule:UnityEditor.Search:ASIAI0B -> (ImportResultId: '74c86ca2d5dd7544fb791637f5f890e1') in 0.0136204 seconds
[Worker0] Imported GUID: b825fd5f27403b84f97726dd9c5a5e6f - Path: Packages/com.unity.ugui/Editor/UGUI/UI/PropertyDrawers/ColorBlockDrawer.cs - Importer: ScriptedImporter/UnityEditor.QuickSearchModule:UnityEditor.Search:ASIAI0B -> (ImportResultId: '15532294b617f6d4775c0bfe2b19e93e') in 0.0106803 seconds
[Worker0] Imported GUID: 05242c3d99f24a74f99cc20369fcb344 - Path: Packages/com.unity.ugui/Tests/Editor/Common/UnityEditor.UI.Common.Tests.asmdef - Importer: ScriptedImporter/UnityEditor.QuickSearchModule:UnityEditor.Search:ASIAI0B -> (ImportResultId: '2889d6d6c19a205585c396766b72f4bf') in 0.0242239 seconds
[Worker0] Imported GUID: 35d143b352678294ab0f5feb97b67f88 - Path: Packages/com.unity.ugui/Editor/UGUI/UI/ContentSizeFitterEditor.cs - Importer: ScriptedImporter/UnityEditor.QuickSearchModule:UnityEditor.Search:ASIAI0B -> (ImportResultId: 'c6ce1128c03db04329b490acc4cce1bf') in 0.0132278 seconds
[Worker0] Imported GUID: f867743975592a743a3581ff042bcc25 - Path: Packages/com.unity.ugui/Editor/UGUI/UI/MenuOptions.cs - Importer: ScriptedImporter/UnityEditor.QuickSearchModule:UnityEditor.Search:ASIAI0B -> (ImportResultId: '43d56b2472c9b4a75e2a239583472aeb') in 0.0185753 seconds
[Worker0] Imported GUID: 56ba6cb160ebfc042b48224bd1a35614 - Path: Packages/com.unity.ugui/Editor/UGUI/UI/ScrollRectEditor.cs - Importer: ScriptedImporter/UnityEditor.QuickSearchModule:UnityEditor.Search:ASIAI0B -> (ImportResultId: '06ed38cbf494bb24a90b1440f7007a17') in 0.0088592 seconds
[Worker0] Imported GUID: 3fa274f26b1574c40b949e114327022e - Path: Packages/com.unity.ugui/Runtime/UGUI/EventSystem/EventTriggerType.cs - Importer: ScriptedImporter/UnityEditor.QuickSearchModule:UnityEditor.Search:ASIAI0B -> (ImportResultId: '435f3a22ae6eba2be6927d9a16c26878') in 0.0128054 seconds
[Worker0] Imported GUID: 3550d8ec6f29ab34d895ae9a43d560c2 - Path: Packages/com.unity.ugui/Runtime/UGUI/EventSystem/RaycastResult.cs - Importer: ScriptedImporter/UnityEditor.QuickSearchModule:UnityEditor.Search:ASIAI0B -> (ImportResultId: 'efff6490a59290d0a5369cb5192a02cb') in 0.0115186 seconds
[Worker0] Imported GUID: 6a981cd1456bec84b86e1c66773f57f5 - Path: Packages/com.unity.ugui/Editor/UGUI/UI/GridLayoutGroupEditor.cs - Importer: ScriptedImporter/UnityEditor.QuickSearchModule:UnityEditor.Search:ASIAI0B -> (ImportResultId: '92fccad43797d29dc9da8a94ba243440') in 0.0078252 seconds
[Worker0] Imported GUID: b10cb8fee5b39014d8a417bf413f5e5c - Path: Packages/com.unity.ugui/Editor/UGUI/UI/MaskEditor.cs - Importer: ScriptedImporter/UnityEditor.QuickSearchModule:UnityEditor.Search:ASIAI0B -> (ImportResultId: '183292770b340090fac6e44b45d2636c') in 0.0110904 seconds
[Worker0] Imported GUID: e9745f6a32442194c8dc5a43e9ab86f9 - Path: Packages/com.unity.ugui/Tests/Runtime/UGUI/UnityEngine.UI.Tests.asmdef - Importer: ScriptedImporter/UnityEditor.QuickSearchModule:UnityEditor.Search:ASIAI0B -> (ImportResultId: '6d67181ab270cfa2dd260f8a915c1b84') in 0.0134405 seconds
[Worker0] Imported GUID: d36a7c7a1ed377c4b8008e53032d7dcf - Path: Packages/com.unity.ugui/Editor/UGUI/UI/ToggleEditor.cs - Importer: ScriptedImporter/UnityEditor.QuickSearchModule:UnityEditor.Search:ASIAI0B -> (ImportResultId: '93f6fa536856d34704ed716d68eff673') in 0.0169226 seconds
[Worker0] Imported GUID: 37b164a494cd92a498526852ecceedef - Path: Packages/com.unity.ugui/Editor/UGUI/EventSystem/EventTriggerEditor.cs - Importer: ScriptedImporter/UnityEditor.QuickSearchModule:UnityEditor.Search:ASIAI0B -> (ImportResultId: 'e1876f14b143667bf3afff0baec0a17a') in 0.015459 seconds
[Worker0] Imported GUID: 0aaa057ce5566e940b18a0ccd0344693 - Path: Packages/com.unity.ugui/Runtime/UGUI/EventSystem/UIBehaviour.cs - Importer: ScriptedImporter/UnityEditor.QuickSearchModule:UnityEditor.Search:ASIAI0B -> (ImportResultId: 'a1141d060f95732d36a628d1076c7542') in 0.0164547 seconds
[Worker0] Imported GUID: 260b531edc40677429c0198d6961e448 - Path: Packages/com.unity.ugui/Editor/UGUI/UI/SpriteDrawUtility.cs - Importer: ScriptedImporter/UnityEditor.QuickSearchModule:UnityEditor.Search:ASIAI0B -> (ImportResultId: '577a8a1be30077c5daaaad6733273d76') in 0.0123222 seconds
[Worker0] Imported GUID: 6370fe1d392924d45b0cfd255bf60d2a - Path: Packages/com.unity.ugui/Tests/Editor/Common/VersionTests.cs - Importer: ScriptedImporter/UnityEditor.QuickSearchModule:UnityEditor.Search:ASIAI0B -> (ImportResultId: 'a0b4ac83d0963bb217927dfab7e25372') in 0.0117432 seconds
[Worker0] Imported GUID: cb319974ad8ebd44aa1e1fbb02640b5b - Path: Packages/com.unity.ugui/Editor/UGUI/UI/HorizontalOrVerticalLayoutGroupEditor.cs - Importer: ScriptedImporter/UnityEditor.QuickSearchModule:UnityEditor.Search:ASIAI0B -> (ImportResultId: 'dbc12de1b307330a6d7987fa2bd4f0c8') in 0.0131596 seconds
[Worker0] Imported GUID: 1336690ece4db2740b4ba38873e00dfb - Path: Packages/com.unity.ugui/Editor/UGUI/UI/TextEditor.cs - Importer: ScriptedImporter/UnityEditor.QuickSearchModule:UnityEditor.Search:ASIAI0B -> (ImportResultId: 'a4bd1f00ecfa2a93a11074f7d94e658c') in 0.0116562 seconds
[Worker0] Imported GUID: 794f3951c48395848920fdb593a2ae38 - Path: Packages/com.unity.ugui/Editor/UGUI/UI/LayoutPropertiesPreview.cs - Importer: ScriptedImporter/UnityEditor.QuickSearchModule:UnityEditor.Search:ASIAI0B -> (ImportResultId: 'b19e1a1c2b4deab77e10b71fd776f1d1') in 0.0104853 seconds
[Worker0] Imported GUID: fc31799bd6dc1f74a8adfee1acd05a9b - Path: Packages/com.unity.ugui/Tests/Editor/UGUI/WrapperWindowFixture.cs - Importer: ScriptedImporter/UnityEditor.QuickSearchModule:UnityEditor.Search:ASIAI0B -> (ImportResultId: '02aae792c646b92448cfd4e9ddae632f') in 0.0119082 seconds
[Worker0] Imported GUID: 26570be2af04195458e6f1ac1f5c48e0 - Path: Packages/com.unity.ugui/Runtime/UGUI/EventSystem/RaycasterManager.cs - Importer: ScriptedImporter/UnityEditor.QuickSearchModule:UnityEditor.Search:ASIAI0B -> (ImportResultId: '2cb44434d03e636eb1aba18ca101f2a5') in 0.0077397 seconds
[Worker0] Imported GUID: 6f72aa6eab9392548b9e9d92eb6b2ef8 - Path: Packages/com.unity.ugui/Editor/UGUI/EventSystem/EventSystemEditor.cs - Importer: ScriptedImporter/UnityEditor.QuickSearchModule:UnityEditor.Search:ASIAI0B -> (ImportResultId: 'a6e2122cd6a97177b16efb928d586874') in 0.0093543 seconds
[Worker0] Imported GUID: 127023922adddf744b59fa7b0b0c3030 - Path: Packages/com.unity.ugui/Editor/UGUI/UI/InterceptedEventsPreview.cs - Importer: ScriptedImporter/UnityEditor.QuickSearchModule:UnityEditor.Search:ASIAI0B -> (ImportResultId: '549e24c2751952b213040675306ccdc5') in 0.0075217 seconds
[Worker0] Imported GUID: d51458b261e0ecc4a98904e53924dc1c - Path: Packages/com.unity.ugui/Editor/UGUI/Properties/AssemblyInfo.cs - Importer: ScriptedImporter/UnityEditor.QuickSearchModule:UnityEditor.Search:ASIAI0B -> (ImportResultId: '379edccb8d1dacb44759da06983ba6c2') in 0.010033 seconds
[Worker0] Imported GUID: 21d2d5d6901f2ca43a8015c60ada4e2c - Path: Packages/com.unity.ugui/Editor/UGUI/UI/InputFieldEditor.cs - Importer: ScriptedImporter/UnityEditor.QuickSearchModule:UnityEditor.Search:ASIAI0B -> (ImportResultId: 'abf01e349ae1973c3793b636385be410') in 0.0072609 seconds
[Worker0] Imported GUID: db7dd43fe1278a9459cd6036f096b91d - Path: Packages/com.unity.ugui/Runtime/UGUI/EventSystem/EventHandle.cs - Importer: ScriptedImporter/UnityEditor.QuickSearchModule:UnityEditor.Search:ASIAI0B -> (ImportResultId: 'd82959cad0bd661fee68955b8742275d') in 0.0125516 seconds
[Worker0] Imported GUID: e9253e696cd45794d9aec6d4de366b6e - Path: Packages/com.unity.ugui/Editor/UGUI/UI/SelectableEditor.cs - Importer: ScriptedImporter/UnityEditor.QuickSearchModule:UnityEditor.Search:ASIAI0B -> (ImportResultId: 'f106598def8cfa297299b1eb1f7d4e84') in 0.011493 seconds
[Worker0] Imported GUID: fb27f3049fe06c246803a4a4c5b7fda3 - Path: Packages/com.unity.ugui/Editor/UGUI/UI/PropertyDrawers/NavigationDrawer.cs - Importer: ScriptedImporter/UnityEditor.QuickSearchModule:UnityEditor.Search:ASIAI0B -> (ImportResultId: '713392893673eacb330abbb65e2ab3e2') in 0.0078816 seconds
[Worker0] Imported GUID: c18288a8d31fc9043a807ee8a9f1ae64 - Path: Packages/com.unity.ugui/Editor/UGUI/UI/PropertyDrawers/AnimationTriggersDrawer.cs - Importer: ScriptedImporter/UnityEditor.QuickSearchModule:UnityEditor.Search:ASIAI0B -> (ImportResultId: '1ceb6a88be59497e6ec0199ca6602655') in 0.0210084 seconds
[Worker0] Imported GUID: d25515b7ecc4c4ad0ad42bb0a34b5bd5 - Path: Packages/com.unity.ugui/Editor/UGUI/UI/RaycastReceiverEditor.cs - Importer: ScriptedImporter/UnityEditor.QuickSearchModule:UnityEditor.Search:ASIAI0B -> (ImportResultId: '5c2d5f3b448f3903cd98dd5bf1274d74') in 0.013802 seconds
[Worker0] Imported GUID: 765f7aac6597fc444a90dac4294e929d - Path: Packages/com.unity.ugui/Editor/UGUI/EventSystem/InputModuleComponentFactory.cs - Importer: ScriptedImporter/UnityEditor.QuickSearchModule:UnityEditor.Search:ASIAI0B -> (ImportResultId: '4a43fd23766f09ac5d3ff8f4de0e9b3b') in 0.0194774 seconds
[Worker0] Imported GUID: e976a5e755c7016418f66e15223c1b90 - Path: Packages/com.unity.ugui/Editor/UGUI/EventSystem/PhysicsRaycasterEditor.cs - Importer: ScriptedImporter/UnityEditor.QuickSearchModule:UnityEditor.Search:ASIAI0B -> (ImportResultId: 'e0de8e6c02cf6e257f46b888a9bbeba3') in 0.0135792 seconds
[Worker0] Imported GUID: c55a64c7570474f47a94abe39ebfef04 - Path: Packages/com.unity.ugui/Editor/TMP/PropertyDrawers/TMP_TextAlignmentDrawer.cs - Importer: ScriptedImporter/UnityEditor.QuickSearchModule:UnityEditor.Search:ASIAI0B -> (ImportResultId: '03189d3fe4090805644115e4597d3dc2') in 0.0134674 seconds
[Worker0] Imported GUID: fea12beeeb5a7a448b5e60f50e40975d - Path: Packages/com.unity.ugui/Editor/UGUI/UI/PropertyDrawers/FontDataDrawer.cs - Importer: ScriptedImporter/UnityEditor.QuickSearchModule:UnityEditor.Search:ASIAI0B -> (ImportResultId: '0b1e49e91bdf67573e8251706a450343') in 0.0069026 seconds
[Worker0] Imported GUID: ec4b2559effa72e42a09339d71efef3d - Path: Packages/com.unity.ugui/Tests/Editor/TMP/FontEngineTests.cs - Importer: ScriptedImporter/UnityEditor.QuickSearchModule:UnityEditor.Search:ASIAI0B -> (ImportResultId: '48149fc1d5e46427deffad10e8b871b9') in 0.0147553 seconds
[Worker0] Imported GUID: 2359c66dee10c454c97f6aea84e3fe22 - Path: Packages/com.unity.ugui/Runtime/UGUI/EventSystem/EventInterfaces.cs - Importer: ScriptedImporter/UnityEditor.QuickSearchModule:UnityEditor.Search:ASIAI0B -> (ImportResultId: '5722af3cc14a6b04f0a4edeebda616fc') in 0.0113354 seconds
[Worker0] Imported GUID: 1143ae6bb91836f4a8f8ebfaabb9396d - Path: Packages/com.unity.ugui/Editor/UGUI/EventSystem/Physics2DRaycasterEditor.cs - Importer: ScriptedImporter/UnityEditor.QuickSearchModule:UnityEditor.Search:ASIAI0B -> (ImportResultId: 'bc7c57dda53e9045e71c57dc654fca1d') in 0.010675 seconds
[Worker0] Imported GUID: 3bce033ee26244e419b3bb3bba95a37d - Path: Packages/com.unity.ugui/Editor/UGUI/UI/CanvasScalerEditor.cs - Importer: ScriptedImporter/UnityEditor.QuickSearchModule:UnityEditor.Search:ASIAI0B -> (ImportResultId: '8577b6e20aee2938f235963cdeffe810') in 0.0141117 seconds
[Worker0] Imported GUID: 592f7288ed0df2c4b884e2cd9baac023 - Path: Packages/com.unity.ugui/Tests/Editor/TMP/TMP_EditorTests.cs - Importer: ScriptedImporter/UnityEditor.QuickSearchModule:UnityEditor.Search:ASIAI0B -> (ImportResultId: '71168a311a8a5a2e0191944346e406c3') in 0.0174389 seconds
[Worker0] Imported GUID: 5348cbfcd4f74699b33fe6b43747a016 - Path: Packages/com.unity.ugui/Tests/Runtime/TMP/TMP_CanvasTests.cs - Importer: ScriptedImporter/UnityEditor.QuickSearchModule:UnityEditor.Search:ASIAI0B -> (ImportResultId: '4f6ef0e2e162f053435bb4536d04eb6d') in 0.011076 seconds
[Worker0] Imported GUID: 05f582d4fbc8e0c40afccb76bbbe0935 - Path: Packages/com.unity.ugui/Editor/UGUI/UI/DropdownEditor.cs - Importer: ScriptedImporter/UnityEditor.QuickSearchModule:UnityEditor.Search:ASIAI0B -> (ImportResultId: 'df7eabf71527f08475b9f0a581c70b51') in 0.0134652 seconds
[Worker0] Imported GUID: c890977a36bfdc849872b9337ab89098 - Path: Packages/com.unity.ugui/Editor/UGUI/UI/GraphicEditor.cs - Importer: ScriptedImporter/UnityEditor.QuickSearchModule:UnityEditor.Search:ASIAI0B -> (ImportResultId: 'dc21cb8bbd18d882a756f051cf9f7f0b') in 0.0091692 seconds
[Worker0] Imported GUID: b5f70efd2f7b286498ca6c00adbb4a13 - Path: Packages/com.unity.ugui/Editor/UGUI/UI/AspectRatioFitterEditor.cs - Importer: ScriptedImporter/UnityEditor.QuickSearchModule:UnityEditor.Search:ASIAI0B -> (ImportResultId: 'b499528ee659b2128eeb8f902dfb588e') in 0.0093372 seconds
[Worker0] Imported GUID: 656e461844099ae43a609ff6109b0877 - Path: Packages/com.unity.ugui/Tests/Editor/TMP/Unity.TextMeshPro.Editor.Tests.asmdef - Importer: ScriptedImporter/UnityEditor.QuickSearchModule:UnityEditor.Search:ASIAI0B -> (ImportResultId: '8767c0e475f0f0f689f9e0a3dbefc18e') in 0.0079556 seconds
[Worker0] Imported GUID: 7c04f0dfa9243c04681a55d90d3ff3fc - Path: Packages/com.unity.ugui/Tests/Editor/UGUI/UnityEditor.UI.EditorTests.asmdef - Importer: ScriptedImporter/UnityEditor.QuickSearchModule:UnityEditor.Search:ASIAI0B -> (ImportResultId: '37d3d8dfcc8529910984a6c763cece50') in 0.0102005 seconds
[Worker0] Imported GUID: 4d2250412b81fe34abf39f246e274479 - Path: Packages/com.unity.ugui/Runtime/UGUI/EventSystem/MoveDirection.cs - Importer: ScriptedImporter/UnityEditor.QuickSearchModule:UnityEditor.Search:ASIAI0B -> (ImportResultId: '5442d2705ef6e88b1ec3d17630aabc4b') in 0.0226534 seconds
[Worker0] Imported GUID: bc98484caab3b6d4facbcff38be93380 - Path: Packages/com.unity.ugui/Editor/UGUI/UI/SliderEditor.cs - Importer: ScriptedImporter/UnityEditor.QuickSearchModule:UnityEditor.Search:ASIAI0B -> (ImportResultId: '412991a622d22b5563273b7d3f34bbeb') in 0.0084881 seconds
[Worker0] Imported GUID: 9de24983a2c6cbe4f925c3e98a79b804 - Path: Packages/com.unity.ugui/Tests/Runtime/TMP/TMP_RuntimeTests.cs - Importer: ScriptedImporter/UnityEditor.QuickSearchModule:UnityEditor.Search:ASIAI0B -> (ImportResultId: 'c729922c14eaca6d74c2c969d11a616f') in 0.0044648 seconds
[Worker0] Imported GUID: 58e7d991249847640b1534192721c5ea - Path: Packages/com.unity.ugui/Editor/UGUI/UI/RectMask2DEditor.cs - Importer: ScriptedImporter/UnityEditor.QuickSearchModule:UnityEditor.Search:ASIAI0B -> (ImportResultId: '03b7297aaffe904202d58c54d9881b20') in 0.0141856 seconds
[Worker0] Imported GUID: 7d7bd4bcc815cfb44b9990c29dabdb9f - Path: Packages/com.unity.ugui/Runtime/UGUI/Properties/AssemblyInfo.cs - Importer: ScriptedImporter/UnityEditor.QuickSearchModule:UnityEditor.Search:ASIAI0B -> (ImportResultId: '65c8cf6d79b803808dd1e69ea25b9f7c') in 0.0186227 seconds
[Worker0] Imported GUID: 1385bc74f3945c943be16ecbb1381063 - Path: Packages/com.unity.ugui/Editor/UGUI/UI/PropertyDrawers/DropdownOptionListDrawer.cs - Importer: ScriptedImporter/UnityEditor.QuickSearchModule:UnityEditor.Search:ASIAI0B -> (ImportResultId: 'eee95dc314e3c6238b4da89bbeee4572') in 0.0111587 seconds
[Worker0] Imported GUID: 623c79a1e113b4941afdbfc88d19e8fd - Path: Packages/com.unity.ugui/Runtime/UGUI/EventSystem/ExecuteEvents.cs - Importer: ScriptedImporter/UnityEditor.QuickSearchModule:UnityEditor.Search:ASIAI0B -> (ImportResultId: '04c1dfdbab1d258069fd7c8c81021d55') in 0.005785 seconds
[Worker0] Imported GUID: 7693972390a4ed841a986c0c452c1058 - Path: Packages/com.unity.ugui/Editor/UGUI/UI/LayoutElementEditor.cs - Importer: ScriptedImporter/UnityEditor.QuickSearchModule:UnityEditor.Search:ASIAI0B -> (ImportResultId: '833499f2f9549bfb6942ac51c6f64744') in 0.0075069 seconds
[Worker0] Imported GUID: bb05cab7d802aa5468f8f2f86840d984 - Path: Packages/com.unity.ugui/Tests/Runtime/TMP/Unity.TextMeshPro.Tests.asmdef - Importer: ScriptedImporter/UnityEditor.QuickSearchModule:UnityEditor.Search:ASIAI0B -> (ImportResultId: 'cbe1168350a4d22f985d8d4bf8e14028') in 0.0114006 seconds
[Worker0] Imported GUID: f700f31b2e40d7f4bb69753fdbbbc2b5 - Path: Packages/com.unity.ugui/Editor/UGUI/UI/ScrollbarEditor.cs - Importer: ScriptedImporter/UnityEditor.QuickSearchModule:UnityEditor.Search:ASIAI0B -> (ImportResultId: '83a82140e4aec6ea9a4f69180b18afec') in 0.0085491 seconds
[Worker0] Imported GUID: 472a6f18dd2f97c41af72271d22db869 - Path: Packages/com.unity.ugui/Editor/UGUI/UI/ButtonEditor.cs - Importer: ScriptedImporter/UnityEditor.QuickSearchModule:UnityEditor.Search:ASIAI0B -> (ImportResultId: 'd4e7f1b957809489fe6e3a49a5d22a10') in 0.0094291 seconds
[Worker0] Imported GUID: dcf00682bef4d264d84a5c92c8f5a40f - Path: Packages/com.unity.ugui/Editor/UGUI/UI/SelfControllerEditor.cs - Importer: ScriptedImporter/UnityEditor.QuickSearchModule:UnityEditor.Search:ASIAI0B -> (ImportResultId: '3ce39fb1d762c162a4ba23f72f1ba8e5') in 0.0117396 seconds
[Worker0] Imported GUID: e6413f4090046814d802ddbff9890878 - Path: Packages/com.unity.ugui/Editor/UGUI/UI/RawImageEditor.cs - Importer: ScriptedImporter/UnityEditor.QuickSearchModule:UnityEditor.Search:ASIAI0B -> (ImportResultId: '81ac74dc9ad8863758ab878eb1494f74') in 0.0082385 seconds
[Worker0] Imported GUID: 5c221dffa89042038c946376c731c918 - Path: Packages/com.unity.ugui/Tests/Editor/TMP/TMP_ControlTests.cs - Importer: ScriptedImporter/UnityEditor.QuickSearchModule:UnityEditor.Search:ASIAI0B -> (ImportResultId: '51a6422f6a30f119482456028be01bf9') in 0.0119541 seconds
[Worker0] Imported GUID: 899b803b32ce548918778bacc0a950f0 - Path: Packages/com.unity.ugui/Editor/UGUI/UI/CanvasGroupEditor.cs - Importer: ScriptedImporter/UnityEditor.QuickSearchModule:UnityEditor.Search:ASIAI0B -> (ImportResultId: 'ab4e7013e0417f6550c17964aba19dd9') in 0.0120004 seconds
[Worker0] Imported GUID: 393b15da08c88194dbbcacd6ee15a89c - Path: Packages/com.unity.ugui/Tests/Editor/UGUI/TestBehaviourBase.cs - Importer: ScriptedImporter/UnityEditor.QuickSearchModule:UnityEditor.Search:ASIAI0B -> (ImportResultId: '2d5e7d2dd6128a2ae6255856e4c24ce4') in 0.0171135 seconds
[Worker0] Imported GUID: 1344c3c82d62a2a41a3576d8abb8e3ea - Path: Packages/com.unity.ugui/Runtime/UGUI/UI/Core/RawImage.cs - Importer: ScriptedImporter/UnityEditor.QuickSearchModule:UnityEditor.Search:ASIAI0B -> (ImportResultId: '78e46ad8225b43b853fc0ebd3f1c8ab0') in 0.0068152 seconds
[Worker0] Imported GUID: 69ae55f76840b2849ba56cfb53a17df0 - Path: Packages/com.unity.ugui/Runtime/UGUI/UI/Core/StencilMaterial.cs - Importer: ScriptedImporter/UnityEditor.QuickSearchModule:UnityEditor.Search:ASIAI0B -> (ImportResultId: '973bef88a7071d9b36e1a9202bfdb620') in 0.0075119 seconds
[Worker0] Imported GUID: 4e29b1a8efbd4b44bb3f3716e73f07ff - Path: Packages/com.unity.ugui/Runtime/UGUI/UI/Core/Button.cs - Importer: ScriptedImporter/UnityEditor.QuickSearchModule:UnityEditor.Search:ASIAI0B -> (ImportResultId: '8ff6f3d9659d782590ae752993710a45') in 0.0053765 seconds
[Worker0] Imported GUID: bf87e20fb5440ec498f441167b5291f8 - Path: Packages/com.unity.ugui/Runtime/UGUI/UI/Core/DefaultControls.cs - Importer: ScriptedImporter/UnityEditor.QuickSearchModule:UnityEditor.Search:ASIAI0B -> (ImportResultId: '9f7670604988dafb1a9f7cfebfc29cbc') in 0.0090391 seconds
[Worker0] Imported GUID: 25b01819c6e1649428db2a9b274cf364 - Path: Packages/com.unity.ugui/Runtime/UGUI/UI/Core/SpriteState.cs - Importer: ScriptedImporter/UnityEditor.QuickSearchModule:UnityEditor.Search:ASIAI0B -> (ImportResultId: 'ae902935d8cce1baa397dd216b2a0532') in 0.0108206 seconds
[Worker0] Imported GUID: 8a410b213209442fb15a69799f0240a5 - Path: Packages/com.unity.ugui/Runtime/UGUI/EventSystem/UIElements/PanelEventHandler.cs - Importer: ScriptedImporter/UnityEditor.QuickSearchModule:UnityEditor.Search:ASIAI0B -> (ImportResultId: 'e2836acf9039d32ae3bb92991da4ace0') in 0.0107338 seconds
[Worker0] Imported GUID: 1aa08ab6e0800fa44ae55d278d1423e3 - Path: Packages/com.unity.ugui/Runtime/UGUI/UI/Core/ScrollRect.cs - Importer: ScriptedImporter/UnityEditor.QuickSearchModule:UnityEditor.Search:ASIAI0B -> (ImportResultId: '33c79b25c531f48087c0dfe1221dee84') in 0.0060754 seconds
[Worker0] Imported GUID: bfb788a43e03363419155b8af77da971 - Path: Packages/com.unity.ugui/Runtime/UGUI/UI/Core/CanvasUpdateRegistry.cs - Importer: ScriptedImporter/UnityEditor.QuickSearchModule:UnityEditor.Search:ASIAI0B -> (ImportResultId: '8fd335609043ecd651fca262a0e2e496') in 0.0073541 seconds
[Worker0] Imported GUID: 35a0d10199de49f4db0128003bfd3bda - Path: Packages/com.unity.ugui/Tests/Editor/UGUI/Canvas/CanvasElementsMaintainValidPositionsWhenCameraOrthoSizeIsZero.cs - Importer: ScriptedImporter/UnityEditor.QuickSearchModule:UnityEditor.Search:ASIAI0B -> (ImportResultId: '1899509d78a5db591510bd9de0908a0e') in 0.0126934 seconds
[Worker0] Imported GUID: 61d491d99e9292c4a81d7d01a74781ea - Path: Packages/com.unity.ugui/Runtime/UGUI/UI/Core/Navigation.cs - Importer: ScriptedImporter/UnityEditor.QuickSearchModule:UnityEditor.Search:ASIAI0B -> (ImportResultId: '394074145e47d854ac60ca8af09598cd') in 0.0106462 seconds
[Worker0] Imported GUID: 31a19414c41e5ae4aae2af33fee712f6 - Path: Packages/com.unity.ugui/Runtime/UGUI/UI/Core/Mask.cs - Importer: ScriptedImporter/UnityEditor.QuickSearchModule:UnityEditor.Search:ASIAI0B -> (ImportResultId: '19242f25a9da811992cacc7ea4ac17a0') in 0.0096741 seconds
[Worker0] Imported GUID: 69e3979b7029e8a4da2d96b714ba5c3a - Path: Packages/com.unity.ugui/Runtime/UGUI/UI/Core/GraphicRegistry.cs - Importer: ScriptedImporter/UnityEditor.QuickSearchModule:UnityEditor.Search:ASIAI0B -> (ImportResultId: 'a6954b46e37e609fa4e5991555779d0e') in 0.0083567 seconds
[Worker0] Imported GUID: 2c727e4c005e5114fb3348a38c4cebbf - Path: Packages/com.unity.ugui/Runtime/UGUI/EventSystem/UIElements/WorldDocumentRaycaster.cs - Importer: ScriptedImporter/UnityEditor.QuickSearchModule:UnityEditor.Search:ASIAI0B -> (ImportResultId: '4670894ae073d158ee4dc29277a083d2') in 0.0108678 seconds
[Worker0] Imported GUID: ba923e2b58fea044bb1f8839376a1118 - Path: Packages/com.unity.ugui/Runtime/UGUI/EventSystem/UIElements/UIToolkitInteroperabilityBridge.cs - Importer: ScriptedImporter/UnityEditor.QuickSearchModule:UnityEditor.Search:ASIAI0B -> (ImportResultId: 'd1cc68cd1d195ce5e8ce0f971674b271') in 0.0099254 seconds
[Worker0] Imported GUID: cbab8835092323a4389f2dc7d8f6c781 - Path: Packages/com.unity.ugui/Runtime/UGUI/EventSystem/InputModules/PointerInputModule.cs - Importer: ScriptedImporter/UnityEditor.QuickSearchModule:UnityEditor.Search:ASIAI0B -> (ImportResultId: 'a202d97191fa46656b60c9fabea93472') in 0.0102265 seconds
[Worker0] Imported GUID: 7bd96d76711152648a736c4d28d865f2 - Path: Packages/com.unity.ugui/Runtime/UGUI/UI/Core/MaskUtilities.cs - Importer: ScriptedImporter/UnityEditor.QuickSearchModule:UnityEditor.Search:ASIAI0B -> (ImportResultId: '7751f84ba65ee5476893c962a4dd57ed') in 0.0117517 seconds
[Worker0] Imported GUID: 0d0b652f32a2cc243917e4028fa0f046 - Path: Packages/com.unity.ugui/Runtime/UGUI/UI/Core/Dropdown.cs - Importer: ScriptedImporter/UnityEditor.QuickSearchModule:UnityEditor.Search:ASIAI0B -> (ImportResultId: '43376dc118ffbbf65fb12f5609b9ea81') in 0.0117536 seconds
[Worker0] Imported GUID: 426106349a0ff964fa4e7178c1d3a4f5 - Path: Packages/com.unity.ugui/Runtime/UGUI/EventSystem/Raycasters/BaseRaycaster.cs - Importer: ScriptedImporter/UnityEditor.QuickSearchModule:UnityEditor.Search:ASIAI0B -> (ImportResultId: 'a756787675ca3c95f3b0e6207c0e7b50') in 0.008693 seconds
[Worker0] Imported GUID: 75df57ccb1e44c64085399277405e1ca - Path: Packages/com.unity.ugui/Runtime/UGUI/EventSystem/EventData/PointerEventData.cs - Importer: ScriptedImporter/UnityEditor.QuickSearchModule:UnityEditor.Search:ASIAI0B -> (ImportResultId: '90fd86b11afd172ab949149c020e22fa') in 0.0079945 seconds
[Worker0] Imported GUID: 3cbc4280d63720c448a3c6fee4b1ec88 - Path: Packages/com.unity.ugui/Tests/Editor/UGUI/Canvas/CanvasUseReflectionProbes.cs - Importer: ScriptedImporter/UnityEditor.QuickSearchModule:UnityEditor.Search:ASIAI0B -> (ImportResultId: '964ee4c1946c90da782412df9748edc5') in 0.0061692 seconds
[Worker0] Imported GUID: 61a20120cddc53849bbc10fc805ffe3e - Path: Packages/com.unity.ugui/Runtime/UGUI/UI/Core/IMaskable.cs - Importer: ScriptedImporter/UnityEditor.QuickSearchModule:UnityEditor.Search:ASIAI0B -> (ImportResultId: '9a533f1707ef0a702b717f3afc2c6d91') in 0.0079369 seconds
[Worker0] Imported GUID: bede4033d9f359b41878c4cda6a910b3 - Path: Packages/com.unity.ugui/Tests/Editor/UGUI/Canvas/AssertionFailureOnOutputVertexCount.cs - Importer: ScriptedImporter/UnityEditor.QuickSearchModule:UnityEditor.Search:ASIAI0B -> (ImportResultId: 'ba63ab513a7dc26add4c9a9264ecacf3') in 0.0076926 seconds
[Worker0] Imported GUID: 928dc55e2c8c3ee4dad33b6d561cb6ea - Path: Packages/com.unity.ugui/Runtime/UGUI/UI/Core/IGraphicEnabledDisabled.cs - Importer: ScriptedImporter/UnityEditor.QuickSearchModule:UnityEditor.Search:ASIAI0B -> (ImportResultId: 'f56126159f7f875fd7c5fb509e0e74b6') in 0.0063766 seconds
[Worker0] Imported GUID: b180fd8310805e44dbbef545d0231418 - Path: Packages/com.unity.ugui/Runtime/UGUI/EventSystem/EventData/AxisEventData.cs - Importer: ScriptedImporter/UnityEditor.QuickSearchModule:UnityEditor.Search:ASIAI0B -> (ImportResultId: 'a4066ff909f55af8127e6b41e476e738') in 0.0059314 seconds
[Worker0] Imported GUID: 5f7201a12d95ffc409449d95f23cf332 - Path: Packages/com.unity.ugui/Runtime/UGUI/UI/Core/Text.cs - Importer: ScriptedImporter/UnityEditor.QuickSearchModule:UnityEditor.Search:ASIAI0B -> (ImportResultId: 'a66e37e27f9d22fbf64e97a4029a21d6') in 0.0115123 seconds
[Worker0] Imported GUID: ceb629fc661813d40986b4abbefe72c6 - Path: Packages/com.unity.ugui/Runtime/UGUI/UI/Core/IMask.cs - Importer: ScriptedImporter/UnityEditor.QuickSearchModule:UnityEditor.Search:ASIAI0B -> (ImportResultId: '5c1ced027f2cb50227bef4d6cb6f978e') in 0.0144846 seconds
[Worker0] Imported GUID: 1511ccae7919cfc46b603b9b337fdc94 - Path: Packages/com.unity.ugui/Runtime/UGUI/EventSystem/InputModules/BaseInput.cs - Importer: ScriptedImporter/UnityEditor.QuickSearchModule:UnityEditor.Search:ASIAI0B -> (ImportResultId: '4022af9f4409344b8c6643bda804967c') in 0.0083899 seconds
[Worker0] Imported GUID: 3312d7739989d2b4e91e6319e9a96d76 - Path: Packages/com.unity.ugui/Runtime/UGUI/UI/Core/RectMask2D.cs - Importer: ScriptedImporter/UnityEditor.QuickSearchModule:UnityEditor.Search:ASIAI0B -> (ImportResultId: '7b6420ccb7fd434679d3b969cd2df794') in 0.0116659 seconds
[Worker0] Imported GUID: b9ba34e0b1884454fbc4257260e22b64 - Path: Packages/com.unity.ugui/Runtime/UGUI/UI/Core/SetPropertyUtility.cs - Importer: ScriptedImporter/UnityEditor.QuickSearchModule:UnityEditor.Search:ASIAI0B -> (ImportResultId: '166d51324a5f3a4d353cdb7907504de3') in 0.0092952 seconds
[Worker0] Imported GUID: 9085046f02f69544eb97fd06b6048fe2 - Path: Packages/com.unity.ugui/Runtime/UGUI/UI/Core/Toggle.cs - Importer: ScriptedImporter/UnityEditor.QuickSearchModule:UnityEditor.Search:ASIAI0B -> (ImportResultId: '8b2a8405af507bbc6e8d7dda766d75fa') in 0.0077163 seconds
[Worker0] Imported GUID: 67db9e8f0e2ae9c40bc1e2b64352a6b4 - Path: Packages/com.unity.ugui/Runtime/UGUI/UI/Core/Slider.cs - Importer: ScriptedImporter/UnityEditor.QuickSearchModule:UnityEditor.Search:ASIAI0B -> (ImportResultId: 'e8cdfbaac0409b6349c4481fa88bb992') in 0.0094218 seconds
[Worker0] Imported GUID: fe87c0e1cc204ed48ad3b37840f39efc - Path: Packages/com.unity.ugui/Runtime/UGUI/UI/Core/Image.cs - Importer: ScriptedImporter/UnityEditor.QuickSearchModule:UnityEditor.Search:ASIAI0B -> (ImportResultId: '2ea6e15912e1637c42665637b38a6492') in 0.0075214 seconds
[Worker0] Imported GUID: 828075bc53f2de84982a943870529b7b - Path: Packages/com.unity.ugui/Runtime/UGUI/UI/Core/Misc.cs - Importer: ScriptedImporter/UnityEditor.QuickSearchModule:UnityEditor.Search:ASIAI0B -> (ImportResultId: 'cd53df47b8ba039b2beb98ca95125684') in 0.0066274 seconds
[Worker0] Imported GUID: 5ebeb75bd91642048bb3f6c1939fde66 - Path: Packages/com.unity.ugui/Runtime/UGUI/UI/Core/MultipleDisplayUtilities.cs - Importer: ScriptedImporter/UnityEditor.QuickSearchModule:UnityEditor.Search:ASIAI0B -> (ImportResultId: '027c684eb51bbb2caf626e3a091df933') in 0.0090607 seconds
[Worker0] Imported GUID: c825bad77a42dd341a8f0a5ef9cd5f4c - Path: Packages/com.unity.ugui/Tests/Editor/UGUI/CanvasRenderer/ChangingHierarchyOfCanvasRenderer.cs - Importer: ScriptedImporter/UnityEditor.QuickSearchModule:UnityEditor.Search:ASIAI0B -> (ImportResultId: '273e13720f478a8086ebda3b7e956c35') in 0.0058896 seconds
[Worker0] Imported GUID: 798968d841703b54bb9d08b1da6bc52f - Path: Packages/com.unity.ugui/Tests/Editor/UGUI/Canvas/RootCanvasTests.cs - Importer: ScriptedImporter/UnityEditor.QuickSearchModule:UnityEditor.Search:ASIAI0B -> (ImportResultId: '8cd467542e29a02522c13096eaf45602') in 0.0119721 seconds
[Worker0] Imported GUID: dc42784cf147c0c48a680349fa168899 - Path: Packages/com.unity.ugui/Runtime/UGUI/UI/Core/GraphicRaycaster.cs - Importer: ScriptedImporter/UnityEditor.QuickSearchModule:UnityEditor.Search:ASIAI0B -> (ImportResultId: '71ba01fe48abd0c6db23186f0f9a48f0') in 0.008606 seconds
[Worker0] Imported GUID: 56666c5a40171f54783dd416a44f42bf - Path: Packages/com.unity.ugui/Runtime/UGUI/EventSystem/Raycasters/Physics2DRaycaster.cs - Importer: ScriptedImporter/UnityEditor.QuickSearchModule:UnityEditor.Search:ASIAI0B -> (ImportResultId: 'b1d88ad4b5d0596c53e142c8d6362284') in 0.0074444 seconds
[Worker0] Imported GUID: 4585b5feb801bdb44b0e5eafdd95a3be - Path: Packages/com.unity.ugui/Tests/Editor/UGUI/Canvas/CanvasWidthAssertionErrorWithRectTransform.cs - Importer: ScriptedImporter/UnityEditor.QuickSearchModule:UnityEditor.Search:ASIAI0B -> (ImportResultId: '262ed3c247d5626c29378dc0481fd425') in 0.0061265 seconds
[Worker0] Imported GUID: 4f231c4fb786f3946a6b90b886c48677 - Path: Packages/com.unity.ugui/Runtime/UGUI/EventSystem/InputModules/StandaloneInputModule.cs - Importer: ScriptedImporter/UnityEditor.QuickSearchModule:UnityEditor.Search:ASIAI0B -> (ImportResultId: '971dd0ddc6265482512dfa38b6c3b078') in 0.007541 seconds
[Worker0] Imported GUID: 03fb1af6e1585964a8d5c2437a191324 - Path: Packages/com.unity.ugui/Tests/Editor/UGUI/EventSystem/InputModuleTests.cs - Importer: ScriptedImporter/UnityEditor.QuickSearchModule:UnityEditor.Search:ASIAI0B -> (ImportResultId: '3859a716eae6f484b9dbc1af515473f7') in 0.007245 seconds
[Worker0] Imported GUID: d199490a83bb2b844b9695cbf13b01ef - Path: Packages/com.unity.ugui/Runtime/UGUI/UI/Core/InputField.cs - Importer: ScriptedImporter/UnityEditor.QuickSearchModule:UnityEditor.Search:ASIAI0B -> (ImportResultId: '9970f39bb52ddff27ebe062f2d03f75d') in 0.0094219 seconds
[Worker0] Imported GUID: 0ca81982e37e893498abf804c12a22c7 - Path: Packages/com.unity.ugui/Tests/Editor/UGUI/Canvas/UISystemProfilerAddMarkerWithNullObjectDoesNotCrash.cs - Importer: ScriptedImporter/UnityEditor.QuickSearchModule:UnityEditor.Search:ASIAI0B -> (ImportResultId: '67b0d03da5d919b14b74ad587ab20d55') in 0.0070632 seconds
[Worker0] Imported GUID: 91f495459b6e34f419ac123740d798b1 - Path: Packages/com.unity.ugui/Runtime/UGUI/EventSystem/EventData/BaseEventData.cs - Importer: ScriptedImporter/UnityEditor.QuickSearchModule:UnityEditor.Search:ASIAI0B -> (ImportResultId: '8ca4a9c2cc0e94240e06362e4261e859') in 0.0086905 seconds
[Worker0] Imported GUID: 445cdcfc747eba94288b97f5869aa2fb - Path: Packages/com.unity.ugui/Runtime/UGUI/UI/Core/GraphicRebuildTracker.cs - Importer: ScriptedImporter/UnityEditor.QuickSearchModule:UnityEditor.Search:ASIAI0B -> (ImportResultId: 'f82ca54a2dc71244662b030878a1a2c9') in 0.0112 seconds
[Worker0] Imported GUID: a6238e9452bfc704f82ff36791fe1a45 - Path: Packages/com.unity.ugui/Runtime/UGUI/UI/Core/Graphic.cs - Importer: ScriptedImporter/UnityEditor.QuickSearchModule:UnityEditor.Search:ASIAI0B -> (ImportResultId: '298106c7b2e9c2b6a91d68939846a1f8') in 0.0203897 seconds
[Worker0] Imported GUID: 728d2c19676ea3743aaa087aa28c4a16 - Path: Packages/com.unity.ugui/Editor/UGUI/UI/PropertyDrawers/SpriteStateDrawer.cs - Importer: ScriptedImporter/UnityEditor.QuickSearchModule:UnityEditor.Search:ASIAI0B -> (ImportResultId: '4ee657ed457764cc50b6645ea57ac9a6') in 0.0051282 seconds
[Worker0] Imported GUID: 39ab466162988eb4f83443f911bbf5c8 - Path: Packages/com.unity.ugui/Runtime/UGUI/UI/Core/FontUpdateTracker.cs - Importer: ScriptedImporter/UnityEditor.QuickSearchModule:UnityEditor.Search:ASIAI0B -> (ImportResultId: '3d341bc7134081a79c10933568888a73') in 0.0044523 seconds
[Worker0] Imported GUID: 7be84a49bb2cd7e4a9ed097ba22794d0 - Path: Packages/com.unity.ugui/Runtime/UGUI/UI/Animation/CoroutineTween.cs - Importer: ScriptedImporter/UnityEditor.QuickSearchModule:UnityEditor.Search:ASIAI0B -> (ImportResultId: '7f679076ef2a7d97e47d1e5d666e1043') in 0.00579 seconds
[Worker0] Imported GUID: 1ea10891dd782154ca0fb67bce9e6f72 - Path: Packages/com.unity.ugui/Runtime/UGUI/EventSystem/InputModules/BaseInputModule.cs - Importer: ScriptedImporter/UnityEditor.QuickSearchModule:UnityEditor.Search:ASIAI0B -> (ImportResultId: '6bdcca40f8faa3a5a1d2c2a550e8f6e9') in 0.0078974 seconds
[Worker0] Imported GUID: 976acc75bfafe594cb01142ba21947be - Path: Packages/com.unity.ugui/Runtime/UGUI/UI/Core/MaskableGraphic.cs - Importer: ScriptedImporter/UnityEditor.QuickSearchModule:UnityEditor.Search:ASIAI0B -> (ImportResultId: '767faf6c0cc5b58ed31a33d289ef381e') in 0.0043714 seconds
[Worker0] Imported GUID: 4adb1f65bbae8004a88d8f5bc3523298 - Path: Packages/com.unity.ugui/Tests/Editor/UGUI/EventSystem/EventTriggerRemoveDuringExecution.cs - Importer: ScriptedImporter/UnityEditor.QuickSearchModule:UnityEditor.Search:ASIAI0B -> (ImportResultId: '2ed778cff0a24ca073c1973209846e38') in 0.0047294 seconds
[Worker0] Imported GUID: 7a98125502f715b4b83cfb77b434e436 - Path: Packages/com.unity.ugui/Runtime/UGUI/UI/Core/Selectable.cs - Importer: ScriptedImporter/UnityEditor.QuickSearchModule:UnityEditor.Search:ASIAI0B -> (ImportResultId: 'f4a95db810a306ed7eab832ccee06840') in 0.0051556 seconds
[Worker0] Imported GUID: 83088ba2132cbc940b7ca0c679a02b0d - Path: Packages/com.unity.ugui/Runtime/UGUI/UI/Core/ColorBlock.cs - Importer: ScriptedImporter/UnityEditor.QuickSearchModule:UnityEditor.Search:ASIAI0B -> (ImportResultId: 'c9a5c922924d39e27aff5cd82112d65a') in 0.0047236 seconds
[Worker0] Imported GUID: c49b4cc203aa6414fae5c798d1d0e7d6 - Path: Packages/com.unity.ugui/Runtime/UGUI/EventSystem/Raycasters/PhysicsRaycaster.cs - Importer: ScriptedImporter/UnityEditor.QuickSearchModule:UnityEditor.Search:ASIAI0B -> (ImportResultId: '06185fefff4ac792ef26d328aee2fc06') in 0.0043775 seconds
[Worker0] Imported GUID: 9353b7d498b954a06ae1228982925d0b - Path: Packages/com.unity.ugui/Runtime/UGUI/UI/Core/RaycastReceiver.cs - Importer: ScriptedImporter/UnityEditor.QuickSearchModule:UnityEditor.Search:ASIAI0B -> (ImportResultId: '5bbe901050b9f592e422dcce782fae12') in 0.0051137 seconds
[Worker0] Imported GUID: 7a79c4e23d4d4b64bfa5fa9e6671a460 - Path: Packages/com.unity.ugui/Runtime/UGUI/EventSystem/UIElements/PanelRaycaster.cs - Importer: ScriptedImporter/UnityEditor.QuickSearchModule:UnityEditor.Search:ASIAI0B -> (ImportResultId: 'd998a34fa05ecdf2dd1da7a63cea997f') in 0.005943 seconds
[Worker0] Imported GUID: b180d0cec21671c45a32a9ce99bff2f5 - Path: Packages/com.unity.ugui/Tests/Editor/UGUI/Dropdown/DropdownOptionsListDrawer.cs - Importer: ScriptedImporter/UnityEditor.QuickSearchModule:UnityEditor.Search:ASIAI0B -> (ImportResultId: '57638a15a237178639a88dc684447015') in 0.0053913 seconds
[Worker0] Imported GUID: 2a4db7a114972834c8e4117be1d82ba3 - Path: Packages/com.unity.ugui/Runtime/UGUI/UI/Core/Scrollbar.cs - Importer: ScriptedImporter/UnityEditor.QuickSearchModule:UnityEditor.Search:ASIAI0B -> (ImportResultId: 'e887c8cbe3426dab151e833c56339690') in 0.0057685 seconds
[Worker0] Imported GUID: 13cd966480ec3354bb318ee1aeccff6f - Path: Packages/com.unity.ugui/Runtime/UGUI/UI/Core/FontData.cs - Importer: ScriptedImporter/UnityEditor.QuickSearchModule:UnityEditor.Search:ASIAI0B -> (ImportResultId: 'e111b153d55d7f179a7594d1bf849e6b') in 0.0062777 seconds
[Worker0] Imported GUID: c67ac6e40bbb6fe47a095b949b609ce0 - Path: Packages/com.unity.ugui/Runtime/UGUI/UI/Core/AnimationTriggers.cs - Importer: ScriptedImporter/UnityEditor.QuickSearchModule:UnityEditor.Search:ASIAI0B -> (ImportResultId: '2d968e0b0de9cea57c475abe47eed919') in 0.0060368 seconds
[Worker0] Imported GUID: 2d49b7c1bcd2e07499844da127be038d - Path: Packages/com.unity.ugui/Runtime/UGUI/EventSystem/InputModules/TouchInputModule.cs - Importer: ScriptedImporter/UnityEditor.QuickSearchModule:UnityEditor.Search:ASIAI0B -> (ImportResultId: '2fb1660d7b1c5554dbeb13e48a3ddeed') in 0.0070652 seconds
[Worker0] Imported GUID: dcb49b07db5e5f64e876b498105314f1 - Path: Packages/com.unity.ugui/Tests/Editor/UGUI/CanvasRenderer/ParentCanvasIsSane.cs - Importer: ScriptedImporter/UnityEditor.QuickSearchModule:UnityEditor.Search:ASIAI0B -> (ImportResultId: 'e2bf515d50ef5780a4d2c33c8ad96aee') in 0.0070717 seconds
[Worker0] Imported GUID: 2fafe2cfe61f6974895a912c3755e8f1 - Path: Packages/com.unity.ugui/Runtime/UGUI/UI/Core/ToggleGroup.cs - Importer: ScriptedImporter/UnityEditor.QuickSearchModule:UnityEditor.Search:ASIAI0B -> (ImportResultId: '058f0d3e41327a3c9470f5f1973daf84') in 0.0058605 seconds
[Worker0] Imported GUID: 4402dcee6e9969549bf5b33f11533208 - Path: Packages/com.unity.ugui/Tests/Editor/UGUI/RectMask2D/RectMask2DCulling.cs - Importer: ScriptedImporter/UnityEditor.QuickSearchModule:UnityEditor.Search:ASIAI0B -> (ImportResultId: '6199001db1a4239eeeffa7e947614230') in 0.0117932 seconds
[Worker0] Imported GUID: 9713795381722eb43b623dffba25d115 - Path: Packages/com.unity.ugui/Tests/Runtime/UGUI/Image/TestableImage.cs - Importer: ScriptedImporter/UnityEditor.QuickSearchModule:UnityEditor.Search:ASIAI0B -> (ImportResultId: '4f44a4e21a56dec715c65daf1df15ff3') in 0.00608 seconds
[Worker0] Imported GUID: 735d54f21944f834f931716514c87a84 - Path: Packages/com.unity.ugui/Tests/Runtime/UGUI/Canvas/RectMask2DWithNestedCanvasCullsUsingCorrectCanvasRect.cs - Importer: ScriptedImporter/UnityEditor.QuickSearchModule:UnityEditor.Search:ASIAI0B -> (ImportResultId: 'c214d26681fcdfcca26db3e7c2c67ceb') in 0.0185394 seconds
[Worker0] Imported GUID: 9c21cfda3336137438c3001d40564be0 - Path: Packages/com.unity.ugui/Tests/Runtime/UGUI/Canvas/NoActiveCameraInSceneDoesNotCrashEditor.cs - Importer: ScriptedImporter/UnityEditor.QuickSearchModule:UnityEditor.Search:ASIAI0B -> (ImportResultId: '3ad02aaf4f388ea439f59736d6b5f527') in 0.0144435 seconds
[Worker0] Imported GUID: 08a8587e5f07fb64f88a0cbe2ebe327e - Path: Packages/com.unity.ugui/Tests/Runtime/UGUI/Canvas/RectangleContainsScreenPointTest.cs - Importer: ScriptedImporter/UnityEditor.QuickSearchModule:UnityEditor.Search:ASIAI0B -> (ImportResultId: '07ed18c9741f66bb6d2a75099730b447') in 0.0206029 seconds
[Worker0] Imported GUID: a021b6d2ca2e9404b8a4d94343ecd068 - Path: Packages/com.unity.ugui/Tests/Runtime/UGUI/NestedLayout/SceneWithNestedLayoutElementsLoadScript.cs - Importer: ScriptedImporter/UnityEditor.QuickSearchModule:UnityEditor.Search:ASIAI0B -> (ImportResultId: '56eb444dcb4ca1362e0b5e4dd3bb3d32') in 0.017914 seconds
[Worker0] Imported GUID: 811d999912a5f3f459a637aad029fbc8 - Path: Packages/com.unity.ugui/Tests/Runtime/UGUI/Canvas/RectTransformValidAfterEnable.cs - Importer: ScriptedImporter/UnityEditor.QuickSearchModule:UnityEditor.Search:ASIAI0B -> (ImportResultId: '33a73cbe03808a70b5fe256eadb4ad3f') in 0.0193749 seconds
[Worker0] Imported GUID: d4dbe29df1b294c4f8f0a2fb529d19fd - Path: Packages/com.unity.ugui/Tests/Runtime/UGUI/Canvas/CanvasResizeCorrectlyForRenderTexture.cs - Importer: ScriptedImporter/UnityEditor.QuickSearchModule:UnityEditor.Search:ASIAI0B -> (ImportResultId: '20cbb5ce0ca9e374aab0554154dcc277') in 0.0285904 seconds
[Worker0] Imported GUID: 9390296e78291b543b2f4a9761ef8139 - Path: Packages/com.unity.ugui/Tests/Runtime/UGUI/Canvas/CheckMeshColorsAndColors32Match.cs - Importer: ScriptedImporter/UnityEditor.QuickSearchModule:UnityEditor.Search:ASIAI0B -> (ImportResultId: 'c89a7943802a11afa81dbad9fd8c91aa') in 0.0138563 seconds
[Worker0] Imported GUID: 53ee1d135588bf447a7af7ba2e8709d7 - Path: Packages/com.unity.ugui/Tests/Runtime/UGUI/EventSystem/GraphicRaycasterButtonTests.cs - Importer: ScriptedImporter/UnityEditor.QuickSearchModule:UnityEditor.Search:ASIAI0B -> (ImportResultId: '6360f0484a2613dcadc1b1bbdee6ad64') in 0.0101578 seconds
[Worker0] Imported GUID: e4e290d31ab7fb54880746bb8f818e0d - Path: Packages/com.unity.ugui/Tests/Runtime/UGUI/EventSystem/InputModuleTests.cs - Importer: ScriptedImporter/UnityEditor.QuickSearchModule:UnityEditor.Search:ASIAI0B -> (ImportResultId: 'b7edd0baebff4dd7920ee5a05c618322') in 0.0150291 seconds
Worker ready: AssetImportWorkerHW1 1
[Worker0] Imported GUID: 309b0604924786544a3786ec4073c5a1 - Path: Packages/com.unity.ugui/Tests/Runtime/UGUI/Layout/ContentSizeFitterTests.cs - Importer: ScriptedImporter/UnityEditor.QuickSearchModule:UnityEditor.Search:ASIAI0B -> (ImportResultId: '1a83057631af46dce1d98b8c6755dfcf') in 0.0157617 seconds
[Worker0] Imported GUID: a0bae4ff8f5baf64aad3b92b8aea0603 - Path: Packages/com.unity.ugui/Tests/Runtime/UGUI/Graphic/ImageTests.cs - Importer: ScriptedImporter/UnityEditor.QuickSearchModule:UnityEditor.Search:ASIAI0B -> (ImportResultId: '0d20ff3210b08d30bfd261ef70b490ca') in 0.0085529 seconds
[Worker0] Imported GUID: e6323ebef616fee4486ee155cd56d191 - Path: Packages/com.unity.ugui/Tests/Runtime/UGUI/EventSystem/GraphicRaycasterTests.cs - Importer: ScriptedImporter/UnityEditor.QuickSearchModule:UnityEditor.Search:ASIAI0B -> (ImportResultId: '20986f32187461ce8bdbf470ae8cbe36') in 0.0078429 seconds
[Worker0] Imported GUID: 01df650e1b86e9f4a8e2b5dc9782506f - Path: Packages/com.unity.ugui/Tests/Runtime/UGUI/NestedLayout/SceneWithNestedLayoutElementsLoads.cs - Importer: ScriptedImporter/UnityEditor.QuickSearchModule:UnityEditor.Search:ASIAI0B -> (ImportResultId: '37f54e4044591e4c5853255d69db9b37') in 0.0057147 seconds
[Worker0] Imported GUID: b611b0a598aeada419afa9737807c598 - Path: Packages/com.unity.ugui/Tests/Runtime/UGUI/Graphic/MaskTests.cs - Importer: ScriptedImporter/UnityEditor.QuickSearchModule:UnityEditor.Search:ASIAI0B -> (ImportResultId: 'df5b76bc7fef29dba57da8ecb969e63d') in 0.0074072 seconds
[Worker0] Imported GUID: 39dcddcb5895328489c92214aa73e3bb - Path: Packages/com.unity.ugui/Tests/Runtime/UGUI/EventSystem/SelectableTests.cs - Importer: ScriptedImporter/UnityEditor.QuickSearchModule:UnityEditor.Search:ASIAI0B -> (ImportResultId: '1895cd998259ffe9a90505da26bc2a11') in 0.0047233 seconds
[Worker0] Imported GUID: 1ef2923b9c5521948a04299da53ae750 - Path: Packages/com.unity.ugui/Tests/Runtime/UGUI/Button/ButtonTests.cs - Importer: ScriptedImporter/UnityEditor.QuickSearchModule:UnityEditor.Search:ASIAI0B -> (ImportResultId: '580c084e12d6f2a96287014e57104848') in 0.010048 seconds
[Worker0] Imported GUID: 2aff4fada0516c64a8537a20bfe1b699 - Path: Packages/com.unity.ugui/Tests/Editor/UGUI/EventSystem/InterceptedEventsPreviewTests.cs - Importer: ScriptedImporter/UnityEditor.QuickSearchModule:UnityEditor.Search:ASIAI0B -> (ImportResultId: '1b7e2834f3899520ff0363288cbd97b6') in 0.0074489 seconds
[Worker0] Imported GUID: 529fde071171dfd4e99d45ca81a3ac7b - Path: Packages/com.unity.ugui/Tests/Runtime/UGUI/MaskClipping/RectMask2DClipping.cs - Importer: ScriptedImporter/UnityEditor.QuickSearchModule:UnityEditor.Search:ASIAI0B -> (ImportResultId: '9dd5d92fc3240d765d25bdb0ce7a049b') in 0.0066624 seconds
[Worker0] Imported GUID: 13d161b14bb3ab74e8a9634e26fb7a5e - Path: Packages/com.unity.ugui/Tests/Runtime/UGUI/Canvas/CanvasScalerWithChildTextObjectDoesNotCrash.cs - Importer: ScriptedImporter/UnityEditor.QuickSearchModule:UnityEditor.Search:ASIAI0B -> (ImportResultId: 'f29a9fdb3dc24dcfcb92f96b9488f6f4') in 0.0078437 seconds
[Worker0] Imported GUID: 4b8be68229770db4ea3c78ab0d854325 - Path: Packages/com.unity.ugui/Tests/Editor/UGUI/InputField/CharacterLimitValidation.cs - Importer: ScriptedImporter/UnityEditor.QuickSearchModule:UnityEditor.Search:ASIAI0B -> (ImportResultId: 'd3046451ac07f19d7866d9b40c46c607') in 0.0057233 seconds
[Worker0] Imported GUID: 3d42c4854f9093e409cd90c00ef26de0 - Path: Packages/com.unity.ugui/Tests/Runtime/UGUI/EventSystem/GraphicRaycasterWorldSpaceCanvasTests.cs - Importer: ScriptedImporter/UnityEditor.QuickSearchModule:UnityEditor.Search:ASIAI0B -> (ImportResultId: 'c64aea8ec14ab86e5540f1a084c7360b') in 0.0072795 seconds
[Worker0] Imported GUID: fc8d686a4c18b8d49bb1db4150de0459 - Path: Packages/com.unity.ugui/Tests/Runtime/UGUI/Canvas/NestedCanvas.cs - Importer: ScriptedImporter/UnityEditor.QuickSearchModule:UnityEditor.Search:ASIAI0B -> (ImportResultId: '23f9fa1d52780b5ae89e37bf6f596093') in 0.0071001 seconds
[Worker0] Imported GUID: c32df609537c54c46adf92992a673693 - Path: Packages/com.unity.ugui/Tests/Runtime/UGUI/Canvas/SiblingOrderChangesLayout.cs - Importer: ScriptedImporter/UnityEditor.QuickSearchModule:UnityEditor.Search:ASIAI0B -> (ImportResultId: 'cef1cb1a521f1c891f010ecfac76be0b') in 0.0083195 seconds
[Worker0] Imported GUID: 30f2a9fda7b63b041a70443bae3e7c01 - Path: Packages/com.unity.ugui/Tests/Runtime/UGUI/Layout/LayoutGroupTests.cs - Importer: ScriptedImporter/UnityEditor.QuickSearchModule:UnityEditor.Search:ASIAI0B -> (ImportResultId: '9810ac3015fb8730d424737fae459ea2') in 0.0087467 seconds
[Worker0] Imported GUID: a598580d0cfc7224ebed8d2b627d9e00 - Path: Packages/com.unity.ugui/Tests/Runtime/UGUI/Image/ImageTests.cs - Importer: ScriptedImporter/UnityEditor.QuickSearchModule:UnityEditor.Search:ASIAI0B -> (ImportResultId: 'd9611f025bb57ae273ad117b9d248f3c') in 0.0073788 seconds
[Worker0] Imported GUID: e9a32780b69dcdb438da3e3f43202f54 - Path: Packages/com.unity.ugui/Tests/Runtime/UGUI/LayoutGroup/LayoutGroupArrangement.cs - Importer: ScriptedImporter/UnityEditor.QuickSearchModule:UnityEditor.Search:ASIAI0B -> (ImportResultId: '0ac893b44767805f5a2d983d6ceb00db') in 0.0076398 seconds
[Worker0] Imported GUID: 6fb761a492f57d84586a8264df7b3cc0 - Path: Packages/com.unity.ugui/Tests/Runtime/UGUI/EventSystem/Physics2DRaycasterTests.cs - Importer: ScriptedImporter/UnityEditor.QuickSearchModule:UnityEditor.Search:ASIAI0B -> (ImportResultId: '609d4a64af5961bdd3daf0a0ecf7fa58') in 0.00657 seconds
[Worker0] Imported GUID: 4f5ed95515938d14189b094f8654d0bd - Path: Packages/com.unity.ugui/Tests/Runtime/UGUI/Button/TestButton.cs - Importer: ScriptedImporter/UnityEditor.QuickSearchModule:UnityEditor.Search:ASIAI0B -> (ImportResultId: 'f1a3a738287ec2941b68bee15bc51256') in 0.0117567 seconds
[Worker0] Imported GUID: 5a2e98b03511c6f43bc645238cd40857 - Path: Packages/com.unity.ugui/Tests/Editor/UGUI/InputField/ContentValidation.cs - Importer: ScriptedImporter/UnityEditor.QuickSearchModule:UnityEditor.Search:ASIAI0B -> (ImportResultId: '81c88009e71ff03153e5749c31abacd4') in 0.01004 seconds
[Worker0] Imported GUID: acfa3573efc38c844be021fdaa8cf8a6 - Path: Packages/com.unity.ugui/Tests/Runtime/UGUI/Graphic/RawImageTest.cs - Importer: ScriptedImporter/UnityEditor.QuickSearchModule:UnityEditor.Search:ASIAI0B -> (ImportResultId: '55490ff8972253560efd24a30fc80381') in 0.0116531 seconds
[Worker0] Imported GUID: 8573c56c34e616248a3881b2c56280ef - Path: Packages/com.unity.ugui/Tests/Runtime/UGUI/Canvas/CoroutineWorksIfUIObjectIsAttached.cs - Importer: ScriptedImporter/UnityEditor.QuickSearchModule:UnityEditor.Search:ASIAI0B -> (ImportResultId: '3034465f640399a5f5707ec643822d47') in 0.0076252 seconds
[Worker0] Imported GUID: 1a70a790a43cd0d4a96f75746841f764 - Path: Packages/com.unity.ugui/Tests/Runtime/UGUI/Image/ImageFilledGenerateWork.cs - Importer: ScriptedImporter/UnityEditor.QuickSearchModule:UnityEditor.Search:ASIAI0B -> (ImportResultId: '3710bb0ec715bfe6c6ee29db333c2437') in 0.0085459 seconds
[Worker0] Imported GUID: 40c83ba6a1a64cb4baac27028dd1acc1 - Path: Packages/com.unity.ugui/Tests/Runtime/UGUI/Graphic/RawImageTestHook.cs - Importer: ScriptedImporter/UnityEditor.QuickSearchModule:UnityEditor.Search:ASIAI0B -> (ImportResultId: 'cb612d2cc48271aaf30741d119998e07') in 0.0146077 seconds
[Worker0] Imported GUID: 2ba506934dc2ce14591a37f3b00dca92 - Path: Packages/com.unity.ugui/Tests/Runtime/UGUI/Canvas/RectMask2DReparentedToDifferentCanvas.cs - Importer: ScriptedImporter/UnityEditor.QuickSearchModule:UnityEditor.Search:ASIAI0B -> (ImportResultId: '7dadc53de7a27420e2c047aa3b8ad239') in 0.0069674 seconds
[Worker0] Imported GUID: 373b4c78c0396334288fa5ff8e7b7350 - Path: Packages/com.unity.ugui/Tests/Editor/UGUI/Slider/SliderRectReferences.cs - Importer: ScriptedImporter/UnityEditor.QuickSearchModule:UnityEditor.Search:ASIAI0B -> (ImportResultId: '67327087625c96616be41c9767cd17b8') in 0.0068477 seconds
[Worker0] Imported GUID: 5c004b1354944164fb076276c289afc1 - Path: Packages/com.unity.ugui/Tests/Runtime/UGUI/Graphic/ToggleTestImageHook.cs - Importer: ScriptedImporter/UnityEditor.QuickSearchModule:UnityEditor.Search:ASIAI0B -> (ImportResultId: 'bddc8de33fd9d1c9c1377b700f64cfc5') in 0.0089728 seconds
[Worker0] Imported GUID: b9eb962217e00bf4fbc734e109991fca - Path: Packages/com.unity.ugui/Tests/Runtime/UGUI/Layout/GridLayoutGroupTests.cs - Importer: ScriptedImporter/UnityEditor.QuickSearchModule:UnityEditor.Search:ASIAI0B -> (ImportResultId: 'b0d1880f66e142ea1f3bd53a7da2f628') in 0.0076368 seconds
[Worker0] Imported GUID: 833143c443f979e44ae0b8ed899e3b59 - Path: Packages/com.unity.ugui/Tests/Runtime/UGUI/EventSystem/PhysicsRaycasterTests.cs - Importer: ScriptedImporter/UnityEditor.QuickSearchModule:UnityEditor.Search:ASIAI0B -> (ImportResultId: '5714a93e1c17347ce1395f9279552550') in 0.007794 seconds
[Worker0] Imported GUID: fb660d86885d89a499a31c6ab6f26269 - Path: Packages/com.unity.ugui/Tests/Editor/UGUI/RectMask2D/RectTransformPosition.cs - Importer: ScriptedImporter/UnityEditor.QuickSearchModule:UnityEditor.Search:ASIAI0B -> (ImportResultId: '58c621af93a2f6231aa5ce0480ebdebb') in 0.0073681 seconds
[Worker0] Imported GUID: 812aaaefaab404448a3e4db49dfa5206 - Path: Packages/com.unity.ugui/Tests/Editor/UGUI/Text/FontCreatedByScript.cs - Importer: ScriptedImporter/UnityEditor.QuickSearchModule:UnityEditor.Search:ASIAI0B -> (ImportResultId: '6ab4b9b3c4b6f0dde7124b53d35df248') in 0.0065092 seconds
[Worker0] Imported GUID: aca0de4e74f6cdf41a449805f345a4f5 - Path: Packages/com.unity.ugui/Tests/Runtime/UGUI/Graphic/NavigationTests.cs - Importer: ScriptedImporter/UnityEditor.QuickSearchModule:UnityEditor.Search:ASIAI0B -> (ImportResultId: 'cd425f1822329f13ad2b895f93cbe445') in 0.0068253 seconds
[Worker0] Imported GUID: 8e3e781d26ad4aeca78526b3464f26d7 - Path: Packages/com.unity.ugui/Tests/Runtime/UGUI/RawImage/RawImageTests.cs - Importer: ScriptedImporter/UnityEditor.QuickSearchModule:UnityEditor.Search:ASIAI0B -> (ImportResultId: 'c03ebb0e75fcd1beba672cd7d7562bcf') in 0.0073089 seconds
[Worker0] Imported GUID: 977190a4db46de442aed27279d247df4 - Path: Packages/com.unity.ugui/Tests/Editor/UGUI/UnityEvent/UnityEventInvoke.cs - Importer: ScriptedImporter/UnityEditor.QuickSearchModule:UnityEditor.Search:ASIAI0B -> (ImportResultId: 'b58cf24ac37bcfb75945d6325bb54acd') in 0.0067793 seconds
[Worker0] Imported GUID: 513613320b52fdb40a26dd5b73d89afe - Path: Packages/com.unity.ugui/Tests/Runtime/UGUI/InputField/GenericInputFieldTests.cs - Importer: ScriptedImporter/UnityEditor.QuickSearchModule:UnityEditor.Search:ASIAI0B -> (ImportResultId: '54d5271ec93be41cdcbd3ae4830dd0bb') in 0.0072575 seconds
[Worker0] Imported GUID: 3371106faf8d06f47a73979a3c8d82a1 - Path: Packages/com.unity.ugui/Tests/Runtime/UGUI/InputField/InputFieldTests.cs - Importer: ScriptedImporter/UnityEditor.QuickSearchModule:UnityEditor.Search:ASIAI0B -> (ImportResultId: '50986aa52c7cb141a57a66029bdbc06b') in 0.0067977 seconds
[Worker0] Imported GUID: ec35c13a8280a8d4e817bc4afd8a95de - Path: Packages/com.unity.ugui/Tests/Runtime/UGUI/Canvas/CanvasSizeCorrectInAwakeAndStart.cs - Importer: ScriptedImporter/UnityEditor.QuickSearchModule:UnityEditor.Search:ASIAI0B -> (ImportResultId: '55d7953ff956e4a710c6ff055ea663b6') in 0.0064754 seconds
[Worker0] Imported GUID: 6fac6d65d2fb7472d94e95ddb8b8798c - Path: Packages/com.unity.ugui/Tests/Runtime/UGUI/CanvasRenderer/CanvasRendererTests.cs - Importer: ScriptedImporter/UnityEditor.QuickSearchModule:UnityEditor.Search:ASIAI0B -> (ImportResultId: '3d858804fc9d9aada48e10e418b7e595') in 0.0080614 seconds
[Worker0] Imported GUID: 358a618bc6bd9354d81cc206fd2ed80e - Path: Packages/com.unity.ugui/Tests/Runtime/UGUI/Dropdown/DropdownTests.cs - Importer: ScriptedImporter/UnityEditor.QuickSearchModule:UnityEditor.Search:ASIAI0B -> (ImportResultId: '5dee0db16cda2cfec09b547666ed06cc') in 0.0062859 seconds
[Worker0] Imported GUID: a14a59f2a5c757e469c3e4e17b798c2e - Path: Packages/com.unity.ugui/Tests/Runtime/UGUI/Canvas/CanvasGroupInheritedAlpha.cs - Importer: ScriptedImporter/UnityEditor.QuickSearchModule:UnityEditor.Search:ASIAI0B -> (ImportResultId: '5e8ca48969069588f1348579eef65a69') in 0.007544 seconds
[Worker0] Imported GUID: 0ca2545d76d1fb34fa45a9f1e432d259 - Path: Packages/com.unity.ugui/Tests/Runtime/UGUI/EventSystem/RaycastSortingTests.cs - Importer: ScriptedImporter/UnityEditor.QuickSearchModule:UnityEditor.Search:ASIAI0B -> (ImportResultId: '162ad1a011bc5e6b62816730552ec222') in 0.0101624 seconds
[Worker0] Imported GUID: be07f70ee67e6d74e851a9333719bbb6 - Path: Packages/com.unity.ugui/Tests/Runtime/UGUI/Canvas/NestedCanvasMaintainsCorrectSize.cs - Importer: ScriptedImporter/UnityEditor.QuickSearchModule:UnityEditor.Search:ASIAI0B -> (ImportResultId: '7c8781a0e1a1a80b91d111cd79e87ca0') in 0.0071679 seconds
[Worker0] Imported GUID: e1b0ab339722791498cc804831a17ad3 - Path: Packages/com.unity.ugui/Tests/Runtime/UGUI/InputField/DesktopInputFieldTests.cs - Importer: ScriptedImporter/UnityEditor.QuickSearchModule:UnityEditor.Search:ASIAI0B -> (ImportResultId: 'e384add5b358b00777c6e695b71c2e7b') in 0.0121498 seconds
[Worker0] Imported GUID: 16c6414b77a90ff4098767dce485c495 - Path: Packages/com.unity.ugui/Tests/Runtime/UGUI/InputField/FakeInputModule.cs - Importer: ScriptedImporter/UnityEditor.QuickSearchModule:UnityEditor.Search:ASIAI0B -> (ImportResultId: '34a4476d2d5a0327ea1cf4a05b64d099') in 0.0099636 seconds
[Worker0] Imported GUID: be1b04bc4d8a415469493848e6501020 - Path: Packages/com.unity.ugui/Tests/Runtime/UGUI/Layout/AspectRatioFitterTests.cs - Importer: ScriptedImporter/UnityEditor.QuickSearchModule:UnityEditor.Search:ASIAI0B -> (ImportResultId: 'af7dbc884cf9381ef84cb62058740613') in 0.006264 seconds
[Worker0] Imported GUID: 5af3322745e78aa488fca5a2090f8755 - Path: Packages/com.unity.ugui/Tests/Runtime/UGUI/Layout/HorizonalLayoutGroupTests.cs - Importer: ScriptedImporter/UnityEditor.QuickSearchModule:UnityEditor.Search:ASIAI0B -> (ImportResultId: '2c696b01b3bde69d4e4c9e1a140454e7') in 0.0095847 seconds
[Worker0] Imported GUID: e89ff5e7c669f70409de18c9948164d4 - Path: Packages/com.unity.ugui/Tests/Runtime/UGUI/InputField/TouchInputFieldTests.cs - Importer: ScriptedImporter/UnityEditor.QuickSearchModule:UnityEditor.Search:ASIAI0B -> (ImportResultId: 'a49670a8ab9e8d24e7d52bf04e2b657d') in 0.0081984 seconds
[Worker0] Imported GUID: e88a766c2b8b47841936c136f4afbba9 - Path: Packages/com.unity.ugui/Tests/Runtime/UGUI/Graphic/GraphicTests.cs - Importer: ScriptedImporter/UnityEditor.QuickSearchModule:UnityEditor.Search:ASIAI0B -> (ImportResultId: '2cefddc2b3d4a0da2f55d12a39989d2c') in 0.0080344 seconds
[Worker0] Imported GUID: db339ef553721e94999125c0b9f909dc - Path: Packages/com.unity.ugui/Tests/Runtime/UGUI/Canvas/CreateSceneUtility.cs - Importer: ScriptedImporter/UnityEditor.QuickSearchModule:UnityEditor.Search:ASIAI0B -> (ImportResultId: 'b6e0530eebe8e59fc2d9410e6c6d10ff') in 0.0068718 seconds
[Worker0] Imported GUID: df1ba932d4ce4534e97a0f10c85cd3c9 - Path: Packages/com.unity.ugui/Tests/Runtime/UGUI/Canvas/CanvasSizeCorrectInAwakeAndStartScript.cs - Importer: ScriptedImporter/UnityEditor.QuickSearchModule:UnityEditor.Search:ASIAI0B -> (ImportResultId: 'a0b908532f65eb7ee356bd9c3d8b68ec') in 0.0086664 seconds
[Worker0] Imported GUID: 589533fb2413e3e4fba7df13a6a75bf2 - Path: Packages/com.unity.ugui/Tests/Runtime/UGUI/Layout/LayoutGroupScaling.cs - Importer: ScriptedImporter/UnityEditor.QuickSearchModule:UnityEditor.Search:ASIAI0B -> (ImportResultId: '13e3dcde090bedd605fac7bf8eae651b') in 0.0058226 seconds
[Worker0] Imported GUID: 1a26e19d51cbfac42a02631ad1f9e39e - Path: Packages/com.unity.ugui/Tests/Runtime/UGUI/Canvas/BridgeScriptForRetainingObjects.cs - Importer: ScriptedImporter/UnityEditor.QuickSearchModule:UnityEditor.Search:ASIAI0B -> (ImportResultId: 'd6a3c38aea67e31a76a75fb95279d585') in 0.0086682 seconds
[Worker0] Imported GUID: 8a4b6301a5afaec4cb87d21383ceb0b3 - Path: Packages/com.unity.ugui/Tests/Runtime/UGUI/Layout/VerticalLayoutGroupTests.cs - Importer: ScriptedImporter/UnityEditor.QuickSearchModule:UnityEditor.Search:ASIAI0B -> (ImportResultId: 'b706762409ab7cae7da05e2c98a8af5b') in 0.0064046 seconds
[Worker0] Imported GUID: 3245ec927659c4140ac4f8d17403cc18 - Path: Packages/com.unity.ugui/Runtime/UGUI/UI/Core/Layout/ContentSizeFitter.cs - Importer: ScriptedImporter/UnityEditor.QuickSearchModule:UnityEditor.Search:ASIAI0B -> (ImportResultId: '2915c29aafebcb3c6f9eb186ce28cc6a') in 0.0063794 seconds
[Worker0] Imported GUID: fc34cd6ea308f3940a729e1a44cd0e82 - Path: Packages/com.unity.ugui/Tests/Runtime/UGUI/Slider/SliderTests.cs - Importer: ScriptedImporter/UnityEditor.QuickSearchModule:UnityEditor.Search:ASIAI0B -> (ImportResultId: '30283ea3e11d59097740ef2b85ead968') in 0.0069509 seconds
[Worker0] Imported GUID: 306cc8c2b49d7114eaa3623786fc2126 - Path: Packages/com.unity.ugui/Runtime/UGUI/UI/Core/Layout/LayoutElement.cs - Importer: ScriptedImporter/UnityEditor.QuickSearchModule:UnityEditor.Search:ASIAI0B -> (ImportResultId: 'bb03618f77c3d8d23a1cc1876ef0c68f') in 0.0068667 seconds
[Worker0] Imported GUID: 20ff4283f687e044087714f82c4d6d3f - Path: Packages/com.unity.ugui/Runtime/UGUI/UI/Core/MaterialModifiers/IMaterialModifier.cs - Importer: ScriptedImporter/UnityEditor.QuickSearchModule:UnityEditor.Search:ASIAI0B -> (ImportResultId: 'a19ea028af928f0b7f516dc82ab142b1') in 0.0074467 seconds
[Worker0] Imported GUID: 67e3583b91179094094c6a188b232262 - Path: Packages/com.unity.ugui/Runtime/UGUI/UI/Core/Culling/Clipping.cs - Importer: ScriptedImporter/UnityEditor.QuickSearchModule:UnityEditor.Search:ASIAI0B -> (ImportResultId: '060833680372c26b1fa360e2288f9511') in 0.0081176 seconds
[Worker0] Imported GUID: f7a8357347c80dc69c08d0b1a05e2122 - Path: Packages/com.unity.modules.physics2d/package.json - Importer: ScriptedImporter/UnityEditor.QuickSearchModule:UnityEditor.Search:ASIAI0B -> (ImportResultId: 'c3ff2255fc4a84692528528b15fea9b9') in 0.0115 seconds
[Worker0] Imported GUID: 368d3a0498e78014da578aa5f45e2797 - Path: Packages/com.unity.ugui/Runtime/UGUI/UI/Core/Layout/ILayoutElement.cs - Importer: ScriptedImporter/UnityEditor.QuickSearchModule:UnityEditor.Search:ASIAI0B -> (ImportResultId: 'a03a24d416549057401dd4330aa8cfb9') in 0.0090217 seconds
[Worker0] Imported GUID: a5c214e5846a99242b348c37e49b2f59 - Path: Packages/com.unity.ugui/Runtime/UGUI/UI/Core/Layout/HorizontalOrVerticalLayoutGroup.cs - Importer: ScriptedImporter/UnityEditor.QuickSearchModule:UnityEditor.Search:ASIAI0B -> (ImportResultId: '4c62e96dffa6701af94367b2694b59ec') in 0.0107532 seconds
[Worker0] Imported GUID: 5da88f348abcbd94585671a69c672781 - Path: Packages/com.unity.ugui/Tests/Runtime/UGUI/Util/ImageHook.cs - Importer: ScriptedImporter/UnityEditor.QuickSearchModule:UnityEditor.Search:ASIAI0B -> (ImportResultId: 'cd8110b6d9b72fce0195fe4f11613f6e') in 0.0097237 seconds
[Worker0] Imported GUID: bdd96340ebb649f781c3ff803211c992 - Path: Packages/com.unity.ugui/Tests/Runtime/UGUI/RawImage/TestRawImage.cs - Importer: ScriptedImporter/UnityEditor.QuickSearchModule:UnityEditor.Search:ASIAI0B -> (ImportResultId: 'fb63b54fbb2ba5f53d010490f9e361d5') in 0.0085957 seconds
[Worker0] Imported GUID: 020ee4c1798a3d243a4b8cbfee6cac2d - Path: Packages/com.unity.ugui/Runtime/UGUI/UI/Core/VertexModifiers/PositionAsUV1.cs - Importer: ScriptedImporter/UnityEditor.QuickSearchModule:UnityEditor.Search:ASIAI0B -> (ImportResultId: 'fab7b4a5bfeb23d6e39606d03f8beaa3') in 0.0076218 seconds
[Worker0] Imported GUID: af94bd3a805f27e42ab86647265be74e - Path: Packages/com.unity.ugui/Tests/Runtime/UGUI/EventSystem/InputModuleTests/PointerExitCallbackCheck.cs - Importer: ScriptedImporter/UnityEditor.QuickSearchModule:UnityEditor.Search:ASIAI0B -> (ImportResultId: '8687a2059ffdd927affa89a5bba8a018') in 0.0119495 seconds
[Worker0] Imported GUID: e19747de3f5aca642ab2be37e372fb86 - Path: Packages/com.unity.ugui/Runtime/UGUI/UI/Core/VertexModifiers/Outline.cs - Importer: ScriptedImporter/UnityEditor.QuickSearchModule:UnityEditor.Search:ASIAI0B -> (ImportResultId: '41c2c2bc61073dffbecff4085db7c7c6') in 0.0190491 seconds
[Worker0] Imported GUID: fe6a6957b37b61417b457a1e0541791d - Path: Packages/com.unity.modules.physics2d/package.ModuleCompilationTrigger - Importer: ScriptedImporter/UnityEditor.QuickSearchModule:UnityEditor.Search:ASIAI0B -> (ImportResultId: '963914ead0e955a0084919b016644102') in 0.0133605 seconds
[Worker0] Imported GUID: 24c3e990929f942f9a53e298ba7caddf - Path: Packages/com.unity.ugui/Tests/Runtime/UGUI/RaycastReceiver/RaycastReceiverTests.cs - Importer: ScriptedImporter/UnityEditor.QuickSearchModule:UnityEditor.Search:ASIAI0B -> (ImportResultId: '1525c978540db9ac82079cce8560efba') in 0.0129071 seconds
[Worker0] Imported GUID: 14427eecd0bccea468addc3492aaef57 - Path: Packages/com.unity.ugui/Tests/Runtime/UGUI/Toggle/ToggleTests.cs - Importer: ScriptedImporter/UnityEditor.QuickSearchModule:UnityEditor.Search:ASIAI0B -> (ImportResultId: 'c96878cdfba1cf36ad984a9695da4ca6') in 0.0095701 seconds
[Worker0] Imported GUID: 00f9a68859b850648902e0c98c25b590 - Path: Packages/com.unity.ugui/Tests/Runtime/UGUI/ScrollBar/ScrollBarTests.cs - Importer: ScriptedImporter/UnityEditor.QuickSearchModule:UnityEditor.Search:ASIAI0B -> (ImportResultId: '30a6e756726b644f1ce50427114a831d') in 0.0087084 seconds
[Worker0] Imported GUID: c606041f02fc7d542b1429806872292b - Path: Packages/com.unity.ugui/Runtime/UGUI/UI/Core/Culling/RectangularVertexClipper.cs - Importer: ScriptedImporter/UnityEditor.QuickSearchModule:UnityEditor.Search:ASIAI0B -> (ImportResultId: '4dfd229e32ccc75518ecd1d0141e9a58') in 0.0067288 seconds
[Worker0] Imported GUID: 59f8146938fff824cb5fd77236b75775 - Path: Packages/com.unity.ugui/Runtime/UGUI/UI/Core/Layout/VerticalLayoutGroup.cs - Importer: ScriptedImporter/UnityEditor.QuickSearchModule:UnityEditor.Search:ASIAI0B -> (ImportResultId: '4ad2f85a631a976df37b467994cfa69d') in 0.0073244 seconds
[Worker0] Imported GUID: 86710e43de46f6f4bac7c8e50813a599 - Path: Packages/com.unity.ugui/Runtime/UGUI/UI/Core/Layout/AspectRatioFitter.cs - Importer: ScriptedImporter/UnityEditor.QuickSearchModule:UnityEditor.Search:ASIAI0B -> (ImportResultId: 'd2cc991e7d463118818c1605d2e2ce63') in 0.0070062 seconds
[Worker0] Imported GUID: 8a8695521f0d02e499659fee002a26c2 - Path: Packages/com.unity.ugui/Runtime/UGUI/UI/Core/Layout/GridLayoutGroup.cs - Importer: ScriptedImporter/UnityEditor.QuickSearchModule:UnityEditor.Search:ASIAI0B -> (ImportResultId: '857f283678dadb69e47a6364dc714b9b') in 0.0097396 seconds
[Worker0] Imported GUID: eb4fb871430ff484e9ee3850946c504d - Path: Packages/com.unity.ugui/Tests/Runtime/UGUI/EventSystem/InputModuleTests/PointerEnterCallbackCheck.cs - Importer: ScriptedImporter/UnityEditor.QuickSearchModule:UnityEditor.Search:ASIAI0B -> (ImportResultId: 'c9f01a8a98c61ed2bd30be4f36d7df29') in 0.0086933 seconds
[Worker0] Imported GUID: 371b6b9c8adc50745ace66a6fdf67481 - Path: Packages/com.unity.ugui/Runtime/UGUI/UI/Core/Culling/IClipRegion.cs - Importer: ScriptedImporter/UnityEditor.QuickSearchModule:UnityEditor.Search:ASIAI0B -> (ImportResultId: 'f75c5cec9e6420732fa789fede6107dd') in 0.0075651 seconds
[Worker0] Imported GUID: a8604e8f13b3be84b8bc0c1507d8f3f6 - Path: Packages/com.unity.ugui/Runtime/UGUI/UI/Core/SpecializedCollections/IndexedSet.cs - Importer: ScriptedImporter/UnityEditor.QuickSearchModule:UnityEditor.Search:ASIAI0B -> (ImportResultId: '7d46caf560c4bbb0d7428f011b3a5986') in 0.0082894 seconds
[Worker0] Imported GUID: e0e4f43a3816add4c86c9671d7961f2f - Path: Packages/com.unity.ugui/Tests/Runtime/UGUI/Toggle/TestableToggleGroup.cs - Importer: ScriptedImporter/UnityEditor.QuickSearchModule:UnityEditor.Search:ASIAI0B -> (ImportResultId: '6c61a06468d74cdd6c971dccc3bd09ee') in 0.0069009 seconds
[Worker0] Imported GUID: 7883cd788d83a71478342eef943e8150 - Path: Packages/com.unity.ugui/Tests/Runtime/UGUI/ScrollRect/ScrollRectStableLayout.cs - Importer: ScriptedImporter/UnityEditor.QuickSearchModule:UnityEditor.Search:ASIAI0B -> (ImportResultId: '8e2648f92f5ae5acaf741ff371692c68') in 0.0073606 seconds
[Worker0] Imported GUID: d56dbb97f857c8040beef6dd1bfc97df - Path: Packages/com.unity.ugui/Tests/Runtime/UGUI/ScrollRect/ScrollRectClamp.cs - Importer: ScriptedImporter/UnityEditor.QuickSearchModule:UnityEditor.Search:ASIAI0B -> (ImportResultId: '32a59e3ce221e3b1bbdaf35851dc0935') in 0.0062169 seconds
[Worker0] Imported GUID: 433d3b96b2a40a5479d3d7d8495882ed - Path: Packages/com.unity.ugui/Tests/Editor/UGUI/UI/PropertyDrawers/PropertyDrawerTests.cs - Importer: ScriptedImporter/UnityEditor.QuickSearchModule:UnityEditor.Search:ASIAI0B -> (ImportResultId: 'e66ab7dd6ed1d3945c46939b33aca4cd') in 0.0072049 seconds
[Worker0] Imported GUID: 51fa60bb2bd1e5bc74e8cc95a7bfd5b7 - Path: Packages/com.unity.modules.ui/package.ModuleCompilationTrigger - Importer: ScriptedImporter/UnityEditor.QuickSearchModule:UnityEditor.Search:ASIAI0B -> (ImportResultId: '5ba45b328b9758bc347884f0bf1cc4f4') in 0.0081277 seconds
[Worker0] Imported GUID: c459424081436584c8cec10767f9ac38 - Path: Packages/com.unity.ugui/Runtime/UGUI/UI/Core/Utility/VertexHelper.cs - Importer: ScriptedImporter/UnityEditor.QuickSearchModule:UnityEditor.Search:ASIAI0B -> (ImportResultId: '8ce4115fedeb2f581ff4ca74bfdaf380') in 0.0101067 seconds
[Worker0] Imported GUID: d548f82e7e9c0ed49ae5b4a5eecfb2f7 - Path: Packages/com.unity.ugui/Tests/Runtime/UGUI/Util/UIBehaviourExtensions.cs - Importer: ScriptedImporter/UnityEditor.QuickSearchModule:UnityEditor.Search:ASIAI0B -> (ImportResultId: '3676eb055e17783ebeb0cfa7bc14a439') in 0.0078286 seconds
[Worker0] Imported GUID: 85f3c3a3c2623cd4da1661b0479e2ef2 - Path: Packages/com.unity.ugui/Runtime/UGUI/UI/Core/VertexModifiers/IMeshModifier.cs - Importer: ScriptedImporter/UnityEditor.QuickSearchModule:UnityEditor.Search:ASIAI0B -> (ImportResultId: 'bd51c15d7c80721e07c243213a87be6b') in 0.007926 seconds
[Worker0] Imported GUID: cb7c939a806f03341b682c180dc13f08 - Path: Packages/com.unity.ugui/Runtime/UGUI/UI/Core/Layout/LayoutGroup.cs - Importer: ScriptedImporter/UnityEditor.QuickSearchModule:UnityEditor.Search:ASIAI0B -> (ImportResultId: '1e119c9a6bf09ad45920412c53b6bedf') in 0.0067719 seconds
[Worker0] Imported GUID: fcae021c30eccf74790a4e816ba97c19 - Path: Packages/com.unity.ugui/Runtime/UGUI/UI/Core/Utility/ReflectionMethodsCache.cs - Importer: ScriptedImporter/UnityEditor.QuickSearchModule:UnityEditor.Search:ASIAI0B -> (ImportResultId: 'ad7307cc7ff38ec9e440e2b9abe576c0') in 0.0101145 seconds
[Worker0] Imported GUID: 621a76c0c3927aa45aba7d2ad0c8e1c8 - Path: Packages/com.unity.ugui/Tests/Runtime/UGUI/Util/GraphicTestHelper.cs - Importer: ScriptedImporter/UnityEditor.QuickSearchModule:UnityEditor.Search:ASIAI0B -> (ImportResultId: '7cc4fd201cbfd48efc6120a4e74afc5a') in 0.0129595 seconds
[Worker0] Imported GUID: ea944378afa086f438b3352ad7b0e835 - Path: Packages/com.unity.ugui/Tests/Runtime/UGUI/Util/PrivateFieldSetter.cs - Importer: ScriptedImporter/UnityEditor.QuickSearchModule:UnityEditor.Search:ASIAI0B -> (ImportResultId: '01239c4b658b50c821e4fa668a462592') in 0.0082906 seconds
[Worker0] Imported GUID: 138dbec4f8742654fbceb0a19d68b9c5 - Path: Packages/com.unity.ugui/Tests/Runtime/UGUI/EventSystem/InputModuleTests/FakeBaseInput.cs - Importer: ScriptedImporter/UnityEditor.QuickSearchModule:UnityEditor.Search:ASIAI0B -> (ImportResultId: '71485ccbfb14f910f2562425748c93ec') in 0.0124913 seconds
[Worker0] Imported GUID: 006633c8a6f4ae94aa9babf72234e1a2 - Path: Packages/com.unity.ugui/Runtime/UGUI/UI/Core/Layout/LayoutRebuilder.cs - Importer: ScriptedImporter/UnityEditor.QuickSearchModule:UnityEditor.Search:ASIAI0B -> (ImportResultId: '61e918932fdf80ce337762f04c98a2f5') in 0.0115966 seconds
[Worker0] Imported GUID: 9f1026265f8e3d54fb6e9f082c43debf - Path: Packages/com.unity.ugui/Runtime/UGUI/UI/Core/Culling/ClipperRegistry.cs - Importer: ScriptedImporter/UnityEditor.QuickSearchModule:UnityEditor.Search:ASIAI0B -> (ImportResultId: '106ea0136db5f70849a065a3e362db11') in 0.0175887 seconds
[Worker0] Imported GUID: 30649d3a9faa99c48a7b1166b86bf2a0 - Path: Packages/com.unity.ugui/Runtime/UGUI/UI/Core/Layout/HorizontalLayoutGroup.cs - Importer: ScriptedImporter/UnityEditor.QuickSearchModule:UnityEditor.Search:ASIAI0B -> (ImportResultId: 'c3492aaaab88a2efb285e04f8af76542') in 0.0158944 seconds
[Worker0] Imported GUID: e9cac674d67385249b2805670e618c24 - Path: Packages/com.unity.ugui/Tests/Runtime/UGUI/ScrollRect/ScrollRectScale.cs - Importer: ScriptedImporter/UnityEditor.QuickSearchModule:UnityEditor.Search:ASIAI0B -> (ImportResultId: '3496d89b02bbef0c0f7aa58273051d3f') in 0.0070404 seconds
[Worker0] Imported GUID: 76c82729ad712f14bae1a8a279c52ac3 - Path: Packages/com.unity.ugui/Tests/Runtime/UGUI/EventSystem/InputModuleTests/DragCallbackCheck.cs - Importer: ScriptedImporter/UnityEditor.QuickSearchModule:UnityEditor.Search:ASIAI0B -> (ImportResultId: 'e642c191f528fd95167fd85ac140954f') in 0.008908 seconds
[Worker0] Imported GUID: cfabb0440166ab443bba8876756fdfa9 - Path: Packages/com.unity.ugui/Runtime/UGUI/UI/Core/VertexModifiers/Shadow.cs - Importer: ScriptedImporter/UnityEditor.QuickSearchModule:UnityEditor.Search:ASIAI0B -> (ImportResultId: 'cc675d152fe07b10a60a6b4028cebdd8') in 0.0059747 seconds
[Worker0] Imported GUID: 718966f960cb50643986195e5fe953ca - Path: Packages/com.unity.ugui/Runtime/UGUI/UI/Core/VertexModifiers/BaseMeshEffect.cs - Importer: ScriptedImporter/UnityEditor.QuickSearchModule:UnityEditor.Search:ASIAI0B -> (ImportResultId: 'bf8539f33ebbd66af8a395853c3e8a97') in 0.0144677 seconds
[Worker0] Imported GUID: 82bf3f737dec0be43a60891958a8da87 - Path: Packages/com.unity.ugui/Runtime/UGUI/UI/Core/Layout/LayoutUtility.cs - Importer: ScriptedImporter/UnityEditor.QuickSearchModule:UnityEditor.Search:ASIAI0B -> (ImportResultId: '748794cc489b3d015459a6ef4643dd4b') in 0.0109862 seconds
[Worker0] Imported GUID: 0573713975c6b8246b7544ed524ef1dc - Path: Packages/com.unity.ugui/Tests/Runtime/UGUI/EventSystem/InputModuleTests/PointerClickCallbackCheck.cs - Importer: ScriptedImporter/UnityEditor.QuickSearchModule:UnityEditor.Search:ASIAI0B -> (ImportResultId: '7d84c1d3aec00358b13cf5704e92f6fa') in 0.0089892 seconds
[Worker0] Imported GUID: d925cabd9ecd5074aadab0726b96c38f - Path: Packages/com.unity.ugui/Tests/Runtime/UGUI/ScrollRect/ScrollRectTests.cs - Importer: ScriptedImporter/UnityEditor.QuickSearchModule:UnityEditor.Search:ASIAI0B -> (ImportResultId: '6bd0dc3bdfd53d3f3cc74be99ca73465') in 0.0147492 seconds
[Worker0] Imported GUID: 19c6f364c1e81cb4f829a057824639ad - Path: Packages/com.unity.ugui/Tests/Runtime/UGUI/EventSystem/InputModuleTests/MouseUpdate.cs - Importer: ScriptedImporter/UnityEditor.QuickSearchModule:UnityEditor.Search:ASIAI0B -> (ImportResultId: '2bf579ba98adb95708245d70931f8fdf') in 0.0188948 seconds
[Worker0] Imported GUID: 4d31e19fd539ac54c8d9151da43683e9 - Path: Packages/com.unity.ugui/Tests/Runtime/UGUI/Util/ConcreteGraphic.cs - Importer: ScriptedImporter/UnityEditor.QuickSearchModule:UnityEditor.Search:ASIAI0B -> (ImportResultId: 'a9b44e8a7cce40d4b8e88c23c5d4a8fb') in 0.0077694 seconds
[Worker0] Imported GUID: 32a4a0ea998dd6149937d2774781c436 - Path: Packages/com.unity.ugui/Tests/Runtime/UGUI/ScrollBar/ScrollBarClamp.cs - Importer: ScriptedImporter/UnityEditor.QuickSearchModule:UnityEditor.Search:ASIAI0B -> (ImportResultId: '4182fcb44794f6233702bf9907f04390') in 0.0092976 seconds
[Worker0] Imported GUID: 0b2706df6fdff50448f84a3f6629b40f - Path: Packages/com.unity.ugui/Tests/Runtime/UGUI/Util/ExceptionUtils.cs - Importer: ScriptedImporter/UnityEditor.QuickSearchModule:UnityEditor.Search:ASIAI0B -> (ImportResultId: '4c7d0fcbabf5923d5ccbfe75e4a2d26e') in 0.0086067 seconds
[Worker0] Imported GUID: bfd567a3d1631a761bca9e99fa53d86d - Path: Packages/com.unity.modules.ui/package.json - Importer: ScriptedImporter/UnityEditor.QuickSearchModule:UnityEditor.Search:ASIAI0B -> (ImportResultId: '7c67c69935dcdde2acf94b6ffe823825') in 0.014275 seconds
[Worker0] Imported GUID: 0cd44c1031e13a943bb63640046fad76 - Path: Packages/com.unity.ugui/Runtime/UGUI/UI/Core/Layout/CanvasScaler.cs - Importer: ScriptedImporter/UnityEditor.QuickSearchModule:UnityEditor.Search:ASIAI0B -> (ImportResultId: '3ff744ca1c5da01e502ba5d3c4d3e634') in 0.0077203 seconds
Worker ready: AssetImportWorkerHW2 2
[Worker0] Imported GUID: 50081206855385544a5ddd0e3b6ba9be - Path: Packages/com.unity.ugui/Tests/Runtime/UGUI/Toggle/ToggleGroupTests.cs - Importer: ScriptedImporter/UnityEditor.QuickSearchModule:UnityEditor.Search:ASIAI0B -> (ImportResultId: 'b0e2759723114fa9fbd6314aef816005') in 0.0096789 seconds
TrimDiskCacheJob: Current cache size 0mb
[Worker2] Imported GUID: a82e49fb4744845de9a29f362e62b2e6 - Path: Assets/DMT321/CommandAckTwin/Scenes/L03_StartHere.unity - Importer: PreviewImporter -> (ImportResultId: '8f3fee7652957ac526b7da3474c4d572') in 0.0142729 seconds
Opening scene 'Assets/DMT321/CommandAckTwin/Scenes/L03_StartHere.unity'
Unloading 8 Unused Serialized files (Serialized files now loaded: 0)
Loaded scene 'Assets/DMT321/CommandAckTwin/Scenes/L03_StartHere.unity'
	Deserialize:            70.138 ms
	Integration:            147.456 ms
	Integration of assets:  17.409 ms
	Thread Wait Time:       -0.226 ms
	Total Operation Time:   234.777 ms
Unloading 57 unused Assets / (17.5 MB). Loaded Objects now: 2359.
Memory consumption went from 409.7 MB to 392.2 MB.
Total: 46.445000 ms (FindLiveObjects: 0.726300 ms CreateObjectMapping: 0.151300 ms MarkObjects: 29.021800 ms  DeleteObjects: 16.541600 ms)

[Worker2] Imported GUID: 5ce0eaa0f59b8410f900ec9dee2ebef7 - Path: Assets/DMT321/CommandAckTwin/Scripts - Importer: PreviewImporter -> (ImportResultId: '4bab3370e8f0ff3b29f66c0331b569e4') in 0.0022841 seconds
Importing 'GUID: a82e49fb4744845de9a29f362e62b2e6 - Path: Assets/DMT321/CommandAckTwin/Scenes/L03_StartHere.unity' with importer (DefaultImporter)
Imported 'GUID: a82e49fb4744845de9a29f362e62b2e6' -> (Import Result ID: '262a921d99886a6d33dcffb1502a6156') in 0.004 seconds [static dependencies only]. Details - ImportResultOutputID=ec95c61d5a73fbb1d83d6535df0e2779 DependenciesID=264ab5bdd8db0e1cffc7f87256320719 StaticDependenciesID=d0327ebeec9076f391319518810431dc 
Asset Pipeline Refresh (id=37f42ee77d4fc504a98c27805d134dfa): Total: 0.081 seconds - Initiated by StopAssetImportingV2(NoUpdateAssetOptions)
[Worker2] Imported GUID: a82e49fb4744845de9a29f362e62b2e6 - Path: Assets/DMT321/CommandAckTwin/Scenes/L03_StartHere.unity - Importer: ScriptedImporter/UnityEditor.QuickSearchModule:UnityEditor.Search:ASIAI0B -> (ImportResultId: 'aa90d8aa32525682ef854385f98ffd74') in 0.1475628 seconds
[Licensing::Client] Successfully resolved entitlement details
[Licensing::Module] License group:
  Id: F4-V2HH-7T9E-WBHF-A6SK-XXXX
  Product: Unity Personal
  Type: ULF
  Expiration: 2026-10-08T13:53:13Z
[Licensing::Module] License group:
  Id: 18968317507188-UnityPersXXXX
  Product: Unity Personal
  Type: Assigned
  Expiration: Unlimited
Scanning for USB devices : 158.282ms
Scanning for USB devices : 5.124ms
Scanning for USB devices : 3.441ms
Scanning for USB devices : 3.613ms
Scanning for USB devices : 3.301ms
Scanning for USB devices : 3.367ms
Scanning for USB devices : 3.170ms
Scanning for USB devices : 3.185ms
Scanning for USB devices : 3.106ms

Asset Pipeline Refresh (id=2068ade61bb3a5f4483cf5f6686544ae): Total: 0.665 seconds - Initiated by RefreshV2(AllowForceSynchronousImport)
	(Values over 0.05ms)
	Summary:
		Imports: total=0 (actual=0, local cache=0, cache server=0)
		Asset DB Process Time: managed=0 ms, native=598 ms
		Asset DB Callback time: managed=0 ms, native=66 ms
		Scripting: domain reloads=0, domain reload time=0 ms, compile time=0 ms, other=0 ms
		Project Asset Count: scripts=145, non-scripts=110
		Asset File Changes: new=0, changed=0, moved=0, deleted=0
		Scan Filter Count: 0
	InvokePackagesCallback: 67.049ms
	ApplyChangesToAssetFolders: 0.067ms
	Scan: 591.896ms
	Collect global state as custom dependencies: 0.071ms
	UnloadStreamsEnd: 0.432ms
	Untracked: 5.141ms

[Licensing::Client] Successfully updated the access token
[Licensing::Module] Successfully updated access token: "--Wko9pL"... (expires: 2026-09-01T16:35:04Z)
[Licensing::Client] Successfully resolved entitlement details
[Licensing::Module] License group:
  Id: F4-V2HH-7T9E-WBHF-A6SK-XXXX
  Product: Unity Personal
  Type: ULF
  Expiration: 2026-10-08T13:53:13Z
[Licensing::Module] License group:
  Id: 18968317507188-UnityPersXXXX
  Product: Unity Personal
  Type: Assigned
  Expiration: Unlimited
Asset Pipeline Refresh (id=169d567c4b0733f40a38026fadcaa6b5): Total: 0.014 seconds - Initiated by RefreshV2(AllowForceSynchronousImport)
Importing 'GUID: a82e49fb4744845de9a29f362e62b2e6 - Path: Assets/DMT321/CommandAckTwin/Scenes/L03_StartHere.unity' with importer (DefaultImporter)
Imported 'GUID: a82e49fb4744845de9a29f362e62b2e6' -> (Import Result ID: 'f379691b861f495825cefe9298363079') in 0.030 seconds [static dependencies only]. Details - ImportResultOutputID=ec95c61d5a73fbb1d83d6535df0e2779 DependenciesID=df3aa9105cf6607e2e82a964d944f73a StaticDependenciesID=021e2b6f6172f7e187c50b359b297467 
Asset Pipeline Refresh (id=8690f5c241b4f04478d6660922fb0074): Total: 0.122 seconds - Initiated by StopAssetImportingV2(NoUpdateAssetOptions)
[Worker0] Imported GUID: a82e49fb4744845de9a29f362e62b2e6 - Path: Assets/DMT321/CommandAckTwin/Scenes/L03_StartHere.unity - Importer: ScriptedImporter/UnityEditor.QuickSearchModule:UnityEditor.Search:ASIAI0B -> (ImportResultId: 'a4266764d135b0c7b6f67f04313c28c8') in 0.0095626 seconds
Asset Pipeline Refresh (id=3e5acb00647a7c84ba68a0ccb2eb2457): Total: 0.023 seconds - Initiated by RefreshV2(AllowForceSynchronousImport)
MonoPathRemapper: Attempts to remap: 28654; Successful remaps: 1058
Serialized file version minimum: 23, current 23
[LAYOUT] About to save layout C:\Users\Asus\Desktop\DMT321-HW\DMT321_Lab03_Unity6_5\UserSettings\Layouts\default-6000.dwlt
[LAYOUT] About to save layout C:/Users/Asus/AppData/Roaming/Unity/Editor-5.x/Preferences\Layouts\current\default-6000.dwlt
[Physics::Module] Cleanup current backend.
[Physics::Module] Id: 0xf2b8ea05
Input System module state changed to: ShutdownInProgress.
Input Polling Thread exited.
Input System module state changed to: Shutdown.
[Licensing::IpcConnector] LicenseClient-Asus-6000.5.2-notifications channel disconnected successfully.
[Licensing::IpcConnector] LicenseClient-Asus-6000.5.2 channel disconnected successfully.
Shut down.
AcceleratorClientConnectionCallback - disconnected - :0
Cleanup mono
CodeReloadManager destroyed
debugger-agent: Unable to listen on 5020
Checking for leaked weakptr:
  Found no leaked weakptrs.
[Package Manager] Server process was shutdown
##utp:{"type":"MemoryLeaks","version":2,"phase":"Immediate","time":1788275332389,"processId":26584,"allocatedMemory":47802312,"memoryLabels":[{"Default":196541},{"Permanent":15516},{"NewDelete":71637},{"Thread":4206200},{"Manager":32840},{"VertexData":8},{"Geometry":816},{"Texture":24},{"Shader":845679},{"Material":24},{"GfxDevice":107096},{"GfxThread":3072},{"Animation":952},{"Audio":1256},{"Font":350245},{"FreeType":6868},{"FontEngine":736},{"Physics":2146},{"Physics2D":16},{"Serialization":265488},{"Input":42840},{"JobScheduler":256},{"TextLib":57307},{"Mono":48},{"ScriptingNativeRuntime":777636},{"BaseObject":1682409},{"Resource":1208},{"Renderer":3080},{"Transform":4685},{"File":6978},{"WebCam":616},{"Culling":32},{"Terrain":11442},{"Wind":24},{"STL":40},{"String":9882},{"StaticString":3808},{"Utility":2673469},{"Curl":48},{"PoolAlloc":2168},{"AI":80},{"TypeTree":37425},{"CodeReload":448},{"RuntimeInitializeOnLoadManager":64},{"Sprites":102},{"SpriteAtlas":120},{"GI":7816},{"Director":8296},{"CloudService":7096},{"WebRequest":8499},{"VR":47114},{"SceneManager":608},{"Video":208},{"LazyScriptCache":32},{"NativeArray":33077616},{"Camera":195793},{"Secure":265},{"Image":65536},{"SerializationCache":1576},{"APIUpdating":10320},{"Subsystems":336},{"VirtualTexturing":57888},{"StaticSafetyDebugInfo":278528},{"Analytics":552},{"Hierarchy":1176},{"UIElements":1494488},{"CoreStats":13688},{"Identifiers":6768},{"Gui":269913},{"EditorUtility":274861},{"VersionControl":8},{"Undo":931},{"AssetDatabase":496606},{"AssetImporter":40},{"EditorGi":328},{"UnityConnect":35405},{"Upm":1988},{"UpmDiagnostics":8},{"AssetCompliance":64},{"DrivenProperties":72},{"LocalIPC":210},{"ProfilerEditor":9746},{"CoreBusinessMetrics":3478},{"Windowing":456},{"Licensing":664},{"AssetReference":32},{"IPCStream":32}]}
